ISO-10303-21;
HEADER;
FILE_DESCRIPTION(('Open CASCADE Model'),'2;1');
FILE_NAME('Open CASCADE Shape Model','1970-01-01T00:00:00',('Author'),(
    'Open CASCADE'),'Open CASCADE STEP processor 7.9','Open CASCADE 7.9'
  ,'Unknown');
FILE_SCHEMA(('AUTOMOTIVE_DESIGN { 1 0 10303 214 1 1 1 1 }'));
ENDSEC;
DATA;
#1 = APPLICATION_PROTOCOL_DEFINITION('international standard',
  'automotive_design',2000,#2);
#2 = APPLICATION_CONTEXT(
  'core data for automotive mechanical design processes');
#3 = SHAPE_DEFINITION_REPRESENTATION(#4,#10);
#4 = PRODUCT_DEFINITION_SHAPE('','',#5);
#5 = PRODUCT_DEFINITION('design','',#6,#9);
#6 = PRODUCT_DEFINITION_FORMATION('','',#7);
#7 = PRODUCT('top_rotor_module','top_rotor_module','',(#8));
#8 = PRODUCT_CONTEXT('',#2,'mechanical');
#9 = PRODUCT_DEFINITION_CONTEXT('part definition',#2,'design');
#10 = SHAPE_REPRESENTATION('',(#11,#15),#19);
#11 = AXIS2_PLACEMENT_3D('',#12,#13,#14);
#12 = CARTESIAN_POINT('',(0.,0.,0.));
#13 = DIRECTION('',(0.,0.,1.));
#14 = DIRECTION('',(1.,0.,-0.));
#15 = AXIS2_PLACEMENT_3D('',#16,#17,#18);
#16 = CARTESIAN_POINT('',(0.,0.,0.));
#17 = DIRECTION('',(0.,0.,1.));
#18 = DIRECTION('',(1.,0.,-0.));
#19 = ( GEOMETRIC_REPRESENTATION_CONTEXT(3) 
GLOBAL_UNCERTAINTY_ASSIGNED_CONTEXT((#23)) GLOBAL_UNIT_ASSIGNED_CONTEXT(
(#20,#21,#22)) REPRESENTATION_CONTEXT('Context #1',
  '3D Context with UNIT and UNCERTAINTY') );
#20 = ( LENGTH_UNIT() NAMED_UNIT(*) SI_UNIT(.MILLI.,.METRE.) );
#21 = ( NAMED_UNIT(*) PLANE_ANGLE_UNIT() SI_UNIT($,.RADIAN.) );
#22 = ( NAMED_UNIT(*) SI_UNIT($,.STERADIAN.) SOLID_ANGLE_UNIT() );
#23 = UNCERTAINTY_MEASURE_WITH_UNIT(LENGTH_MEASURE(1.E-06),#20,
  'distance_accuracy_value','confusion accuracy');
#24 = PRODUCT_RELATED_PRODUCT_CATEGORY('part',$,(#7));
#25 = SHAPE_DEFINITION_REPRESENTATION(#26,#32);
#26 = PRODUCT_DEFINITION_SHAPE('','',#27);
#27 = PRODUCT_DEFINITION('design','',#28,#31);
#28 = PRODUCT_DEFINITION_FORMATION('','',#29);
#29 = PRODUCT('top_rotor_module_body','top_rotor_module_body','',(#30));
#30 = PRODUCT_CONTEXT('',#2,'mechanical');
#31 = PRODUCT_DEFINITION_CONTEXT('part definition',#2,'design');
#32 = ADVANCED_BREP_SHAPE_REPRESENTATION('',(#11,#33),#13482);
#33 = MANIFOLD_SOLID_BREP('',#34);
#34 = CLOSED_SHELL('',(#35,#868,#1415,#1476,#1868,#2040,#2358,#2453,
    #2561,#2903,#3202,#3235,#4190,#4217,#4539,#4566,#4689,#5330,#5391,
    #5516,#5568,#5636,#5691,#5740,#5911,#5918,#6001,#6632,#6688,#6820,
    #7152,#7221,#7255,#7282,#7289,#7297,#7342,#7370,#7404,#7480,#7534,
    #7716,#7770,#7819,#7997,#8160,#8210,#8259,#8313,#8440,#8494,#8543,
    #8721,#8884,#8934,#8983,#9037,#9214,#9268,#9317,#9495,#9658,#9686,
    #9740,#9816,#9845,#9894,#9943,#9970,#10073,#10326,#10557,#10617,
    #10705,#10863,#10981,#10987,#11059,#11086,#11131,#11176,#11204,
    #11259,#11313,#11340,#11416,#11470,#11520,#11574,#11624,#11678,
    #11732,#11764,#11843,#11870,#12130,#12145,#12216,#12242,#12269,
    #12275,#12323,#12372,#12398,#12405,#12420,#12491,#12517,#12544,
    #12550,#12598,#12647,#12673,#12680,#12687,#12714,#12785,#12811,
    #12838,#12844,#12892,#12941,#12967,#12974,#13008,#13015,#13023,
    #13029,#13036,#13047,#13123,#13177,#13227,#13281,#13331,#13385,
    #13439,#13471));
#35 = ADVANCED_FACE('',(#36),#51,.F.);
#36 = FACE_BOUND('',#37,.F.);
#37 = EDGE_LOOP('',(#38,#73,#109,#247,#276,#414,#450,#474,#498,#534,#672
    ,#696,#834));
#38 = ORIENTED_EDGE('',*,*,#39,.F.);
#39 = EDGE_CURVE('',#40,#42,#44,.T.);
#40 = VERTEX_POINT('',#41);
#41 = CARTESIAN_POINT('',(5.809475019311,-1.5,0.));
#42 = VERTEX_POINT('',#43);
#43 = CARTESIAN_POINT('',(5.809475019311,1.5,0.));
#44 = SURFACE_CURVE('',#45,(#50,#62),.PCURVE_S1.);
#45 = CIRCLE('',#46,6.);
#46 = AXIS2_PLACEMENT_3D('',#47,#48,#49);
#47 = CARTESIAN_POINT('',(0.,0.,0.));
#48 = DIRECTION('',(0.,-0.,1.));
#49 = DIRECTION('',(0.766044443119,0.642787609687,0.));
#50 = PCURVE('',#51,#56);
#51 = PLANE('',#52);
#52 = AXIS2_PLACEMENT_3D('',#53,#54,#55);
#53 = CARTESIAN_POINT('',(-4.558133775131E-16,-1.70226710729E-17,0.));
#54 = DIRECTION('',(0.,0.,1.));
#55 = DIRECTION('',(1.,0.,-0.));
#56 = DEFINITIONAL_REPRESENTATION('',(#57),#61);
#57 = CIRCLE('',#58,6.);
#58 = AXIS2_PLACEMENT_2D('',#59,#60);
#59 = CARTESIAN_POINT('',(4.558133775131E-16,1.70226710729E-17));
#60 = DIRECTION('',(0.766044443119,0.642787609687));
#61 = ( GEOMETRIC_REPRESENTATION_CONTEXT(2) 
PARAMETRIC_REPRESENTATION_CONTEXT() REPRESENTATION_CONTEXT('2D SPACE',''
  ) );
#62 = PCURVE('',#63,#68);
#63 = CYLINDRICAL_SURFACE('',#64,6.);
#64 = AXIS2_PLACEMENT_3D('',#65,#66,#67);
#65 = CARTESIAN_POINT('',(0.,0.,-10.45));
#66 = DIRECTION('',(0.,-0.,-1.));
#67 = DIRECTION('',(0.766044443119,0.642787609687,0.));
#68 = DEFINITIONAL_REPRESENTATION('',(#69),#72);
#69 = B_SPLINE_CURVE_WITH_KNOTS('',1,(#70,#71),.UNSPECIFIED.,.F.,.F.,(2,
    2),(5.33237335124,5.837733861524),.PIECEWISE_BEZIER_KNOTS.);
#70 = CARTESIAN_POINT('',(-5.33237335124,-10.45));
#71 = CARTESIAN_POINT('',(-5.837733861524,-10.45));
#72 = ( GEOMETRIC_REPRESENTATION_CONTEXT(2) 
PARAMETRIC_REPRESENTATION_CONTEXT() REPRESENTATION_CONTEXT('2D SPACE',''
  ) );
#73 = ORIENTED_EDGE('',*,*,#74,.T.);
#74 = EDGE_CURVE('',#40,#75,#77,.T.);
#75 = VERTEX_POINT('',#76);
#76 = CARTESIAN_POINT('',(10.980929119727,-1.499999999998,0.));
#77 = SURFACE_CURVE('',#78,(#81,#87),.PCURVE_S1.);
#78 = B_SPLINE_CURVE_WITH_KNOTS('',1,(#79,#80),.UNSPECIFIED.,.F.,.F.,(2,
    2),(0.,1.),.PIECEWISE_BEZIER_KNOTS.);
#79 = CARTESIAN_POINT('',(4.,-1.5,0.));
#80 = CARTESIAN_POINT('',(14.,-1.5,0.));
#81 = PCURVE('',#51,#82);
#82 = DEFINITIONAL_REPRESENTATION('',(#83),#86);
#83 = B_SPLINE_CURVE_WITH_KNOTS('',1,(#84,#85),.UNSPECIFIED.,.F.,.F.,(2,
    2),(0.,1.),.PIECEWISE_BEZIER_KNOTS.);
#84 = CARTESIAN_POINT('',(4.,-1.5));
#85 = CARTESIAN_POINT('',(14.,-1.5));
#86 = ( GEOMETRIC_REPRESENTATION_CONTEXT(2) 
PARAMETRIC_REPRESENTATION_CONTEXT() REPRESENTATION_CONTEXT('2D SPACE',''
  ) );
#87 = PCURVE('',#88,#103);
#88 = ( BOUNDED_SURFACE() B_SPLINE_SURFACE(1,6,(
    (#89,#90,#91,#92,#93,#94,#95)
    ,(#96,#97,#98,#99,#100,#101,#102
)),.UNSPECIFIED.,.F.,.F.,.F.) B_SPLINE_SURFACE_WITH_KNOTS((2,2),(7,7),(
    0.,1.),(0.,1.),.PIECEWISE_BEZIER_KNOTS.) 
GEOMETRIC_REPRESENTATION_ITEM() RATIONAL_B_SPLINE_SURFACE((
    (1.,1.,1.,1.,1.,1.,1.)
,(1.,1.,1.,1.,1.,1.,1.))) REPRESENTATION_ITEM('') SURFACE() );
#89 = CARTESIAN_POINT('',(4.,-1.5,0.));
#90 = CARTESIAN_POINT('',(4.26179912478,-0.801865912498,11.666666666667)
  );
#91 = CARTESIAN_POINT('',(4.377383435658,-4.891621014489E-02,
    23.333333333333));
#92 = CARTESIAN_POINT('',(4.332392492286,0.720638068488,35.000000000001)
  );
#93 = CARTESIAN_POINT('',(4.125842444428,1.463319056852,46.666666666666)
  );
#94 = CARTESIAN_POINT('',(3.772738723617,2.138308500877,58.333333333333)
  );
#95 = CARTESIAN_POINT('',(3.299038105677,2.714101615138,70.));
#96 = CARTESIAN_POINT('',(14.,-1.5,0.));
#97 = CARTESIAN_POINT('',(14.261796586625,0.943468354449,11.666666666667
    ));
#98 = CARTESIAN_POINT('',(14.01185360434,3.441719577749,23.333333333333)
  );
#99 = CARTESIAN_POINT('',(13.235742008132,5.86098930815,35.000000000001)
  );
#100 = CARTESIAN_POINT('',(11.966056796443,8.061697080988,
    46.666666666666));
#101 = CARTESIAN_POINT('',(10.284241267811,9.925893207141,
    58.333333333333));
#102 = CARTESIAN_POINT('',(8.299038105677,11.374355652982,70.));
#103 = DEFINITIONAL_REPRESENTATION('',(#104),#108);
#104 = LINE('',#105,#106);
#105 = CARTESIAN_POINT('',(0.,0.));
#106 = VECTOR('',#107,1.);
#107 = DIRECTION('',(1.,0.));
#108 = ( GEOMETRIC_REPRESENTATION_CONTEXT(2) 
PARAMETRIC_REPRESENTATION_CONTEXT() REPRESENTATION_CONTEXT('2D SPACE',''
  ) );
#109 = ORIENTED_EDGE('',*,*,#110,.T.);
#110 = EDGE_CURVE('',#75,#111,#113,.T.);
#111 = VERTEX_POINT('',#112);
#112 = CARTESIAN_POINT('',(10.218749997749,-9.569595001017,0.));
#113 = SURFACE_CURVE('',#114,(#127,#143),.PCURVE_S1.);
#114 = B_SPLINE_CURVE_WITH_KNOTS('',11,(#115,#116,#117,#118,#119,#120,
    #121,#122,#123,#124,#125,#126),.UNSPECIFIED.,.F.,.F.,(12,12),(1.,2.)
  ,.PIECEWISE_BEZIER_KNOTS.);
#115 = CARTESIAN_POINT('',(11.,7.105427357601E-15,0.));
#116 = CARTESIAN_POINT('',(11.,-6.217953578447,0.));
#117 = CARTESIAN_POINT('',(10.279165317176,-12.43590729677,0.));
#118 = CARTESIAN_POINT('',(8.837496387459,-18.56101054223,0.));
#119 = CARTESIAN_POINT('',(6.68844719976,-24.50041504184,0.));
#120 = CARTESIAN_POINT('',(3.8589281639,-30.16349778578,0.));
#121 = CARTESIAN_POINT('',(0.388873631163,-35.46409363975,0.));
#122 = CARTESIAN_POINT('',(-3.669619822677,-40.32262376976,0.));
#123 = CARTESIAN_POINT('',(-8.25355428808,-44.66802168456,0.));
#124 = CARTESIAN_POINT('',(-13.29063656854,-48.43937438224,0.));
#125 = CARTESIAN_POINT('',(-18.7011514118,-51.5872117691,0.));
#126 = CARTESIAN_POINT('',(-24.4,-54.07439320047,0.));
#127 = PCURVE('',#51,#128);
#128 = DEFINITIONAL_REPRESENTATION('',(#129),#142);
#129 = B_SPLINE_CURVE_WITH_KNOTS('',11,(#130,#131,#132,#133,#134,#135,
    #136,#137,#138,#139,#140,#141),.UNSPECIFIED.,.F.,.F.,(12,12),(1.,2.)
  ,.PIECEWISE_BEZIER_KNOTS.);
#130 = CARTESIAN_POINT('',(11.,7.122450028674E-15));
#131 = CARTESIAN_POINT('',(11.,-6.217953578447));
#132 = CARTESIAN_POINT('',(10.279165317176,-12.43590729677));
#133 = CARTESIAN_POINT('',(8.837496387459,-18.56101054223));
#134 = CARTESIAN_POINT('',(6.68844719976,-24.50041504184));
#135 = CARTESIAN_POINT('',(3.8589281639,-30.16349778578));
#136 = CARTESIAN_POINT('',(0.388873631163,-35.46409363975));
#137 = CARTESIAN_POINT('',(-3.669619822677,-40.32262376976));
#138 = CARTESIAN_POINT('',(-8.25355428808,-44.66802168456));
#139 = CARTESIAN_POINT('',(-13.29063656854,-48.43937438224));
#140 = CARTESIAN_POINT('',(-18.7011514118,-51.5872117691));
#141 = CARTESIAN_POINT('',(-24.4,-54.07439320047));
#142 = ( GEOMETRIC_REPRESENTATION_CONTEXT(2) 
PARAMETRIC_REPRESENTATION_CONTEXT() REPRESENTATION_CONTEXT('2D SPACE',''
  ) );
#143 = PCURVE('',#144,#241);
#144 = ( BOUNDED_SURFACE() B_SPLINE_SURFACE(11,7,(
    (#145,#146,#147,#148,#149,#150,#151,#152)
    ,(#153,#154,#155,#156,#157,#158,#159,#160)
    ,(#161,#162,#163,#164,#165,#166,#167,#168)
    ,(#169,#170,#171,#172,#173,#174,#175,#176)
    ,(#177,#178,#179,#180,#181,#182,#183,#184)
    ,(#185,#186,#187,#188,#189,#190,#191,#192)
    ,(#193,#194,#195,#196,#197,#198,#199,#200)
    ,(#201,#202,#203,#204,#205,#206,#207,#208)
    ,(#209,#210,#211,#212,#213,#214,#215,#216)
    ,(#217,#218,#219,#220,#221,#222,#223,#224)
    ,(#225,#226,#227,#228,#229,#230,#231,#232)
    ,(#233,#234,#235,#236,#237,#238,#239,#240
)),.UNSPECIFIED.,.F.,.F.,.F.) B_SPLINE_SURFACE_WITH_KNOTS((12,12),(8,8),
  (1.,2.),(0.,1.),.PIECEWISE_BEZIER_KNOTS.) 
GEOMETRIC_REPRESENTATION_ITEM() RATIONAL_B_SPLINE_SURFACE((
    (1.,1.,1.,1.,1.,1.,1.,1.)
    ,(1.,1.,1.,1.,1.,1.,1.,1.)
    ,(1.,1.,1.,1.,1.,1.,1.,1.)
    ,(1.,1.,1.,1.,1.,1.,1.,1.)
    ,(1.,1.,1.,1.,1.,1.,1.,1.)
    ,(1.,1.,1.,1.,1.,1.,1.,1.)
    ,(1.,1.,1.,1.,1.,1.,1.,1.)
    ,(1.,1.,1.,1.,1.,1.,1.,1.)
    ,(1.,1.,1.,1.,1.,1.,1.,1.)
    ,(1.,1.,1.,1.,1.,1.,1.,1.)
    ,(1.,1.,1.,1.,1.,1.,1.,1.)
,(1.,1.,1.,1.,1.,1.,1.,1.))) REPRESENTATION_ITEM('') SURFACE() );
#145 = CARTESIAN_POINT('',(11.,7.105427357601E-15,0.));
#146 = CARTESIAN_POINT('',(11.000000260437,1.645596284175,
    10.000000000003));
#147 = CARTESIAN_POINT('',(10.712788129342,3.291191728462,19.99999999999
    ));
#148 = CARTESIAN_POINT('',(10.138371040366,4.87663667746,30.000000000016
    ));
#149 = CARTESIAN_POINT('',(9.292476767883,6.341768535215,39.999999999985
    ));
#150 = CARTESIAN_POINT('',(8.206649710249,7.631950801142,50.000000000008
    ));
#151 = CARTESIAN_POINT('',(6.925128316686,8.703481525085,59.999999999998
    ));
#152 = CARTESIAN_POINT('',(5.5,9.526279441629,70.));
#153 = CARTESIAN_POINT('',(11.,-6.217953578447,0.));
#154 = CARTESIAN_POINT('',(11.930204015331,-4.572357441489,
    9.999999999998));
#155 = CARTESIAN_POINT('',(12.57319516438,-2.764410024627,
    20.000000000007));
#156 = CARTESIAN_POINT('',(12.894980174846,-0.854265185274,
    29.999999999985));
#157 = CARTESIAN_POINT('',(12.877278800369,1.089024065081,
    40.000000000018));
#158 = CARTESIAN_POINT('',(12.520751146105,2.992990170876,
    49.999999999988));
#159 = CARTESIAN_POINT('',(11.84493232522,4.788924579819,60.000000000004
    ));
#160 = CARTESIAN_POINT('',(10.884905758488,6.417302652405,70.));
#161 = CARTESIAN_POINT('',(10.279165317176,-12.43590729677,0.));
#162 = CARTESIAN_POINT('',(12.139573091264,-10.89814793209,
    10.000000000001));
#163 = CARTESIAN_POINT('',(13.731588674599,-9.035685109007,
    19.999999999998));
#164 = CARTESIAN_POINT('',(14.987217601052,-6.904735254456,
    30.000000000001));
#165 = CARTESIAN_POINT('',(15.853140954985,-4.579299315093,
    40.000000000001));
#166 = CARTESIAN_POINT('',(16.297067429844,-2.14609554876,
    49.999999999998));
#167 = CARTESIAN_POINT('',(16.310929837736,0.304024696978,
    60.000000000001));
#168 = CARTESIAN_POINT('',(15.909394296707,2.684064645985,70.));
#169 = CARTESIAN_POINT('',(8.837496387459,-18.56101054223,0.));
#170 = CARTESIAN_POINT('',(11.614217503862,-17.23892450745,
    9.999999999999));
#171 = CARTESIAN_POINT('',(14.160188251021,-15.43220712679,
    20.000000000003));
#172 = CARTESIAN_POINT('',(16.373920202262,-13.18919570376,
    29.999999999993));
#173 = CARTESIAN_POINT('',(18.166532955032,-10.58476388473,
    40.000000000009));
#174 = CARTESIAN_POINT('',(19.471177858659,-7.716034014007,
    49.999999999994));
#175 = CARTESIAN_POINT('',(20.249655347518,-4.69276301419,
    60.000000000002));
#176 = CARTESIAN_POINT('',(20.493054843219,-1.627008893727,70.));
#177 = CARTESIAN_POINT('',(6.68844719976,-24.50041504184,0.));
#178 = CARTESIAN_POINT('',(10.353701172075,-23.4998261802,
    10.000000000002));
#179 = CARTESIAN_POINT('',(13.844316463192,-21.85952666583,
    19.999999999995));
#180 = CARTESIAN_POINT('',(17.02632563644,-19.61610649159,
    30.000000000007));
#181 = CARTESIAN_POINT('',(19.775291039033,-16.84117759809,
    39.999999999995));
#182 = CARTESIAN_POINT('',(21.988700498243,-13.63822036722,
    50.000000000002));
#183 = CARTESIAN_POINT('',(23.596114979219,-10.13234012202,60.));
#184 = CARTESIAN_POINT('',(24.562205429382,-6.45784233406,70.));
#185 = CARTESIAN_POINT('',(3.8589281639,-30.16349778578,0.));
#186 = CARTESIAN_POINT('',(8.371377334716,-29.58620415017,
    10.000000000004));
#187 = CARTESIAN_POINT('',(12.78306674913,-28.22133532412,
    19.999999999986));
#188 = CARTESIAN_POINT('',(16.929060469652,-26.0900128916,
    30.000000000023));
#189 = CARTESIAN_POINT('',(20.649901952923,-23.2564702912,
    39.999999999976));
#190 = CARTESIAN_POINT('',(23.806836617225,-19.82637367924,
    50.000000000015));
#191 = CARTESIAN_POINT('',(26.295547128227,-15.9363620605,
    59.999999999996));
#192 = CARTESIAN_POINT('',(28.051819431439,-11.73981907157,70.));
#193 = CARTESIAN_POINT('',(0.388873631163,-35.46409363975,0.));
#194 = CARTESIAN_POINT('',(5.694290069025,-35.40591911554,
    10.000000000003));
#195 = CARTESIAN_POINT('',(10.989550224028,-34.42176942577,
    19.99999999999));
#196 = CARTESIAN_POINT('',(16.080731357914,-32.51379495612,
    30.000000000016));
#197 = CARTESIAN_POINT('',(20.774424759793,-29.73482906211,
    39.999999999985));
#198 = CARTESIAN_POINT('',(24.895597048925,-26.18850267018,
    50.000000000008));
#199 = CARTESIAN_POINT('',(28.304916690207,-22.01898587507,
    59.999999999998));
#200 = CARTESIAN_POINT('',(30.907242829798,-17.39527237642,70.));
#201 = CARTESIAN_POINT('',(-3.669619822677,-40.32262376976,0.));
#202 = CARTESIAN_POINT('',(2.362630985319,-40.8715986103,10.));
#203 = CARTESIAN_POINT('',(8.490693285955,-40.36774069742,
    20.000000000003));
#204 = CARTESIAN_POINT('',(14.494074424313,-38.79101124712,
    29.999999999993));
#205 = CARTESIAN_POINT('',(20.146989975585,-36.17899310258,
    40.000000000009));
#206 = CARTESIAN_POINT('',(25.238636029919,-32.62909151109,
    49.999999999994));
#207 = CARTESIAN_POINT('',(29.59405662524,-28.28889200016,
    60.000000000002));
#208 = CARTESIAN_POINT('',(33.085606620517,-23.33929587354,70.));
#209 = CARTESIAN_POINT('',(-8.25355428808,-44.66802168456,0.));
#210 = CARTESIAN_POINT('',(-1.571233528444,-45.90275167554,
    10.000000000002));
#211 = CARTESIAN_POINT('',(5.326585917541,-45.97118927885,
    19.999999999994));
#212 = CARTESIAN_POINT('',(12.195647007449,-44.82823300338,
    30.000000000009));
#213 = CARTESIAN_POINT('',(18.779844815936,-42.49260769632,
    39.999999999992));
#214 = CARTESIAN_POINT('',(24.833646815816,-39.05141158871,
    50.000000000004));
#215 = CARTESIAN_POINT('',(30.1463980891,-34.65149446189,59.999999999999
    ));
#216 = CARTESIAN_POINT('',(34.556864371589,-29.48179852727,70.));
#217 = CARTESIAN_POINT('',(-13.29063656854,-48.43937438224,0.));
#218 = CARTESIAN_POINT('',(-6.044122838561,-50.42765027014,
    10.000000000003));
#219 = CARTESIAN_POINT('',(1.549408603275,-51.15116254685,
    19.999999999991));
#220 = CARTESIAN_POINT('',(9.225074986452,-50.5372687461,30.000000000014
    ));
#221 = CARTESIAN_POINT('',(16.698942616321,-48.58253653649,
    39.999999999986));
#222 = CARTESIAN_POINT('',(23.692302125365,-45.35986019505,
    50.000000000008));
#223 = CARTESIAN_POINT('',(29.959257852279,-41.0112448189,
    59.999999999998));
#224 = CARTESIAN_POINT('',(35.304410474183,-35.72971609194,70.));
#225 = CARTESIAN_POINT('',(-18.7011514118,-51.5872117691,0.));
#226 = CARTESIAN_POINT('',(-10.9837224002,-54.38489892439,
    10.000000000002));
#227 = CARTESIAN_POINT('',(-2.778006198218,-55.83563133682,
    19.999999999995));
#228 = CARTESIAN_POINT('',(5.633897918716,-55.83718315806,
    30.000000000006));
#229 = CARTESIAN_POINT('',(13.943103762737,-54.36103095271,
    39.999999999996));
#230 = CARTESIAN_POINT('',(21.839751215875,-51.46222218337,
    50.000000000002));
#231 = CARTESIAN_POINT('',(29.04367921514,-47.27392607377,60.));
#232 = CARTESIAN_POINT('',(35.325260196544,-41.98927808719,70.));
#233 = CARTESIAN_POINT('',(-24.4,-54.07439320047,0.));
#234 = CARTESIAN_POINT('',(-16.31048962136,-57.72462623837,
    10.000000000003));
#235 = CARTESIAN_POINT('',(-7.583894066615,-59.96296325032,
    19.99999999999));
#236 = CARTESIAN_POINT('',(1.484083255247,-60.65601790724,
    30.000000000016));
#237 = CARTESIAN_POINT('',(10.562804747593,-59.74765407377,
    39.999999999985));
#238 = CARTESIAN_POINT('',(19.313714143401,-57.27174571261,
    50.000000000008));
#239 = CARTESIAN_POINT('',(27.423850115772,-53.34882370656,
    59.999999999998));
#240 = CARTESIAN_POINT('',(34.629798205843,-48.16821645258,70.));
#241 = DEFINITIONAL_REPRESENTATION('',(#242),#246);
#242 = LINE('',#243,#244);
#243 = CARTESIAN_POINT('',(0.,0.));
#244 = VECTOR('',#245,1.);
#245 = DIRECTION('',(1.,0.));
#246 = ( GEOMETRIC_REPRESENTATION_CONTEXT(2) 
PARAMETRIC_REPRESENTATION_CONTEXT() REPRESENTATION_CONTEXT('2D SPACE',''
  ) );
#247 = ORIENTED_EDGE('',*,*,#248,.T.);
#248 = EDGE_CURVE('',#111,#249,#251,.T.);
#249 = VERTEX_POINT('',#250);
#250 = CARTESIAN_POINT('',(12.718749992863,-5.850931431751,0.));
#251 = SURFACE_CURVE('',#252,(#257,#264),.PCURVE_S1.);
#252 = CIRCLE('',#253,14.);
#253 = AXIS2_PLACEMENT_3D('',#254,#255,#256);
#254 = CARTESIAN_POINT('',(6.157774285068E-14,5.276109386373E-14,0.));
#255 = DIRECTION('',(0.,-0.,1.));
#256 = DIRECTION('',(0.766044443119,0.642787609687,0.));
#257 = PCURVE('',#51,#258);
#258 = DEFINITIONAL_REPRESENTATION('',(#259),#263);
#259 = CIRCLE('',#260,14.);
#260 = AXIS2_PLACEMENT_2D('',#261,#262);
#261 = CARTESIAN_POINT('',(6.203355622819E-14,5.27781165348E-14));
#262 = DIRECTION('',(0.766044443119,0.642787609687));
#263 = ( GEOMETRIC_REPRESENTATION_CONTEXT(2) 
PARAMETRIC_REPRESENTATION_CONTEXT() REPRESENTATION_CONTEXT('2D SPACE',''
  ) );
#264 = PCURVE('',#265,#270);
#265 = CYLINDRICAL_SURFACE('',#266,14.);
#266 = AXIS2_PLACEMENT_3D('',#267,#268,#269);
#267 = CARTESIAN_POINT('',(6.157774285068E-14,5.276109386373E-14,-10.45)
  );
#268 = DIRECTION('',(0.,-0.,-1.));
#269 = DIRECTION('',(0.766044443119,0.642787609687,0.));
#270 = DEFINITIONAL_REPRESENTATION('',(#271),#275);
#271 = LINE('',#272,#273);
#272 = CARTESIAN_POINT('',(-0.,-10.45));
#273 = VECTOR('',#274,1.);
#274 = DIRECTION('',(-1.,0.));
#275 = ( GEOMETRIC_REPRESENTATION_CONTEXT(2) 
PARAMETRIC_REPRESENTATION_CONTEXT() REPRESENTATION_CONTEXT('2D SPACE',''
  ) );
#276 = ORIENTED_EDGE('',*,*,#277,.T.);
#277 = EDGE_CURVE('',#249,#278,#280,.T.);
#278 = VERTEX_POINT('',#279);
#279 = CARTESIAN_POINT('',(12.981554586808,-1.499999999998,0.));
#280 = SURFACE_CURVE('',#281,(#294,#310),.PCURVE_S1.);
#281 = B_SPLINE_CURVE_WITH_KNOTS('',11,(#282,#283,#284,#285,#286,#287,
    #288,#289,#290,#291,#292,#293),.UNSPECIFIED.,.F.,.F.,(12,12),(3.,4.)
  ,.PIECEWISE_BEZIER_KNOTS.);
#282 = CARTESIAN_POINT('',(-23.6,-55.90742347846,0.));
#283 = CARTESIAN_POINT('',(-17.70797010373,-53.33593081212,0.));
#284 = CARTESIAN_POINT('',(-12.11404797764,-50.08138707317,0.));
#285 = CARTESIAN_POINT('',(-6.906217145303,-46.18219191116,0.));
#286 = CARTESIAN_POINT('',(-2.166895070903,-41.68949237212,0.));
#287 = CARTESIAN_POINT('',(2.029174432219,-36.6662663055,0.));
#288 = CARTESIAN_POINT('',(5.616857932168,-31.18598923615,0.));
#289 = CARTESIAN_POINT('',(8.542292867548,-25.33093758563,0.));
#290 = CARTESIAN_POINT('',(10.764191180254,-19.19019734028,0.));
#291 = CARTESIAN_POINT('',(12.254730243182,-12.85746347633,0.));
#292 = CARTESIAN_POINT('',(13.,-6.428731665852,0.));
#293 = CARTESIAN_POINT('',(13.,3.552713678801E-15,0.));
#294 = PCURVE('',#51,#295);
#295 = DEFINITIONAL_REPRESENTATION('',(#296),#309);
#296 = B_SPLINE_CURVE_WITH_KNOTS('',11,(#297,#298,#299,#300,#301,#302,
    #303,#304,#305,#306,#307,#308),.UNSPECIFIED.,.F.,.F.,(12,12),(3.,4.)
  ,.PIECEWISE_BEZIER_KNOTS.);
#297 = CARTESIAN_POINT('',(-23.6,-55.90742347846));
#298 = CARTESIAN_POINT('',(-17.70797010373,-53.33593081212));
#299 = CARTESIAN_POINT('',(-12.11404797764,-50.08138707317));
#300 = CARTESIAN_POINT('',(-6.906217145303,-46.18219191116));
#301 = CARTESIAN_POINT('',(-2.166895070903,-41.68949237212));
#302 = CARTESIAN_POINT('',(2.029174432219,-36.6662663055));
#303 = CARTESIAN_POINT('',(5.616857932168,-31.18598923615));
#304 = CARTESIAN_POINT('',(8.542292867548,-25.33093758563));
#305 = CARTESIAN_POINT('',(10.764191180254,-19.19019734028));
#306 = CARTESIAN_POINT('',(12.254730243182,-12.85746347633));
#307 = CARTESIAN_POINT('',(13.,-6.428731665852));
#308 = CARTESIAN_POINT('',(13.,3.569736349873E-15));
#309 = ( GEOMETRIC_REPRESENTATION_CONTEXT(2) 
PARAMETRIC_REPRESENTATION_CONTEXT() REPRESENTATION_CONTEXT('2D SPACE',''
  ) );
#310 = PCURVE('',#311,#408);
#311 = ( BOUNDED_SURFACE() B_SPLINE_SURFACE(11,7,(
    (#312,#313,#314,#315,#316,#317,#318,#319)
    ,(#320,#321,#322,#323,#324,#325,#326,#327)
    ,(#328,#329,#330,#331,#332,#333,#334,#335)
    ,(#336,#337,#338,#339,#340,#341,#342,#343)
    ,(#344,#345,#346,#347,#348,#349,#350,#351)
    ,(#352,#353,#354,#355,#356,#357,#358,#359)
    ,(#360,#361,#362,#363,#364,#365,#366,#367)
    ,(#368,#369,#370,#371,#372,#373,#374,#375)
    ,(#376,#377,#378,#379,#380,#381,#382,#383)
    ,(#384,#385,#386,#387,#388,#389,#390,#391)
    ,(#392,#393,#394,#395,#396,#397,#398,#399)
    ,(#400,#401,#402,#403,#404,#405,#406,#407
)),.UNSPECIFIED.,.F.,.F.,.F.) B_SPLINE_SURFACE_WITH_KNOTS((12,12),(8,8),
  (3.,4.),(0.,1.),.PIECEWISE_BEZIER_KNOTS.) 
GEOMETRIC_REPRESENTATION_ITEM() RATIONAL_B_SPLINE_SURFACE((
    (1.,1.,1.,1.,1.,1.,1.,1.)
    ,(1.,1.,1.,1.,1.,1.,1.,1.)
    ,(1.,1.,1.,1.,1.,1.,1.,1.)
    ,(1.,1.,1.,1.,1.,1.,1.,1.)
    ,(1.,1.,1.,1.,1.,1.,1.,1.)
    ,(1.,1.,1.,1.,1.,1.,1.,1.)
    ,(1.,1.,1.,1.,1.,1.,1.,1.)
    ,(1.,1.,1.,1.,1.,1.,1.,1.)
    ,(1.,1.,1.,1.,1.,1.,1.,1.)
    ,(1.,1.,1.,1.,1.,1.,1.,1.)
    ,(1.,1.,1.,1.,1.,1.,1.,1.)
,(1.,1.,1.,1.,1.,1.,1.,1.))) REPRESENTATION_ITEM('') SURFACE() );
#312 = CARTESIAN_POINT('',(-23.6,-55.90742347846,0.));
#313 = CARTESIAN_POINT('',(-15.23626889203,-59.43797682998,
    10.000000000003));
#314 = CARTESIAN_POINT('',(-6.256340921849,-61.50877339767,
    19.99999999999));
#315 = CARTESIAN_POINT('',(3.034057756769,-61.99080261115,
    30.000000000016));
#316 = CARTESIAN_POINT('',(12.295407943536,-60.83492465979,
    39.999999999985));
#317 = CARTESIAN_POINT('',(21.182342931285,-58.0842435997,
    50.000000000008));
#318 = CARTESIAN_POINT('',(29.377836280563,-53.86984049416,
    59.999999999998));
#319 = CARTESIAN_POINT('',(36.617248992482,-48.39191126854,70.));
#320 = CARTESIAN_POINT('',(-17.70797010373,-53.33593081212,0.));
#321 = CARTESIAN_POINT('',(-9.728933290501,-55.98503842061,
    9.999999999997));
#322 = CARTESIAN_POINT('',(-1.287541600286,-57.24153192777,
    20.000000000013));
#323 = CARTESIAN_POINT('',(7.324544103744,-57.0086175315,29.999999999975
    ));
#324 = CARTESIAN_POINT('',(15.790293365974,-55.26570414479,
    40.000000000027));
#325 = CARTESIAN_POINT('',(23.794008379097,-52.07778706947,
    49.999999999983));
#326 = CARTESIAN_POINT('',(31.052574840927,-47.58901412805,
    60.000000000005));
#327 = CARTESIAN_POINT('',(37.336285965918,-42.00351736535,70.));
#328 = CARTESIAN_POINT('',(-12.11404797764,-50.08138707317,0.));
#329 = CARTESIAN_POINT('',(-4.621889675922,-51.89364574419,
    10.000000000001));
#330 = CARTESIAN_POINT('',(3.186565228377,-52.39826758554,
    19.999999999996));
#331 = CARTESIAN_POINT('',(11.037455987334,-51.52904500397,
    30.000000000006));
#332 = CARTESIAN_POINT('',(18.639550485782,-49.29132856182,
    39.999999999993));
#333 = CARTESIAN_POINT('',(25.709357624502,-45.76856535278,
    50.000000000004));
#334 = CARTESIAN_POINT('',(31.999190042037,-41.11403859334,
    59.999999999999));
#335 = CARTESIAN_POINT('',(37.314729473308,-35.53176682789,70.));
#336 = CARTESIAN_POINT('',(-6.906217145303,-46.18219191116,0.));
#337 = CARTESIAN_POINT('',(2.62300064359E-03,-47.21536075657,
    9.999999999996));
#338 = CARTESIAN_POINT('',(7.091782451587,-47.04270200333,
    20.000000000015));
#339 = CARTESIAN_POINT('',(14.108725365001,-45.62648262597,
    29.999999999972));
#340 = CARTESIAN_POINT('',(20.790991742986,-42.99496145582,
    40.000000000032));
#341 = CARTESIAN_POINT('',(26.88939196549,-39.24627103101,49.99999999998
    ));
#342 = CARTESIAN_POINT('',(32.192674015695,-34.53870347845,
    60.000000000006));
#343 = CARTESIAN_POINT('',(36.541842824863,-29.07205544746,70.));
#344 = CARTESIAN_POINT('',(-2.166895070903,-41.68949237212,0.));
#345 = CARTESIAN_POINT('',(4.069838853853,-42.01366012978,9.999999999995
    ));
#346 = CARTESIAN_POINT('',(10.363147696909,-41.24930601241,
    20.000000000018));
#347 = CARTESIAN_POINT('',(16.485065575635,-39.38460928468,
    29.999999999966));
#348 = CARTESIAN_POINT('',(22.204480806372,-36.46732602846,
    40.000000000037));
#349 = CARTESIAN_POINT('',(27.308109627517,-32.60624518801,
    49.999999999976));
#350 = CARTESIAN_POINT('',(31.621609112385,-27.96041957735,
    60.000000000007));
#351 = CARTESIAN_POINT('',(35.020711929687,-22.7213323648,70.));
#352 = CARTESIAN_POINT('',(2.029174432219,-36.6662663055,0.));
#353 = CARTESIAN_POINT('',(7.514435533611,-36.36270336402,
    10.000000000007));
#354 = CARTESIAN_POINT('',(12.946711649852,-35.10177639254,
    19.999999999974));
#355 = CARTESIAN_POINT('',(18.125507489999,-32.89460600081,
    30.000000000044));
#356 = CARTESIAN_POINT('',(22.853184566355,-29.80471574929,
    39.999999999956));
#357 = CARTESIAN_POINT('',(26.953442206467,-25.94733130167,
    50.000000000027));
#358 = CARTESIAN_POINT('',(30.288769518545,-21.47797426158,
    59.999999999992));
#359 = CARTESIAN_POINT('',(32.768505298605,-16.57581654574,70.));
#360 = CARTESIAN_POINT('',(5.616857932168,-31.18598923615,0.));
#361 = CARTESIAN_POINT('',(10.28227152018,-30.34570992524,9.999999999999
    ));
#362 = CARTESIAN_POINT('',(14.801025345272,-28.69115808406,
    20.000000000004));
#363 = CARTESIAN_POINT('',(19.002593520823,-26.25306861206,
    29.999999999991));
#364 = CARTESIAN_POINT('',(22.724440647343,-23.10675159632,
    40.00000000001));
#365 = CARTESIAN_POINT('',(25.827774641516,-19.36953692121,
    49.999999999994));
#366 = CARTESIAN_POINT('',(28.211285734117,-15.18915980922,
    60.000000000002));
#367 = CARTESIAN_POINT('',(29.816287886742,-10.72865295937,70.));
#368 = CARTESIAN_POINT('',(8.542292867548,-25.33093758563,0.));
#369 = CARTESIAN_POINT('',(12.331792775758,-24.05301405799,
    10.000000000005));
#370 = CARTESIAN_POINT('',(15.8982496259,-22.11369489497,19.999999999985
    ));
#371 = CARTESIAN_POINT('',(19.10315581193,-19.55970775782,
    30.000000000022));
#372 = CARTESIAN_POINT('',(21.820181905842,-16.47399135428,
    39.999999999982));
#373 = CARTESIAN_POINT('',(23.948006789699,-12.97161570031,
    50.000000000009));
#374 = CARTESIAN_POINT('',(25.420347410562,-9.188391364356,
    59.999999999998));
#375 = CARTESIAN_POINT('',(26.208381884615,-5.267626162956,70.));
#376 = CARTESIAN_POINT('',(10.764191180254,-19.19019734028,0.));
#377 = CARTESIAN_POINT('',(13.635038474719,-17.57987843023,
    10.000000000001));
#378 = CARTESIAN_POINT('',(16.224828931978,-15.46850011732,
    19.999999999998));
#379 = CARTESIAN_POINT('',(18.428634939276,-12.91493558735,
    30.000000000002));
#380 = CARTESIAN_POINT('',(20.156889649531,-10.00549582013,
    40.000000000001));
#381 = CARTESIAN_POINT('',(21.345144399604,-6.848677267324,
    49.999999999998));
#382 = CARTESIAN_POINT('',(21.960448469317,-3.564421812191,
    60.000000000001));
#383 = CARTESIAN_POINT('',(22.001293990447,-0.273035656848,70.));
#384 = CARTESIAN_POINT('',(12.254730243182,-12.85746347633,0.));
#385 = CARTESIAN_POINT('',(14.178202726102,-11.02416027604,
    10.000000000005));
#386 = CARTESIAN_POINT('',(15.78170055635,-8.855146844707,
    19.999999999984));
#387 = CARTESIAN_POINT('',(16.994925470236,-6.417442580426,
    30.000000000028));
#388 = CARTESIAN_POINT('',(17.765077581679,-3.79645618036,39.99999999997
    ));
#389 = CARTESIAN_POINT('',(18.063437007103,-1.089927328668,
    50.000000000019));
#390 = CARTESIAN_POINT('',(17.888206840558,1.601748533251,
    59.999999999994));
#391 = CARTESIAN_POINT('',(17.262255120324,4.184175968956,70.));
#392 = CARTESIAN_POINT('',(13.,-6.428731665852,0.));
#393 = CARTESIAN_POINT('',(13.961736393357,-4.48393620949,9.999999999999
    ));
#394 = CARTESIAN_POINT('',(14.584039469517,-2.371286164237,
    20.000000000004));
#395 = CARTESIAN_POINT('',(14.831764741442,-0.161871830951,
    29.99999999999));
#396 = CARTESIAN_POINT('',(14.688338743859,2.064013755091,
    40.000000000013));
#397 = CARTESIAN_POINT('',(14.15911000188,4.223364686541,49.999999999991
    ));
#398 = CARTESIAN_POINT('',(13.270819581855,6.238678920596,
    60.000000000003));
#399 = CARTESIAN_POINT('',(12.067444936741,8.043964416272,70.));
#400 = CARTESIAN_POINT('',(13.,3.552713678801E-15,0.));
#401 = CARTESIAN_POINT('',(13.000000307788,1.94479560857,10.000000000003
    ));
#402 = CARTESIAN_POINT('',(12.660567789225,3.889590224548,19.99999999999
    ));
#403 = CARTESIAN_POINT('',(11.981711229518,5.763297891541,
    30.000000000016));
#404 = CARTESIAN_POINT('',(10.982017998412,7.494817359802,
    39.999999999985));
#405 = CARTESIAN_POINT('',(9.698767839382,9.019578219529,50.000000000008
    ));
#406 = CARTESIAN_POINT('',(8.184242556084,10.285932711465,
    59.999999999998));
#407 = CARTESIAN_POINT('',(6.5,11.258330249198,70.));
#408 = DEFINITIONAL_REPRESENTATION('',(#409),#413);
#409 = LINE('',#410,#411);
#410 = CARTESIAN_POINT('',(0.,0.));
#411 = VECTOR('',#412,1.);
#412 = DIRECTION('',(1.,0.));
#413 = ( GEOMETRIC_REPRESENTATION_CONTEXT(2) 
PARAMETRIC_REPRESENTATION_CONTEXT() REPRESENTATION_CONTEXT('2D SPACE',''
  ) );
#414 = ORIENTED_EDGE('',*,*,#415,.T.);
#415 = EDGE_CURVE('',#278,#416,#418,.T.);
#416 = VERTEX_POINT('',#417);
#417 = CARTESIAN_POINT('',(13.919410907075,-1.5,0.));
#418 = SURFACE_CURVE('',#419,(#422,#428),.PCURVE_S1.);
#419 = B_SPLINE_CURVE_WITH_KNOTS('',1,(#420,#421),.UNSPECIFIED.,.F.,.F.,
  (2,2),(0.,1.),.PIECEWISE_BEZIER_KNOTS.);
#420 = CARTESIAN_POINT('',(4.,-1.5,0.));
#421 = CARTESIAN_POINT('',(14.,-1.5,0.));
#422 = PCURVE('',#51,#423);
#423 = DEFINITIONAL_REPRESENTATION('',(#424),#427);
#424 = B_SPLINE_CURVE_WITH_KNOTS('',1,(#425,#426),.UNSPECIFIED.,.F.,.F.,
  (2,2),(0.,1.),.PIECEWISE_BEZIER_KNOTS.);
#425 = CARTESIAN_POINT('',(4.,-1.5));
#426 = CARTESIAN_POINT('',(14.,-1.5));
#427 = ( GEOMETRIC_REPRESENTATION_CONTEXT(2) 
PARAMETRIC_REPRESENTATION_CONTEXT() REPRESENTATION_CONTEXT('2D SPACE',''
  ) );
#428 = PCURVE('',#429,#444);
#429 = ( BOUNDED_SURFACE() B_SPLINE_SURFACE(1,6,(
    (#430,#431,#432,#433,#434,#435,#436)
    ,(#437,#438,#439,#440,#441,#442,#443
)),.UNSPECIFIED.,.F.,.F.,.F.) B_SPLINE_SURFACE_WITH_KNOTS((2,2),(7,7),(
    0.,1.),(0.,1.),.PIECEWISE_BEZIER_KNOTS.) 
GEOMETRIC_REPRESENTATION_ITEM() RATIONAL_B_SPLINE_SURFACE((
    (1.,1.,1.,1.,1.,1.,1.)
,(1.,1.,1.,1.,1.,1.,1.))) REPRESENTATION_ITEM('') SURFACE() );
#430 = CARTESIAN_POINT('',(4.,-1.5,0.));
#431 = CARTESIAN_POINT('',(4.26179912478,-0.801865912498,11.666666666667
    ));
#432 = CARTESIAN_POINT('',(4.377383435658,-4.891621014489E-02,
    23.333333333333));
#433 = CARTESIAN_POINT('',(4.332392492286,0.720638068488,35.000000000001
    ));
#434 = CARTESIAN_POINT('',(4.125842444428,1.463319056852,46.666666666666
    ));
#435 = CARTESIAN_POINT('',(3.772738723617,2.138308500877,58.333333333333
    ));
#436 = CARTESIAN_POINT('',(3.299038105677,2.714101615138,70.));
#437 = CARTESIAN_POINT('',(14.,-1.5,0.));
#438 = CARTESIAN_POINT('',(14.261796586625,0.943468354449,
    11.666666666667));
#439 = CARTESIAN_POINT('',(14.01185360434,3.441719577749,23.333333333333
    ));
#440 = CARTESIAN_POINT('',(13.235742008132,5.86098930815,35.000000000001
    ));
#441 = CARTESIAN_POINT('',(11.966056796443,8.061697080988,
    46.666666666666));
#442 = CARTESIAN_POINT('',(10.284241267811,9.925893207141,
    58.333333333333));
#443 = CARTESIAN_POINT('',(8.299038105677,11.374355652982,70.));
#444 = DEFINITIONAL_REPRESENTATION('',(#445),#449);
#445 = LINE('',#446,#447);
#446 = CARTESIAN_POINT('',(0.,0.));
#447 = VECTOR('',#448,1.);
#448 = DIRECTION('',(1.,0.));
#449 = ( GEOMETRIC_REPRESENTATION_CONTEXT(2) 
PARAMETRIC_REPRESENTATION_CONTEXT() REPRESENTATION_CONTEXT('2D SPACE',''
  ) );
#450 = ORIENTED_EDGE('',*,*,#451,.T.);
#451 = EDGE_CURVE('',#416,#452,#454,.T.);
#452 = VERTEX_POINT('',#453);
#453 = CARTESIAN_POINT('',(14.,-3.034426780792E-08,0.));
#454 = SURFACE_CURVE('',#455,(#460,#467),.PCURVE_S1.);
#455 = CIRCLE('',#456,14.);
#456 = AXIS2_PLACEMENT_3D('',#457,#458,#459);
#457 = CARTESIAN_POINT('',(6.157774285068E-14,5.276109386373E-14,0.));
#458 = DIRECTION('',(0.,-0.,1.));
#459 = DIRECTION('',(0.766044443119,0.642787609687,0.));
#460 = PCURVE('',#51,#461);
#461 = DEFINITIONAL_REPRESENTATION('',(#462),#466);
#462 = CIRCLE('',#463,14.);
#463 = AXIS2_PLACEMENT_2D('',#464,#465);
#464 = CARTESIAN_POINT('',(6.203355622819E-14,5.27781165348E-14));
#465 = DIRECTION('',(0.766044443119,0.642787609687));
#466 = ( GEOMETRIC_REPRESENTATION_CONTEXT(2) 
PARAMETRIC_REPRESENTATION_CONTEXT() REPRESENTATION_CONTEXT('2D SPACE',''
  ) );
#467 = PCURVE('',#265,#468);
#468 = DEFINITIONAL_REPRESENTATION('',(#469),#473);
#469 = LINE('',#470,#471);
#470 = CARTESIAN_POINT('',(-0.,-10.45));
#471 = VECTOR('',#472,1.);
#472 = DIRECTION('',(-1.,0.));
#473 = ( GEOMETRIC_REPRESENTATION_CONTEXT(2) 
PARAMETRIC_REPRESENTATION_CONTEXT() REPRESENTATION_CONTEXT('2D SPACE',''
  ) );
#474 = ORIENTED_EDGE('',*,*,#475,.T.);
#475 = EDGE_CURVE('',#452,#476,#478,.T.);
#476 = VERTEX_POINT('',#477);
#477 = CARTESIAN_POINT('',(13.919410907075,1.5,0.));
#478 = SURFACE_CURVE('',#479,(#484,#491),.PCURVE_S1.);
#479 = CIRCLE('',#480,14.);
#480 = AXIS2_PLACEMENT_3D('',#481,#482,#483);
#481 = CARTESIAN_POINT('',(6.157774285068E-14,5.276109386373E-14,0.));
#482 = DIRECTION('',(0.,-0.,1.));
#483 = DIRECTION('',(0.766044443119,0.642787609687,0.));
#484 = PCURVE('',#51,#485);
#485 = DEFINITIONAL_REPRESENTATION('',(#486),#490);
#486 = CIRCLE('',#487,14.);
#487 = AXIS2_PLACEMENT_2D('',#488,#489);
#488 = CARTESIAN_POINT('',(6.203355622819E-14,5.27781165348E-14));
#489 = DIRECTION('',(0.766044443119,0.642787609687));
#490 = ( GEOMETRIC_REPRESENTATION_CONTEXT(2) 
PARAMETRIC_REPRESENTATION_CONTEXT() REPRESENTATION_CONTEXT('2D SPACE',''
  ) );
#491 = PCURVE('',#265,#492);
#492 = DEFINITIONAL_REPRESENTATION('',(#493),#497);
#493 = LINE('',#494,#495);
#494 = CARTESIAN_POINT('',(-0.,-10.45));
#495 = VECTOR('',#496,1.);
#496 = DIRECTION('',(-1.,0.));
#497 = ( GEOMETRIC_REPRESENTATION_CONTEXT(2) 
PARAMETRIC_REPRESENTATION_CONTEXT() REPRESENTATION_CONTEXT('2D SPACE',''
  ) );
#498 = ORIENTED_EDGE('',*,*,#499,.T.);
#499 = EDGE_CURVE('',#476,#500,#502,.T.);
#500 = VERTEX_POINT('',#501);
#501 = CARTESIAN_POINT('',(13.048965165825,1.499999999998,0.));
#502 = SURFACE_CURVE('',#503,(#506,#512),.PCURVE_S1.);
#503 = B_SPLINE_CURVE_WITH_KNOTS('',1,(#504,#505),.UNSPECIFIED.,.F.,.F.,
  (2,2),(2.,3.),.PIECEWISE_BEZIER_KNOTS.);
#504 = CARTESIAN_POINT('',(14.,1.5,0.));
#505 = CARTESIAN_POINT('',(4.,1.5,0.));
#506 = PCURVE('',#51,#507);
#507 = DEFINITIONAL_REPRESENTATION('',(#508),#511);
#508 = B_SPLINE_CURVE_WITH_KNOTS('',1,(#509,#510),.UNSPECIFIED.,.F.,.F.,
  (2,2),(2.,3.),.PIECEWISE_BEZIER_KNOTS.);
#509 = CARTESIAN_POINT('',(14.,1.5));
#510 = CARTESIAN_POINT('',(4.,1.5));
#511 = ( GEOMETRIC_REPRESENTATION_CONTEXT(2) 
PARAMETRIC_REPRESENTATION_CONTEXT() REPRESENTATION_CONTEXT('2D SPACE',''
  ) );
#512 = PCURVE('',#513,#528);
#513 = ( BOUNDED_SURFACE() B_SPLINE_SURFACE(1,6,(
    (#514,#515,#516,#517,#518,#519,#520)
    ,(#521,#522,#523,#524,#525,#526,#527
)),.UNSPECIFIED.,.F.,.F.,.F.) B_SPLINE_SURFACE_WITH_KNOTS((2,2),(7,7),(
    2.,3.),(0.,1.),.PIECEWISE_BEZIER_KNOTS.) 
GEOMETRIC_REPRESENTATION_ITEM() RATIONAL_B_SPLINE_SURFACE((
    (1.,1.,1.,1.,1.,1.,1.)
,(1.,1.,1.,1.,1.,1.,1.))) REPRESENTATION_ITEM('') SURFACE() );
#514 = CARTESIAN_POINT('',(14.,1.5,0.));
#515 = CARTESIAN_POINT('',(13.738196306541,3.943467593002,
    11.666666666667));
#516 = CARTESIAN_POINT('',(12.964662867973,6.332060628354,
    23.333333333333));
#517 = CARTESIAN_POINT('',(11.693636636233,8.531994162904,
    35.000000000001));
#518 = CARTESIAN_POINT('',(9.986543389203,10.413761386593,
    46.666666666666));
#519 = CARTESIAN_POINT('',(7.947965855932,11.879343970399,
    58.333333333333));
#520 = CARTESIAN_POINT('',(5.700961894323,12.874355652982,70.));
#521 = CARTESIAN_POINT('',(4.,1.5,0.));
#522 = CARTESIAN_POINT('',(3.738198844696,2.198133326055,11.666666666667
    ));
#523 = CARTESIAN_POINT('',(3.330192699289,2.84142484046,23.333333333333)
  );
#524 = CARTESIAN_POINT('',(2.790287120388,3.391642923241,35.000000000001
    ));
#525 = CARTESIAN_POINT('',(2.146329037187,3.815383362457,46.666666666666
    ));
#526 = CARTESIAN_POINT('',(1.436463311738,4.091759264135,58.333333333333
    ));
#527 = CARTESIAN_POINT('',(0.700961894323,4.214101615138,70.));
#528 = DEFINITIONAL_REPRESENTATION('',(#529),#533);
#529 = LINE('',#530,#531);
#530 = CARTESIAN_POINT('',(0.,0.));
#531 = VECTOR('',#532,1.);
#532 = DIRECTION('',(1.,0.));
#533 = ( GEOMETRIC_REPRESENTATION_CONTEXT(2) 
PARAMETRIC_REPRESENTATION_CONTEXT() REPRESENTATION_CONTEXT('2D SPACE',''
  ) );
#534 = ORIENTED_EDGE('',*,*,#535,.T.);
#535 = EDGE_CURVE('',#500,#536,#538,.T.);
#536 = VERTEX_POINT('',#537);
#537 = CARTESIAN_POINT('',(13.375000001603,4.136348021759,0.));
#538 = SURFACE_CURVE('',#539,(#552,#568),.PCURVE_S1.);
#539 = B_SPLINE_CURVE_WITH_KNOTS('',11,(#540,#541,#542,#543,#544,#545,
    #546,#547,#548,#549,#550,#551),.UNSPECIFIED.,.F.,.F.,(12,12),(4.,5.)
  ,.PIECEWISE_BEZIER_KNOTS.);
#540 = CARTESIAN_POINT('',(13.,3.552713678801E-15,0.));
#541 = CARTESIAN_POINT('',(12.999999999999,6.568784639323,0.));
#542 = CARTESIAN_POINT('',(15.063644598998,13.137568765136,0.));
#543 = CARTESIAN_POINT('',(19.1909333116,18.986009522162,0.));
#544 = CARTESIAN_POINT('',(25.098989067861,23.393735031716,0.));
#545 = CARTESIAN_POINT('',(32.222040231066,25.767430623662,0.));
#546 = CARTESIAN_POINT('',(39.777959768932,25.767430623687,0.));
#547 = CARTESIAN_POINT('',(46.901010932145,23.393735031697,0.));
#548 = CARTESIAN_POINT('',(52.809066688395,18.986009522174,0.));
#549 = CARTESIAN_POINT('',(56.936355401005,13.137568765131,0.));
#550 = CARTESIAN_POINT('',(59.,6.568784639324,0.));
#551 = CARTESIAN_POINT('',(59.,1.040330798639E-15,0.));
#552 = PCURVE('',#51,#553);
#553 = DEFINITIONAL_REPRESENTATION('',(#554),#567);
#554 = B_SPLINE_CURVE_WITH_KNOTS('',11,(#555,#556,#557,#558,#559,#560,
    #561,#562,#563,#564,#565,#566),.UNSPECIFIED.,.F.,.F.,(12,12),(4.,5.)
  ,.PIECEWISE_BEZIER_KNOTS.);
#555 = CARTESIAN_POINT('',(13.,3.569736349873E-15));
#556 = CARTESIAN_POINT('',(12.999999999999,6.568784639323));
#557 = CARTESIAN_POINT('',(15.063644598998,13.137568765136));
#558 = CARTESIAN_POINT('',(19.1909333116,18.986009522162));
#559 = CARTESIAN_POINT('',(25.098989067861,23.393735031716));
#560 = CARTESIAN_POINT('',(32.222040231066,25.767430623662));
#561 = CARTESIAN_POINT('',(39.777959768932,25.767430623687));
#562 = CARTESIAN_POINT('',(46.901010932145,23.393735031697));
#563 = CARTESIAN_POINT('',(52.809066688395,18.986009522174));
#564 = CARTESIAN_POINT('',(56.936355401005,13.137568765131));
#565 = CARTESIAN_POINT('',(59.,6.568784639324));
#566 = CARTESIAN_POINT('',(59.,1.057353469712E-15));
#567 = ( GEOMETRIC_REPRESENTATION_CONTEXT(2) 
PARAMETRIC_REPRESENTATION_CONTEXT() REPRESENTATION_CONTEXT('2D SPACE',''
  ) );
#568 = PCURVE('',#569,#666);
#569 = ( BOUNDED_SURFACE() B_SPLINE_SURFACE(11,7,(
    (#570,#571,#572,#573,#574,#575,#576,#577)
    ,(#578,#579,#580,#581,#582,#583,#584,#585)
    ,(#586,#587,#588,#589,#590,#591,#592,#593)
    ,(#594,#595,#596,#597,#598,#599,#600,#601)
    ,(#602,#603,#604,#605,#606,#607,#608,#609)
    ,(#610,#611,#612,#613,#614,#615,#616,#617)
    ,(#618,#619,#620,#621,#622,#623,#624,#625)
    ,(#626,#627,#628,#629,#630,#631,#632,#633)
    ,(#634,#635,#636,#637,#638,#639,#640,#641)
    ,(#642,#643,#644,#645,#646,#647,#648,#649)
    ,(#650,#651,#652,#653,#654,#655,#656,#657)
    ,(#658,#659,#660,#661,#662,#663,#664,#665
)),.UNSPECIFIED.,.F.,.F.,.F.) B_SPLINE_SURFACE_WITH_KNOTS((12,12),(8,8),
  (4.,5.),(0.,1.),.PIECEWISE_BEZIER_KNOTS.) 
GEOMETRIC_REPRESENTATION_ITEM() RATIONAL_B_SPLINE_SURFACE((
    (1.,1.,1.,1.,1.,1.,1.,1.)
    ,(1.,1.,1.,1.,1.,1.,1.,1.)
    ,(1.,1.,1.,1.,1.,1.,1.,1.)
    ,(1.,1.,1.,1.,1.,1.,1.,1.)
    ,(1.,1.,1.,1.,1.,1.,1.,1.)
    ,(1.,1.,1.,1.,1.,1.,1.,1.)
    ,(1.,1.,1.,1.,1.,1.,1.,1.)
    ,(1.,1.,1.,1.,1.,1.,1.,1.)
    ,(1.,1.,1.,1.,1.,1.,1.,1.)
    ,(1.,1.,1.,1.,1.,1.,1.,1.)
    ,(1.,1.,1.,1.,1.,1.,1.,1.)
,(1.,1.,1.,1.,1.,1.,1.,1.))) REPRESENTATION_ITEM('') SURFACE() );
#570 = CARTESIAN_POINT('',(13.,3.552713678801E-15,0.));
#571 = CARTESIAN_POINT('',(13.000000307788,1.94479560857,10.000000000003
    ));
#572 = CARTESIAN_POINT('',(12.660567789225,3.889590224548,19.99999999999
    ));
#573 = CARTESIAN_POINT('',(11.981711229518,5.763297891541,
    30.000000000016));
#574 = CARTESIAN_POINT('',(10.982017998412,7.494817359802,
    39.999999999985));
#575 = CARTESIAN_POINT('',(9.698767839382,9.019578219529,50.000000000008
    ));
#576 = CARTESIAN_POINT('',(8.184242556084,10.285932711465,
    59.999999999998));
#577 = CARTESIAN_POINT('',(6.5,11.258330249198,70.));
#578 = CARTESIAN_POINT('',(12.999999999999,6.568784639323,0.));
#579 = CARTESIAN_POINT('',(12.017312344692,8.513580403413,
    10.000000000004));
#580 = CARTESIAN_POINT('',(10.695192364593,10.286862779865,
    19.999999999983));
#581 = CARTESIAN_POINT('',(9.06956794784,11.817550251315,30.000000000025
    ));
#582 = CARTESIAN_POINT('',(7.194953294741,13.043933601101,
    39.999999999974));
#583 = CARTESIAN_POINT('',(5.141255003882,13.92027954288,50.000000000006
    ));
#584 = CARTESIAN_POINT('',(2.986852033297,14.421357848922,
    59.999999999997));
#585 = CARTESIAN_POINT('',(0.811265630357,14.542722568859,
    69.999999999996));
#586 = CARTESIAN_POINT('',(15.063644598998,13.137568765136,0.));
#587 = CARTESIAN_POINT('',(13.098269106301,15.391085219667,
    9.999999999984));
#588 = CARTESIAN_POINT('',(10.739579581119,17.301575747258,
    20.000000000072));
#589 = CARTESIAN_POINT('',(8.059424406597,18.786678950686,
    29.999999999884));
#590 = CARTESIAN_POINT('',(5.151195204716,19.782790898146,
    40.000000000129));
#591 = CARTESIAN_POINT('',(2.123343283759,20.252765396876,
    49.999999999955));
#592 = CARTESIAN_POINT('',(-0.911355933346,20.189591085045,
    60.00000000002));
#593 = CARTESIAN_POINT('',(-3.845645995073,19.61428327888,
    70.000000000015));
#594 = CARTESIAN_POINT('',(19.1909333116,18.986009522162,0.));
#595 = CARTESIAN_POINT('',(16.350633154922,21.856967112333,
    10.000000000032));
#596 = CARTESIAN_POINT('',(13.009255006978,24.232194400924,
    19.999999999858));
#597 = CARTESIAN_POINT('',(9.270630193527,26.00676530658,30.000000000224
    ));
#598 = CARTESIAN_POINT('',(5.266038559509,27.102864494314,
    39.999999999752));
#599 = CARTESIAN_POINT('',(1.144816065333,27.479617127719,
    50.000000000072));
#600 = CARTESIAN_POINT('',(-2.940427946524,27.137135062718,
    59.999999999968));
#601 = CARTESIAN_POINT('',(-6.846899906888,26.112840531259,
    69.999999999967));
#602 = CARTESIAN_POINT('',(25.098989067861,23.393735031716,0.));
#603 = CARTESIAN_POINT('',(21.599294803905,27.148535871679,
    9.999999999949));
#604 = CARTESIAN_POINT('',(17.444262264396,30.292519287252,
    20.00000000023));
#605 = CARTESIAN_POINT('',(12.761828875543,32.688456039064,
    29.999999999632));
#606 = CARTESIAN_POINT('',(7.715829096914,34.232519857288,
    40.000000000404));
#607 = CARTESIAN_POINT('',(2.494434231174,34.867130776923,
    49.999999999887));
#608 = CARTESIAN_POINT('',(-2.708474612427,34.586654959156,
    60.000000000041));
#609 = CARTESIAN_POINT('',(-7.710074292934,33.433229657936,
    70.000000000052));
#610 = CARTESIAN_POINT('',(32.222040231066,25.767430623662,0.));
#611 = CARTESIAN_POINT('',(28.367242076839,30.58783756756,
    10.000000000067));
#612 = CARTESIAN_POINT('',(23.671121414616,34.735448835863,
    19.999999999704));
#613 = CARTESIAN_POINT('',(18.274600206872,38.034086875308,
    30.000000000475));
#614 = CARTESIAN_POINT('',(12.364679954231,40.344361029134,
    39.999999999493));
#615 = CARTESIAN_POINT('',(6.161748576064,41.580118437618,
    50.000000000134));
#616 = CARTESIAN_POINT('',(-0.102235741578,41.716972301202,
    59.999999999965));
#617 = CARTESIAN_POINT('',(-6.204229394816,40.788820713694,
    69.999999999939));
#618 = CARTESIAN_POINT('',(39.777959768932,25.767430623687,0.));
#619 = CARTESIAN_POINT('',(35.923161793838,31.718200578167,
    9.999999999931));
#620 = CARTESIAN_POINT('',(31.029754607895,36.996174279324,
    20.000000000303));
#621 = CARTESIAN_POINT('',(25.238665282197,41.383857271684,
    29.999999999505));
#622 = CARTESIAN_POINT('',(18.747698751463,44.70053309923,
    40.000000000522));
#623 = CARTESIAN_POINT('',(11.798910837962,46.822518999276,
    49.999999999858));
#624 = CARTESIAN_POINT('',(4.654647199512,47.69540921939,60.000000000025
    ));
#625 = CARTESIAN_POINT('',(-2.426269625895,47.332438982459,
    70.000000000057));
#626 = CARTESIAN_POINT('',(46.901010932145,23.393735031697,0.));
#627 = CARTESIAN_POINT('',(43.40131718418,30.410110977682,
    10.000000000054));
#628 = CARTESIAN_POINT('',(38.677029630571,36.815667835273,
    19.999999999767));
#629 = CARTESIAN_POINT('',(32.856100428973,42.35395962617,
    30.000000000382));
#630 = CARTESIAN_POINT('',(26.133536520936,46.80191770003,
    39.999999999603));
#631 = CARTESIAN_POINT('',(18.760030269272,49.993672433954,
    50.000000000104));
#632 = CARTESIAN_POINT('',(11.017143475948,51.836972641654,
    59.99999999999));
#633 = CARTESIAN_POINT('',(3.190936639217,52.314334446252,
    69.999999999958));
#634 = CARTESIAN_POINT('',(52.809066688395,18.986009522174,0.));
#635 = CARTESIAN_POINT('',(49.968767327777,26.886228509284,
    9.999999999961));
#636 = CARTESIAN_POINT('',(45.749613203961,34.290714627606,
    20.000000000164));
#637 = CARTESIAN_POINT('',(40.255458362624,40.910712784523,
    29.999999999724));
#638 = CARTESIAN_POINT('',(33.665649776305,46.484539081379,
    40.000000000289));
#639 = CARTESIAN_POINT('',(26.225929204764,50.804338942392,
    49.999999999904));
#640 = CARTESIAN_POINT('',(18.224107271879,53.736662585592,
    60.000000000014));
#641 = CARTESIAN_POINT('',(9.962166781504,55.226998063388,
    70.000000000024));
#642 = CARTESIAN_POINT('',(56.936355401005,13.137568765131,0.));
#643 = CARTESIAN_POINT('',(54.970980899646,21.655228610906,
    10.000000000016));
#644 = CARTESIAN_POINT('',(51.518986783308,29.829859332853,
    19.999999999935));
#645 = CARTESIAN_POINT('',(46.652249731716,37.350133248767,
    30.000000000108));
#646 = CARTESIAN_POINT('',(40.524030871547,43.9234308846,39.999999999889
    ));
#647 = CARTESIAN_POINT('',(33.362858735726,49.304626192267,
    50.000000000033));
#648 = CARTESIAN_POINT('',(25.449907273113,53.320351527879,
    59.999999999998));
#649 = CARTESIAN_POINT('',(17.090709405933,55.877114558734,
    69.99999999999));
#650 = CARTESIAN_POINT('',(59.,6.568784639324,0.));
#651 = CARTESIAN_POINT('',(58.017313433795,15.395164864519,
    9.999999999998));
#652 = CARTESIAN_POINT('',(55.494124541844,24.050028189758,
    20.00000000001));
#653 = CARTESIAN_POINT('',(51.466392298431,32.21075817531,
    29.999999999983));
#654 = CARTESIAN_POINT('',(46.05440159685,39.564056566482,40.00000000002
    ));
#655 = CARTESIAN_POINT('',(39.459971973974,45.835710165883,
    49.999999999995));
#656 = CARTESIAN_POINT('',(31.946479539449,50.817735135629,60.));
#657 = CARTESIAN_POINT('',(23.811265630356,54.379891142945,
    70.000000000002));
#658 = CARTESIAN_POINT('',(59.,1.040330798639E-15,0.));
#659 = CARTESIAN_POINT('',(59.00000139688,8.826380069657,10.000000000003
    ));
#660 = CARTESIAN_POINT('',(57.459499966496,17.652755634509,
    19.99999999999));
#661 = CARTESIAN_POINT('',(54.378535580097,26.15650581542,
    30.000000000016));
#662 = CARTESIAN_POINT('',(49.84146630051,34.014940325293,
    39.999999999985));
#663 = CARTESIAN_POINT('',(44.017484809491,40.935008842456,
    50.000000000008));
#664 = CARTESIAN_POINT('',(37.143870062231,46.682309998194,
    59.999999999998));
#665 = CARTESIAN_POINT('',(29.5,51.095498823282,70.));
#666 = DEFINITIONAL_REPRESENTATION('',(#667),#671);
#667 = LINE('',#668,#669);
#668 = CARTESIAN_POINT('',(0.,0.));
#669 = VECTOR('',#670,1.);
#670 = DIRECTION('',(1.,0.));
#671 = ( GEOMETRIC_REPRESENTATION_CONTEXT(2) 
PARAMETRIC_REPRESENTATION_CONTEXT() REPRESENTATION_CONTEXT('2D SPACE',''
  ) );
#672 = ORIENTED_EDGE('',*,*,#673,.T.);
#673 = EDGE_CURVE('',#536,#674,#676,.T.);
#674 = VERTEX_POINT('',#675);
#675 = CARTESIAN_POINT('',(12.041666666489,7.141306875715,0.));
#676 = SURFACE_CURVE('',#677,(#682,#689),.PCURVE_S1.);
#677 = CIRCLE('',#678,14.);
#678 = AXIS2_PLACEMENT_3D('',#679,#680,#681);
#679 = CARTESIAN_POINT('',(6.157774285068E-14,5.276109386373E-14,0.));
#680 = DIRECTION('',(0.,-0.,1.));
#681 = DIRECTION('',(0.766044443119,0.642787609687,0.));
#682 = PCURVE('',#51,#683);
#683 = DEFINITIONAL_REPRESENTATION('',(#684),#688);
#684 = CIRCLE('',#685,14.);
#685 = AXIS2_PLACEMENT_2D('',#686,#687);
#686 = CARTESIAN_POINT('',(6.203355622819E-14,5.27781165348E-14));
#687 = DIRECTION('',(0.766044443119,0.642787609687));
#688 = ( GEOMETRIC_REPRESENTATION_CONTEXT(2) 
PARAMETRIC_REPRESENTATION_CONTEXT() REPRESENTATION_CONTEXT('2D SPACE',''
  ) );
#689 = PCURVE('',#265,#690);
#690 = DEFINITIONAL_REPRESENTATION('',(#691),#695);
#691 = LINE('',#692,#693);
#692 = CARTESIAN_POINT('',(-0.,-10.45));
#693 = VECTOR('',#694,1.);
#694 = DIRECTION('',(-1.,0.));
#695 = ( GEOMETRIC_REPRESENTATION_CONTEXT(2) 
PARAMETRIC_REPRESENTATION_CONTEXT() REPRESENTATION_CONTEXT('2D SPACE',''
  ) );
#696 = ORIENTED_EDGE('',*,*,#697,.T.);
#697 = EDGE_CURVE('',#674,#698,#700,.T.);
#698 = VERTEX_POINT('',#699);
#699 = CARTESIAN_POINT('',(11.045040573895,1.500000000001,0.));
#700 = SURFACE_CURVE('',#701,(#714,#730),.PCURVE_S1.);
#701 = B_SPLINE_CURVE_WITH_KNOTS('',11,(#702,#703,#704,#705,#706,#707,
    #708,#709,#710,#711,#712,#713),.UNSPECIFIED.,.F.,.F.,(12,12),(0.,1.)
  ,.PIECEWISE_BEZIER_KNOTS.);
#702 = CARTESIAN_POINT('',(61.,-7.105427357601E-15,0.));
#703 = CARTESIAN_POINT('',(61.,7.139983303613,0.));
#704 = CARTESIAN_POINT('',(58.756908044573,14.279966049058,0.));
#705 = CARTESIAN_POINT('',(54.270724661296,20.636966871921,0.));
#706 = CARTESIAN_POINT('',(47.84892492625,25.427972860554,0.));
#707 = CARTESIAN_POINT('',(40.106478009701,28.008076764857,0.));
#708 = CARTESIAN_POINT('',(31.893521990299,28.008076764872,0.));
#709 = CARTESIAN_POINT('',(24.151075073751,25.427972860542,0.));
#710 = CARTESIAN_POINT('',(17.729275338704,20.636966871928,0.));
#711 = CARTESIAN_POINT('',(13.243091955428,14.279966049055,0.));
#712 = CARTESIAN_POINT('',(11.,7.139983303614,0.));
#713 = CARTESIAN_POINT('',(11.,7.105427357601E-15,0.));
#714 = PCURVE('',#51,#715);
#715 = DEFINITIONAL_REPRESENTATION('',(#716),#729);
#716 = B_SPLINE_CURVE_WITH_KNOTS('',11,(#717,#718,#719,#720,#721,#722,
    #723,#724,#725,#726,#727,#728),.UNSPECIFIED.,.F.,.F.,(12,12),(0.,1.)
  ,.PIECEWISE_BEZIER_KNOTS.);
#717 = CARTESIAN_POINT('',(61.,-7.088404686528E-15));
#718 = CARTESIAN_POINT('',(61.,7.139983303613));
#719 = CARTESIAN_POINT('',(58.756908044573,14.279966049058));
#720 = CARTESIAN_POINT('',(54.270724661296,20.636966871921));
#721 = CARTESIAN_POINT('',(47.84892492625,25.427972860554));
#722 = CARTESIAN_POINT('',(40.106478009701,28.008076764857));
#723 = CARTESIAN_POINT('',(31.893521990299,28.008076764872));
#724 = CARTESIAN_POINT('',(24.151075073751,25.427972860542));
#725 = CARTESIAN_POINT('',(17.729275338704,20.636966871928));
#726 = CARTESIAN_POINT('',(13.243091955428,14.279966049055));
#727 = CARTESIAN_POINT('',(11.,7.139983303614));
#728 = CARTESIAN_POINT('',(11.,7.122450028674E-15));
#729 = ( GEOMETRIC_REPRESENTATION_CONTEXT(2) 
PARAMETRIC_REPRESENTATION_CONTEXT() REPRESENTATION_CONTEXT('2D SPACE',''
  ) );
#730 = PCURVE('',#731,#828);
#731 = ( BOUNDED_SURFACE() B_SPLINE_SURFACE(11,7,(
    (#732,#733,#734,#735,#736,#737,#738,#739)
    ,(#740,#741,#742,#743,#744,#745,#746,#747)
    ,(#748,#749,#750,#751,#752,#753,#754,#755)
    ,(#756,#757,#758,#759,#760,#761,#762,#763)
    ,(#764,#765,#766,#767,#768,#769,#770,#771)
    ,(#772,#773,#774,#775,#776,#777,#778,#779)
    ,(#780,#781,#782,#783,#784,#785,#786,#787)
    ,(#788,#789,#790,#791,#792,#793,#794,#795)
    ,(#796,#797,#798,#799,#800,#801,#802,#803)
    ,(#804,#805,#806,#807,#808,#809,#810,#811)
    ,(#812,#813,#814,#815,#816,#817,#818,#819)
    ,(#820,#821,#822,#823,#824,#825,#826,#827
)),.UNSPECIFIED.,.F.,.F.,.F.) B_SPLINE_SURFACE_WITH_KNOTS((12,12),(8,8),
  (0.,1.),(0.,1.),.PIECEWISE_BEZIER_KNOTS.) 
GEOMETRIC_REPRESENTATION_ITEM() RATIONAL_B_SPLINE_SURFACE((
    (1.,1.,1.,1.,1.,1.,1.,1.)
    ,(1.,1.,1.,1.,1.,1.,1.,1.)
    ,(1.,1.,1.,1.,1.,1.,1.,1.)
    ,(1.,1.,1.,1.,1.,1.,1.,1.)
    ,(1.,1.,1.,1.,1.,1.,1.,1.)
    ,(1.,1.,1.,1.,1.,1.,1.,1.)
    ,(1.,1.,1.,1.,1.,1.,1.,1.)
    ,(1.,1.,1.,1.,1.,1.,1.,1.)
    ,(1.,1.,1.,1.,1.,1.,1.,1.)
    ,(1.,1.,1.,1.,1.,1.,1.,1.)
    ,(1.,1.,1.,1.,1.,1.,1.,1.)
,(1.,1.,1.,1.,1.,1.,1.,1.))) REPRESENTATION_ITEM('') SURFACE() );
#732 = CARTESIAN_POINT('',(61.,-7.105427357601E-15,0.));
#733 = CARTESIAN_POINT('',(61.000001444238,9.125579394057,
    10.000000000003));
#734 = CARTESIAN_POINT('',(59.407279626355,18.251154130576,
    19.99999999999));
#735 = CARTESIAN_POINT('',(56.221875769293,27.043167029534,
    30.000000000016));
#736 = CARTESIAN_POINT('',(51.531007530993,35.167989149846,
    39.999999999985));
#737 = CARTESIAN_POINT('',(45.509602938652,42.322636260865,
    50.000000000008));
#738 = CARTESIAN_POINT('',(38.40298430162,48.264761184568,
    59.999999999998));
#739 = CARTESIAN_POINT('',(30.5,52.827549630851,70.));
#740 = CARTESIAN_POINT('',(61.,7.139983303613,0.));
#741 = CARTESIAN_POINT('',(59.931862353917,16.265562866702,
    10.000000000017));
#742 = CARTESIAN_POINT('',(57.271001990888,25.204711255965,
    19.999999999937));
#743 = CARTESIAN_POINT('',(53.056502637027,33.623876116154,
    30.000000000117));
#744 = CARTESIAN_POINT('',(47.414632853104,41.199637238317,
    39.999999999873));
#745 = CARTESIAN_POINT('',(40.555784639181,47.649485525321,
    50.000000000075));
#746 = CARTESIAN_POINT('',(32.753646776857,52.759788507907,
    59.999999999977));
#747 = CARTESIAN_POINT('',(24.316593076474,56.397541282657,
    69.999999999999));
#748 = CARTESIAN_POINT('',(58.756908044573,14.279966049058,0.));
#749 = CARTESIAN_POINT('',(56.620631338595,23.06997998244,9.999999999946
    ));
#750 = CARTESIAN_POINT('',(52.950200079319,31.487136411106,
    20.000000000211));
#751 = CARTESIAN_POINT('',(47.823738977636,39.21015337067,
    29.999999999594));
#752 = CARTESIAN_POINT('',(41.403360325627,45.938087583312,
    40.000000000452));
#753 = CARTESIAN_POINT('',(33.92848764104,51.420046424062,
    49.999999999728));
#754 = CARTESIAN_POINT('',(25.692155183029,55.480023716727,
    60.000000000082));
#755 = CARTESIAN_POINT('',(17.011640658625,58.024958038955,
    70.000000000005));
#756 = CARTESIAN_POINT('',(54.270724661296,20.636966871921,0.));
#757 = CARTESIAN_POINT('',(51.183442673328,28.755849436961,
    10.000000000136));
#758 = CARTESIAN_POINT('',(46.679141841354,36.335892167234,
    19.999999999472));
#759 = CARTESIAN_POINT('',(40.87070488034,43.080348516361,
    30.000000001009));
#760 = CARTESIAN_POINT('',(33.948598265735,48.721900842633,
    39.999999998882));
#761 = CARTESIAN_POINT('',(26.170955542167,53.050168977296,
    50.000000000671));
#762 = CARTESIAN_POINT('',(17.838024746897,55.932535736355,
    59.999999999803));
#763 = CARTESIAN_POINT('',(9.263224762502,57.318309674435,
    69.999999999988));
#764 = CARTESIAN_POINT('',(47.84892492625,25.427972860554,0.));
#765 = CARTESIAN_POINT('',(44.044909908916,32.586156468277,
    9.999999999756));
#766 = CARTESIAN_POINT('',(38.991550999805,39.080406521579,
    20.000000000948));
#767 = CARTESIAN_POINT('',(32.827924518623,44.649095086896,
    29.999999998188));
#768 = CARTESIAN_POINT('',(25.761518639959,49.066877598352,
    40.000000002006));
#769 = CARTESIAN_POINT('',(18.05584800363,52.169009731356,
    49.999999998798));
#770 = CARTESIAN_POINT('',(10.004368446977,53.867655361793,
    60.000000000346));
#771 = CARTESIAN_POINT('',(1.903191999153,54.15237096018,70.000000000022
    ));
#772 = CARTESIAN_POINT('',(40.106478009701,28.008076764857,0.));
#773 = CARTESIAN_POINT('',(35.916480136301,34.007992989894,
    10.000000000312));
#774 = CARTESIAN_POINT('',(30.679295541639,39.276609180773,
    19.999999998782));
#775 = CARTESIAN_POINT('',(24.548103705581,43.594636000861,
    30.000000002333));
#776 = CARTESIAN_POINT('',(17.733434108457,46.782763907122,
    39.999999997415));
#777 = CARTESIAN_POINT('',(10.489413839107,48.7221038207,50.000000001542
    ));
#778 = CARTESIAN_POINT('',(3.088611624756,49.365955990805,
    59.999999999566));
#779 = CARTESIAN_POINT('',(-4.202466984672,48.737267195155,
    69.999999999969));
#780 = CARTESIAN_POINT('',(31.893521990299,28.008076764872,0.));
#781 = CARTESIAN_POINT('',(27.703523922711,32.779337544301,
    9.999999999682));
#782 = CARTESIAN_POINT('',(22.680781199746,36.819298913261,
    20.000000001246));
#783 = CARTESIAN_POINT('',(16.978467755608,39.953581227765,
    29.999999997612));
#784 = CARTESIAN_POINT('',(10.795370197807,42.047794259907,
    40.000000002645));
#785 = CARTESIAN_POINT('',(4.362063554517,43.023842344374,
    49.999999998427));
#786 = CARTESIAN_POINT('',(-2.081913311208,42.86765499163,
    60.000000000435));
#787 = CARTESIAN_POINT('',(-8.308944994363,41.624638642189,
    70.000000000034));
#788 = CARTESIAN_POINT('',(24.151075073751,25.427972860542,0.));
#789 = CARTESIAN_POINT('',(20.347059495147,29.040966135105,
    10.00000000025));
#790 = CARTESIAN_POINT('',(15.912456037657,31.990027667265,
    19.999999999019));
#791 = CARTESIAN_POINT('',(10.986325002847,34.143112922687,
    30.000000001877));
#792 = CARTESIAN_POINT('',(5.742271440455,35.404488643329,
    39.999999997923));
#793 = CARTESIAN_POINT('',(0.375852309953,35.727116623009,
    50.000000001229));
#794 = CARTESIAN_POINT('',(-4.914781649078,35.117310055603,
    59.999999999665));
#795 = CARTESIAN_POINT('',(-9.945732927104,33.629430972847,
    69.999999999972));
#796 = CARTESIAN_POINT('',(17.729275338704,20.636966871928,0.));
#797 = CARTESIAN_POINT('',(14.641992485693,23.289260962331,
    9.999999999851));
#798 = CARTESIAN_POINT('',(11.091795974436,25.40271800654,
    20.000000000587));
#799 = CARTESIAN_POINT('',(7.191543827665,26.880405607993,
    29.999999998876));
#800 = CARTESIAN_POINT('',(3.079455638474,27.654863245461,
    40.000000001245));
#801 = CARTESIAN_POINT('',(-1.091123957152,27.697210484722,
    49.999999999263));
#802 = CARTESIAN_POINT('',(-5.166904838328,27.020005819699,60.0000000002
    ));
#803 = CARTESIAN_POINT('',(-9.007499898791,25.672486269968,
    70.000000000017));
#804 = CARTESIAN_POINT('',(13.243091955428,14.279966049055,0.));
#805 = CARTESIAN_POINT('',(11.106814171817,16.261128470083,
    10.000000000061));
#806 = CARTESIAN_POINT('',(8.624757468482,17.869436862094,19.99999999976
    ));
#807 = CARTESIAN_POINT('',(5.875015797909,19.032485654309,
    30.000000000458));
#808 = CARTESIAN_POINT('',(2.954625905255,19.69826151217,39.999999999494
    ));
#809 = CARTESIAN_POINT('',(-2.750741545742E-02,19.841936863155,
    50.000000000297));
#810 = CARTESIAN_POINT('',(-2.961391780516,19.468327583417,
    59.99999999992));
#811 = CARTESIAN_POINT('',(-5.745267385949,18.608837082582,
    69.999999999993));
#812 = CARTESIAN_POINT('',(11.,7.139983303614,0.));
#813 = CARTESIAN_POINT('',(9.931861170125,8.785579756845,9.999999999984)
  );
#814 = CARTESIAN_POINT('',(8.576510493849,10.244748853751,
    20.000000000063));
#815 = CARTESIAN_POINT('',(6.972997908134,11.457345764279,
    29.999999999879));
#816 = CARTESIAN_POINT('',(5.176102089968,12.373416623474,
    40.000000000135));
#817 = CARTESIAN_POINT('',(3.252831410794,12.958800065724,49.99999999992
    ));
#818 = CARTESIAN_POINT('',(1.275790791917,13.198508848388,
    60.000000000022));
#819 = CARTESIAN_POINT('',(-0.683406923526,13.096271093436,
    70.000000000002));
#820 = CARTESIAN_POINT('',(11.,7.105427357601E-15,0.));
#821 = CARTESIAN_POINT('',(11.000000260437,1.645596284175,
    10.000000000003));
#822 = CARTESIAN_POINT('',(10.712788129342,3.291191728462,19.99999999999
    ));
#823 = CARTESIAN_POINT('',(10.138371040366,4.87663667746,30.000000000016
    ));
#824 = CARTESIAN_POINT('',(9.292476767883,6.341768535215,39.999999999985
    ));
#825 = CARTESIAN_POINT('',(8.206649710249,7.631950801142,50.000000000008
    ));
#826 = CARTESIAN_POINT('',(6.925128316686,8.703481525085,59.999999999998
    ));
#827 = CARTESIAN_POINT('',(5.5,9.526279441629,70.));
#828 = DEFINITIONAL_REPRESENTATION('',(#829),#833);
#829 = LINE('',#830,#831);
#830 = CARTESIAN_POINT('',(0.,0.));
#831 = VECTOR('',#832,1.);
#832 = DIRECTION('',(1.,0.));
#833 = ( GEOMETRIC_REPRESENTATION_CONTEXT(2) 
PARAMETRIC_REPRESENTATION_CONTEXT() REPRESENTATION_CONTEXT('2D SPACE',''
  ) );
#834 = ORIENTED_EDGE('',*,*,#835,.T.);
#835 = EDGE_CURVE('',#698,#42,#836,.T.);
#836 = SURFACE_CURVE('',#837,(#840,#846),.PCURVE_S1.);
#837 = B_SPLINE_CURVE_WITH_KNOTS('',1,(#838,#839),.UNSPECIFIED.,.F.,.F.,
  (2,2),(2.,3.),.PIECEWISE_BEZIER_KNOTS.);
#838 = CARTESIAN_POINT('',(14.,1.5,0.));
#839 = CARTESIAN_POINT('',(4.,1.5,0.));
#840 = PCURVE('',#51,#841);
#841 = DEFINITIONAL_REPRESENTATION('',(#842),#845);
#842 = B_SPLINE_CURVE_WITH_KNOTS('',1,(#843,#844),.UNSPECIFIED.,.F.,.F.,
  (2,2),(2.,3.),.PIECEWISE_BEZIER_KNOTS.);
#843 = CARTESIAN_POINT('',(14.,1.5));
#844 = CARTESIAN_POINT('',(4.,1.5));
#845 = ( GEOMETRIC_REPRESENTATION_CONTEXT(2) 
PARAMETRIC_REPRESENTATION_CONTEXT() REPRESENTATION_CONTEXT('2D SPACE',''
  ) );
#846 = PCURVE('',#847,#862);
#847 = ( BOUNDED_SURFACE() B_SPLINE_SURFACE(1,6,(
    (#848,#849,#850,#851,#852,#853,#854)
    ,(#855,#856,#857,#858,#859,#860,#861
)),.UNSPECIFIED.,.F.,.F.,.F.) B_SPLINE_SURFACE_WITH_KNOTS((2,2),(7,7),(
    2.,3.),(0.,1.),.PIECEWISE_BEZIER_KNOTS.) 
GEOMETRIC_REPRESENTATION_ITEM() RATIONAL_B_SPLINE_SURFACE((
    (1.,1.,1.,1.,1.,1.,1.)
,(1.,1.,1.,1.,1.,1.,1.))) REPRESENTATION_ITEM('') SURFACE() );
#848 = CARTESIAN_POINT('',(14.,1.5,0.));
#849 = CARTESIAN_POINT('',(13.738196306541,3.943467593002,
    11.666666666667));
#850 = CARTESIAN_POINT('',(12.964662867973,6.332060628354,
    23.333333333333));
#851 = CARTESIAN_POINT('',(11.693636636233,8.531994162904,
    35.000000000001));
#852 = CARTESIAN_POINT('',(9.986543389203,10.413761386593,
    46.666666666666));
#853 = CARTESIAN_POINT('',(7.947965855932,11.879343970399,
    58.333333333333));
#854 = CARTESIAN_POINT('',(5.700961894323,12.874355652982,70.));
#855 = CARTESIAN_POINT('',(4.,1.5,0.));
#856 = CARTESIAN_POINT('',(3.738198844696,2.198133326055,11.666666666667
    ));
#857 = CARTESIAN_POINT('',(3.330192699289,2.84142484046,23.333333333333)
  );
#858 = CARTESIAN_POINT('',(2.790287120388,3.391642923241,35.000000000001
    ));
#859 = CARTESIAN_POINT('',(2.146329037187,3.815383362457,46.666666666666
    ));
#860 = CARTESIAN_POINT('',(1.436463311738,4.091759264135,58.333333333333
    ));
#861 = CARTESIAN_POINT('',(0.700961894323,4.214101615138,70.));
#862 = DEFINITIONAL_REPRESENTATION('',(#863),#867);
#863 = LINE('',#864,#865);
#864 = CARTESIAN_POINT('',(0.,0.));
#865 = VECTOR('',#866,1.);
#866 = DIRECTION('',(1.,0.));
#867 = ( GEOMETRIC_REPRESENTATION_CONTEXT(2) 
PARAMETRIC_REPRESENTATION_CONTEXT() REPRESENTATION_CONTEXT('2D SPACE',''
  ) );
#868 = ADVANCED_FACE('',(#869),#63,.T.);
#869 = FACE_BOUND('',#870,.F.);
#870 = EDGE_LOOP('',(#871,#901,#928,#956,#983,#1006,#1033,#1061,#1105,
    #1133,#1160,#1161,#1190,#1213,#1257,#1285,#1312,#1335,#1362,#1390));
#871 = ORIENTED_EDGE('',*,*,#872,.F.);
#872 = EDGE_CURVE('',#873,#875,#877,.T.);
#873 = VERTEX_POINT('',#874);
#874 = CARTESIAN_POINT('',(2.486016379823,-5.460743773448,-10.45));
#875 = VERTEX_POINT('',#876);
#876 = CARTESIAN_POINT('',(5.414497470512,2.585191896518,-10.45));
#877 = SURFACE_CURVE('',#878,(#883,#889),.PCURVE_S1.);
#878 = CIRCLE('',#879,6.);
#879 = AXIS2_PLACEMENT_3D('',#880,#881,#882);
#880 = CARTESIAN_POINT('',(0.,0.,-10.45));
#881 = DIRECTION('',(0.,-0.,1.));
#882 = DIRECTION('',(0.766044443119,0.642787609687,0.));
#883 = PCURVE('',#63,#884);
#884 = DEFINITIONAL_REPRESENTATION('',(#885),#888);
#885 = B_SPLINE_CURVE_WITH_KNOTS('',1,(#886,#887),.UNSPECIFIED.,.F.,.F.,
  (2,2),(4.441470459928,6.030505052038),.PIECEWISE_BEZIER_KNOTS.);
#886 = CARTESIAN_POINT('',(-4.441470459928,0.));
#887 = CARTESIAN_POINT('',(-6.030505052038,0.));
#888 = ( GEOMETRIC_REPRESENTATION_CONTEXT(2) 
PARAMETRIC_REPRESENTATION_CONTEXT() REPRESENTATION_CONTEXT('2D SPACE',''
  ) );
#889 = PCURVE('',#890,#895);
#890 = PLANE('',#891);
#891 = AXIS2_PLACEMENT_3D('',#892,#893,#894);
#892 = CARTESIAN_POINT('',(-7.863032901052E-16,-1.565695753851E-15,
    -10.45));
#893 = DIRECTION('',(0.,0.,1.));
#894 = DIRECTION('',(0.766044443119,0.642787609687,0.));
#895 = DEFINITIONAL_REPRESENTATION('',(#896),#900);
#896 = CIRCLE('',#897,6.);
#897 = AXIS2_PLACEMENT_2D('',#898,#899);
#898 = CARTESIAN_POINT('',(1.608753097105E-15,6.939665195168E-16));
#899 = DIRECTION('',(1.,0.));
#900 = ( GEOMETRIC_REPRESENTATION_CONTEXT(2) 
PARAMETRIC_REPRESENTATION_CONTEXT() REPRESENTATION_CONTEXT('2D SPACE',''
  ) );
#901 = ORIENTED_EDGE('',*,*,#902,.F.);
#902 = EDGE_CURVE('',#903,#873,#905,.T.);
#903 = VERTEX_POINT('',#904);
#904 = CARTESIAN_POINT('',(2.486016379823,-5.460743773448,0.));
#905 = SURFACE_CURVE('',#906,(#910,#916),.PCURVE_S1.);
#906 = LINE('',#907,#908);
#907 = CARTESIAN_POINT('',(2.486016379823,-5.460743773448,-10.45));
#908 = VECTOR('',#909,1.);
#909 = DIRECTION('',(0.,-0.,-1.));
#910 = PCURVE('',#63,#911);
#911 = DEFINITIONAL_REPRESENTATION('',(#912),#915);
#912 = B_SPLINE_CURVE_WITH_KNOTS('',1,(#913,#914),.UNSPECIFIED.,.F.,.F.,
  (2,2),(-10.45,0.),.PIECEWISE_BEZIER_KNOTS.);
#913 = CARTESIAN_POINT('',(-4.441470459928,-10.45));
#914 = CARTESIAN_POINT('',(-4.441470459928,0.));
#915 = ( GEOMETRIC_REPRESENTATION_CONTEXT(2) 
PARAMETRIC_REPRESENTATION_CONTEXT() REPRESENTATION_CONTEXT('2D SPACE',''
  ) );
#916 = PCURVE('',#917,#922);
#917 = PLANE('',#918);
#918 = AXIS2_PLACEMENT_3D('',#919,#920,#921);
#919 = CARTESIAN_POINT('',(2.345452517853,-4.663566498561,-10.45));
#920 = DIRECTION('',(0.984807753012,0.173648177667,0.));
#921 = DIRECTION('',(0.,0.,1.));
#922 = DEFINITIONAL_REPRESENTATION('',(#923),#927);
#923 = LINE('',#924,#925);
#924 = CARTESIAN_POINT('',(0.,0.809475019311));
#925 = VECTOR('',#926,1.);
#926 = DIRECTION('',(-1.,0.));
#927 = ( GEOMETRIC_REPRESENTATION_CONTEXT(2) 
PARAMETRIC_REPRESENTATION_CONTEXT() REPRESENTATION_CONTEXT('2D SPACE',''
  ) );
#928 = ORIENTED_EDGE('',*,*,#929,.F.);
#929 = EDGE_CURVE('',#930,#903,#932,.T.);
#930 = VERTEX_POINT('',#931);
#931 = CARTESIAN_POINT('',(-0.468406879213,-5.981688306449,0.));
#932 = SURFACE_CURVE('',#933,(#938,#944),.PCURVE_S1.);
#933 = CIRCLE('',#934,6.);
#934 = AXIS2_PLACEMENT_3D('',#935,#936,#937);
#935 = CARTESIAN_POINT('',(0.,0.,0.));
#936 = DIRECTION('',(0.,0.,1.));
#937 = DIRECTION('',(1.,0.,0.));
#938 = PCURVE('',#63,#939);
#939 = DEFINITIONAL_REPRESENTATION('',(#940),#943);
#940 = B_SPLINE_CURVE_WITH_KNOTS('',1,(#941,#942),.UNSPECIFIED.,.F.,.F.,
  (2,2),(4.634241650442,5.139602160726),.PIECEWISE_BEZIER_KNOTS.);
#941 = CARTESIAN_POINT('',(-3.936109949644,-10.45));
#942 = CARTESIAN_POINT('',(-4.441470459928,-10.45));
#943 = ( GEOMETRIC_REPRESENTATION_CONTEXT(2) 
PARAMETRIC_REPRESENTATION_CONTEXT() REPRESENTATION_CONTEXT('2D SPACE',''
  ) );
#944 = PCURVE('',#945,#950);
#945 = PLANE('',#946);
#946 = AXIS2_PLACEMENT_3D('',#947,#948,#949);
#947 = CARTESIAN_POINT('',(4.794403630125,2.064871383754,0.));
#948 = DIRECTION('',(0.,0.,1.));
#949 = DIRECTION('',(0.766044443119,0.642787609687,0.));
#950 = DEFINITIONAL_REPRESENTATION('',(#951),#955);
#951 = CIRCLE('',#952,6.);
#952 = AXIS2_PLACEMENT_2D('',#953,#954);
#953 = CARTESIAN_POINT('',(-5.,1.5));
#954 = DIRECTION('',(0.766044443119,-0.642787609687));
#955 = ( GEOMETRIC_REPRESENTATION_CONTEXT(2) 
PARAMETRIC_REPRESENTATION_CONTEXT() REPRESENTATION_CONTEXT('2D SPACE',''
  ) );
#956 = ORIENTED_EDGE('',*,*,#957,.T.);
#957 = EDGE_CURVE('',#930,#958,#960,.T.);
#958 = VERTEX_POINT('',#959);
#959 = CARTESIAN_POINT('',(-0.468406879213,-5.981688306449,-10.45));
#960 = SURFACE_CURVE('',#961,(#965,#971),.PCURVE_S1.);
#961 = LINE('',#962,#963);
#962 = CARTESIAN_POINT('',(-0.468406879213,-5.981688306449,-10.45));
#963 = VECTOR('',#964,1.);
#964 = DIRECTION('',(0.,-0.,-1.));
#965 = PCURVE('',#63,#966);
#966 = DEFINITIONAL_REPRESENTATION('',(#967),#970);
#967 = B_SPLINE_CURVE_WITH_KNOTS('',1,(#968,#969),.UNSPECIFIED.,.F.,.F.,
  (2,2),(-10.45,0.),.PIECEWISE_BEZIER_KNOTS.);
#968 = CARTESIAN_POINT('',(-3.936109949644,-10.45));
#969 = CARTESIAN_POINT('',(-3.936109949644,0.));
#970 = ( GEOMETRIC_REPRESENTATION_CONTEXT(2) 
PARAMETRIC_REPRESENTATION_CONTEXT() REPRESENTATION_CONTEXT('2D SPACE',''
  ) );
#971 = PCURVE('',#972,#977);
#972 = PLANE('',#973);
#973 = AXIS2_PLACEMENT_3D('',#974,#975,#976);
#974 = CARTESIAN_POINT('',(-0.608970741184,-5.184511031561,-10.45));
#975 = DIRECTION('',(0.984807753012,0.173648177667,0.));
#976 = DIRECTION('',(0.,0.,1.));
#977 = DEFINITIONAL_REPRESENTATION('',(#978),#982);
#978 = LINE('',#979,#980);
#979 = CARTESIAN_POINT('',(0.,0.809475019311));
#980 = VECTOR('',#981,1.);
#981 = DIRECTION('',(-1.,0.));
#982 = ( GEOMETRIC_REPRESENTATION_CONTEXT(2) 
PARAMETRIC_REPRESENTATION_CONTEXT() REPRESENTATION_CONTEXT('2D SPACE',''
  ) );
#983 = ORIENTED_EDGE('',*,*,#984,.F.);
#984 = EDGE_CURVE('',#985,#958,#987,.T.);
#985 = VERTEX_POINT('',#986);
#986 = CARTESIAN_POINT('',(-5.972151021275,0.577418547573,-10.45));
#987 = SURFACE_CURVE('',#988,(#993,#999),.PCURVE_S1.);
#988 = CIRCLE('',#989,6.);
#989 = AXIS2_PLACEMENT_3D('',#990,#991,#992);
#990 = CARTESIAN_POINT('',(0.,0.,-10.45));
#991 = DIRECTION('',(0.,-0.,1.));
#992 = DIRECTION('',(0.766044443119,0.642787609687,0.));
#993 = PCURVE('',#63,#994);
#994 = DEFINITIONAL_REPRESENTATION('',(#995),#998);
#995 = B_SPLINE_CURVE_WITH_KNOTS('',1,(#996,#997),.UNSPECIFIED.,.F.,.F.,
  (2,2),(2.347075357535,3.936109949644),.PIECEWISE_BEZIER_KNOTS.);
#996 = CARTESIAN_POINT('',(-2.347075357535,0.));
#997 = CARTESIAN_POINT('',(-3.936109949644,0.));
#998 = ( GEOMETRIC_REPRESENTATION_CONTEXT(2) 
PARAMETRIC_REPRESENTATION_CONTEXT() REPRESENTATION_CONTEXT('2D SPACE',''
  ) );
#999 = PCURVE('',#890,#1000);
#1000 = DEFINITIONAL_REPRESENTATION('',(#1001),#1005);
#1001 = CIRCLE('',#1002,6.);
#1002 = AXIS2_PLACEMENT_2D('',#1003,#1004);
#1003 = CARTESIAN_POINT('',(1.608753097105E-15,6.939665195168E-16));
#1004 = DIRECTION('',(1.,0.));
#1005 = ( GEOMETRIC_REPRESENTATION_CONTEXT(2) 
PARAMETRIC_REPRESENTATION_CONTEXT() REPRESENTATION_CONTEXT('2D SPACE',''
  ) );
#1006 = ORIENTED_EDGE('',*,*,#1007,.F.);
#1007 = EDGE_CURVE('',#1008,#985,#1010,.T.);
#1008 = VERTEX_POINT('',#1009);
#1009 = CARTESIAN_POINT('',(-5.972151021275,0.577418547573,0.));
#1010 = SURFACE_CURVE('',#1011,(#1015,#1021),.PCURVE_S1.);
#1011 = LINE('',#1012,#1013);
#1012 = CARTESIAN_POINT('',(-5.972151021275,0.577418547573,-10.45));
#1013 = VECTOR('',#1014,1.);
#1014 = DIRECTION('',(0.,-0.,-1.));
#1015 = PCURVE('',#63,#1016);
#1016 = DEFINITIONAL_REPRESENTATION('',(#1017),#1020);
#1017 = B_SPLINE_CURVE_WITH_KNOTS('',1,(#1018,#1019),.UNSPECIFIED.,.F.,
  .F.,(2,2),(-10.45,0.),.PIECEWISE_BEZIER_KNOTS.);
#1018 = CARTESIAN_POINT('',(-2.347075357535,-10.45));
#1019 = CARTESIAN_POINT('',(-2.347075357535,0.));
#1020 = ( GEOMETRIC_REPRESENTATION_CONTEXT(2) 
PARAMETRIC_REPRESENTATION_CONTEXT() REPRESENTATION_CONTEXT('2D SPACE',''
  ) );
#1021 = PCURVE('',#1022,#1027);
#1022 = PLANE('',#1023);
#1023 = AXIS2_PLACEMENT_3D('',#1024,#1025,#1026);
#1024 = CARTESIAN_POINT('',(-5.211493318918,0.300561785449,-10.45));
#1025 = DIRECTION('',(-0.342020143326,-0.939692620786,0.));
#1026 = DIRECTION('',(0.,0.,1.));
#1027 = DEFINITIONAL_REPRESENTATION('',(#1028),#1032);
#1028 = LINE('',#1029,#1030);
#1029 = CARTESIAN_POINT('',(0.,0.809475019311));
#1030 = VECTOR('',#1031,1.);
#1031 = DIRECTION('',(-1.,0.));
#1032 = ( GEOMETRIC_REPRESENTATION_CONTEXT(2) 
PARAMETRIC_REPRESENTATION_CONTEXT() REPRESENTATION_CONTEXT('2D SPACE',''
  ) );
#1033 = ORIENTED_EDGE('',*,*,#1034,.T.);
#1034 = EDGE_CURVE('',#1008,#1035,#1037,.T.);
#1035 = VERTEX_POINT('',#1036);
#1036 = CARTESIAN_POINT('',(-5.809475019311,-1.5,0.));
#1037 = SURFACE_CURVE('',#1038,(#1043,#1049),.PCURVE_S1.);
#1038 = CIRCLE('',#1039,6.);
#1039 = AXIS2_PLACEMENT_3D('',#1040,#1041,#1042);
#1040 = CARTESIAN_POINT('',(0.,0.,0.));
#1041 = DIRECTION('',(0.,-0.,1.));
#1042 = DIRECTION('',(0.766044443119,0.642787609687,0.));
#1043 = PCURVE('',#63,#1044);
#1044 = DEFINITIONAL_REPRESENTATION('',(#1045),#1048);
#1045 = B_SPLINE_CURVE_WITH_KNOTS('',1,(#1046,#1047),.UNSPECIFIED.,.F.,
  .F.,(2,2),(2.347075357535,2.696141207934),.PIECEWISE_BEZIER_KNOTS.);
#1046 = CARTESIAN_POINT('',(-2.347075357535,-10.45));
#1047 = CARTESIAN_POINT('',(-2.696141207934,-10.45));
#1048 = ( GEOMETRIC_REPRESENTATION_CONTEXT(2) 
PARAMETRIC_REPRESENTATION_CONTEXT() REPRESENTATION_CONTEXT('2D SPACE',''
  ) );
#1049 = PCURVE('',#1050,#1055);
#1050 = PLANE('',#1051);
#1051 = AXIS2_PLACEMENT_3D('',#1052,#1053,#1054);
#1052 = CARTESIAN_POINT('',(-4.558133775131E-16,-1.70226710729E-17,0.));
#1053 = DIRECTION('',(0.,0.,1.));
#1054 = DIRECTION('',(1.,0.,-0.));
#1055 = DEFINITIONAL_REPRESENTATION('',(#1056),#1060);
#1056 = CIRCLE('',#1057,6.);
#1057 = AXIS2_PLACEMENT_2D('',#1058,#1059);
#1058 = CARTESIAN_POINT('',(4.558133775131E-16,1.70226710729E-17));
#1059 = DIRECTION('',(0.766044443119,0.642787609687));
#1060 = ( GEOMETRIC_REPRESENTATION_CONTEXT(2) 
PARAMETRIC_REPRESENTATION_CONTEXT() REPRESENTATION_CONTEXT('2D SPACE',''
  ) );
#1061 = ORIENTED_EDGE('',*,*,#1062,.T.);
#1062 = EDGE_CURVE('',#1035,#1063,#1065,.T.);
#1063 = VERTEX_POINT('',#1064);
#1064 = CARTESIAN_POINT('',(-5.736327925586,-1.759131015628,3.));
#1065 = SURFACE_CURVE('',#1066,(#1072,#1081),.PCURVE_S1.);
#1066 = B_SPLINE_CURVE_WITH_KNOTS('',4,(#1067,#1068,#1069,#1070,#1071),
  .UNSPECIFIED.,.F.,.F.,(5,5),(0.,1.),.PIECEWISE_BEZIER_KNOTS.);
#1067 = CARTESIAN_POINT('',(-5.809475019311,-1.5,-7.105427357601E-15));
#1068 = CARTESIAN_POINT('',(-5.792645013353,-1.565182332791,
    0.750000145927));
#1069 = CARTESIAN_POINT('',(-5.774839897675,-1.630112817715,
    1.500000295282));
#1070 = CARTESIAN_POINT('',(-5.756065321717,-1.694769594007,
    2.250000446894));
#1071 = CARTESIAN_POINT('',(-5.736327909796,-1.759131067118,3.0000006));
#1072 = PCURVE('',#63,#1073);
#1073 = DEFINITIONAL_REPRESENTATION('',(#1074),#1080);
#1074 = B_SPLINE_CURVE_WITH_KNOTS('',4,(#1075,#1076,#1077,#1078,#1079),
  .UNSPECIFIED.,.F.,.F.,(5,5),(0.,1.),.PIECEWISE_BEZIER_KNOTS.);
#1075 = CARTESIAN_POINT('',(-2.696141207934,-10.45));
#1076 = CARTESIAN_POINT('',(-2.707361211906,-11.20000014592));
#1077 = CARTESIAN_POINT('',(-2.718581203549,-11.95000029528));
#1078 = CARTESIAN_POINT('',(-2.729801187042,-12.70000044689));
#1079 = CARTESIAN_POINT('',(-2.74102116507,-13.4500006));
#1080 = ( GEOMETRIC_REPRESENTATION_CONTEXT(2) 
PARAMETRIC_REPRESENTATION_CONTEXT() REPRESENTATION_CONTEXT('2D SPACE',''
  ) );
#1081 = PCURVE('',#1082,#1097);
#1082 = ( BOUNDED_SURFACE() B_SPLINE_SURFACE(1,6,(
    (#1083,#1084,#1085,#1086,#1087,#1088,#1089)
    ,(#1090,#1091,#1092,#1093,#1094,#1095,#1096
)),.UNSPECIFIED.,.F.,.F.,.F.) B_SPLINE_SURFACE_WITH_KNOTS((2,2),(7,7),(
    2.,3.),(0.,1.),.PIECEWISE_BEZIER_KNOTS.) 
GEOMETRIC_REPRESENTATION_ITEM() RATIONAL_B_SPLINE_SURFACE((
    (1.,1.,1.,1.,1.,1.,1.)
,(1.,1.,1.,1.,1.,1.,1.))) REPRESENTATION_ITEM('') SURFACE() );
#1083 = CARTESIAN_POINT('',(-14.,-1.5,0.));
#1084 = CARTESIAN_POINT('',(-13.73819630654,-3.943467593002,
    11.666666666667));
#1085 = CARTESIAN_POINT('',(-12.96466286797,-6.332060628354,
    23.333333333333));
#1086 = CARTESIAN_POINT('',(-11.69363663623,-8.531994162904,
    35.000000000001));
#1087 = CARTESIAN_POINT('',(-9.986543389203,-10.41376138659,
    46.666666666666));
#1088 = CARTESIAN_POINT('',(-7.947965855932,-11.87934397039,
    58.333333333333));
#1089 = CARTESIAN_POINT('',(-5.700961894323,-12.87435565298,70.));
#1090 = CARTESIAN_POINT('',(-4.,-1.5,0.));
#1091 = CARTESIAN_POINT('',(-3.738198844696,-2.198133326055,
    11.666666666667));
#1092 = CARTESIAN_POINT('',(-3.330192699289,-2.84142484046,
    23.333333333333));
#1093 = CARTESIAN_POINT('',(-2.790287120388,-3.391642923241,
    35.000000000001));
#1094 = CARTESIAN_POINT('',(-2.146329037187,-3.815383362457,
    46.666666666666));
#1095 = CARTESIAN_POINT('',(-1.436463311738,-4.091759264135,
    58.333333333333));
#1096 = CARTESIAN_POINT('',(-0.700961894323,-4.214101615138,70.));
#1097 = DEFINITIONAL_REPRESENTATION('',(#1098),#1104);
#1098 = B_SPLINE_CURVE_WITH_KNOTS('',4,(#1099,#1100,#1101,#1102,#1103),
  .UNSPECIFIED.,.F.,.F.,(5,5),(0.,1.),.PIECEWISE_BEZIER_KNOTS.);
#1099 = CARTESIAN_POINT('',(2.819052498069,0.));
#1100 = CARTESIAN_POINT('',(2.819052487958,1.071428779896E-02));
#1101 = CARTESIAN_POINT('',(2.819052483031,2.142857565217E-02));
#1102 = CARTESIAN_POINT('',(2.819052481049,3.214286352283E-02));
#1103 = CARTESIAN_POINT('',(2.819052480879,4.285715142434E-02));
#1104 = ( GEOMETRIC_REPRESENTATION_CONTEXT(2) 
PARAMETRIC_REPRESENTATION_CONTEXT() REPRESENTATION_CONTEXT('2D SPACE',''
  ) );
#1105 = ORIENTED_EDGE('',*,*,#1106,.T.);
#1106 = EDGE_CURVE('',#1063,#1107,#1109,.T.);
#1107 = VERTEX_POINT('',#1108);
#1108 = CARTESIAN_POINT('',(5.870922593535,-1.237848092747,3.));
#1109 = SURFACE_CURVE('',#1110,(#1115,#1121),.PCURVE_S1.);
#1110 = CIRCLE('',#1111,6.);
#1111 = AXIS2_PLACEMENT_3D('',#1112,#1113,#1114);
#1112 = CARTESIAN_POINT('',(0.,0.,3.));
#1113 = DIRECTION('',(0.,0.,1.));
#1114 = DIRECTION('',(1.,0.,0.));
#1115 = PCURVE('',#63,#1116);
#1116 = DEFINITIONAL_REPRESENTATION('',(#1117),#1120);
#1117 = B_SPLINE_CURVE_WITH_KNOTS('',1,(#1118,#1119),.UNSPECIFIED.,.F.,
  .F.,(2,2),(3.439152856892,6.075385014522),.PIECEWISE_BEZIER_KNOTS.);
#1118 = CARTESIAN_POINT('',(-2.741021156094,-13.45));
#1119 = CARTESIAN_POINT('',(-5.377253313725,-13.45));
#1120 = ( GEOMETRIC_REPRESENTATION_CONTEXT(2) 
PARAMETRIC_REPRESENTATION_CONTEXT() REPRESENTATION_CONTEXT('2D SPACE',''
  ) );
#1121 = PCURVE('',#1122,#1127);
#1122 = PLANE('',#1123);
#1123 = AXIS2_PLACEMENT_3D('',#1124,#1125,#1126);
#1124 = CARTESIAN_POINT('',(-1.093952106032E-15,2.775209066E-16,3.));
#1125 = DIRECTION('',(0.,0.,1.));
#1126 = DIRECTION('',(1.,0.,-0.));
#1127 = DEFINITIONAL_REPRESENTATION('',(#1128),#1132);
#1128 = CIRCLE('',#1129,6.);
#1129 = AXIS2_PLACEMENT_2D('',#1130,#1131);
#1130 = CARTESIAN_POINT('',(1.093952106032E-15,-2.775209066E-16));
#1131 = DIRECTION('',(1.,0.));
#1132 = ( GEOMETRIC_REPRESENTATION_CONTEXT(2) 
PARAMETRIC_REPRESENTATION_CONTEXT() REPRESENTATION_CONTEXT('2D SPACE',''
  ) );
#1133 = ORIENTED_EDGE('',*,*,#1134,.F.);
#1134 = EDGE_CURVE('',#40,#1107,#1135,.T.);
#1135 = SURFACE_CURVE('',#1136,(#1142,#1151),.PCURVE_S1.);
#1136 = B_SPLINE_CURVE_WITH_KNOTS('',4,(#1137,#1138,#1139,#1140,#1141),
  .UNSPECIFIED.,.F.,.F.,(5,5),(0.,1.),.PIECEWISE_BEZIER_KNOTS.);
#1137 = CARTESIAN_POINT('',(5.809475019311,-1.5,-7.105427357601E-15));
#1138 = CARTESIAN_POINT('',(5.826305037878,-1.434817618374,
    0.750000144592));
#1139 = CARTESIAN_POINT('',(5.842159902218,-1.369383555296,
    1.500000293803));
#1140 = CARTESIAN_POINT('',(5.857033976641,-1.303719663595,
    2.250000445946));
#1141 = CARTESIAN_POINT('',(5.870922604646,-1.23784804005,3.0000006));
#1142 = PCURVE('',#63,#1143);
#1143 = DEFINITIONAL_REPRESENTATION('',(#1144),#1150);
#1144 = B_SPLINE_CURVE_WITH_KNOTS('',4,(#1145,#1146,#1147,#1148,#1149),
  .UNSPECIFIED.,.F.,.F.,(5,5),(0.,1.),.PIECEWISE_BEZIER_KNOTS.);
#1145 = CARTESIAN_POINT('',(-5.33237335124,-10.45));
#1146 = CARTESIAN_POINT('',(-5.343593363618,-11.20000014459));
#1147 = CARTESIAN_POINT('',(-5.354813359364,-11.9500002938));
#1148 = CARTESIAN_POINT('',(-5.366033344517,-12.70000044594));
#1149 = CARTESIAN_POINT('',(-5.377253322701,-13.4500006));
#1150 = ( GEOMETRIC_REPRESENTATION_CONTEXT(2) 
PARAMETRIC_REPRESENTATION_CONTEXT() REPRESENTATION_CONTEXT('2D SPACE',''
  ) );
#1151 = PCURVE('',#88,#1152);
#1152 = DEFINITIONAL_REPRESENTATION('',(#1153),#1159);
#1153 = B_SPLINE_CURVE_WITH_KNOTS('',4,(#1154,#1155,#1156,#1157,#1158),
  .UNSPECIFIED.,.F.,.F.,(5,5),(0.,1.),.PIECEWISE_BEZIER_KNOTS.);
#1154 = CARTESIAN_POINT('',(0.180947501931,0.));
#1155 = CARTESIAN_POINT('',(0.180947512042,1.071428777989E-02));
#1156 = CARTESIAN_POINT('',(0.180947516969,2.142857563103E-02));
#1157 = CARTESIAN_POINT('',(0.180947518951,3.214286350929E-02));
#1158 = CARTESIAN_POINT('',(0.180947519121,4.285715142434E-02));
#1159 = ( GEOMETRIC_REPRESENTATION_CONTEXT(2) 
PARAMETRIC_REPRESENTATION_CONTEXT() REPRESENTATION_CONTEXT('2D SPACE',''
  ) );
#1160 = ORIENTED_EDGE('',*,*,#39,.T.);
#1161 = ORIENTED_EDGE('',*,*,#1162,.T.);
#1162 = EDGE_CURVE('',#42,#1163,#1165,.T.);
#1163 = VERTEX_POINT('',#1164);
#1164 = CARTESIAN_POINT('',(5.736327925586,1.759131015628,3.));
#1165 = SURFACE_CURVE('',#1166,(#1172,#1181),.PCURVE_S1.);
#1166 = B_SPLINE_CURVE_WITH_KNOTS('',4,(#1167,#1168,#1169,#1170,#1171),
  .UNSPECIFIED.,.F.,.F.,(5,5),(0.,1.),.PIECEWISE_BEZIER_KNOTS.);
#1167 = CARTESIAN_POINT('',(5.809475019311,1.5,-7.105427357601E-15));
#1168 = CARTESIAN_POINT('',(5.792645013353,1.565182332791,0.750000145927
    ));
#1169 = CARTESIAN_POINT('',(5.774839897675,1.630112817715,1.500000295282
    ));
#1170 = CARTESIAN_POINT('',(5.756065321717,1.694769594007,2.250000446894
    ));
#1171 = CARTESIAN_POINT('',(5.736327909796,1.759131067118,3.0000006));
#1172 = PCURVE('',#63,#1173);
#1173 = DEFINITIONAL_REPRESENTATION('',(#1174),#1180);
#1174 = B_SPLINE_CURVE_WITH_KNOTS('',4,(#1175,#1176,#1177,#1178,#1179),
  .UNSPECIFIED.,.F.,.F.,(5,5),(0.,1.),.PIECEWISE_BEZIER_KNOTS.);
#1175 = CARTESIAN_POINT('',(-5.837733861524,-10.45));
#1176 = CARTESIAN_POINT('',(-5.848953865496,-11.20000014592));
#1177 = CARTESIAN_POINT('',(-5.860173857139,-11.95000029528));
#1178 = CARTESIAN_POINT('',(-5.871393840632,-12.70000044689));
#1179 = CARTESIAN_POINT('',(-5.88261381866,-13.4500006));
#1180 = ( GEOMETRIC_REPRESENTATION_CONTEXT(2) 
PARAMETRIC_REPRESENTATION_CONTEXT() REPRESENTATION_CONTEXT('2D SPACE',''
  ) );
#1181 = PCURVE('',#847,#1182);
#1182 = DEFINITIONAL_REPRESENTATION('',(#1183),#1189);
#1183 = B_SPLINE_CURVE_WITH_KNOTS('',4,(#1184,#1185,#1186,#1187,#1188),
  .UNSPECIFIED.,.F.,.F.,(5,5),(0.,1.),.PIECEWISE_BEZIER_KNOTS.);
#1184 = CARTESIAN_POINT('',(2.819052498069,0.));
#1185 = CARTESIAN_POINT('',(2.819052487958,1.071428779896E-02));
#1186 = CARTESIAN_POINT('',(2.819052483031,2.142857565217E-02));
#1187 = CARTESIAN_POINT('',(2.819052481049,3.214286352283E-02));
#1188 = CARTESIAN_POINT('',(2.819052480879,4.285715142434E-02));
#1189 = ( GEOMETRIC_REPRESENTATION_CONTEXT(2) 
PARAMETRIC_REPRESENTATION_CONTEXT() REPRESENTATION_CONTEXT('2D SPACE',''
  ) );
#1190 = ORIENTED_EDGE('',*,*,#1191,.T.);
#1191 = EDGE_CURVE('',#1163,#1192,#1194,.T.);
#1192 = VERTEX_POINT('',#1193);
#1193 = CARTESIAN_POINT('',(-5.870922593535,1.237848092747,3.));
#1194 = SURFACE_CURVE('',#1195,(#1200,#1206),.PCURVE_S1.);
#1195 = CIRCLE('',#1196,6.);
#1196 = AXIS2_PLACEMENT_3D('',#1197,#1198,#1199);
#1197 = CARTESIAN_POINT('',(0.,0.,3.));
#1198 = DIRECTION('',(0.,0.,1.));
#1199 = DIRECTION('',(1.,0.,0.));
#1200 = PCURVE('',#63,#1201);
#1201 = DEFINITIONAL_REPRESENTATION('',(#1202),#1205);
#1202 = B_SPLINE_CURVE_WITH_KNOTS('',1,(#1203,#1204),.UNSPECIFIED.,.F.,
  .F.,(2,2),(0.297560203302,2.933792360933),.PIECEWISE_BEZIER_KNOTS.);
#1203 = CARTESIAN_POINT('',(-5.882613809684,-13.45));
#1204 = CARTESIAN_POINT('',(-8.518845967315,-13.45));
#1205 = ( GEOMETRIC_REPRESENTATION_CONTEXT(2) 
PARAMETRIC_REPRESENTATION_CONTEXT() REPRESENTATION_CONTEXT('2D SPACE',''
  ) );
#1206 = PCURVE('',#1122,#1207);
#1207 = DEFINITIONAL_REPRESENTATION('',(#1208),#1212);
#1208 = CIRCLE('',#1209,6.);
#1209 = AXIS2_PLACEMENT_2D('',#1210,#1211);
#1210 = CARTESIAN_POINT('',(1.093952106032E-15,-2.775209066E-16));
#1211 = DIRECTION('',(1.,0.));
#1212 = ( GEOMETRIC_REPRESENTATION_CONTEXT(2) 
PARAMETRIC_REPRESENTATION_CONTEXT() REPRESENTATION_CONTEXT('2D SPACE',''
  ) );
#1213 = ORIENTED_EDGE('',*,*,#1214,.F.);
#1214 = EDGE_CURVE('',#1215,#1192,#1217,.T.);
#1215 = VERTEX_POINT('',#1216);
#1216 = CARTESIAN_POINT('',(-5.809475019311,1.5,0.));
#1217 = SURFACE_CURVE('',#1218,(#1224,#1233),.PCURVE_S1.);
#1218 = B_SPLINE_CURVE_WITH_KNOTS('',4,(#1219,#1220,#1221,#1222,#1223),
  .UNSPECIFIED.,.F.,.F.,(5,5),(0.,1.),.PIECEWISE_BEZIER_KNOTS.);
#1219 = CARTESIAN_POINT('',(-5.809475019311,1.5,-7.105427357601E-15));
#1220 = CARTESIAN_POINT('',(-5.826305037878,1.434817618374,
    0.750000144592));
#1221 = CARTESIAN_POINT('',(-5.842159902218,1.369383555296,
    1.500000293803));
#1222 = CARTESIAN_POINT('',(-5.857033976641,1.303719663595,
    2.250000445946));
#1223 = CARTESIAN_POINT('',(-5.870922604646,1.23784804005,3.0000006));
#1224 = PCURVE('',#63,#1225);
#1225 = DEFINITIONAL_REPRESENTATION('',(#1226),#1232);
#1226 = B_SPLINE_CURVE_WITH_KNOTS('',4,(#1227,#1228,#1229,#1230,#1231),
  .UNSPECIFIED.,.F.,.F.,(5,5),(0.,1.),.PIECEWISE_BEZIER_KNOTS.);
#1227 = CARTESIAN_POINT('',(-8.47396600483,-10.45));
#1228 = CARTESIAN_POINT('',(-8.485186017207,-11.20000014459));
#1229 = CARTESIAN_POINT('',(-8.496406012954,-11.9500002938));
#1230 = CARTESIAN_POINT('',(-8.507625998106,-12.70000044594));
#1231 = CARTESIAN_POINT('',(-8.518845976291,-13.4500006));
#1232 = ( GEOMETRIC_REPRESENTATION_CONTEXT(2) 
PARAMETRIC_REPRESENTATION_CONTEXT() REPRESENTATION_CONTEXT('2D SPACE',''
  ) );
#1233 = PCURVE('',#1234,#1249);
#1234 = ( BOUNDED_SURFACE() B_SPLINE_SURFACE(1,6,(
    (#1235,#1236,#1237,#1238,#1239,#1240,#1241)
    ,(#1242,#1243,#1244,#1245,#1246,#1247,#1248
)),.UNSPECIFIED.,.F.,.F.,.F.) B_SPLINE_SURFACE_WITH_KNOTS((2,2),(7,7),(
    0.,1.),(0.,1.),.PIECEWISE_BEZIER_KNOTS.) 
GEOMETRIC_REPRESENTATION_ITEM() RATIONAL_B_SPLINE_SURFACE((
    (1.,1.,1.,1.,1.,1.,1.)
,(1.,1.,1.,1.,1.,1.,1.))) REPRESENTATION_ITEM('') SURFACE() );
#1235 = CARTESIAN_POINT('',(-4.,1.5,0.));
#1236 = CARTESIAN_POINT('',(-4.26179912478,0.801865912498,
    11.666666666667));
#1237 = CARTESIAN_POINT('',(-4.377383435658,4.891621014489E-02,
    23.333333333333));
#1238 = CARTESIAN_POINT('',(-4.332392492286,-0.720638068488,
    35.000000000001));
#1239 = CARTESIAN_POINT('',(-4.125842444428,-1.463319056852,
    46.666666666666));
#1240 = CARTESIAN_POINT('',(-3.772738723617,-2.138308500877,
    58.333333333333));
#1241 = CARTESIAN_POINT('',(-3.299038105677,-2.714101615138,70.));
#1242 = CARTESIAN_POINT('',(-14.,1.5,0.));
#1243 = CARTESIAN_POINT('',(-14.26179658662,-0.943468354449,
    11.666666666667));
#1244 = CARTESIAN_POINT('',(-14.01185360434,-3.441719577749,
    23.333333333333));
#1245 = CARTESIAN_POINT('',(-13.23574200813,-5.86098930815,
    35.000000000001));
#1246 = CARTESIAN_POINT('',(-11.96605679644,-8.061697080988,
    46.666666666666));
#1247 = CARTESIAN_POINT('',(-10.28424126781,-9.925893207141,
    58.333333333333));
#1248 = CARTESIAN_POINT('',(-8.299038105677,-11.37435565298,70.));
#1249 = DEFINITIONAL_REPRESENTATION('',(#1250),#1256);
#1250 = B_SPLINE_CURVE_WITH_KNOTS('',4,(#1251,#1252,#1253,#1254,#1255),
  .UNSPECIFIED.,.F.,.F.,(5,5),(0.,1.),.PIECEWISE_BEZIER_KNOTS.);
#1251 = CARTESIAN_POINT('',(0.180947501931,0.));
#1252 = CARTESIAN_POINT('',(0.180947512042,1.071428777989E-02));
#1253 = CARTESIAN_POINT('',(0.180947516969,2.142857563103E-02));
#1254 = CARTESIAN_POINT('',(0.180947518951,3.214286350929E-02));
#1255 = CARTESIAN_POINT('',(0.180947519121,4.285715142434E-02));
#1256 = ( GEOMETRIC_REPRESENTATION_CONTEXT(2) 
PARAMETRIC_REPRESENTATION_CONTEXT() REPRESENTATION_CONTEXT('2D SPACE',''
  ) );
#1257 = ORIENTED_EDGE('',*,*,#1258,.F.);
#1258 = EDGE_CURVE('',#1259,#1215,#1261,.T.);
#1259 = VERTEX_POINT('',#1260);
#1260 = CARTESIAN_POINT('',(-4.946090591298,3.396496409931,0.));
#1261 = SURFACE_CURVE('',#1262,(#1267,#1273),.PCURVE_S1.);
#1262 = CIRCLE('',#1263,6.);
#1263 = AXIS2_PLACEMENT_3D('',#1264,#1265,#1266);
#1264 = CARTESIAN_POINT('',(0.,0.,0.));
#1265 = DIRECTION('',(0.,0.,1.));
#1266 = DIRECTION('',(1.,0.,0.));
#1267 = PCURVE('',#63,#1268);
#1268 = DEFINITIONAL_REPRESENTATION('',(#1269),#1272);
#1269 = B_SPLINE_CURVE_WITH_KNOTS('',1,(#1270,#1271),.UNSPECIFIED.,.F.,
  .F.,(2,2),(2.539846548049,2.888912398448),.PIECEWISE_BEZIER_KNOTS.);
#1270 = CARTESIAN_POINT('',(-8.124900154431,-10.45));
#1271 = CARTESIAN_POINT('',(-8.47396600483,-10.45));
#1272 = ( GEOMETRIC_REPRESENTATION_CONTEXT(2) 
PARAMETRIC_REPRESENTATION_CONTEXT() REPRESENTATION_CONTEXT('2D SPACE',''
  ) );
#1273 = PCURVE('',#1274,#1279);
#1274 = PLANE('',#1275);
#1275 = AXIS2_PLACEMENT_3D('',#1276,#1277,#1278);
#1276 = CARTESIAN_POINT('',(4.794403630125,2.064871383754,0.));
#1277 = DIRECTION('',(0.,0.,1.));
#1278 = DIRECTION('',(0.766044443119,0.642787609687,0.));
#1279 = DEFINITIONAL_REPRESENTATION('',(#1280),#1284);
#1280 = CIRCLE('',#1281,6.);
#1281 = AXIS2_PLACEMENT_2D('',#1282,#1283);
#1282 = CARTESIAN_POINT('',(-5.,1.5));
#1283 = DIRECTION('',(0.766044443119,-0.642787609687));
#1284 = ( GEOMETRIC_REPRESENTATION_CONTEXT(2) 
PARAMETRIC_REPRESENTATION_CONTEXT() REPRESENTATION_CONTEXT('2D SPACE',''
  ) );
#1285 = ORIENTED_EDGE('',*,*,#1286,.T.);
#1286 = EDGE_CURVE('',#1259,#1287,#1289,.T.);
#1287 = VERTEX_POINT('',#1288);
#1288 = CARTESIAN_POINT('',(-4.946090591298,3.396496409931,-10.45));
#1289 = SURFACE_CURVE('',#1290,(#1294,#1300),.PCURVE_S1.);
#1290 = LINE('',#1291,#1292);
#1291 = CARTESIAN_POINT('',(-4.946090591298,3.396496409931,-10.45));
#1292 = VECTOR('',#1293,1.);
#1293 = DIRECTION('',(0.,-0.,-1.));
#1294 = PCURVE('',#63,#1295);
#1295 = DEFINITIONAL_REPRESENTATION('',(#1296),#1299);
#1296 = B_SPLINE_CURVE_WITH_KNOTS('',1,(#1297,#1298),.UNSPECIFIED.,.F.,
  .F.,(2,2),(-10.45,-0.),.PIECEWISE_BEZIER_KNOTS.);
#1297 = CARTESIAN_POINT('',(-8.124900154431,-10.45));
#1298 = CARTESIAN_POINT('',(-8.124900154431,0.));
#1299 = ( GEOMETRIC_REPRESENTATION_CONTEXT(2) 
PARAMETRIC_REPRESENTATION_CONTEXT() REPRESENTATION_CONTEXT('2D SPACE',''
  ) );
#1300 = PCURVE('',#1301,#1306);
#1301 = PLANE('',#1302);
#1302 = AXIS2_PLACEMENT_3D('',#1303,#1304,#1305);
#1303 = CARTESIAN_POINT('',(-4.185432888941,3.119639647807,-10.45));
#1304 = DIRECTION('',(-0.342020143326,-0.939692620786,0.));
#1305 = DIRECTION('',(0.,0.,1.));
#1306 = DEFINITIONAL_REPRESENTATION('',(#1307),#1311);
#1307 = LINE('',#1308,#1309);
#1308 = CARTESIAN_POINT('',(0.,0.809475019311));
#1309 = VECTOR('',#1310,1.);
#1310 = DIRECTION('',(-1.,0.));
#1311 = ( GEOMETRIC_REPRESENTATION_CONTEXT(2) 
PARAMETRIC_REPRESENTATION_CONTEXT() REPRESENTATION_CONTEXT('2D SPACE',''
  ) );
#1312 = ORIENTED_EDGE('',*,*,#1313,.F.);
#1313 = EDGE_CURVE('',#1314,#1287,#1316,.T.);
#1314 = VERTEX_POINT('',#1315);
#1315 = CARTESIAN_POINT('',(3.486134641452,4.883325225875,-10.45));
#1316 = SURFACE_CURVE('',#1317,(#1322,#1328),.PCURVE_S1.);
#1317 = CIRCLE('',#1318,6.);
#1318 = AXIS2_PLACEMENT_3D('',#1319,#1320,#1321);
#1319 = CARTESIAN_POINT('',(0.,0.,-10.45));
#1320 = DIRECTION('',(0.,-0.,1.));
#1321 = DIRECTION('',(0.766044443119,0.642787609687,0.));
#1322 = PCURVE('',#63,#1323);
#1323 = DEFINITIONAL_REPRESENTATION('',(#1324),#1327);
#1324 = B_SPLINE_CURVE_WITH_KNOTS('',1,(#1325,#1326),.UNSPECIFIED.,.F.,
  .F.,(2,2),(0.252680255142,1.841714847251),.PIECEWISE_BEZIER_KNOTS.);
#1325 = CARTESIAN_POINT('',(-6.535865562322,0.));
#1326 = CARTESIAN_POINT('',(-8.124900154431,0.));
#1327 = ( GEOMETRIC_REPRESENTATION_CONTEXT(2) 
PARAMETRIC_REPRESENTATION_CONTEXT() REPRESENTATION_CONTEXT('2D SPACE',''
  ) );
#1328 = PCURVE('',#890,#1329);
#1329 = DEFINITIONAL_REPRESENTATION('',(#1330),#1334);
#1330 = CIRCLE('',#1331,6.);
#1331 = AXIS2_PLACEMENT_2D('',#1332,#1333);
#1332 = CARTESIAN_POINT('',(1.608753097105E-15,6.939665195168E-16));
#1333 = DIRECTION('',(1.,0.));
#1334 = ( GEOMETRIC_REPRESENTATION_CONTEXT(2) 
PARAMETRIC_REPRESENTATION_CONTEXT() REPRESENTATION_CONTEXT('2D SPACE',''
  ) );
#1335 = ORIENTED_EDGE('',*,*,#1336,.F.);
#1336 = EDGE_CURVE('',#1337,#1314,#1339,.T.);
#1337 = VERTEX_POINT('',#1338);
#1338 = CARTESIAN_POINT('',(3.486134641452,4.883325225875,0.));
#1339 = SURFACE_CURVE('',#1340,(#1344,#1350),.PCURVE_S1.);
#1340 = LINE('',#1341,#1342);
#1341 = CARTESIAN_POINT('',(3.486134641452,4.883325225875,-10.45));
#1342 = VECTOR('',#1343,1.);
#1343 = DIRECTION('',(0.,-0.,-1.));
#1344 = PCURVE('',#63,#1345);
#1345 = DEFINITIONAL_REPRESENTATION('',(#1346),#1349);
#1346 = B_SPLINE_CURVE_WITH_KNOTS('',1,(#1347,#1348),.UNSPECIFIED.,.F.,
  .F.,(2,2),(-10.45,0.),.PIECEWISE_BEZIER_KNOTS.);
#1347 = CARTESIAN_POINT('',(-6.535865562322,-10.45));
#1348 = CARTESIAN_POINT('',(-6.535865562322,0.));
#1349 = ( GEOMETRIC_REPRESENTATION_CONTEXT(2) 
PARAMETRIC_REPRESENTATION_CONTEXT() REPRESENTATION_CONTEXT('2D SPACE',''
  ) );
#1350 = PCURVE('',#1351,#1356);
#1351 = PLANE('',#1352);
#1352 = AXIS2_PLACEMENT_3D('',#1353,#1354,#1355);
#1353 = CARTESIAN_POINT('',(2.866040801065,4.363004713111,-10.45));
#1354 = DIRECTION('',(-0.642787609687,0.766044443119,0.));
#1355 = DIRECTION('',(0.,0.,1.));
#1356 = DEFINITIONAL_REPRESENTATION('',(#1357),#1361);
#1357 = LINE('',#1358,#1359);
#1358 = CARTESIAN_POINT('',(0.,0.809475019311));
#1359 = VECTOR('',#1360,1.);
#1360 = DIRECTION('',(-1.,0.));
#1361 = ( GEOMETRIC_REPRESENTATION_CONTEXT(2) 
PARAMETRIC_REPRESENTATION_CONTEXT() REPRESENTATION_CONTEXT('2D SPACE',''
  ) );
#1362 = ORIENTED_EDGE('',*,*,#1363,.F.);
#1363 = EDGE_CURVE('',#1364,#1337,#1366,.T.);
#1364 = VERTEX_POINT('',#1365);
#1365 = CARTESIAN_POINT('',(5.414497470512,2.585191896518,0.));
#1366 = SURFACE_CURVE('',#1367,(#1372,#1378),.PCURVE_S1.);
#1367 = CIRCLE('',#1368,6.);
#1368 = AXIS2_PLACEMENT_3D('',#1369,#1370,#1371);
#1369 = CARTESIAN_POINT('',(0.,0.,0.));
#1370 = DIRECTION('',(0.,0.,1.));
#1371 = DIRECTION('',(1.,0.,0.));
#1372 = PCURVE('',#63,#1373);
#1373 = DEFINITIONAL_REPRESENTATION('',(#1374),#1377);
#1374 = B_SPLINE_CURVE_WITH_KNOTS('',1,(#1375,#1376),.UNSPECIFIED.,.F.,
  .F.,(2,2),(0.445451445656,0.95081195594),.PIECEWISE_BEZIER_KNOTS.);
#1375 = CARTESIAN_POINT('',(-6.030505052038,-10.45));
#1376 = CARTESIAN_POINT('',(-6.535865562322,-10.45));
#1377 = ( GEOMETRIC_REPRESENTATION_CONTEXT(2) 
PARAMETRIC_REPRESENTATION_CONTEXT() REPRESENTATION_CONTEXT('2D SPACE',''
  ) );
#1378 = PCURVE('',#1379,#1384);
#1379 = PLANE('',#1380);
#1380 = AXIS2_PLACEMENT_3D('',#1381,#1382,#1383);
#1381 = CARTESIAN_POINT('',(4.794403630125,2.064871383754,0.));
#1382 = DIRECTION('',(0.,0.,1.));
#1383 = DIRECTION('',(0.766044443119,0.642787609687,0.));
#1384 = DEFINITIONAL_REPRESENTATION('',(#1385),#1389);
#1385 = CIRCLE('',#1386,6.);
#1386 = AXIS2_PLACEMENT_2D('',#1387,#1388);
#1387 = CARTESIAN_POINT('',(-5.,1.5));
#1388 = DIRECTION('',(0.766044443119,-0.642787609687));
#1389 = ( GEOMETRIC_REPRESENTATION_CONTEXT(2) 
PARAMETRIC_REPRESENTATION_CONTEXT() REPRESENTATION_CONTEXT('2D SPACE',''
  ) );
#1390 = ORIENTED_EDGE('',*,*,#1391,.T.);
#1391 = EDGE_CURVE('',#1364,#875,#1392,.T.);
#1392 = SURFACE_CURVE('',#1393,(#1397,#1403),.PCURVE_S1.);
#1393 = LINE('',#1394,#1395);
#1394 = CARTESIAN_POINT('',(5.414497470512,2.585191896518,-10.45));
#1395 = VECTOR('',#1396,1.);
#1396 = DIRECTION('',(0.,-0.,-1.));
#1397 = PCURVE('',#63,#1398);
#1398 = DEFINITIONAL_REPRESENTATION('',(#1399),#1402);
#1399 = B_SPLINE_CURVE_WITH_KNOTS('',1,(#1400,#1401),.UNSPECIFIED.,.F.,
  .F.,(2,2),(-10.45,-0.),.PIECEWISE_BEZIER_KNOTS.);
#1400 = CARTESIAN_POINT('',(-6.030505052038,-10.45));
#1401 = CARTESIAN_POINT('',(-6.030505052038,0.));
#1402 = ( GEOMETRIC_REPRESENTATION_CONTEXT(2) 
PARAMETRIC_REPRESENTATION_CONTEXT() REPRESENTATION_CONTEXT('2D SPACE',''
  ) );
#1403 = PCURVE('',#1404,#1409);
#1404 = PLANE('',#1405);
#1405 = AXIS2_PLACEMENT_3D('',#1406,#1407,#1408);
#1406 = CARTESIAN_POINT('',(4.794403630125,2.064871383754,-10.45));
#1407 = DIRECTION('',(-0.642787609687,0.766044443119,0.));
#1408 = DIRECTION('',(0.,0.,1.));
#1409 = DEFINITIONAL_REPRESENTATION('',(#1410),#1414);
#1410 = LINE('',#1411,#1412);
#1411 = CARTESIAN_POINT('',(0.,0.809475019311));
#1412 = VECTOR('',#1413,1.);
#1413 = DIRECTION('',(-1.,0.));
#1414 = ( GEOMETRIC_REPRESENTATION_CONTEXT(2) 
PARAMETRIC_REPRESENTATION_CONTEXT() REPRESENTATION_CONTEXT('2D SPACE',''
  ) );
#1415 = ADVANCED_FACE('',(#1416),#847,.T.);
#1416 = FACE_BOUND('',#1417,.T.);
#1417 = EDGE_LOOP('',(#1418,#1447,#1448,#1449));
#1418 = ORIENTED_EDGE('',*,*,#1419,.T.);
#1419 = EDGE_CURVE('',#1420,#698,#1422,.T.);
#1420 = VERTEX_POINT('',#1421);
#1421 = CARTESIAN_POINT('',(10.966621745375,1.994024097794,3.));
#1422 = SURFACE_CURVE('',#1423,(#1429,#1438),.PCURVE_S1.);
#1423 = B_SPLINE_CURVE_WITH_KNOTS('',4,(#1424,#1425,#1426,#1427,#1428),
  .UNSPECIFIED.,.F.,.F.,(5,5),(0.,1.),.PIECEWISE_BEZIER_KNOTS.);
#1424 = CARTESIAN_POINT('',(10.966620492491,1.994030988327,3.000042));
#1425 = CARTESIAN_POINT('',(10.98899378155,1.870984046194,2.250031478928
    ));
#1426 = CARTESIAN_POINT('',(11.009526262286,1.747602330522,1.50002096803
    ));
#1427 = CARTESIAN_POINT('',(11.028210415717,1.623927127097,
    0.750010472448));
#1428 = CARTESIAN_POINT('',(11.045040573895,1.5,-3.552713678801E-15));
#1429 = PCURVE('',#847,#1430);
#1430 = DEFINITIONAL_REPRESENTATION('',(#1431),#1437);
#1431 = B_SPLINE_CURVE_WITH_KNOTS('',4,(#1432,#1433,#1434,#1435,#1436),
  .UNSPECIFIED.,.F.,.F.,(5,5),(0.,1.),.PIECEWISE_BEZIER_KNOTS.);
#1432 = CARTESIAN_POINT('',(2.295495896333,4.285774285714E-02));
#1433 = CARTESIAN_POINT('',(2.295495897051,3.214330684183E-02));
#1434 = CARTESIAN_POINT('',(2.295495902648,2.142887097186E-02));
#1435 = CARTESIAN_POINT('',(2.295495916014,1.071443532069E-02));
#1436 = CARTESIAN_POINT('',(2.295495942611,0.));
#1437 = ( GEOMETRIC_REPRESENTATION_CONTEXT(2) 
PARAMETRIC_REPRESENTATION_CONTEXT() REPRESENTATION_CONTEXT('2D SPACE',''
  ) );
#1438 = PCURVE('',#731,#1439);
#1439 = DEFINITIONAL_REPRESENTATION('',(#1440),#1446);
#1440 = B_SPLINE_CURVE_WITH_KNOTS('',4,(#1441,#1442,#1443,#1444,#1445),
  .UNSPECIFIED.,.F.,.F.,(5,5),(0.,1.),.PIECEWISE_BEZIER_KNOTS.);
#1441 = CARTESIAN_POINT('',(0.980889921269,4.285774285708E-02));
#1442 = CARTESIAN_POINT('',(0.980889921559,3.214330681009E-02));
#1443 = CARTESIAN_POINT('',(0.980889922646,2.142887105679E-02));
#1444 = CARTESIAN_POINT('',(0.980889924922,1.071443522486E-02));
#1445 = CARTESIAN_POINT('',(0.98088992899,5.133878642641E-11));
#1446 = ( GEOMETRIC_REPRESENTATION_CONTEXT(2) 
PARAMETRIC_REPRESENTATION_CONTEXT() REPRESENTATION_CONTEXT('2D SPACE',''
  ) );
#1447 = ORIENTED_EDGE('',*,*,#835,.T.);
#1448 = ORIENTED_EDGE('',*,*,#1162,.T.);
#1449 = ORIENTED_EDGE('',*,*,#1450,.T.);
#1450 = EDGE_CURVE('',#1163,#1420,#1451,.T.);
#1451 = SURFACE_CURVE('',#1452,(#1458,#1467),.PCURVE_S1.);
#1452 = B_SPLINE_CURVE_WITH_KNOTS('',4,(#1453,#1454,#1455,#1456,#1457),
  .UNSPECIFIED.,.F.,.F.,(5,5),(0.,1.),.PIECEWISE_BEZIER_KNOTS.);
#1453 = CARTESIAN_POINT('',(3.928674810526,1.677949111454,3.));
#1454 = CARTESIAN_POINT('',(6.426157400838,1.790111334745,3.));
#1455 = CARTESIAN_POINT('',(8.923639991151,1.902273558036,3.));
#1456 = CARTESIAN_POINT('',(11.421122581464,2.014435781328,3.));
#1457 = CARTESIAN_POINT('',(13.918605171776,2.126598004619,3.));
#1458 = PCURVE('',#847,#1459);
#1459 = DEFINITIONAL_REPRESENTATION('',(#1460),#1466);
#1460 = B_SPLINE_CURVE_WITH_KNOTS('',4,(#1461,#1462,#1463,#1464,#1465),
  .UNSPECIFIED.,.F.,.F.,(5,5),(0.,1.),.PIECEWISE_BEZIER_KNOTS.);
#1461 = CARTESIAN_POINT('',(3.,4.285714285714E-02));
#1462 = CARTESIAN_POINT('',(2.75,4.285714285714E-02));
#1463 = CARTESIAN_POINT('',(2.5,4.285714285714E-02));
#1464 = CARTESIAN_POINT('',(2.25,4.285714285714E-02));
#1465 = CARTESIAN_POINT('',(2.,4.285714285714E-02));
#1466 = ( GEOMETRIC_REPRESENTATION_CONTEXT(2) 
PARAMETRIC_REPRESENTATION_CONTEXT() REPRESENTATION_CONTEXT('2D SPACE',''
  ) );
#1467 = PCURVE('',#1122,#1468);
#1468 = DEFINITIONAL_REPRESENTATION('',(#1469),#1475);
#1469 = B_SPLINE_CURVE_WITH_KNOTS('',4,(#1470,#1471,#1472,#1473,#1474),
  .UNSPECIFIED.,.F.,.F.,(5,5),(0.,1.),.PIECEWISE_BEZIER_KNOTS.);
#1470 = CARTESIAN_POINT('',(3.928674810526,1.677949111454));
#1471 = CARTESIAN_POINT('',(6.426157400838,1.790111334745));
#1472 = CARTESIAN_POINT('',(8.923639991151,1.902273558036));
#1473 = CARTESIAN_POINT('',(11.421122581464,2.014435781328));
#1474 = CARTESIAN_POINT('',(13.918605171776,2.126598004619));
#1475 = ( GEOMETRIC_REPRESENTATION_CONTEXT(2) 
PARAMETRIC_REPRESENTATION_CONTEXT() REPRESENTATION_CONTEXT('2D SPACE',''
  ) );
#1476 = ADVANCED_FACE('',(#1477),#731,.T.);
#1477 = FACE_BOUND('',#1478,.T.);
#1478 = EDGE_LOOP('',(#1479,#1606,#1652,#1691,#1692,#1693,#1722,#1750,
    #1790,#1824));
#1479 = ORIENTED_EDGE('',*,*,#1480,.F.);
#1480 = EDGE_CURVE('',#1481,#1483,#1485,.T.);
#1481 = VERTEX_POINT('',#1482);
#1482 = CARTESIAN_POINT('',(61.,0.,0.));
#1483 = VERTEX_POINT('',#1484);
#1484 = CARTESIAN_POINT('',(30.5,52.827549630851,70.));
#1485 = SURFACE_CURVE('',#1486,(#1495,#1502),.PCURVE_S1.);
#1486 = ( BOUNDED_CURVE() B_SPLINE_CURVE(7,(#1487,#1488,#1489,#1490,
    #1491,#1492,#1493,#1494),.UNSPECIFIED.,.F.,.F.) 
B_SPLINE_CURVE_WITH_KNOTS((8,8),(0.,1.),.PIECEWISE_BEZIER_KNOTS.) CURVE(
) GEOMETRIC_REPRESENTATION_ITEM() RATIONAL_B_SPLINE_CURVE((1.,1.,1.,1.,
1.,1.,1.,1.)) REPRESENTATION_ITEM('') );
#1487 = CARTESIAN_POINT('',(61.,-7.105427357601E-15,0.));
#1488 = CARTESIAN_POINT('',(61.000001444238,9.125579394057,
    10.000000000003));
#1489 = CARTESIAN_POINT('',(59.407279626355,18.251154130576,
    19.99999999999));
#1490 = CARTESIAN_POINT('',(56.221875769293,27.043167029534,
    30.000000000016));
#1491 = CARTESIAN_POINT('',(51.531007530993,35.167989149846,
    39.999999999985));
#1492 = CARTESIAN_POINT('',(45.509602938652,42.322636260865,
    50.000000000008));
#1493 = CARTESIAN_POINT('',(38.40298430162,48.264761184568,
    59.999999999998));
#1494 = CARTESIAN_POINT('',(30.5,52.827549630851,70.));
#1495 = PCURVE('',#731,#1496);
#1496 = DEFINITIONAL_REPRESENTATION('',(#1497),#1501);
#1497 = LINE('',#1498,#1499);
#1498 = CARTESIAN_POINT('',(0.,0.));
#1499 = VECTOR('',#1500,1.);
#1500 = DIRECTION('',(0.,1.));
#1501 = ( GEOMETRIC_REPRESENTATION_CONTEXT(2) 
PARAMETRIC_REPRESENTATION_CONTEXT() REPRESENTATION_CONTEXT('2D SPACE',''
  ) );
#1502 = PCURVE('',#1503,#1600);
#1503 = ( BOUNDED_SURFACE() B_SPLINE_SURFACE(11,7,(
    (#1504,#1505,#1506,#1507,#1508,#1509,#1510,#1511)
    ,(#1512,#1513,#1514,#1515,#1516,#1517,#1518,#1519)
    ,(#1520,#1521,#1522,#1523,#1524,#1525,#1526,#1527)
    ,(#1528,#1529,#1530,#1531,#1532,#1533,#1534,#1535)
    ,(#1536,#1537,#1538,#1539,#1540,#1541,#1542,#1543)
    ,(#1544,#1545,#1546,#1547,#1548,#1549,#1550,#1551)
    ,(#1552,#1553,#1554,#1555,#1556,#1557,#1558,#1559)
    ,(#1560,#1561,#1562,#1563,#1564,#1565,#1566,#1567)
    ,(#1568,#1569,#1570,#1571,#1572,#1573,#1574,#1575)
    ,(#1576,#1577,#1578,#1579,#1580,#1581,#1582,#1583)
    ,(#1584,#1585,#1586,#1587,#1588,#1589,#1590,#1591)
    ,(#1592,#1593,#1594,#1595,#1596,#1597,#1598,#1599
)),.UNSPECIFIED.,.F.,.F.,.F.) B_SPLINE_SURFACE_WITH_KNOTS((12,12),(8,8),
  (5.,6.),(0.,1.),.PIECEWISE_BEZIER_KNOTS.) 
GEOMETRIC_REPRESENTATION_ITEM() RATIONAL_B_SPLINE_SURFACE((
    (1.,1.,1.,1.,1.,1.,1.,1.)
    ,(1.,1.,1.,1.,1.,1.,1.,1.)
    ,(1.,1.,1.,1.,1.,1.,1.,1.)
    ,(1.,1.,1.,1.,1.,1.,1.,1.)
    ,(1.,1.,1.,1.,1.,1.,1.,1.)
    ,(1.,1.,1.,1.,1.,1.,1.,1.)
    ,(1.,1.,1.,1.,1.,1.,1.,1.)
    ,(1.,1.,1.,1.,1.,1.,1.,1.)
    ,(1.,1.,1.,1.,1.,1.,1.,1.)
    ,(1.,1.,1.,1.,1.,1.,1.,1.)
    ,(1.,1.,1.,1.,1.,1.,1.,1.)
,(1.,1.,1.,1.,1.,1.,1.,1.))) REPRESENTATION_ITEM('') SURFACE() );
#1504 = CARTESIAN_POINT('',(59.,1.040330798639E-15,0.));
#1505 = CARTESIAN_POINT('',(59.00000139688,8.826380069657,
    10.000000000003));
#1506 = CARTESIAN_POINT('',(57.459499966496,17.652755634509,
    19.99999999999));
#1507 = CARTESIAN_POINT('',(54.378535580097,26.15650581542,
    30.000000000016));
#1508 = CARTESIAN_POINT('',(49.84146630051,34.014940325293,
    39.999999999985));
#1509 = CARTESIAN_POINT('',(44.017484809491,40.935008842456,
    50.000000000008));
#1510 = CARTESIAN_POINT('',(37.143870062231,46.682309998194,
    59.999999999998));
#1511 = CARTESIAN_POINT('',(29.5,51.095498823282,70.));
#1512 = CARTESIAN_POINT('',(59.181818181818,9.457552714897E-16,0.));
#1513 = CARTESIAN_POINT('',(59.181819583,8.85358000824,10.000000000003)
  );
#1514 = CARTESIAN_POINT('',(57.636570844673,17.707155497781,
    19.99999999999));
#1515 = CARTESIAN_POINT('',(54.546111960921,26.237111380351,
    30.000000000016));
#1516 = CARTESIAN_POINT('',(49.995060957836,34.119762945695,
    39.999999999985));
#1517 = CARTESIAN_POINT('',(44.153131912137,41.061156789591,
    50.000000000008));
#1518 = CARTESIAN_POINT('',(37.258334993085,46.826169196954,
    59.999999999998));
#1519 = CARTESIAN_POINT('',(29.590909090909,51.252957987606,70.));
#1520 = CARTESIAN_POINT('',(59.363636363636,8.511797443407E-16,0.));
#1521 = CARTESIAN_POINT('',(59.363637769131,8.880779946824,
    10.000000000003));
#1522 = CARTESIAN_POINT('',(57.813641722818,17.761555361055,
    19.99999999999));
#1523 = CARTESIAN_POINT('',(54.713688341798,26.317716945278,
    30.000000000016));
#1524 = CARTESIAN_POINT('',(50.148655615112,34.224585566101,
    39.999999999985));
#1525 = CARTESIAN_POINT('',(44.288779014812,41.187304736723,
    50.000000000008));
#1526 = CARTESIAN_POINT('',(37.372799923932,46.970028395714,
    59.999999999998));
#1527 = CARTESIAN_POINT('',(29.681818181818,51.410417151931,70.));
#1528 = CARTESIAN_POINT('',(59.545454545455,7.566042171918E-16,0.));
#1529 = CARTESIAN_POINT('',(59.545455955257,8.907979885406,
    10.000000000003));
#1530 = CARTESIAN_POINT('',(57.990712600978,17.815955224332,
    19.99999999999));
#1531 = CARTESIAN_POINT('',(54.881264722646,26.3983225102,
    30.000000000016));
#1532 = CARTESIAN_POINT('',(50.30225027242,34.329408186514,
    39.999999999985));
#1533 = CARTESIAN_POINT('',(44.424426117467,41.313452683852,
    50.000000000008));
#1534 = CARTESIAN_POINT('',(37.487264854785,47.113887594475,
    59.999999999998));
#1535 = CARTESIAN_POINT('',(29.772727272727,51.567876316255,70.));
#1536 = CARTESIAN_POINT('',(59.727272727273,6.620286900428E-16,0.));
#1537 = CARTESIAN_POINT('',(59.727274141381,8.935179823981,
    10.000000000003));
#1538 = CARTESIAN_POINT('',(58.167783479145,17.870355087634,
    19.99999999999));
#1539 = CARTESIAN_POINT('',(55.048841103489,26.478928075082,
    30.000000000016));
#1540 = CARTESIAN_POINT('',(50.455844929727,34.434230806965,
    39.999999999985));
#1541 = CARTESIAN_POINT('',(44.560073220125,41.439600630959,
    50.000000000008));
#1542 = CARTESIAN_POINT('',(37.601729785636,47.257746793242,
    59.999999999998));
#1543 = CARTESIAN_POINT('',(29.863636363636,51.72533548058,70.));
#1544 = CARTESIAN_POINT('',(59.909090909091,5.674531628938E-16,0.));
#1545 = CARTESIAN_POINT('',(59.9090923275,8.962379762568,10.000000000003
    ));
#1546 = CARTESIAN_POINT('',(58.34485435733,17.924754950895,
    19.99999999999));
#1547 = CARTESIAN_POINT('',(55.216417484295,26.55953364003,
    30.000000000016));
#1548 = CARTESIAN_POINT('',(50.609439587076,34.539053427351,
    39.999999999985));
#1549 = CARTESIAN_POINT('',(44.695720322755,41.565748578102,
    50.000000000008));
#1550 = CARTESIAN_POINT('',(37.716194716496,47.401605991999,
    59.999999999998));
#1551 = CARTESIAN_POINT('',(29.954545454545,51.882794644904,70.));
#1552 = CARTESIAN_POINT('',(60.090909090909,4.728776357448E-16,0.));
#1553 = CARTESIAN_POINT('',(60.090910513627,8.989579701145,
    10.000000000003));
#1554 = CARTESIAN_POINT('',(58.521925235486,17.97915481419,
    19.99999999999));
#1555 = CARTESIAN_POINT('',(55.383993865154,26.640139204921,
    30.000000000016));
#1556 = CARTESIAN_POINT('',(50.763034244369,34.643876047794,
    39.999999999985));
#1557 = CARTESIAN_POINT('',(44.831367425421,41.691896525213,
    50.000000000008));
#1558 = CARTESIAN_POINT('',(37.830659647345,47.545465190765,
    59.999999999998));
#1559 = CARTESIAN_POINT('',(30.045454545455,52.040253809229,70.));
#1560 = CARTESIAN_POINT('',(60.272727272727,3.783021085959E-16,0.));
#1561 = CARTESIAN_POINT('',(60.272728699744,9.016779639727,
    10.000000000003));
#1562 = CARTESIAN_POINT('',(58.698996113678,18.033554677468,
    19.99999999999));
#1563 = CARTESIAN_POINT('',(55.551570245951,26.720744769843,
    30.000000000016));
#1564 = CARTESIAN_POINT('',(50.916628901723,34.748698668205,
    39.999999999985));
#1565 = CARTESIAN_POINT('',(44.96701452805,41.818044472343,
    50.000000000008));
#1566 = CARTESIAN_POINT('',(37.945124578205,47.689324389526,
    59.999999999998));
#1567 = CARTESIAN_POINT('',(30.136363636364,52.197712973553,70.));
#1568 = CARTESIAN_POINT('',(60.454545454545,2.837265814469E-16,0.));
#1569 = CARTESIAN_POINT('',(60.454546885868,9.043979578311,
    10.000000000003));
#1570 = CARTESIAN_POINT('',(58.876066991844,18.087954540741,
    19.99999999999));
#1571 = CARTESIAN_POINT('',(55.719146626792,26.801350334773,
    30.000000000016));
#1572 = CARTESIAN_POINT('',(51.070223559037,34.853521288607,
    39.999999999985));
#1573 = CARTESIAN_POINT('',(45.102661630702,41.944192419479,
    50.000000000008));
#1574 = CARTESIAN_POINT('',(38.059589509059,47.833183588285,
    59.999999999998));
#1575 = CARTESIAN_POINT('',(30.227272727273,52.355172137877,70.));
#1576 = CARTESIAN_POINT('',(60.636363636364,1.891510542979E-16,0.));
#1577 = CARTESIAN_POINT('',(60.636365071986,9.071179516895,
    10.000000000003));
#1578 = CARTESIAN_POINT('',(59.053137870035,18.142354404012,
    19.99999999999));
#1579 = CARTESIAN_POINT('',(55.886723007591,26.881955899706,
    30.000000000016));
#1580 = CARTESIAN_POINT('',(51.223818216391,34.958343909009,
    39.999999999985));
#1581 = CARTESIAN_POINT('',(45.238308733331,42.070340366614,
    50.000000000008));
#1582 = CARTESIAN_POINT('',(38.174054439919,47.977042787044,
    59.999999999998));
#1583 = CARTESIAN_POINT('',(30.318181818182,52.512631302202,70.));
#1584 = CARTESIAN_POINT('',(60.818181818182,9.457552714897E-17,0.));
#1585 = CARTESIAN_POINT('',(60.818183258118,9.098379455475,
    10.000000000003));
#1586 = CARTESIAN_POINT('',(59.230208748175,18.196754267298,
    19.99999999999));
#1587 = CARTESIAN_POINT('',(56.054299388472,26.962561464612,
    30.000000000016));
#1588 = CARTESIAN_POINT('',(51.377412873664,35.063166529435,
    39.999999999985));
#1589 = CARTESIAN_POINT('',(45.373955836006,42.196488313734,
    50.000000000008));
#1590 = CARTESIAN_POINT('',(38.288519370766,48.120901985807,
    59.999999999998));
#1591 = CARTESIAN_POINT('',(30.409090909091,52.670090466526,70.));
#1592 = CARTESIAN_POINT('',(61.,0.,0.));
#1593 = CARTESIAN_POINT('',(61.000001444242,9.125579394055,
    10.000000000003));
#1594 = CARTESIAN_POINT('',(59.40727962634,18.251154130581,
    19.99999999999));
#1595 = CARTESIAN_POINT('',(56.221875769317,27.043167029525,
    30.000000000016));
#1596 = CARTESIAN_POINT('',(51.531007530971,35.167989149855,
    39.999999999985));
#1597 = CARTESIAN_POINT('',(45.509602938664,42.322636260859,
    50.000000000008));
#1598 = CARTESIAN_POINT('',(38.402984301617,48.264761184569,
    59.999999999998));
#1599 = CARTESIAN_POINT('',(30.5,52.827549630851,70.));
#1600 = DEFINITIONAL_REPRESENTATION('',(#1601),#1605);
#1601 = LINE('',#1602,#1603);
#1602 = CARTESIAN_POINT('',(6.,0.));
#1603 = VECTOR('',#1604,1.);
#1604 = DIRECTION('',(0.,1.));
#1605 = ( GEOMETRIC_REPRESENTATION_CONTEXT(2) 
PARAMETRIC_REPRESENTATION_CONTEXT() REPRESENTATION_CONTEXT('2D SPACE',''
  ) );
#1606 = ORIENTED_EDGE('',*,*,#1607,.T.);
#1607 = EDGE_CURVE('',#1481,#1608,#1610,.T.);
#1608 = VERTEX_POINT('',#1609);
#1609 = CARTESIAN_POINT('',(13.336645303701,10.553310102784,0.));
#1610 = SURFACE_CURVE('',#1611,(#1624,#1631),.PCURVE_S1.);
#1611 = B_SPLINE_CURVE_WITH_KNOTS('',11,(#1612,#1613,#1614,#1615,#1616,
    #1617,#1618,#1619,#1620,#1621,#1622,#1623),.UNSPECIFIED.,.F.,.F.,(12
    ,12),(0.,1.),.PIECEWISE_BEZIER_KNOTS.);
#1612 = CARTESIAN_POINT('',(61.,-7.105427357601E-15,0.));
#1613 = CARTESIAN_POINT('',(61.,7.139983303613,0.));
#1614 = CARTESIAN_POINT('',(58.756908044573,14.279966049058,0.));
#1615 = CARTESIAN_POINT('',(54.270724661296,20.636966871921,0.));
#1616 = CARTESIAN_POINT('',(47.84892492625,25.427972860554,0.));
#1617 = CARTESIAN_POINT('',(40.106478009701,28.008076764857,0.));
#1618 = CARTESIAN_POINT('',(31.893521990299,28.008076764872,0.));
#1619 = CARTESIAN_POINT('',(24.151075073751,25.427972860542,0.));
#1620 = CARTESIAN_POINT('',(17.729275338704,20.636966871928,0.));
#1621 = CARTESIAN_POINT('',(13.243091955428,14.279966049055,0.));
#1622 = CARTESIAN_POINT('',(11.,7.139983303614,0.));
#1623 = CARTESIAN_POINT('',(11.,7.105427357601E-15,0.));
#1624 = PCURVE('',#731,#1625);
#1625 = DEFINITIONAL_REPRESENTATION('',(#1626),#1630);
#1626 = LINE('',#1627,#1628);
#1627 = CARTESIAN_POINT('',(0.,0.));
#1628 = VECTOR('',#1629,1.);
#1629 = DIRECTION('',(1.,0.));
#1630 = ( GEOMETRIC_REPRESENTATION_CONTEXT(2) 
PARAMETRIC_REPRESENTATION_CONTEXT() REPRESENTATION_CONTEXT('2D SPACE',''
  ) );
#1631 = PCURVE('',#1632,#1637);
#1632 = PLANE('',#1633);
#1633 = AXIS2_PLACEMENT_3D('',#1634,#1635,#1636);
#1634 = CARTESIAN_POINT('',(-4.558133775131E-16,-1.70226710729E-17,0.));
#1635 = DIRECTION('',(0.,0.,1.));
#1636 = DIRECTION('',(1.,0.,-0.));
#1637 = DEFINITIONAL_REPRESENTATION('',(#1638),#1651);
#1638 = B_SPLINE_CURVE_WITH_KNOTS('',11,(#1639,#1640,#1641,#1642,#1643,
    #1644,#1645,#1646,#1647,#1648,#1649,#1650),.UNSPECIFIED.,.F.,.F.,(12
    ,12),(0.,1.),.PIECEWISE_BEZIER_KNOTS.);
#1639 = CARTESIAN_POINT('',(61.,-7.088404686528E-15));
#1640 = CARTESIAN_POINT('',(61.,7.139983303613));
#1641 = CARTESIAN_POINT('',(58.756908044573,14.279966049058));
#1642 = CARTESIAN_POINT('',(54.270724661296,20.636966871921));
#1643 = CARTESIAN_POINT('',(47.84892492625,25.427972860554));
#1644 = CARTESIAN_POINT('',(40.106478009701,28.008076764857));
#1645 = CARTESIAN_POINT('',(31.893521990299,28.008076764872));
#1646 = CARTESIAN_POINT('',(24.151075073751,25.427972860542));
#1647 = CARTESIAN_POINT('',(17.729275338704,20.636966871928));
#1648 = CARTESIAN_POINT('',(13.243091955428,14.279966049055));
#1649 = CARTESIAN_POINT('',(11.,7.139983303614));
#1650 = CARTESIAN_POINT('',(11.,7.122450028674E-15));
#1651 = ( GEOMETRIC_REPRESENTATION_CONTEXT(2) 
PARAMETRIC_REPRESENTATION_CONTEXT() REPRESENTATION_CONTEXT('2D SPACE',''
  ) );
#1652 = ORIENTED_EDGE('',*,*,#1653,.T.);
#1653 = EDGE_CURVE('',#1608,#674,#1654,.T.);
#1654 = SURFACE_CURVE('',#1655,(#1668,#1675),.PCURVE_S1.);
#1655 = B_SPLINE_CURVE_WITH_KNOTS('',11,(#1656,#1657,#1658,#1659,#1660,
    #1661,#1662,#1663,#1664,#1665,#1666,#1667),.UNSPECIFIED.,.F.,.F.,(12
    ,12),(0.,1.),.PIECEWISE_BEZIER_KNOTS.);
#1656 = CARTESIAN_POINT('',(61.,-7.105427357601E-15,0.));
#1657 = CARTESIAN_POINT('',(61.,7.139983303613,0.));
#1658 = CARTESIAN_POINT('',(58.756908044573,14.279966049058,0.));
#1659 = CARTESIAN_POINT('',(54.270724661296,20.636966871921,0.));
#1660 = CARTESIAN_POINT('',(47.84892492625,25.427972860554,0.));
#1661 = CARTESIAN_POINT('',(40.106478009701,28.008076764857,0.));
#1662 = CARTESIAN_POINT('',(31.893521990299,28.008076764872,0.));
#1663 = CARTESIAN_POINT('',(24.151075073751,25.427972860542,0.));
#1664 = CARTESIAN_POINT('',(17.729275338704,20.636966871928,0.));
#1665 = CARTESIAN_POINT('',(13.243091955428,14.279966049055,0.));
#1666 = CARTESIAN_POINT('',(11.,7.139983303614,0.));
#1667 = CARTESIAN_POINT('',(11.,7.105427357601E-15,0.));
#1668 = PCURVE('',#731,#1669);
#1669 = DEFINITIONAL_REPRESENTATION('',(#1670),#1674);
#1670 = LINE('',#1671,#1672);
#1671 = CARTESIAN_POINT('',(0.,0.));
#1672 = VECTOR('',#1673,1.);
#1673 = DIRECTION('',(1.,0.));
#1674 = ( GEOMETRIC_REPRESENTATION_CONTEXT(2) 
PARAMETRIC_REPRESENTATION_CONTEXT() REPRESENTATION_CONTEXT('2D SPACE',''
  ) );
#1675 = PCURVE('',#1379,#1676);
#1676 = DEFINITIONAL_REPRESENTATION('',(#1677),#1690);
#1677 = B_SPLINE_CURVE_WITH_KNOTS('',11,(#1678,#1679,#1680,#1681,#1682,
    #1683,#1684,#1685,#1686,#1687,#1688,#1689),.UNSPECIFIED.,.F.,.F.,(12
    ,12),(0.,1.),.PIECEWISE_BEZIER_KNOTS.);
#1678 = CARTESIAN_POINT('',(41.728711030258,-37.71004419087));
#1679 = CARTESIAN_POINT('',(46.318203831188,-32.24049965718));
#1680 = CARTESIAN_POINT('',(49.189388145477,-25.32912383473));
#1681 = CARTESIAN_POINT('',(49.838973657608,-17.57571558592));
#1682 = CARTESIAN_POINT('',(47.99918894318,-9.777738769807));
#1683 = CARTESIAN_POINT('',(43.726589328004,-2.824515564633));
#1684 = CARTESIAN_POINT('',(37.435100007771,2.454670803551));
#1685 = CARTESIAN_POINT('',(29.845582749798,5.454945491581));
#1686 = CARTESIAN_POINT('',(21.846599460527,5.912675278631));
#1687 = CARTESIAN_POINT('',(14.323782245246,3.926593216918));
#1688 = CARTESIAN_POINT('',(8.015981675241,-0.101119172857));
#1689 = CARTESIAN_POINT('',(3.426488874309,-5.570663706552));
#1690 = ( GEOMETRIC_REPRESENTATION_CONTEXT(2) 
PARAMETRIC_REPRESENTATION_CONTEXT() REPRESENTATION_CONTEXT('2D SPACE',''
  ) );
#1691 = ORIENTED_EDGE('',*,*,#697,.T.);
#1692 = ORIENTED_EDGE('',*,*,#1419,.F.);
#1693 = ORIENTED_EDGE('',*,*,#1694,.F.);
#1694 = EDGE_CURVE('',#1695,#1420,#1697,.T.);
#1695 = VERTEX_POINT('',#1696);
#1696 = CARTESIAN_POINT('',(10.988923762712,0.493513149702,3.));
#1697 = SURFACE_CURVE('',#1698,(#1704,#1713),.PCURVE_S1.);
#1698 = B_SPLINE_CURVE_WITH_KNOTS('',4,(#1699,#1700,#1701,#1702,#1703),
  .UNSPECIFIED.,.F.,.F.,(5,5),(0.,1.),.PIECEWISE_BEZIER_KNOTS.);
#1699 = CARTESIAN_POINT('',(10.988923762712,0.493513149702,3.));
#1700 = CARTESIAN_POINT('',(10.970602118825,0.901476236405,3.));
#1701 = CARTESIAN_POINT('',(10.961165895001,1.309838372051,3.));
#1702 = CARTESIAN_POINT('',(10.960628132245,1.718309216648,3.));
#1703 = CARTESIAN_POINT('',(10.968982882912,2.126598004619,3.));
#1704 = PCURVE('',#731,#1705);
#1705 = DEFINITIONAL_REPRESENTATION('',(#1706),#1712);
#1706 = B_SPLINE_CURVE_WITH_KNOTS('',4,(#1707,#1708,#1709,#1710,#1711),
  .UNSPECIFIED.,.F.,.F.,(5,5),(0.,1.),.PIECEWISE_BEZIER_KNOTS.);
#1707 = CARTESIAN_POINT('',(1.,4.285714285714E-02));
#1708 = CARTESIAN_POINT('',(0.994800417033,4.285714285714E-02));
#1709 = CARTESIAN_POINT('',(0.989600834247,4.285714285714E-02));
#1710 = CARTESIAN_POINT('',(0.984401250772,4.285714285714E-02));
#1711 = CARTESIAN_POINT('',(0.97920166819,4.285714285714E-02));
#1712 = ( GEOMETRIC_REPRESENTATION_CONTEXT(2) 
PARAMETRIC_REPRESENTATION_CONTEXT() REPRESENTATION_CONTEXT('2D SPACE',''
  ) );
#1713 = PCURVE('',#1122,#1714);
#1714 = DEFINITIONAL_REPRESENTATION('',(#1715),#1721);
#1715 = B_SPLINE_CURVE_WITH_KNOTS('',4,(#1716,#1717,#1718,#1719,#1720),
  .UNSPECIFIED.,.F.,.F.,(5,5),(0.,1.),.PIECEWISE_BEZIER_KNOTS.);
#1716 = CARTESIAN_POINT('',(10.988923762712,0.493513149702));
#1717 = CARTESIAN_POINT('',(10.970602118825,0.901476236405));
#1718 = CARTESIAN_POINT('',(10.961165895001,1.309838372051));
#1719 = CARTESIAN_POINT('',(10.960628132245,1.718309216648));
#1720 = CARTESIAN_POINT('',(10.968982882912,2.126598004619));
#1721 = ( GEOMETRIC_REPRESENTATION_CONTEXT(2) 
PARAMETRIC_REPRESENTATION_CONTEXT() REPRESENTATION_CONTEXT('2D SPACE',''
  ) );
#1722 = ORIENTED_EDGE('',*,*,#1723,.T.);
#1723 = EDGE_CURVE('',#1695,#1724,#1726,.T.);
#1724 = VERTEX_POINT('',#1725);
#1725 = CARTESIAN_POINT('',(5.991029413512,9.225376265588,66.5));
#1726 = SURFACE_CURVE('',#1727,(#1736,#1743),.PCURVE_S1.);
#1727 = ( BOUNDED_CURVE() B_SPLINE_CURVE(7,(#1728,#1729,#1730,#1731,
    #1732,#1733,#1734,#1735),.UNSPECIFIED.,.F.,.F.) 
B_SPLINE_CURVE_WITH_KNOTS((8,8),(0.,1.),.PIECEWISE_BEZIER_KNOTS.) CURVE(
) GEOMETRIC_REPRESENTATION_ITEM() RATIONAL_B_SPLINE_CURVE((1.,1.,1.,1.,
1.,1.,1.,1.)) REPRESENTATION_ITEM('') );
#1728 = CARTESIAN_POINT('',(11.,7.105427357601E-15,0.));
#1729 = CARTESIAN_POINT('',(11.000000260437,1.645596284175,
    10.000000000003));
#1730 = CARTESIAN_POINT('',(10.712788129342,3.291191728462,
    19.99999999999));
#1731 = CARTESIAN_POINT('',(10.138371040366,4.87663667746,
    30.000000000016));
#1732 = CARTESIAN_POINT('',(9.292476767883,6.341768535215,
    39.999999999985));
#1733 = CARTESIAN_POINT('',(8.206649710249,7.631950801142,
    50.000000000008));
#1734 = CARTESIAN_POINT('',(6.925128316686,8.703481525085,
    59.999999999998));
#1735 = CARTESIAN_POINT('',(5.5,9.526279441629,70.));
#1736 = PCURVE('',#731,#1737);
#1737 = DEFINITIONAL_REPRESENTATION('',(#1738),#1742);
#1738 = LINE('',#1739,#1740);
#1739 = CARTESIAN_POINT('',(1.,0.));
#1740 = VECTOR('',#1741,1.);
#1741 = DIRECTION('',(0.,1.));
#1742 = ( GEOMETRIC_REPRESENTATION_CONTEXT(2) 
PARAMETRIC_REPRESENTATION_CONTEXT() REPRESENTATION_CONTEXT('2D SPACE',''
  ) );
#1743 = PCURVE('',#144,#1744);
#1744 = DEFINITIONAL_REPRESENTATION('',(#1745),#1749);
#1745 = LINE('',#1746,#1747);
#1746 = CARTESIAN_POINT('',(1.,0.));
#1747 = VECTOR('',#1748,1.);
#1748 = DIRECTION('',(0.,1.));
#1749 = ( GEOMETRIC_REPRESENTATION_CONTEXT(2) 
PARAMETRIC_REPRESENTATION_CONTEXT() REPRESENTATION_CONTEXT('2D SPACE',''
  ) );
#1750 = ORIENTED_EDGE('',*,*,#1751,.T.);
#1751 = EDGE_CURVE('',#1724,#1752,#1754,.T.);
#1752 = VERTEX_POINT('',#1753);
#1753 = CARTESIAN_POINT('',(-1.582929241202,16.926143536475,66.5));
#1754 = SURFACE_CURVE('',#1755,(#1763,#1774),.PCURVE_S1.);
#1755 = B_SPLINE_CURVE_WITH_KNOTS('',6,(#1756,#1757,#1758,#1759,#1760,
    #1761,#1762),.UNSPECIFIED.,.F.,.F.,(7,7),(0.,1.),
  .PIECEWISE_BEZIER_KNOTS.);
#1756 = CARTESIAN_POINT('',(5.991029413512,9.225376265588,66.5));
#1757 = CARTESIAN_POINT('',(4.457125202311,10.221505310328,66.5));
#1758 = CARTESIAN_POINT('',(3.010532341999,11.352387557831,66.5));
#1759 = CARTESIAN_POINT('',(1.666367173789,12.608269201755,66.5));
#1760 = CARTESIAN_POINT('',(0.437734568891,13.977385941389,66.5));
#1761 = CARTESIAN_POINT('',(-0.663866722255,15.446399285954,66.5));
#1762 = CARTESIAN_POINT('',(-1.628988444609,17.,66.5));
#1763 = PCURVE('',#731,#1764);
#1764 = DEFINITIONAL_REPRESENTATION('',(#1765),#1773);
#1765 = B_SPLINE_CURVE_WITH_KNOTS('',6,(#1766,#1767,#1768,#1769,#1770,
    #1771,#1772),.UNSPECIFIED.,.F.,.F.,(7,7),(0.,1.),
  .PIECEWISE_BEZIER_KNOTS.);
#1766 = CARTESIAN_POINT('',(1.,0.95));
#1767 = CARTESIAN_POINT('',(0.976712817042,0.95));
#1768 = CARTESIAN_POINT('',(0.953423539367,0.95));
#1769 = CARTESIAN_POINT('',(0.930136706682,0.95));
#1770 = CARTESIAN_POINT('',(0.906849873606,0.95));
#1771 = CARTESIAN_POINT('',(0.883560596318,0.95));
#1772 = CARTESIAN_POINT('',(0.860273413651,0.95));
#1773 = ( GEOMETRIC_REPRESENTATION_CONTEXT(2) 
PARAMETRIC_REPRESENTATION_CONTEXT() REPRESENTATION_CONTEXT('2D SPACE',''
  ) );
#1774 = PCURVE('',#1775,#1780);
#1775 = PLANE('',#1776);
#1776 = AXIS2_PLACEMENT_3D('',#1777,#1778,#1779);
#1777 = CARTESIAN_POINT('',(-1.608753097105E-15,-6.939665195168E-16,66.5
    ));
#1778 = DIRECTION('',(0.,0.,1.));
#1779 = DIRECTION('',(1.,0.,-0.));
#1780 = DEFINITIONAL_REPRESENTATION('',(#1781),#1789);
#1781 = B_SPLINE_CURVE_WITH_KNOTS('',6,(#1782,#1783,#1784,#1785,#1786,
    #1787,#1788),.UNSPECIFIED.,.F.,.F.,(7,7),(0.,1.),
  .PIECEWISE_BEZIER_KNOTS.);
#1782 = CARTESIAN_POINT('',(5.991029413512,9.225376265588));
#1783 = CARTESIAN_POINT('',(4.457125202311,10.221505310328));
#1784 = CARTESIAN_POINT('',(3.010532341999,11.352387557831));
#1785 = CARTESIAN_POINT('',(1.666367173789,12.608269201755));
#1786 = CARTESIAN_POINT('',(0.437734568891,13.977385941389));
#1787 = CARTESIAN_POINT('',(-0.663866722255,15.446399285954));
#1788 = CARTESIAN_POINT('',(-1.628988444609,17.));
#1789 = ( GEOMETRIC_REPRESENTATION_CONTEXT(2) 
PARAMETRIC_REPRESENTATION_CONTEXT() REPRESENTATION_CONTEXT('2D SPACE',''
  ) );
#1790 = ORIENTED_EDGE('',*,*,#1791,.T.);
#1791 = EDGE_CURVE('',#1752,#1792,#1794,.T.);
#1792 = VERTEX_POINT('',#1793);
#1793 = CARTESIAN_POINT('',(-2.466605843994,16.820102722945,70.));
#1794 = SURFACE_CURVE('',#1795,(#1801,#1810),.PCURVE_S1.);
#1795 = B_SPLINE_CURVE_WITH_KNOTS('',4,(#1796,#1797,#1798,#1799,#1800),
  .UNSPECIFIED.,.F.,.F.,(5,5),(0.,1.),.PIECEWISE_BEZIER_KNOTS.);
#1796 = CARTESIAN_POINT('',(-1.582929089273,16.926143550683,66.4999994)
  );
#1797 = CARTESIAN_POINT('',(-1.80449182483,16.905423054123,
    67.374999551712));
#1798 = CARTESIAN_POINT('',(-2.025692929337,16.880835556661,
    68.249999703095));
#1799 = CARTESIAN_POINT('',(-2.246431142025,16.852390528525,
    69.124999853123));
#1800 = CARTESIAN_POINT('',(-2.466605843993,16.820102722944,70.));
#1801 = PCURVE('',#731,#1802);
#1802 = DEFINITIONAL_REPRESENTATION('',(#1803),#1809);
#1803 = B_SPLINE_CURVE_WITH_KNOTS('',4,(#1804,#1805,#1806,#1807,#1808),
  .UNSPECIFIED.,.F.,.F.,(5,5),(0.,1.),.PIECEWISE_BEZIER_KNOTS.);
#1804 = CARTESIAN_POINT('',(0.86138166135,0.949999991429));
#1805 = CARTESIAN_POINT('',(0.861381661398,0.962499993596));
#1806 = CARTESIAN_POINT('',(0.861381661364,0.974999995758));
#1807 = CARTESIAN_POINT('',(0.861381661176,0.987499997902));
#1808 = CARTESIAN_POINT('',(0.861381660674,1.));
#1809 = ( GEOMETRIC_REPRESENTATION_CONTEXT(2) 
PARAMETRIC_REPRESENTATION_CONTEXT() REPRESENTATION_CONTEXT('2D SPACE',''
  ) );
#1810 = PCURVE('',#1811,#1816);
#1811 = CYLINDRICAL_SURFACE('',#1812,17.);
#1812 = AXIS2_PLACEMENT_3D('',#1813,#1814,#1815);
#1813 = CARTESIAN_POINT('',(0.,0.,66.5));
#1814 = DIRECTION('',(-0.,-0.,-1.));
#1815 = DIRECTION('',(1.,0.,0.));
#1816 = DEFINITIONAL_REPRESENTATION('',(#1817),#1823);
#1817 = B_SPLINE_CURVE_WITH_KNOTS('',4,(#1818,#1819,#1820,#1821,#1822),
  .UNSPECIFIED.,.F.,.F.,(5,5),(0.,1.),.PIECEWISE_BEZIER_KNOTS.);
#1818 = CARTESIAN_POINT('',(-1.664044881142,5.999999999062E-07));
#1819 = CARTESIAN_POINT('',(-1.677134852576,-0.874999551712));
#1820 = CARTESIAN_POINT('',(-1.690224824322,-1.749999703095));
#1821 = CARTESIAN_POINT('',(-1.703314796661,-2.624999853123));
#1822 = CARTESIAN_POINT('',(-1.716404770343,-3.5));
#1823 = ( GEOMETRIC_REPRESENTATION_CONTEXT(2) 
PARAMETRIC_REPRESENTATION_CONTEXT() REPRESENTATION_CONTEXT('2D SPACE',''
  ) );
#1824 = ORIENTED_EDGE('',*,*,#1825,.F.);
#1825 = EDGE_CURVE('',#1483,#1792,#1826,.T.);
#1826 = SURFACE_CURVE('',#1827,(#1840,#1847),.PCURVE_S1.);
#1827 = B_SPLINE_CURVE_WITH_KNOTS('',11,(#1828,#1829,#1830,#1831,#1832,
    #1833,#1834,#1835,#1836,#1837,#1838,#1839),.UNSPECIFIED.,.F.,.F.,(12
    ,12),(0.,1.),.PIECEWISE_BEZIER_KNOTS.);
#1828 = CARTESIAN_POINT('',(30.5,52.827549630851,70.));
#1829 = CARTESIAN_POINT('',(24.316593076474,56.397541282657,
    69.999999999999));
#1830 = CARTESIAN_POINT('',(17.011640658625,58.024958038955,
    70.000000000005));
#1831 = CARTESIAN_POINT('',(9.263224762502,57.318309674435,
    69.999999999988));
#1832 = CARTESIAN_POINT('',(1.903191999153,54.15237096018,
    70.000000000022));
#1833 = CARTESIAN_POINT('',(-4.202466984672,48.737267195155,
    69.999999999969));
#1834 = CARTESIAN_POINT('',(-8.308944994363,41.624638642189,
    70.000000000034));
#1835 = CARTESIAN_POINT('',(-9.945732927104,33.629430972847,
    69.999999999972));
#1836 = CARTESIAN_POINT('',(-9.007499898791,25.672486269968,
    70.000000000017));
#1837 = CARTESIAN_POINT('',(-5.745267385949,18.608837082582,
    69.999999999993));
#1838 = CARTESIAN_POINT('',(-0.683406923526,13.096271093436,
    70.000000000002));
#1839 = CARTESIAN_POINT('',(5.5,9.526279441629,70.));
#1840 = PCURVE('',#731,#1841);
#1841 = DEFINITIONAL_REPRESENTATION('',(#1842),#1846);
#1842 = LINE('',#1843,#1844);
#1843 = CARTESIAN_POINT('',(0.,1.));
#1844 = VECTOR('',#1845,1.);
#1845 = DIRECTION('',(1.,0.));
#1846 = ( GEOMETRIC_REPRESENTATION_CONTEXT(2) 
PARAMETRIC_REPRESENTATION_CONTEXT() REPRESENTATION_CONTEXT('2D SPACE',''
  ) );
#1847 = PCURVE('',#1848,#1853);
#1848 = PLANE('',#1849);
#1849 = AXIS2_PLACEMENT_3D('',#1850,#1851,#1852);
#1850 = CARTESIAN_POINT('',(30.5,52.827549630851,70.));
#1851 = DIRECTION('',(-3.6775079061E-16,-2.222520386252E-17,-1.));
#1852 = DIRECTION('',(6.032543519644E-02,-0.998178762481,
    3.08148791102E-33));
#1853 = DEFINITIONAL_REPRESENTATION('',(#1854),#1867);
#1854 = B_SPLINE_CURVE_WITH_KNOTS('',11,(#1855,#1856,#1857,#1858,#1859,
    #1860,#1861,#1862,#1863,#1864,#1865,#1866),.UNSPECIFIED.,.F.,.F.,(12
    ,12),(0.,1.),.PIECEWISE_BEZIER_KNOTS.);
#1855 = CARTESIAN_POINT('',(0.,0.));
#1856 = CARTESIAN_POINT('',(-3.936506562726,5.9567841708));
#1857 = CARTESIAN_POINT('',(-6.001633840265,13.150257911162));
#1858 = CARTESIAN_POINT('',(-5.763699011275,20.927190971664));
#1859 = CARTESIAN_POINT('',(-3.047523402899,28.464805997947));
#1860 = CARTESIAN_POINT('',(1.989391636621,34.886013617812));
#1861 = CARTESIAN_POINT('',(8.841341330549,39.414085168529));
#1862 = CARTESIAN_POINT('',(16.723247883345,41.530206503816));
#1863 = CARTESIAN_POINT('',(24.722300415744,41.07368837273));
#1864 = CARTESIAN_POINT('',(31.96988061626,38.24351487144));
#1865 = CARTESIAN_POINT('',(37.777765848701,33.523421201551));
#1866 = CARTESIAN_POINT('',(41.714272411428,27.566637030752));
#1867 = ( GEOMETRIC_REPRESENTATION_CONTEXT(2) 
PARAMETRIC_REPRESENTATION_CONTEXT() REPRESENTATION_CONTEXT('2D SPACE',''
  ) );
#1868 = ADVANCED_FACE('',(#1869),#265,.F.);
#1869 = FACE_BOUND('',#1870,.T.);
#1870 = EDGE_LOOP('',(#1871,#1897,#1920,#1942,#1943,#1970,#1971,#1972,
    #1994,#1995,#2019));
#1871 = ORIENTED_EDGE('',*,*,#1872,.F.);
#1872 = EDGE_CURVE('',#1873,#1875,#1877,.T.);
#1873 = VERTEX_POINT('',#1874);
#1874 = CARTESIAN_POINT('',(3.894291967729,-13.44747151215,-10.45));
#1875 = VERTEX_POINT('',#1876);
#1876 = CARTESIAN_POINT('',(11.627068791385,7.798158200525,-10.45));
#1877 = SURFACE_CURVE('',#1878,(#1883,#1890),.PCURVE_S1.);
#1878 = CIRCLE('',#1879,14.);
#1879 = AXIS2_PLACEMENT_3D('',#1880,#1881,#1882);
#1880 = CARTESIAN_POINT('',(6.157774285068E-14,5.276109386373E-14,-10.45
    ));
#1881 = DIRECTION('',(0.,-0.,1.));
#1882 = DIRECTION('',(0.766044443119,0.642787609687,0.));
#1883 = PCURVE('',#265,#1884);
#1884 = DEFINITIONAL_REPRESENTATION('',(#1885),#1889);
#1885 = LINE('',#1886,#1887);
#1886 = CARTESIAN_POINT('',(-0.,0.));
#1887 = VECTOR('',#1888,1.);
#1888 = DIRECTION('',(-1.,0.));
#1889 = ( GEOMETRIC_REPRESENTATION_CONTEXT(2) 
PARAMETRIC_REPRESENTATION_CONTEXT() REPRESENTATION_CONTEXT('2D SPACE',''
  ) );
#1890 = PCURVE('',#890,#1891);
#1891 = DEFINITIONAL_REPRESENTATION('',(#1892),#1896);
#1892 = CIRCLE('',#1893,14.);
#1893 = AXIS2_PLACEMENT_2D('',#1894,#1895);
#1894 = CARTESIAN_POINT('',(8.269421823679E-14,1.529899149823E-15));
#1895 = DIRECTION('',(1.,0.));
#1896 = ( GEOMETRIC_REPRESENTATION_CONTEXT(2) 
PARAMETRIC_REPRESENTATION_CONTEXT() REPRESENTATION_CONTEXT('2D SPACE',''
  ) );
#1897 = ORIENTED_EDGE('',*,*,#1898,.F.);
#1898 = EDGE_CURVE('',#1899,#1873,#1901,.T.);
#1899 = VERTEX_POINT('',#1900);
#1900 = CARTESIAN_POINT('',(3.894291967729,-13.44747151215,0.));
#1901 = SURFACE_CURVE('',#1902,(#1906,#1913),.PCURVE_S1.);
#1902 = LINE('',#1903,#1904);
#1903 = CARTESIAN_POINT('',(3.894291967729,-13.44747151215,-10.45));
#1904 = VECTOR('',#1905,1.);
#1905 = DIRECTION('',(0.,-0.,-1.));
#1906 = PCURVE('',#265,#1907);
#1907 = DEFINITIONAL_REPRESENTATION('',(#1908),#1912);
#1908 = LINE('',#1909,#1910);
#1909 = CARTESIAN_POINT('',(-4.296139120888,0.));
#1910 = VECTOR('',#1911,1.);
#1911 = DIRECTION('',(-0.,1.));
#1912 = ( GEOMETRIC_REPRESENTATION_CONTEXT(2) 
PARAMETRIC_REPRESENTATION_CONTEXT() REPRESENTATION_CONTEXT('2D SPACE',''
  ) );
#1913 = PCURVE('',#917,#1914);
#1914 = DEFINITIONAL_REPRESENTATION('',(#1915),#1919);
#1915 = LINE('',#1916,#1917);
#1916 = CARTESIAN_POINT('',(0.,8.919410907075));
#1917 = VECTOR('',#1918,1.);
#1918 = DIRECTION('',(-1.,0.));
#1919 = ( GEOMETRIC_REPRESENTATION_CONTEXT(2) 
PARAMETRIC_REPRESENTATION_CONTEXT() REPRESENTATION_CONTEXT('2D SPACE',''
  ) );
#1920 = ORIENTED_EDGE('',*,*,#1921,.T.);
#1921 = EDGE_CURVE('',#1899,#111,#1922,.T.);
#1922 = SURFACE_CURVE('',#1923,(#1928,#1935),.PCURVE_S1.);
#1923 = CIRCLE('',#1924,14.);
#1924 = AXIS2_PLACEMENT_3D('',#1925,#1926,#1927);
#1925 = CARTESIAN_POINT('',(6.157774285068E-14,5.276109386373E-14,0.));
#1926 = DIRECTION('',(0.,-0.,1.));
#1927 = DIRECTION('',(0.766044443119,0.642787609687,0.));
#1928 = PCURVE('',#265,#1929);
#1929 = DEFINITIONAL_REPRESENTATION('',(#1930),#1934);
#1930 = LINE('',#1931,#1932);
#1931 = CARTESIAN_POINT('',(-0.,-10.45));
#1932 = VECTOR('',#1933,1.);
#1933 = DIRECTION('',(-1.,0.));
#1934 = ( GEOMETRIC_REPRESENTATION_CONTEXT(2) 
PARAMETRIC_REPRESENTATION_CONTEXT() REPRESENTATION_CONTEXT('2D SPACE',''
  ) );
#1935 = PCURVE('',#945,#1936);
#1936 = DEFINITIONAL_REPRESENTATION('',(#1937),#1941);
#1937 = CIRCLE('',#1938,14.);
#1938 = AXIS2_PLACEMENT_2D('',#1939,#1940);
#1939 = CARTESIAN_POINT('',(-5.,1.5));
#1940 = DIRECTION('',(1.,0.));
#1941 = ( GEOMETRIC_REPRESENTATION_CONTEXT(2) 
PARAMETRIC_REPRESENTATION_CONTEXT() REPRESENTATION_CONTEXT('2D SPACE',''
  ) );
#1942 = ORIENTED_EDGE('',*,*,#248,.T.);
#1943 = ORIENTED_EDGE('',*,*,#1944,.T.);
#1944 = EDGE_CURVE('',#249,#416,#1945,.T.);
#1945 = SURFACE_CURVE('',#1946,(#1951,#1958),.PCURVE_S1.);
#1946 = CIRCLE('',#1947,14.);
#1947 = AXIS2_PLACEMENT_3D('',#1948,#1949,#1950);
#1948 = CARTESIAN_POINT('',(6.157774285068E-14,5.276109386373E-14,0.));
#1949 = DIRECTION('',(0.,-0.,1.));
#1950 = DIRECTION('',(0.766044443119,0.642787609687,0.));
#1951 = PCURVE('',#265,#1952);
#1952 = DEFINITIONAL_REPRESENTATION('',(#1953),#1957);
#1953 = LINE('',#1954,#1955);
#1954 = CARTESIAN_POINT('',(-0.,-10.45));
#1955 = VECTOR('',#1956,1.);
#1956 = DIRECTION('',(-1.,0.));
#1957 = ( GEOMETRIC_REPRESENTATION_CONTEXT(2) 
PARAMETRIC_REPRESENTATION_CONTEXT() REPRESENTATION_CONTEXT('2D SPACE',''
  ) );
#1958 = PCURVE('',#1959,#1964);
#1959 = PLANE('',#1960);
#1960 = AXIS2_PLACEMENT_3D('',#1961,#1962,#1963);
#1961 = CARTESIAN_POINT('',(4.794403630125,2.064871383754,0.));
#1962 = DIRECTION('',(0.,0.,1.));
#1963 = DIRECTION('',(0.766044443119,0.642787609687,0.));
#1964 = DEFINITIONAL_REPRESENTATION('',(#1965),#1969);
#1965 = CIRCLE('',#1966,14.);
#1966 = AXIS2_PLACEMENT_2D('',#1967,#1968);
#1967 = CARTESIAN_POINT('',(-5.,1.5));
#1968 = DIRECTION('',(1.,0.));
#1969 = ( GEOMETRIC_REPRESENTATION_CONTEXT(2) 
PARAMETRIC_REPRESENTATION_CONTEXT() REPRESENTATION_CONTEXT('2D SPACE',''
  ) );
#1970 = ORIENTED_EDGE('',*,*,#451,.T.);
#1971 = ORIENTED_EDGE('',*,*,#475,.T.);
#1972 = ORIENTED_EDGE('',*,*,#1973,.T.);
#1973 = EDGE_CURVE('',#476,#536,#1974,.T.);
#1974 = SURFACE_CURVE('',#1975,(#1980,#1987),.PCURVE_S1.);
#1975 = CIRCLE('',#1976,14.);
#1976 = AXIS2_PLACEMENT_3D('',#1977,#1978,#1979);
#1977 = CARTESIAN_POINT('',(6.157774285068E-14,5.276109386373E-14,0.));
#1978 = DIRECTION('',(0.,-0.,1.));
#1979 = DIRECTION('',(0.766044443119,0.642787609687,0.));
#1980 = PCURVE('',#265,#1981);
#1981 = DEFINITIONAL_REPRESENTATION('',(#1982),#1986);
#1982 = LINE('',#1983,#1984);
#1983 = CARTESIAN_POINT('',(-0.,-10.45));
#1984 = VECTOR('',#1985,1.);
#1985 = DIRECTION('',(-1.,0.));
#1986 = ( GEOMETRIC_REPRESENTATION_CONTEXT(2) 
PARAMETRIC_REPRESENTATION_CONTEXT() REPRESENTATION_CONTEXT('2D SPACE',''
  ) );
#1987 = PCURVE('',#1959,#1988);
#1988 = DEFINITIONAL_REPRESENTATION('',(#1989),#1993);
#1989 = CIRCLE('',#1990,14.);
#1990 = AXIS2_PLACEMENT_2D('',#1991,#1992);
#1991 = CARTESIAN_POINT('',(-5.,1.5));
#1992 = DIRECTION('',(1.,0.));
#1993 = ( GEOMETRIC_REPRESENTATION_CONTEXT(2) 
PARAMETRIC_REPRESENTATION_CONTEXT() REPRESENTATION_CONTEXT('2D SPACE',''
  ) );
#1994 = ORIENTED_EDGE('',*,*,#673,.T.);
#1995 = ORIENTED_EDGE('',*,*,#1996,.T.);
#1996 = EDGE_CURVE('',#674,#1997,#1999,.T.);
#1997 = VERTEX_POINT('',#1998);
#1998 = CARTESIAN_POINT('',(11.627068791385,7.798158200525,0.));
#1999 = SURFACE_CURVE('',#2000,(#2005,#2012),.PCURVE_S1.);
#2000 = CIRCLE('',#2001,14.);
#2001 = AXIS2_PLACEMENT_3D('',#2002,#2003,#2004);
#2002 = CARTESIAN_POINT('',(6.157774285068E-14,5.276109386373E-14,0.));
#2003 = DIRECTION('',(0.,-0.,1.));
#2004 = DIRECTION('',(0.766044443119,0.642787609687,0.));
#2005 = PCURVE('',#265,#2006);
#2006 = DEFINITIONAL_REPRESENTATION('',(#2007),#2011);
#2007 = LINE('',#2008,#2009);
#2008 = CARTESIAN_POINT('',(-0.,-10.45));
#2009 = VECTOR('',#2010,1.);
#2010 = DIRECTION('',(-1.,0.));
#2011 = ( GEOMETRIC_REPRESENTATION_CONTEXT(2) 
PARAMETRIC_REPRESENTATION_CONTEXT() REPRESENTATION_CONTEXT('2D SPACE',''
  ) );
#2012 = PCURVE('',#1379,#2013);
#2013 = DEFINITIONAL_REPRESENTATION('',(#2014),#2018);
#2014 = CIRCLE('',#2015,14.);
#2015 = AXIS2_PLACEMENT_2D('',#2016,#2017);
#2016 = CARTESIAN_POINT('',(-5.,1.5));
#2017 = DIRECTION('',(1.,0.));
#2018 = ( GEOMETRIC_REPRESENTATION_CONTEXT(2) 
PARAMETRIC_REPRESENTATION_CONTEXT() REPRESENTATION_CONTEXT('2D SPACE',''
  ) );
#2019 = ORIENTED_EDGE('',*,*,#2020,.T.);
#2020 = EDGE_CURVE('',#1997,#1875,#2021,.T.);
#2021 = SURFACE_CURVE('',#2022,(#2026,#2033),.PCURVE_S1.);
#2022 = LINE('',#2023,#2024);
#2023 = CARTESIAN_POINT('',(11.627068791384,7.798158200525,-10.45));
#2024 = VECTOR('',#2025,1.);
#2025 = DIRECTION('',(0.,-0.,-1.));
#2026 = PCURVE('',#265,#2027);
#2027 = DEFINITIONAL_REPRESENTATION('',(#2028),#2032);
#2028 = LINE('',#2029,#2030);
#2029 = CARTESIAN_POINT('',(-6.175836391078,0.));
#2030 = VECTOR('',#2031,1.);
#2031 = DIRECTION('',(-0.,1.));
#2032 = ( GEOMETRIC_REPRESENTATION_CONTEXT(2) 
PARAMETRIC_REPRESENTATION_CONTEXT() REPRESENTATION_CONTEXT('2D SPACE',''
  ) );
#2033 = PCURVE('',#1404,#2034);
#2034 = DEFINITIONAL_REPRESENTATION('',(#2035),#2039);
#2035 = LINE('',#2036,#2037);
#2036 = CARTESIAN_POINT('',(0.,8.919410907075));
#2037 = VECTOR('',#2038,1.);
#2038 = DIRECTION('',(-1.,0.));
#2039 = ( GEOMETRIC_REPRESENTATION_CONTEXT(2) 
PARAMETRIC_REPRESENTATION_CONTEXT() REPRESENTATION_CONTEXT('2D SPACE',''
  ) );
#2040 = ADVANCED_FACE('',(#2041),#569,.T.);
#2041 = FACE_BOUND('',#2042,.T.);
#2042 = EDGE_LOOP('',(#2043,#2072,#2073,#2114,#2155,#2183,#2224,#2258,
    #2298,#2326));
#2043 = ORIENTED_EDGE('',*,*,#2044,.F.);
#2044 = EDGE_CURVE('',#500,#2045,#2047,.T.);
#2045 = VERTEX_POINT('',#2046);
#2046 = CARTESIAN_POINT('',(12.968528529775,2.08392995605,3.));
#2047 = SURFACE_CURVE('',#2048,(#2054,#2063),.PCURVE_S1.);
#2048 = B_SPLINE_CURVE_WITH_KNOTS('',4,(#2049,#2050,#2051,#2052,#2053),
  .UNSPECIFIED.,.F.,.F.,(5,5),(0.,1.),.PIECEWISE_BEZIER_KNOTS.);
#2049 = CARTESIAN_POINT('',(13.048965165825,1.5,7.88860905221E-31));
#2050 = CARTESIAN_POINT('',(13.032135017228,1.646411484781,
    0.750010461438));
#2051 = CARTESIAN_POINT('',(13.013114497866,1.792571019906,1.5000209552)
  );
#2052 = CARTESIAN_POINT('',(12.991909279207,1.938429500555,
    2.250031470508));
#2053 = CARTESIAN_POINT('',(12.968527220401,2.083938104418,3.000042));
#2054 = PCURVE('',#569,#2055);
#2055 = DEFINITIONAL_REPRESENTATION('',(#2056),#2062);
#2056 = B_SPLINE_CURVE_WITH_KNOTS('',4,(#2057,#2058,#2059,#2060,#2061),
  .UNSPECIFIED.,.F.,.F.,(5,5),(0.,1.),.PIECEWISE_BEZIER_KNOTS.);
#2057 = CARTESIAN_POINT('',(4.020774084708,5.250965729507E-11));
#2058 = CARTESIAN_POINT('',(4.020774090003,1.07144350659E-02));
#2059 = CARTESIAN_POINT('',(4.020774092959,2.142887087476E-02));
#2060 = CARTESIAN_POINT('',(4.020774094368,3.214330668938E-02));
#2061 = CARTESIAN_POINT('',(4.020774094742,4.285774285708E-02));
#2062 = ( GEOMETRIC_REPRESENTATION_CONTEXT(2) 
PARAMETRIC_REPRESENTATION_CONTEXT() REPRESENTATION_CONTEXT('2D SPACE',''
  ) );
#2063 = PCURVE('',#513,#2064);
#2064 = DEFINITIONAL_REPRESENTATION('',(#2065),#2071);
#2065 = B_SPLINE_CURVE_WITH_KNOTS('',4,(#2066,#2067,#2068,#2069,#2070),
  .UNSPECIFIED.,.F.,.F.,(5,5),(0.,1.),.PIECEWISE_BEZIER_KNOTS.);
#2066 = CARTESIAN_POINT('',(2.095103483417,0.));
#2067 = CARTESIAN_POINT('',(2.095103452618,1.07144351634E-02));
#2068 = CARTESIAN_POINT('',(2.095103437173,2.142887078856E-02));
#2069 = CARTESIAN_POINT('',(2.095103430725,3.214330672154E-02));
#2070 = CARTESIAN_POINT('',(2.095103429918,4.285774285714E-02));
#2071 = ( GEOMETRIC_REPRESENTATION_CONTEXT(2) 
PARAMETRIC_REPRESENTATION_CONTEXT() REPRESENTATION_CONTEXT('2D SPACE',''
  ) );
#2072 = ORIENTED_EDGE('',*,*,#535,.T.);
#2073 = ORIENTED_EDGE('',*,*,#2074,.T.);
#2074 = EDGE_CURVE('',#536,#2075,#2077,.T.);
#2075 = VERTEX_POINT('',#2076);
#2076 = CARTESIAN_POINT('',(14.666666664549,8.595864642433,0.));
#2077 = SURFACE_CURVE('',#2078,(#2091,#2098),.PCURVE_S1.);
#2078 = B_SPLINE_CURVE_WITH_KNOTS('',11,(#2079,#2080,#2081,#2082,#2083,
    #2084,#2085,#2086,#2087,#2088,#2089,#2090),.UNSPECIFIED.,.F.,.F.,(12
    ,12),(4.,5.),.PIECEWISE_BEZIER_KNOTS.);
#2079 = CARTESIAN_POINT('',(13.,3.552713678801E-15,0.));
#2080 = CARTESIAN_POINT('',(12.999999999999,6.568784639323,0.));
#2081 = CARTESIAN_POINT('',(15.063644598998,13.137568765136,0.));
#2082 = CARTESIAN_POINT('',(19.1909333116,18.986009522162,0.));
#2083 = CARTESIAN_POINT('',(25.098989067861,23.393735031716,0.));
#2084 = CARTESIAN_POINT('',(32.222040231066,25.767430623662,0.));
#2085 = CARTESIAN_POINT('',(39.777959768932,25.767430623687,0.));
#2086 = CARTESIAN_POINT('',(46.901010932145,23.393735031697,0.));
#2087 = CARTESIAN_POINT('',(52.809066688395,18.986009522174,0.));
#2088 = CARTESIAN_POINT('',(56.936355401005,13.137568765131,0.));
#2089 = CARTESIAN_POINT('',(59.,6.568784639324,0.));
#2090 = CARTESIAN_POINT('',(59.,1.040330798639E-15,0.));
#2091 = PCURVE('',#569,#2092);
#2092 = DEFINITIONAL_REPRESENTATION('',(#2093),#2097);
#2093 = LINE('',#2094,#2095);
#2094 = CARTESIAN_POINT('',(0.,0.));
#2095 = VECTOR('',#2096,1.);
#2096 = DIRECTION('',(1.,0.));
#2097 = ( GEOMETRIC_REPRESENTATION_CONTEXT(2) 
PARAMETRIC_REPRESENTATION_CONTEXT() REPRESENTATION_CONTEXT('2D SPACE',''
  ) );
#2098 = PCURVE('',#1959,#2099);
#2099 = DEFINITIONAL_REPRESENTATION('',(#2100),#2113);
#2100 = B_SPLINE_CURVE_WITH_KNOTS('',11,(#2101,#2102,#2103,#2104,#2105,
    #2106,#2107,#2108,#2109,#2110,#2111,#2112),.UNSPECIFIED.,.F.,.F.,(12
    ,12),(4.,5.),.PIECEWISE_BEZIER_KNOTS.);
#2101 = CARTESIAN_POINT('',(4.958577760547,-6.856238925925));
#2102 = CARTESIAN_POINT('',(9.180911137402,-1.824257954926));
#2103 = CARTESIAN_POINT('',(14.984087661816,1.881237443669));
#2104 = CARTESIAN_POINT('',(21.905079499854,3.70843294044));
#2105 = CARTESIAN_POINT('',(29.264144126016,3.287321536365));
#2106 = CARTESIAN_POINT('',(36.246500003312,0.52706882336));
#2107 = CARTESIAN_POINT('',(42.034670177964,-4.32978263535));
#2108 = CARTESIAN_POINT('',(45.965461823896,-10.72674798412));
#2109 = CARTESIAN_POINT('',(47.658063761189,-17.90088665494));
#2110 = CARTESIAN_POINT('',(47.060445090018,-25.03402224385));
#2111 = CARTESIAN_POINT('',(44.418955520877,-31.3924880005));
#2112 = CARTESIAN_POINT('',(40.19662214402,-36.4244689715));
#2113 = ( GEOMETRIC_REPRESENTATION_CONTEXT(2) 
PARAMETRIC_REPRESENTATION_CONTEXT() REPRESENTATION_CONTEXT('2D SPACE',''
  ) );
#2114 = ORIENTED_EDGE('',*,*,#2115,.T.);
#2115 = EDGE_CURVE('',#2075,#2116,#2118,.T.);
#2116 = VERTEX_POINT('',#2117);
#2117 = CARTESIAN_POINT('',(59.,1.040330798639E-15,0.));
#2118 = SURFACE_CURVE('',#2119,(#2132,#2139),.PCURVE_S1.);
#2119 = B_SPLINE_CURVE_WITH_KNOTS('',11,(#2120,#2121,#2122,#2123,#2124,
    #2125,#2126,#2127,#2128,#2129,#2130,#2131),.UNSPECIFIED.,.F.,.F.,(12
    ,12),(4.,5.),.PIECEWISE_BEZIER_KNOTS.);
#2120 = CARTESIAN_POINT('',(13.,3.552713678801E-15,0.));
#2121 = CARTESIAN_POINT('',(12.999999999999,6.568784639323,0.));
#2122 = CARTESIAN_POINT('',(15.063644598998,13.137568765136,0.));
#2123 = CARTESIAN_POINT('',(19.1909333116,18.986009522162,0.));
#2124 = CARTESIAN_POINT('',(25.098989067861,23.393735031716,0.));
#2125 = CARTESIAN_POINT('',(32.222040231066,25.767430623662,0.));
#2126 = CARTESIAN_POINT('',(39.777959768932,25.767430623687,0.));
#2127 = CARTESIAN_POINT('',(46.901010932145,23.393735031697,0.));
#2128 = CARTESIAN_POINT('',(52.809066688395,18.986009522174,0.));
#2129 = CARTESIAN_POINT('',(56.936355401005,13.137568765131,0.));
#2130 = CARTESIAN_POINT('',(59.,6.568784639324,0.));
#2131 = CARTESIAN_POINT('',(59.,1.040330798639E-15,0.));
#2132 = PCURVE('',#569,#2133);
#2133 = DEFINITIONAL_REPRESENTATION('',(#2134),#2138);
#2134 = LINE('',#2135,#2136);
#2135 = CARTESIAN_POINT('',(0.,0.));
#2136 = VECTOR('',#2137,1.);
#2137 = DIRECTION('',(1.,0.));
#2138 = ( GEOMETRIC_REPRESENTATION_CONTEXT(2) 
PARAMETRIC_REPRESENTATION_CONTEXT() REPRESENTATION_CONTEXT('2D SPACE',''
  ) );
#2139 = PCURVE('',#1632,#2140);
#2140 = DEFINITIONAL_REPRESENTATION('',(#2141),#2154);
#2141 = B_SPLINE_CURVE_WITH_KNOTS('',11,(#2142,#2143,#2144,#2145,#2146,
    #2147,#2148,#2149,#2150,#2151,#2152,#2153),.UNSPECIFIED.,.F.,.F.,(12
    ,12),(4.,5.),.PIECEWISE_BEZIER_KNOTS.);
#2142 = CARTESIAN_POINT('',(13.,3.569736349873E-15));
#2143 = CARTESIAN_POINT('',(12.999999999999,6.568784639323));
#2144 = CARTESIAN_POINT('',(15.063644598998,13.137568765136));
#2145 = CARTESIAN_POINT('',(19.1909333116,18.986009522162));
#2146 = CARTESIAN_POINT('',(25.098989067861,23.393735031716));
#2147 = CARTESIAN_POINT('',(32.222040231066,25.767430623662));
#2148 = CARTESIAN_POINT('',(39.777959768932,25.767430623687));
#2149 = CARTESIAN_POINT('',(46.901010932145,23.393735031697));
#2150 = CARTESIAN_POINT('',(52.809066688395,18.986009522174));
#2151 = CARTESIAN_POINT('',(56.936355401005,13.137568765131));
#2152 = CARTESIAN_POINT('',(59.,6.568784639324));
#2153 = CARTESIAN_POINT('',(59.,1.057353469712E-15));
#2154 = ( GEOMETRIC_REPRESENTATION_CONTEXT(2) 
PARAMETRIC_REPRESENTATION_CONTEXT() REPRESENTATION_CONTEXT('2D SPACE',''
  ) );
#2155 = ORIENTED_EDGE('',*,*,#2156,.T.);
#2156 = EDGE_CURVE('',#2116,#2157,#2159,.T.);
#2157 = VERTEX_POINT('',#2158);
#2158 = CARTESIAN_POINT('',(29.5,51.095498823282,70.));
#2159 = SURFACE_CURVE('',#2160,(#2169,#2176),.PCURVE_S1.);
#2160 = ( BOUNDED_CURVE() B_SPLINE_CURVE(7,(#2161,#2162,#2163,#2164,
    #2165,#2166,#2167,#2168),.UNSPECIFIED.,.F.,.F.) 
B_SPLINE_CURVE_WITH_KNOTS((8,8),(0.,1.),.PIECEWISE_BEZIER_KNOTS.) CURVE(
) GEOMETRIC_REPRESENTATION_ITEM() RATIONAL_B_SPLINE_CURVE((1.,1.,1.,1.,
1.,1.,1.,1.)) REPRESENTATION_ITEM('') );
#2161 = CARTESIAN_POINT('',(59.,1.040330798639E-15,0.));
#2162 = CARTESIAN_POINT('',(59.00000139688,8.826380069657,
    10.000000000003));
#2163 = CARTESIAN_POINT('',(57.459499966496,17.652755634509,
    19.99999999999));
#2164 = CARTESIAN_POINT('',(54.378535580097,26.15650581542,
    30.000000000016));
#2165 = CARTESIAN_POINT('',(49.84146630051,34.014940325293,
    39.999999999985));
#2166 = CARTESIAN_POINT('',(44.017484809491,40.935008842456,
    50.000000000008));
#2167 = CARTESIAN_POINT('',(37.143870062231,46.682309998194,
    59.999999999998));
#2168 = CARTESIAN_POINT('',(29.5,51.095498823282,70.));
#2169 = PCURVE('',#569,#2170);
#2170 = DEFINITIONAL_REPRESENTATION('',(#2171),#2175);
#2171 = LINE('',#2172,#2173);
#2172 = CARTESIAN_POINT('',(5.,0.));
#2173 = VECTOR('',#2174,1.);
#2174 = DIRECTION('',(0.,1.));
#2175 = ( GEOMETRIC_REPRESENTATION_CONTEXT(2) 
PARAMETRIC_REPRESENTATION_CONTEXT() REPRESENTATION_CONTEXT('2D SPACE',''
  ) );
#2176 = PCURVE('',#1503,#2177);
#2177 = DEFINITIONAL_REPRESENTATION('',(#2178),#2182);
#2178 = LINE('',#2179,#2180);
#2179 = CARTESIAN_POINT('',(5.,0.));
#2180 = VECTOR('',#2181,1.);
#2181 = DIRECTION('',(0.,1.));
#2182 = ( GEOMETRIC_REPRESENTATION_CONTEXT(2) 
PARAMETRIC_REPRESENTATION_CONTEXT() REPRESENTATION_CONTEXT('2D SPACE',''
  ) );
#2183 = ORIENTED_EDGE('',*,*,#2184,.F.);
#2184 = EDGE_CURVE('',#2185,#2157,#2187,.T.);
#2185 = VERTEX_POINT('',#2186);
#2186 = CARTESIAN_POINT('',(-0.110903815566,16.999638241555,70.));
#2187 = SURFACE_CURVE('',#2188,(#2201,#2208),.PCURVE_S1.);
#2188 = B_SPLINE_CURVE_WITH_KNOTS('',11,(#2189,#2190,#2191,#2192,#2193,
    #2194,#2195,#2196,#2197,#2198,#2199,#2200),.UNSPECIFIED.,.F.,.F.,(12
    ,12),(4.,5.),.PIECEWISE_BEZIER_KNOTS.);
#2189 = CARTESIAN_POINT('',(6.5,11.258330249198,70.));
#2190 = CARTESIAN_POINT('',(0.811265630357,14.542722568859,
    69.999999999996));
#2191 = CARTESIAN_POINT('',(-3.845645995073,19.61428327888,
    70.000000000015));
#2192 = CARTESIAN_POINT('',(-6.846899906888,26.112840531259,
    69.999999999967));
#2193 = CARTESIAN_POINT('',(-7.710074292934,33.433229657936,
    70.000000000052));
#2194 = CARTESIAN_POINT('',(-6.204229394816,40.788820713694,
    69.999999999939));
#2195 = CARTESIAN_POINT('',(-2.426269625895,47.332438982459,
    70.000000000057));
#2196 = CARTESIAN_POINT('',(3.190936639217,52.314334446252,
    69.999999999958));
#2197 = CARTESIAN_POINT('',(9.962166781504,55.226998063388,
    70.000000000024));
#2198 = CARTESIAN_POINT('',(17.090709405933,55.877114558734,
    69.99999999999));
#2199 = CARTESIAN_POINT('',(23.811265630356,54.379891142945,
    70.000000000002));
#2200 = CARTESIAN_POINT('',(29.5,51.095498823282,70.));
#2201 = PCURVE('',#569,#2202);
#2202 = DEFINITIONAL_REPRESENTATION('',(#2203),#2207);
#2203 = LINE('',#2204,#2205);
#2204 = CARTESIAN_POINT('',(0.,1.));
#2205 = VECTOR('',#2206,1.);
#2206 = DIRECTION('',(1.,0.));
#2207 = ( GEOMETRIC_REPRESENTATION_CONTEXT(2) 
PARAMETRIC_REPRESENTATION_CONTEXT() REPRESENTATION_CONTEXT('2D SPACE',''
  ) );
#2208 = PCURVE('',#1848,#2209);
#2209 = DEFINITIONAL_REPRESENTATION('',(#2210),#2223);
#2210 = B_SPLINE_CURVE_WITH_KNOTS('',11,(#2211,#2212,#2213,#2214,#2215,
    #2216,#2217,#2218,#2219,#2220,#2221,#2222),.UNSPECIFIED.,.F.,.F.,(12
    ,12),(4.,5.),.PIECEWISE_BEZIER_KNOTS.);
#2211 = CARTESIAN_POINT('',(40.045701514971,26.463971549521));
#2212 = CARTESIAN_POINT('',(36.424115477263,31.944212986657));
#2213 = CARTESIAN_POINT('',(31.080861063411,36.286699162955));
#2214 = CARTESIAN_POINT('',(24.413087278953,38.890458784143));
#2215 = CARTESIAN_POINT('',(17.053958949118,39.310455464738));
#2216 = CARTESIAN_POINT('',(9.802604920581,37.363623836281));
#2217 = CARTESIAN_POINT('',(3.498811202131,33.197798009612));
#2218 = CARTESIAN_POINT('',(-1.135150634197,27.290286999346));
#2219 = CARTESIAN_POINT('',(-3.634032193924,20.355681175158));
#2220 = CARTESIAN_POINT('',(-3.852932236583,13.200902759501));
#2221 = CARTESIAN_POINT('',(-1.953015141252,6.582906918365));
#2222 = CARTESIAN_POINT('',(1.668570896457,1.10266548123));
#2223 = ( GEOMETRIC_REPRESENTATION_CONTEXT(2) 
PARAMETRIC_REPRESENTATION_CONTEXT() REPRESENTATION_CONTEXT('2D SPACE',''
  ) );
#2224 = ORIENTED_EDGE('',*,*,#2225,.F.);
#2225 = EDGE_CURVE('',#2226,#2185,#2228,.T.);
#2226 = VERTEX_POINT('',#2227);
#2227 = CARTESIAN_POINT('',(0.778940555423,16.982145082737,66.5));
#2228 = SURFACE_CURVE('',#2229,(#2235,#2244),.PCURVE_S1.);
#2229 = B_SPLINE_CURVE_WITH_KNOTS('',4,(#2230,#2231,#2232,#2233,#2234),
  .UNSPECIFIED.,.F.,.F.,(5,5),(0.,1.),.PIECEWISE_BEZIER_KNOTS.);
#2230 = CARTESIAN_POINT('',(0.778940707854,16.982145075745,66.4999994));
#2231 = CARTESIAN_POINT('',(0.556644914705,16.992341387324,
    67.374999552218));
#2232 = CARTESIAN_POINT('',(0.334171150877,16.998657905187,
    68.249999703916));
#2233 = CARTESIAN_POINT('',(0.111621010902,17.001089969641,69.1249998539
    ));
#2234 = CARTESIAN_POINT('',(-0.110903815564,16.999638241554,70.));
#2235 = PCURVE('',#569,#2236);
#2236 = DEFINITIONAL_REPRESENTATION('',(#2237),#2243);
#2237 = B_SPLINE_CURVE_WITH_KNOTS('',4,(#2238,#2239,#2240,#2241,#2242),
  .UNSPECIFIED.,.F.,.F.,(5,5),(0.,1.),.PIECEWISE_BEZIER_KNOTS.);
#2238 = CARTESIAN_POINT('',(4.121922450642,0.949999991429));
#2239 = CARTESIAN_POINT('',(4.121922450583,0.962499993603));
#2240 = CARTESIAN_POINT('',(4.121922450625,0.97499999577));
#2241 = CARTESIAN_POINT('',(4.121922450855,0.987499997913));
#2242 = CARTESIAN_POINT('',(4.121922451471,1.));
#2243 = ( GEOMETRIC_REPRESENTATION_CONTEXT(2) 
PARAMETRIC_REPRESENTATION_CONTEXT() REPRESENTATION_CONTEXT('2D SPACE',''
  ) );
#2244 = PCURVE('',#2245,#2250);
#2245 = CYLINDRICAL_SURFACE('',#2246,17.);
#2246 = AXIS2_PLACEMENT_3D('',#2247,#2248,#2249);
#2247 = CARTESIAN_POINT('',(0.,0.,66.5));
#2248 = DIRECTION('',(-0.,-0.,-1.));
#2249 = DIRECTION('',(1.,0.,0.));
#2250 = DEFINITIONAL_REPRESENTATION('',(#2251),#2257);
#2251 = B_SPLINE_CURVE_WITH_KNOTS('',4,(#2252,#2253,#2254,#2255,#2256),
  .UNSPECIFIED.,.F.,.F.,(5,5),(0.,1.),.PIECEWISE_BEZIER_KNOTS.);
#2252 = CARTESIAN_POINT('',(-1.524960236975,5.999999999062E-07));
#2253 = CARTESIAN_POINT('',(-1.538050208363,-0.874999552218));
#2254 = CARTESIAN_POINT('',(-1.551140180152,-1.749999703916));
#2255 = CARTESIAN_POINT('',(-1.564230152699,-2.6249998539));
#2256 = CARTESIAN_POINT('',(-1.577320126927,-3.5));
#2257 = ( GEOMETRIC_REPRESENTATION_CONTEXT(2) 
PARAMETRIC_REPRESENTATION_CONTEXT() REPRESENTATION_CONTEXT('2D SPACE',''
  ) );
#2258 = ORIENTED_EDGE('',*,*,#2259,.T.);
#2259 = EDGE_CURVE('',#2226,#2260,#2262,.T.);
#2260 = VERTEX_POINT('',#2261);
#2261 = CARTESIAN_POINT('',(7.080307488696,10.902717404785,66.5));
#2262 = SURFACE_CURVE('',#2263,(#2271,#2282),.PCURVE_S1.);
#2263 = B_SPLINE_CURVE_WITH_KNOTS('',6,(#2264,#2265,#2266,#2267,#2268,
    #2269,#2270),.UNSPECIFIED.,.F.,.F.,(7,7),(0.,1.),
  .PIECEWISE_BEZIER_KNOTS.);
#2264 = CARTESIAN_POINT('',(0.766425957044,17.,66.5));
#2265 = CARTESIAN_POINT('',(1.610663629676,15.794287639569,66.5));
#2266 = CARTESIAN_POINT('',(2.547538721153,14.653343726703,66.5));
#2267 = CARTESIAN_POINT('',(3.570746015496,13.586211551988,66.5));
#2268 = CARTESIAN_POINT('',(4.67293139079,12.600863069354,66.5));
#2269 = CARTESIAN_POINT('',(5.845871136531,11.704369747413,66.5));
#2270 = CARTESIAN_POINT('',(7.080307488696,10.902717404785,66.5));
#2271 = PCURVE('',#569,#2272);
#2272 = DEFINITIONAL_REPRESENTATION('',(#2273),#2281);
#2273 = B_SPLINE_CURVE_WITH_KNOTS('',6,(#2274,#2275,#2276,#2277,#2278,
    #2279,#2280),.UNSPECIFIED.,.F.,.F.,(7,7),(0.,1.),
  .PIECEWISE_BEZIER_KNOTS.);
#2274 = CARTESIAN_POINT('',(4.122224208051,0.95));
#2275 = CARTESIAN_POINT('',(4.101853806707,0.95));
#2276 = CARTESIAN_POINT('',(4.081482325492,0.95));
#2277 = CARTESIAN_POINT('',(4.061112104247,0.95));
#2278 = CARTESIAN_POINT('',(4.04074188315,0.95));
#2279 = CARTESIAN_POINT('',(4.020370401577,0.95));
#2280 = CARTESIAN_POINT('',(4.,0.95));
#2281 = ( GEOMETRIC_REPRESENTATION_CONTEXT(2) 
PARAMETRIC_REPRESENTATION_CONTEXT() REPRESENTATION_CONTEXT('2D SPACE',''
  ) );
#2282 = PCURVE('',#2283,#2288);
#2283 = PLANE('',#2284);
#2284 = AXIS2_PLACEMENT_3D('',#2285,#2286,#2287);
#2285 = CARTESIAN_POINT('',(-1.608753097105E-15,-6.939665195168E-16,66.5
    ));
#2286 = DIRECTION('',(0.,0.,1.));
#2287 = DIRECTION('',(1.,0.,-0.));
#2288 = DEFINITIONAL_REPRESENTATION('',(#2289),#2297);
#2289 = B_SPLINE_CURVE_WITH_KNOTS('',6,(#2290,#2291,#2292,#2293,#2294,
    #2295,#2296),.UNSPECIFIED.,.F.,.F.,(7,7),(0.,1.),
  .PIECEWISE_BEZIER_KNOTS.);
#2290 = CARTESIAN_POINT('',(0.766425957044,17.));
#2291 = CARTESIAN_POINT('',(1.610663629676,15.794287639569));
#2292 = CARTESIAN_POINT('',(2.547538721153,14.653343726703));
#2293 = CARTESIAN_POINT('',(3.570746015496,13.586211551988));
#2294 = CARTESIAN_POINT('',(4.67293139079,12.600863069354));
#2295 = CARTESIAN_POINT('',(5.845871136531,11.704369747413));
#2296 = CARTESIAN_POINT('',(7.080307488696,10.902717404785));
#2297 = ( GEOMETRIC_REPRESENTATION_CONTEXT(2) 
PARAMETRIC_REPRESENTATION_CONTEXT() REPRESENTATION_CONTEXT('2D SPACE',''
  ) );
#2298 = ORIENTED_EDGE('',*,*,#2299,.F.);
#2299 = EDGE_CURVE('',#2300,#2260,#2302,.T.);
#2300 = VERTEX_POINT('',#2301);
#2301 = CARTESIAN_POINT('',(12.986909901386,0.583242813284,3.));
#2302 = SURFACE_CURVE('',#2303,(#2312,#2319),.PCURVE_S1.);
#2303 = ( BOUNDED_CURVE() B_SPLINE_CURVE(7,(#2304,#2305,#2306,#2307,
    #2308,#2309,#2310,#2311),.UNSPECIFIED.,.F.,.F.) 
B_SPLINE_CURVE_WITH_KNOTS((8,8),(0.,1.),.PIECEWISE_BEZIER_KNOTS.) CURVE(
) GEOMETRIC_REPRESENTATION_ITEM() RATIONAL_B_SPLINE_CURVE((1.,1.,1.,1.,
1.,1.,1.,1.)) REPRESENTATION_ITEM('') );
#2304 = CARTESIAN_POINT('',(13.,3.552713678801E-15,0.));
#2305 = CARTESIAN_POINT('',(13.000000307788,1.94479560857,
    10.000000000003));
#2306 = CARTESIAN_POINT('',(12.660567789225,3.889590224548,
    19.99999999999));
#2307 = CARTESIAN_POINT('',(11.981711229518,5.763297891541,
    30.000000000016));
#2308 = CARTESIAN_POINT('',(10.982017998412,7.494817359802,
    39.999999999985));
#2309 = CARTESIAN_POINT('',(9.698767839382,9.019578219529,
    50.000000000008));
#2310 = CARTESIAN_POINT('',(8.184242556084,10.285932711465,
    59.999999999998));
#2311 = CARTESIAN_POINT('',(6.5,11.258330249198,70.));
#2312 = PCURVE('',#569,#2313);
#2313 = DEFINITIONAL_REPRESENTATION('',(#2314),#2318);
#2314 = LINE('',#2315,#2316);
#2315 = CARTESIAN_POINT('',(4.,0.));
#2316 = VECTOR('',#2317,1.);
#2317 = DIRECTION('',(0.,1.));
#2318 = ( GEOMETRIC_REPRESENTATION_CONTEXT(2) 
PARAMETRIC_REPRESENTATION_CONTEXT() REPRESENTATION_CONTEXT('2D SPACE',''
  ) );
#2319 = PCURVE('',#311,#2320);
#2320 = DEFINITIONAL_REPRESENTATION('',(#2321),#2325);
#2321 = LINE('',#2322,#2323);
#2322 = CARTESIAN_POINT('',(4.,0.));
#2323 = VECTOR('',#2324,1.);
#2324 = DIRECTION('',(0.,1.));
#2325 = ( GEOMETRIC_REPRESENTATION_CONTEXT(2) 
PARAMETRIC_REPRESENTATION_CONTEXT() REPRESENTATION_CONTEXT('2D SPACE',''
  ) );
#2326 = ORIENTED_EDGE('',*,*,#2327,.F.);
#2327 = EDGE_CURVE('',#2045,#2300,#2328,.T.);
#2328 = SURFACE_CURVE('',#2329,(#2335,#2344),.PCURVE_S1.);
#2329 = B_SPLINE_CURVE_WITH_KNOTS('',4,(#2330,#2331,#2332,#2333,#2334),
  .UNSPECIFIED.,.F.,.F.,(5,5),(0.,1.),.PIECEWISE_BEZIER_KNOTS.);
#2330 = CARTESIAN_POINT('',(12.969437992912,2.126598004619,3.));
#2331 = CARTESIAN_POINT('',(12.960855716117,1.740757510451,3.));
#2332 = CARTESIAN_POINT('',(12.960905885885,1.354724910757,3.));
#2333 = CARTESIAN_POINT('',(12.969594949349,0.968790164977,3.));
#2334 = CARTESIAN_POINT('',(12.986909901386,0.583242813284,3.));
#2335 = PCURVE('',#569,#2336);
#2336 = DEFINITIONAL_REPRESENTATION('',(#2337),#2343);
#2337 = B_SPLINE_CURVE_WITH_KNOTS('',4,(#2338,#2339,#2340,#2341,#2342),
  .UNSPECIFIED.,.F.,.F.,(5,5),(0.,1.),.PIECEWISE_BEZIER_KNOTS.);
#2338 = CARTESIAN_POINT('',(4.021364735983,4.285714285714E-02));
#2339 = CARTESIAN_POINT('',(4.016023552399,4.285714285714E-02));
#2340 = CARTESIAN_POINT('',(4.010682367821,4.285714285714E-02));
#2341 = CARTESIAN_POINT('',(4.005341184012,4.285714285714E-02));
#2342 = CARTESIAN_POINT('',(4.,4.285714285714E-02));
#2343 = ( GEOMETRIC_REPRESENTATION_CONTEXT(2) 
PARAMETRIC_REPRESENTATION_CONTEXT() REPRESENTATION_CONTEXT('2D SPACE',''
  ) );
#2344 = PCURVE('',#2345,#2350);
#2345 = PLANE('',#2346);
#2346 = AXIS2_PLACEMENT_3D('',#2347,#2348,#2349);
#2347 = CARTESIAN_POINT('',(-1.093952106032E-15,2.775209066E-16,3.));
#2348 = DIRECTION('',(0.,0.,1.));
#2349 = DIRECTION('',(1.,0.,-0.));
#2350 = DEFINITIONAL_REPRESENTATION('',(#2351),#2357);
#2351 = B_SPLINE_CURVE_WITH_KNOTS('',4,(#2352,#2353,#2354,#2355,#2356),
  .UNSPECIFIED.,.F.,.F.,(5,5),(0.,1.),.PIECEWISE_BEZIER_KNOTS.);
#2352 = CARTESIAN_POINT('',(12.969437992912,2.126598004619));
#2353 = CARTESIAN_POINT('',(12.960855716117,1.740757510451));
#2354 = CARTESIAN_POINT('',(12.960905885885,1.354724910757));
#2355 = CARTESIAN_POINT('',(12.969594949349,0.968790164977));
#2356 = CARTESIAN_POINT('',(12.986909901386,0.583242813284));
#2357 = ( GEOMETRIC_REPRESENTATION_CONTEXT(2) 
PARAMETRIC_REPRESENTATION_CONTEXT() REPRESENTATION_CONTEXT('2D SPACE',''
  ) );
#2358 = ADVANCED_FACE('',(#2359),#513,.T.);
#2359 = FACE_BOUND('',#2360,.T.);
#2360 = EDGE_LOOP('',(#2361,#2405,#2424,#2425,#2426));
#2361 = ORIENTED_EDGE('',*,*,#2362,.F.);
#2362 = EDGE_CURVE('',#2363,#2365,#2367,.T.);
#2363 = VERTEX_POINT('',#2364);
#2364 = CARTESIAN_POINT('',(14.,1.5,0.));
#2365 = VERTEX_POINT('',#2366);
#2366 = CARTESIAN_POINT('',(13.918605171776,2.126598004619,3.));
#2367 = SURFACE_CURVE('',#2368,(#2376,#2383),.PCURVE_S1.);
#2368 = ( BOUNDED_CURVE() B_SPLINE_CURVE(6,(#2369,#2370,#2371,#2372,
#2373,#2374,#2375),.UNSPECIFIED.,.F.,.F.) B_SPLINE_CURVE_WITH_KNOTS((7,7
),(0.,1.),.PIECEWISE_BEZIER_KNOTS.) CURVE() 
GEOMETRIC_REPRESENTATION_ITEM() RATIONAL_B_SPLINE_CURVE((1.,1.,1.,1.,1.,
1.,1.)) REPRESENTATION_ITEM('') );
#2369 = CARTESIAN_POINT('',(14.,1.5,0.));
#2370 = CARTESIAN_POINT('',(13.738196306541,3.943467593002,
    11.666666666667));
#2371 = CARTESIAN_POINT('',(12.964662867973,6.332060628354,
    23.333333333333));
#2372 = CARTESIAN_POINT('',(11.693636636233,8.531994162904,
    35.000000000001));
#2373 = CARTESIAN_POINT('',(9.986543389203,10.413761386593,
    46.666666666666));
#2374 = CARTESIAN_POINT('',(7.947965855932,11.879343970399,
    58.333333333333));
#2375 = CARTESIAN_POINT('',(5.700961894323,12.874355652982,70.));
#2376 = PCURVE('',#513,#2377);
#2377 = DEFINITIONAL_REPRESENTATION('',(#2378),#2382);
#2378 = LINE('',#2379,#2380);
#2379 = CARTESIAN_POINT('',(2.,0.));
#2380 = VECTOR('',#2381,1.);
#2381 = DIRECTION('',(0.,1.));
#2382 = ( GEOMETRIC_REPRESENTATION_CONTEXT(2) 
PARAMETRIC_REPRESENTATION_CONTEXT() REPRESENTATION_CONTEXT('2D SPACE',''
  ) );
#2383 = PCURVE('',#2384,#2399);
#2384 = ( BOUNDED_SURFACE() B_SPLINE_SURFACE(1,6,(
    (#2385,#2386,#2387,#2388,#2389,#2390,#2391)
    ,(#2392,#2393,#2394,#2395,#2396,#2397,#2398
)),.UNSPECIFIED.,.F.,.F.,.F.) B_SPLINE_SURFACE_WITH_KNOTS((2,2),(7,7),(
    1.,2.),(0.,1.),.PIECEWISE_BEZIER_KNOTS.) 
GEOMETRIC_REPRESENTATION_ITEM() RATIONAL_B_SPLINE_SURFACE((
    (1.,1.,1.,1.,1.,1.,1.)
,(1.,1.,1.,1.,1.,1.,1.))) REPRESENTATION_ITEM('') SURFACE() );
#2385 = CARTESIAN_POINT('',(14.,-1.5,0.));
#2386 = CARTESIAN_POINT('',(14.261796586625,0.943468354449,
    11.666666666667));
#2387 = CARTESIAN_POINT('',(14.01185360434,3.441719577749,
    23.333333333333));
#2388 = CARTESIAN_POINT('',(13.235742008132,5.86098930815,
    35.000000000001));
#2389 = CARTESIAN_POINT('',(11.966056796443,8.061697080988,
    46.666666666666));
#2390 = CARTESIAN_POINT('',(10.284241267811,9.925893207141,
    58.333333333333));
#2391 = CARTESIAN_POINT('',(8.299038105677,11.374355652982,70.));
#2392 = CARTESIAN_POINT('',(14.,1.5,0.));
#2393 = CARTESIAN_POINT('',(13.738196306541,3.943467593002,
    11.666666666667));
#2394 = CARTESIAN_POINT('',(12.964662867973,6.332060628354,
    23.333333333333));
#2395 = CARTESIAN_POINT('',(11.693636636233,8.531994162904,
    35.000000000001));
#2396 = CARTESIAN_POINT('',(9.986543389203,10.413761386593,
    46.666666666666));
#2397 = CARTESIAN_POINT('',(7.947965855932,11.879343970399,
    58.333333333333));
#2398 = CARTESIAN_POINT('',(5.700961894323,12.874355652982,70.));
#2399 = DEFINITIONAL_REPRESENTATION('',(#2400),#2404);
#2400 = LINE('',#2401,#2402);
#2401 = CARTESIAN_POINT('',(2.,0.));
#2402 = VECTOR('',#2403,1.);
#2403 = DIRECTION('',(0.,1.));
#2404 = ( GEOMETRIC_REPRESENTATION_CONTEXT(2) 
PARAMETRIC_REPRESENTATION_CONTEXT() REPRESENTATION_CONTEXT('2D SPACE',''
  ) );
#2405 = ORIENTED_EDGE('',*,*,#2406,.T.);
#2406 = EDGE_CURVE('',#2363,#476,#2407,.T.);
#2407 = SURFACE_CURVE('',#2408,(#2411,#2418),.PCURVE_S1.);
#2408 = B_SPLINE_CURVE_WITH_KNOTS('',1,(#2409,#2410),.UNSPECIFIED.,.F.,
  .F.,(2,2),(2.,3.),.PIECEWISE_BEZIER_KNOTS.);
#2409 = CARTESIAN_POINT('',(14.,1.5,0.));
#2410 = CARTESIAN_POINT('',(4.,1.5,0.));
#2411 = PCURVE('',#513,#2412);
#2412 = DEFINITIONAL_REPRESENTATION('',(#2413),#2417);
#2413 = LINE('',#2414,#2415);
#2414 = CARTESIAN_POINT('',(0.,0.));
#2415 = VECTOR('',#2416,1.);
#2416 = DIRECTION('',(1.,0.));
#2417 = ( GEOMETRIC_REPRESENTATION_CONTEXT(2) 
PARAMETRIC_REPRESENTATION_CONTEXT() REPRESENTATION_CONTEXT('2D SPACE',''
  ) );
#2418 = PCURVE('',#1959,#2419);
#2419 = DEFINITIONAL_REPRESENTATION('',(#2420),#2423);
#2420 = B_SPLINE_CURVE_WITH_KNOTS('',1,(#2421,#2422),.UNSPECIFIED.,.F.,
  .F.,(2,2),(2.,3.),.PIECEWISE_BEZIER_KNOTS.);
#2421 = CARTESIAN_POINT('',(6.688803618196,-6.349959870933));
#2422 = CARTESIAN_POINT('',(-0.971640812994,7.791622593231E-02));
#2423 = ( GEOMETRIC_REPRESENTATION_CONTEXT(2) 
PARAMETRIC_REPRESENTATION_CONTEXT() REPRESENTATION_CONTEXT('2D SPACE',''
  ) );
#2424 = ORIENTED_EDGE('',*,*,#499,.T.);
#2425 = ORIENTED_EDGE('',*,*,#2044,.T.);
#2426 = ORIENTED_EDGE('',*,*,#2427,.T.);
#2427 = EDGE_CURVE('',#2045,#2365,#2428,.T.);
#2428 = SURFACE_CURVE('',#2429,(#2435,#2444),.PCURVE_S1.);
#2429 = B_SPLINE_CURVE_WITH_KNOTS('',4,(#2430,#2431,#2432,#2433,#2434),
  .UNSPECIFIED.,.F.,.F.,(5,5),(0.,1.),.PIECEWISE_BEZIER_KNOTS.);
#2430 = CARTESIAN_POINT('',(3.928674810526,1.677949111454,3.));
#2431 = CARTESIAN_POINT('',(6.426157400838,1.790111334745,3.));
#2432 = CARTESIAN_POINT('',(8.923639991151,1.902273558036,3.));
#2433 = CARTESIAN_POINT('',(11.421122581464,2.014435781328,3.));
#2434 = CARTESIAN_POINT('',(13.918605171776,2.126598004619,3.));
#2435 = PCURVE('',#513,#2436);
#2436 = DEFINITIONAL_REPRESENTATION('',(#2437),#2443);
#2437 = B_SPLINE_CURVE_WITH_KNOTS('',4,(#2438,#2439,#2440,#2441,#2442),
  .UNSPECIFIED.,.F.,.F.,(5,5),(0.,1.),.PIECEWISE_BEZIER_KNOTS.);
#2438 = CARTESIAN_POINT('',(3.,4.285714285714E-02));
#2439 = CARTESIAN_POINT('',(2.75,4.285714285714E-02));
#2440 = CARTESIAN_POINT('',(2.5,4.285714285714E-02));
#2441 = CARTESIAN_POINT('',(2.25,4.285714285714E-02));
#2442 = CARTESIAN_POINT('',(2.,4.285714285714E-02));
#2443 = ( GEOMETRIC_REPRESENTATION_CONTEXT(2) 
PARAMETRIC_REPRESENTATION_CONTEXT() REPRESENTATION_CONTEXT('2D SPACE',''
  ) );
#2444 = PCURVE('',#2345,#2445);
#2445 = DEFINITIONAL_REPRESENTATION('',(#2446),#2452);
#2446 = B_SPLINE_CURVE_WITH_KNOTS('',4,(#2447,#2448,#2449,#2450,#2451),
  .UNSPECIFIED.,.F.,.F.,(5,5),(0.,1.),.PIECEWISE_BEZIER_KNOTS.);
#2447 = CARTESIAN_POINT('',(3.928674810526,1.677949111454));
#2448 = CARTESIAN_POINT('',(6.426157400838,1.790111334745));
#2449 = CARTESIAN_POINT('',(8.923639991151,1.902273558036));
#2450 = CARTESIAN_POINT('',(11.421122581464,2.014435781328));
#2451 = CARTESIAN_POINT('',(13.918605171776,2.126598004619));
#2452 = ( GEOMETRIC_REPRESENTATION_CONTEXT(2) 
PARAMETRIC_REPRESENTATION_CONTEXT() REPRESENTATION_CONTEXT('2D SPACE',''
  ) );
#2453 = ADVANCED_FACE('',(#2454),#429,.T.);
#2454 = FACE_BOUND('',#2455,.T.);
#2455 = EDGE_LOOP('',(#2456,#2485,#2486,#2507,#2534));
#2456 = ORIENTED_EDGE('',*,*,#2457,.T.);
#2457 = EDGE_CURVE('',#2458,#278,#2460,.T.);
#2458 = VERTEX_POINT('',#2459);
#2459 = CARTESIAN_POINT('',(13.035780292671,-0.916073529746,3.));
#2460 = SURFACE_CURVE('',#2461,(#2467,#2476),.PCURVE_S1.);
#2461 = B_SPLINE_CURVE_WITH_KNOTS('',4,(#2462,#2463,#2464,#2465,#2466),
  .UNSPECIFIED.,.F.,.F.,(5,5),(0.,1.),.PIECEWISE_BEZIER_KNOTS.);
#2462 = CARTESIAN_POINT('',(13.035780868254,-0.916065339122,3.000042));
#2463 = CARTESIAN_POINT('',(13.025502495865,-1.062328539205,
    2.250031466194));
#2464 = CARTESIAN_POINT('',(13.013035997251,-1.208438058019,
    1.500020948462));
#2465 = CARTESIAN_POINT('',(12.998384817076,-1.354344825133,
    0.750010455238));
#2466 = CARTESIAN_POINT('',(12.981554586808,-1.5,-3.552713678801E-15));
#2467 = PCURVE('',#429,#2468);
#2468 = DEFINITIONAL_REPRESENTATION('',(#2469),#2475);
#2469 = B_SPLINE_CURVE_WITH_KNOTS('',4,(#2470,#2471,#2472,#2473,#2474),
  .UNSPECIFIED.,.F.,.F.,(5,5),(0.,1.),.PIECEWISE_BEZIER_KNOTS.);
#2470 = CARTESIAN_POINT('',(0.898155491554,4.285774285714E-02));
#2471 = CARTESIAN_POINT('',(0.898155491485,3.214330665991E-02));
#2472 = CARTESIAN_POINT('',(0.898155487907,2.142887069231E-02));
#2473 = CARTESIAN_POINT('',(0.89815547853,1.071443507483E-02));
#2474 = CARTESIAN_POINT('',(0.898155458681,0.));
#2475 = ( GEOMETRIC_REPRESENTATION_CONTEXT(2) 
PARAMETRIC_REPRESENTATION_CONTEXT() REPRESENTATION_CONTEXT('2D SPACE',''
  ) );
#2476 = PCURVE('',#311,#2477);
#2477 = DEFINITIONAL_REPRESENTATION('',(#2478),#2484);
#2478 = B_SPLINE_CURVE_WITH_KNOTS('',4,(#2479,#2480,#2481,#2482,#2483),
  .UNSPECIFIED.,.F.,.F.,(5,5),(0.,1.),.PIECEWISE_BEZIER_KNOTS.);
#2479 = CARTESIAN_POINT('',(3.978786280742,4.285774285708E-02));
#2480 = CARTESIAN_POINT('',(3.978786280353,3.214330662817E-02));
#2481 = CARTESIAN_POINT('',(3.978786278775,2.142887077724E-02));
#2482 = CARTESIAN_POINT('',(3.978786275405,1.071443497901E-02));
#2483 = CARTESIAN_POINT('',(3.978786269267,5.133866969538E-11));
#2484 = ( GEOMETRIC_REPRESENTATION_CONTEXT(2) 
PARAMETRIC_REPRESENTATION_CONTEXT() REPRESENTATION_CONTEXT('2D SPACE',''
  ) );
#2485 = ORIENTED_EDGE('',*,*,#415,.T.);
#2486 = ORIENTED_EDGE('',*,*,#2487,.T.);
#2487 = EDGE_CURVE('',#416,#2488,#2490,.T.);
#2488 = VERTEX_POINT('',#2489);
#2489 = CARTESIAN_POINT('',(14.,-1.5,0.));
#2490 = SURFACE_CURVE('',#2491,(#2494,#2501),.PCURVE_S1.);
#2491 = B_SPLINE_CURVE_WITH_KNOTS('',1,(#2492,#2493),.UNSPECIFIED.,.F.,
  .F.,(2,2),(0.,1.),.PIECEWISE_BEZIER_KNOTS.);
#2492 = CARTESIAN_POINT('',(4.,-1.5,0.));
#2493 = CARTESIAN_POINT('',(14.,-1.5,0.));
#2494 = PCURVE('',#429,#2495);
#2495 = DEFINITIONAL_REPRESENTATION('',(#2496),#2500);
#2496 = LINE('',#2497,#2498);
#2497 = CARTESIAN_POINT('',(0.,0.));
#2498 = VECTOR('',#2499,1.);
#2499 = DIRECTION('',(1.,0.));
#2500 = ( GEOMETRIC_REPRESENTATION_CONTEXT(2) 
PARAMETRIC_REPRESENTATION_CONTEXT() REPRESENTATION_CONTEXT('2D SPACE',''
  ) );
#2501 = PCURVE('',#1959,#2502);
#2502 = DEFINITIONAL_REPRESENTATION('',(#2503),#2506);
#2503 = B_SPLINE_CURVE_WITH_KNOTS('',1,(#2504,#2505),.UNSPECIFIED.,.F.,
  .F.,(2,2),(0.,1.),.PIECEWISE_BEZIER_KNOTS.);
#2504 = CARTESIAN_POINT('',(-2.900003642054,-2.220217103425));
#2505 = CARTESIAN_POINT('',(4.760440789136,-8.64809320029));
#2506 = ( GEOMETRIC_REPRESENTATION_CONTEXT(2) 
PARAMETRIC_REPRESENTATION_CONTEXT() REPRESENTATION_CONTEXT('2D SPACE',''
  ) );
#2507 = ORIENTED_EDGE('',*,*,#2508,.T.);
#2508 = EDGE_CURVE('',#2488,#2509,#2511,.T.);
#2509 = VERTEX_POINT('',#2510);
#2510 = CARTESIAN_POINT('',(14.053199839726,-0.870381103756,3.));
#2511 = SURFACE_CURVE('',#2512,(#2520,#2527),.PCURVE_S1.);
#2512 = ( BOUNDED_CURVE() B_SPLINE_CURVE(6,(#2513,#2514,#2515,#2516,
#2517,#2518,#2519),.UNSPECIFIED.,.F.,.F.) B_SPLINE_CURVE_WITH_KNOTS((7,7
),(0.,1.),.PIECEWISE_BEZIER_KNOTS.) CURVE() 
GEOMETRIC_REPRESENTATION_ITEM() RATIONAL_B_SPLINE_CURVE((1.,1.,1.,1.,1.,
1.,1.)) REPRESENTATION_ITEM('') );
#2513 = CARTESIAN_POINT('',(14.,-1.5,0.));
#2514 = CARTESIAN_POINT('',(14.261796586625,0.943468354449,
    11.666666666667));
#2515 = CARTESIAN_POINT('',(14.01185360434,3.441719577749,
    23.333333333333));
#2516 = CARTESIAN_POINT('',(13.235742008132,5.86098930815,
    35.000000000001));
#2517 = CARTESIAN_POINT('',(11.966056796443,8.061697080988,
    46.666666666666));
#2518 = CARTESIAN_POINT('',(10.284241267811,9.925893207141,
    58.333333333333));
#2519 = CARTESIAN_POINT('',(8.299038105677,11.374355652982,70.));
#2520 = PCURVE('',#429,#2521);
#2521 = DEFINITIONAL_REPRESENTATION('',(#2522),#2526);
#2522 = LINE('',#2523,#2524);
#2523 = CARTESIAN_POINT('',(1.,0.));
#2524 = VECTOR('',#2525,1.);
#2525 = DIRECTION('',(0.,1.));
#2526 = ( GEOMETRIC_REPRESENTATION_CONTEXT(2) 
PARAMETRIC_REPRESENTATION_CONTEXT() REPRESENTATION_CONTEXT('2D SPACE',''
  ) );
#2527 = PCURVE('',#2384,#2528);
#2528 = DEFINITIONAL_REPRESENTATION('',(#2529),#2533);
#2529 = LINE('',#2530,#2531);
#2530 = CARTESIAN_POINT('',(1.,0.));
#2531 = VECTOR('',#2532,1.);
#2532 = DIRECTION('',(0.,1.));
#2533 = ( GEOMETRIC_REPRESENTATION_CONTEXT(2) 
PARAMETRIC_REPRESENTATION_CONTEXT() REPRESENTATION_CONTEXT('2D SPACE',''
  ) );
#2534 = ORIENTED_EDGE('',*,*,#2535,.T.);
#2535 = EDGE_CURVE('',#2509,#2458,#2536,.T.);
#2536 = SURFACE_CURVE('',#2537,(#2543,#2552),.PCURVE_S1.);
#2537 = B_SPLINE_CURVE_WITH_KNOTS('',4,(#2538,#2539,#2540,#2541,#2542),
  .UNSPECIFIED.,.F.,.F.,(5,5),(0.,1.),.PIECEWISE_BEZIER_KNOTS.);
#2538 = CARTESIAN_POINT('',(14.053199839726,-0.870381103756,3.));
#2539 = CARTESIAN_POINT('',(11.555717249413,-0.982543327048,3.));
#2540 = CARTESIAN_POINT('',(9.058234659101,-1.094705550339,3.));
#2541 = CARTESIAN_POINT('',(6.560752068788,-1.20686777363,3.));
#2542 = CARTESIAN_POINT('',(4.063269478475,-1.319029996922,3.));
#2543 = PCURVE('',#429,#2544);
#2544 = DEFINITIONAL_REPRESENTATION('',(#2545),#2551);
#2545 = B_SPLINE_CURVE_WITH_KNOTS('',4,(#2546,#2547,#2548,#2549,#2550),
  .UNSPECIFIED.,.F.,.F.,(5,5),(0.,1.),.PIECEWISE_BEZIER_KNOTS.);
#2546 = CARTESIAN_POINT('',(1.,4.285714285714E-02));
#2547 = CARTESIAN_POINT('',(0.75,4.285714285714E-02));
#2548 = CARTESIAN_POINT('',(0.5,4.285714285714E-02));
#2549 = CARTESIAN_POINT('',(0.25,4.285714285714E-02));
#2550 = CARTESIAN_POINT('',(0.,4.285714285714E-02));
#2551 = ( GEOMETRIC_REPRESENTATION_CONTEXT(2) 
PARAMETRIC_REPRESENTATION_CONTEXT() REPRESENTATION_CONTEXT('2D SPACE',''
  ) );
#2552 = PCURVE('',#2345,#2553);
#2553 = DEFINITIONAL_REPRESENTATION('',(#2554),#2560);
#2554 = B_SPLINE_CURVE_WITH_KNOTS('',4,(#2555,#2556,#2557,#2558,#2559),
  .UNSPECIFIED.,.F.,.F.,(5,5),(0.,1.),.PIECEWISE_BEZIER_KNOTS.);
#2555 = CARTESIAN_POINT('',(14.053199839726,-0.870381103756));
#2556 = CARTESIAN_POINT('',(11.555717249413,-0.982543327048));
#2557 = CARTESIAN_POINT('',(9.058234659101,-1.094705550339));
#2558 = CARTESIAN_POINT('',(6.560752068788,-1.20686777363));
#2559 = CARTESIAN_POINT('',(4.063269478475,-1.319029996922));
#2560 = ( GEOMETRIC_REPRESENTATION_CONTEXT(2) 
PARAMETRIC_REPRESENTATION_CONTEXT() REPRESENTATION_CONTEXT('2D SPACE',''
  ) );
#2561 = ADVANCED_FACE('',(#2562),#311,.T.);
#2562 = FACE_BOUND('',#2563,.T.);
#2563 = EDGE_LOOP('',(#2564,#2691,#2737,#2776,#2777,#2778,#2805,#2806,
    #2835,#2864));
#2564 = ORIENTED_EDGE('',*,*,#2565,.F.);
#2565 = EDGE_CURVE('',#2566,#2568,#2570,.T.);
#2566 = VERTEX_POINT('',#2567);
#2567 = CARTESIAN_POINT('',(-23.6,-55.90742347846,0.));
#2568 = VERTEX_POINT('',#2569);
#2569 = CARTESIAN_POINT('',(36.617248992482,-48.39191126854,70.));
#2570 = SURFACE_CURVE('',#2571,(#2580,#2587),.PCURVE_S1.);
#2571 = ( BOUNDED_CURVE() B_SPLINE_CURVE(7,(#2572,#2573,#2574,#2575,
    #2576,#2577,#2578,#2579),.UNSPECIFIED.,.F.,.F.) 
B_SPLINE_CURVE_WITH_KNOTS((8,8),(0.,1.),.PIECEWISE_BEZIER_KNOTS.) CURVE(
) GEOMETRIC_REPRESENTATION_ITEM() RATIONAL_B_SPLINE_CURVE((1.,1.,1.,1.,
1.,1.,1.,1.)) REPRESENTATION_ITEM('') );
#2572 = CARTESIAN_POINT('',(-23.6,-55.90742347846,0.));
#2573 = CARTESIAN_POINT('',(-15.23626889203,-59.43797682998,
    10.000000000003));
#2574 = CARTESIAN_POINT('',(-6.256340921849,-61.50877339767,
    19.99999999999));
#2575 = CARTESIAN_POINT('',(3.034057756769,-61.99080261115,
    30.000000000016));
#2576 = CARTESIAN_POINT('',(12.295407943536,-60.83492465979,
    39.999999999985));
#2577 = CARTESIAN_POINT('',(21.182342931285,-58.0842435997,
    50.000000000008));
#2578 = CARTESIAN_POINT('',(29.377836280563,-53.86984049416,
    59.999999999998));
#2579 = CARTESIAN_POINT('',(36.617248992482,-48.39191126854,70.));
#2580 = PCURVE('',#311,#2581);
#2581 = DEFINITIONAL_REPRESENTATION('',(#2582),#2586);
#2582 = LINE('',#2583,#2584);
#2583 = CARTESIAN_POINT('',(3.,0.));
#2584 = VECTOR('',#2585,1.);
#2585 = DIRECTION('',(0.,1.));
#2586 = ( GEOMETRIC_REPRESENTATION_CONTEXT(2) 
PARAMETRIC_REPRESENTATION_CONTEXT() REPRESENTATION_CONTEXT('2D SPACE',''
  ) );
#2587 = PCURVE('',#2588,#2685);
#2588 = ( BOUNDED_SURFACE() B_SPLINE_SURFACE(11,7,(
    (#2589,#2590,#2591,#2592,#2593,#2594,#2595,#2596)
    ,(#2597,#2598,#2599,#2600,#2601,#2602,#2603,#2604)
    ,(#2605,#2606,#2607,#2608,#2609,#2610,#2611,#2612)
    ,(#2613,#2614,#2615,#2616,#2617,#2618,#2619,#2620)
    ,(#2621,#2622,#2623,#2624,#2625,#2626,#2627,#2628)
    ,(#2629,#2630,#2631,#2632,#2633,#2634,#2635,#2636)
    ,(#2637,#2638,#2639,#2640,#2641,#2642,#2643,#2644)
    ,(#2645,#2646,#2647,#2648,#2649,#2650,#2651,#2652)
    ,(#2653,#2654,#2655,#2656,#2657,#2658,#2659,#2660)
    ,(#2661,#2662,#2663,#2664,#2665,#2666,#2667,#2668)
    ,(#2669,#2670,#2671,#2672,#2673,#2674,#2675,#2676)
    ,(#2677,#2678,#2679,#2680,#2681,#2682,#2683,#2684
)),.UNSPECIFIED.,.F.,.F.,.F.) B_SPLINE_SURFACE_WITH_KNOTS((12,12),(8,8),
  (2.,3.),(0.,1.),.PIECEWISE_BEZIER_KNOTS.) 
GEOMETRIC_REPRESENTATION_ITEM() RATIONAL_B_SPLINE_SURFACE((
    (1.,1.,1.,1.,1.,1.,1.,1.)
    ,(1.,1.,1.,1.,1.,1.,1.,1.)
    ,(1.,1.,1.,1.,1.,1.,1.,1.)
    ,(1.,1.,1.,1.,1.,1.,1.,1.)
    ,(1.,1.,1.,1.,1.,1.,1.,1.)
    ,(1.,1.,1.,1.,1.,1.,1.,1.)
    ,(1.,1.,1.,1.,1.,1.,1.,1.)
    ,(1.,1.,1.,1.,1.,1.,1.,1.)
    ,(1.,1.,1.,1.,1.,1.,1.,1.)
    ,(1.,1.,1.,1.,1.,1.,1.,1.)
    ,(1.,1.,1.,1.,1.,1.,1.,1.)
,(1.,1.,1.,1.,1.,1.,1.,1.))) REPRESENTATION_ITEM('') SURFACE() );
#2589 = CARTESIAN_POINT('',(-24.4,-54.07439320047,0.));
#2590 = CARTESIAN_POINT('',(-16.31048962136,-57.72462623837,
    10.000000000003));
#2591 = CARTESIAN_POINT('',(-7.583894066615,-59.96296325032,
    19.99999999999));
#2592 = CARTESIAN_POINT('',(1.484083255247,-60.65601790724,
    30.000000000016));
#2593 = CARTESIAN_POINT('',(10.562804747593,-59.74765407377,
    39.999999999985));
#2594 = CARTESIAN_POINT('',(19.313714143401,-57.27174571261,
    50.000000000008));
#2595 = CARTESIAN_POINT('',(27.423850115772,-53.34882370656,
    59.999999999998));
#2596 = CARTESIAN_POINT('',(34.629798205843,-48.16821645258,70.));
#2597 = CARTESIAN_POINT('',(-24.32727272727,-54.24103231665,0.));
#2598 = CARTESIAN_POINT('',(-16.21283319142,-57.88038538305,
    10.000000000003));
#2599 = CARTESIAN_POINT('',(-7.463207417088,-60.10349144559,
    19.99999999999));
#2600 = CARTESIAN_POINT('',(1.624990028108,-60.77736197114,
    30.000000000016));
#2601 = CARTESIAN_POINT('',(10.720314129047,-59.8464968544,
    39.999999999985));
#2602 = CARTESIAN_POINT('',(19.483589487751,-57.34560915684,
    50.000000000008));
#2603 = CARTESIAN_POINT('',(27.601485221663,-53.39618886908,
    59.999999999998));
#2604 = CARTESIAN_POINT('',(34.810475550083,-48.18855234494,70.));
#2605 = CARTESIAN_POINT('',(-24.25454545454,-54.40767143283,0.));
#2606 = CARTESIAN_POINT('',(-16.11517676148,-58.03614452775,
    10.000000000003));
#2607 = CARTESIAN_POINT('',(-7.342520767566,-60.24401964077,
    19.99999999999));
#2608 = CARTESIAN_POINT('',(1.765896800977,-60.89870603519,
    30.000000000016));
#2609 = CARTESIAN_POINT('',(10.877823510493,-59.9453396349,
    39.999999999985));
#2610 = CARTESIAN_POINT('',(19.653464832106,-57.41947260115,
    50.000000000008));
#2611 = CARTESIAN_POINT('',(27.779120327553,-53.44355403158,
    59.999999999998));
#2612 = CARTESIAN_POINT('',(34.991152894323,-48.2088882373,70.));
#2613 = CARTESIAN_POINT('',(-24.18181818181,-54.57431054902,0.));
#2614 = CARTESIAN_POINT('',(-16.01752033154,-58.19190367245,
    10.000000000003));
#2615 = CARTESIAN_POINT('',(-7.221834118046,-60.38454783594,
    19.99999999999));
#2616 = CARTESIAN_POINT('',(1.906803573849,-61.02005009925,
    30.000000000016));
#2617 = CARTESIAN_POINT('',(11.035332891935,-60.04418241538,
    39.999999999985));
#2618 = CARTESIAN_POINT('',(19.823340176464,-57.49333604547,
    50.000000000008));
#2619 = CARTESIAN_POINT('',(27.956755433441,-53.49091919408,
    59.999999999998));
#2620 = CARTESIAN_POINT('',(35.171830238563,-48.22922412966,70.));
#2621 = CARTESIAN_POINT('',(-24.10909090909,-54.7409496652,0.));
#2622 = CARTESIAN_POINT('',(-15.9198639016,-58.34766281714,
    10.000000000003));
#2623 = CARTESIAN_POINT('',(-7.101147468518,-60.52507603118,
    19.99999999999));
#2624 = CARTESIAN_POINT('',(2.047710346709,-61.1413941632,
    30.000000000016));
#2625 = CARTESIAN_POINT('',(11.192842273391,-60.14302519596,
    39.999999999985));
#2626 = CARTESIAN_POINT('',(19.993215520813,-57.56719948973,
    50.000000000008));
#2627 = CARTESIAN_POINT('',(28.134390539332,-53.5382843566,
    59.999999999998));
#2628 = CARTESIAN_POINT('',(35.352507582803,-48.24956002202,70.));
#2629 = CARTESIAN_POINT('',(-24.03636363636,-54.90758878138,0.));
#2630 = CARTESIAN_POINT('',(-15.82220747166,-58.50342196183,
    10.000000000003));
#2631 = CARTESIAN_POINT('',(-6.980460818998,-60.6656042264,
    19.99999999999));
#2632 = CARTESIAN_POINT('',(2.188617119581,-61.26273822718,
    30.000000000016));
#2633 = CARTESIAN_POINT('',(11.350351654835,-60.24186797653,
    39.999999999985));
#2634 = CARTESIAN_POINT('',(20.163090865169,-57.641062934,
    50.000000000008));
#2635 = CARTESIAN_POINT('',(28.312025645222,-53.58564951911,
    59.999999999998));
#2636 = CARTESIAN_POINT('',(35.533184927043,-48.26989591438,70.));
#2637 = CARTESIAN_POINT('',(-23.96363636363,-55.07422789756,0.));
#2638 = CARTESIAN_POINT('',(-15.72455104172,-58.65918110653,
    10.000000000003));
#2639 = CARTESIAN_POINT('',(-6.859774169472,-60.80613242158,
    19.99999999999));
#2640 = CARTESIAN_POINT('',(2.329523892443,-61.38408229122,
    30.000000000016));
#2641 = CARTESIAN_POINT('',(11.507861036286,-60.34071075702,
    39.999999999985));
#2642 = CARTESIAN_POINT('',(20.332966209521,-57.71492637831,
    50.000000000008));
#2643 = CARTESIAN_POINT('',(28.489660751112,-53.63301468161,
    59.999999999998));
#2644 = CARTESIAN_POINT('',(35.713862271283,-48.29023180674,70.));
#2645 = CARTESIAN_POINT('',(-23.8909090909,-55.24086701374,0.));
#2646 = CARTESIAN_POINT('',(-15.62689461179,-58.81494025122,
    10.000000000003));
#2647 = CARTESIAN_POINT('',(-6.739087519945,-60.94666061679,
    19.99999999999));
#2648 = CARTESIAN_POINT('',(2.470430665304,-61.50542635522,
    30.000000000016));
#2649 = CARTESIAN_POINT('',(11.665370417741,-60.43955353756,
    39.999999999985));
#2650 = CARTESIAN_POINT('',(20.502841553871,-57.7887898226,
    50.000000000008));
#2651 = CARTESIAN_POINT('',(28.667295857003,-53.68037984412,
    59.999999999998));
#2652 = CARTESIAN_POINT('',(35.894539615522,-48.3105676991,70.));
#2653 = CARTESIAN_POINT('',(-23.81818181818,-55.40750612992,0.));
#2654 = CARTESIAN_POINT('',(-15.52923818185,-58.97069939591,
    10.000000000003));
#2655 = CARTESIAN_POINT('',(-6.618400870428,-61.08718881202,
    19.99999999999));
#2656 = CARTESIAN_POINT('',(2.611337438183,-61.62677041919,
    30.000000000016));
#2657 = CARTESIAN_POINT('',(11.822879799176,-60.53839631814,
    39.999999999985));
#2658 = CARTESIAN_POINT('',(20.672716898232,-57.86265326686,
    50.000000000008));
#2659 = CARTESIAN_POINT('',(28.844930962891,-53.72774500663,
    59.999999999998));
#2660 = CARTESIAN_POINT('',(36.075216959762,-48.33090359146,70.));
#2661 = CARTESIAN_POINT('',(-23.74545454545,-55.5741452461,0.));
#2662 = CARTESIAN_POINT('',(-15.43158175191,-59.12645854061,
    10.000000000003));
#2663 = CARTESIAN_POINT('',(-6.497714220894,-61.22771700718,
    19.99999999999));
#2664 = CARTESIAN_POINT('',(2.752244211031,-61.74811448327,
    30.000000000016));
#2665 = CARTESIAN_POINT('',(11.980389180644,-60.63723909859,
    39.999999999985));
#2666 = CARTESIAN_POINT('',(20.842592242574,-57.9365167112,
    50.000000000008));
#2667 = CARTESIAN_POINT('',(29.022566068784,-53.77511016912,
    59.999999999998));
#2668 = CARTESIAN_POINT('',(36.255894304002,-48.35123948382,70.));
#2669 = CARTESIAN_POINT('',(-23.67272727272,-55.74078436228,0.));
#2670 = CARTESIAN_POINT('',(-15.33392532197,-59.2822176853,
    10.000000000003));
#2671 = CARTESIAN_POINT('',(-6.377027571375,-61.36824520241,
    19.99999999999));
#2672 = CARTESIAN_POINT('',(2.893150983906,-61.86945854723,
    30.000000000016));
#2673 = CARTESIAN_POINT('',(12.137898562084,-60.73608187916,
    39.999999999985));
#2674 = CARTESIAN_POINT('',(21.012467586933,-58.01038015546,
    50.000000000008));
#2675 = CARTESIAN_POINT('',(29.200201174672,-53.82247533164,
    59.999999999998));
#2676 = CARTESIAN_POINT('',(36.436571648242,-48.37157537618,70.));
#2677 = CARTESIAN_POINT('',(-23.6,-55.90742347846,0.));
#2678 = CARTESIAN_POINT('',(-15.23626889203,-59.43797682998,
    10.000000000003));
#2679 = CARTESIAN_POINT('',(-6.256340921849,-61.50877339767,
    19.99999999999));
#2680 = CARTESIAN_POINT('',(3.034057756769,-61.99080261115,
    30.000000000016));
#2681 = CARTESIAN_POINT('',(12.295407943536,-60.83492465979,
    39.999999999985));
#2682 = CARTESIAN_POINT('',(21.182342931285,-58.0842435997,
    50.000000000008));
#2683 = CARTESIAN_POINT('',(29.377836280563,-53.86984049416,
    59.999999999998));
#2684 = CARTESIAN_POINT('',(36.617248992482,-48.39191126854,70.));
#2685 = DEFINITIONAL_REPRESENTATION('',(#2686),#2690);
#2686 = LINE('',#2687,#2688);
#2687 = CARTESIAN_POINT('',(3.,0.));
#2688 = VECTOR('',#2689,1.);
#2689 = DIRECTION('',(0.,1.));
#2690 = ( GEOMETRIC_REPRESENTATION_CONTEXT(2) 
PARAMETRIC_REPRESENTATION_CONTEXT() REPRESENTATION_CONTEXT('2D SPACE',''
  ) );
#2691 = ORIENTED_EDGE('',*,*,#2692,.T.);
#2692 = EDGE_CURVE('',#2566,#2693,#2695,.T.);
#2693 = VERTEX_POINT('',#2694);
#2694 = CARTESIAN_POINT('',(11.750000001115,-12.28566237423,0.));
#2695 = SURFACE_CURVE('',#2696,(#2709,#2716),.PCURVE_S1.);
#2696 = B_SPLINE_CURVE_WITH_KNOTS('',11,(#2697,#2698,#2699,#2700,#2701,
    #2702,#2703,#2704,#2705,#2706,#2707,#2708),.UNSPECIFIED.,.F.,.F.,(12
    ,12),(3.,4.),.PIECEWISE_BEZIER_KNOTS.);
#2697 = CARTESIAN_POINT('',(-23.6,-55.90742347846,0.));
#2698 = CARTESIAN_POINT('',(-17.70797010373,-53.33593081212,0.));
#2699 = CARTESIAN_POINT('',(-12.11404797764,-50.08138707317,0.));
#2700 = CARTESIAN_POINT('',(-6.906217145303,-46.18219191116,0.));
#2701 = CARTESIAN_POINT('',(-2.166895070903,-41.68949237212,0.));
#2702 = CARTESIAN_POINT('',(2.029174432219,-36.6662663055,0.));
#2703 = CARTESIAN_POINT('',(5.616857932168,-31.18598923615,0.));
#2704 = CARTESIAN_POINT('',(8.542292867548,-25.33093758563,0.));
#2705 = CARTESIAN_POINT('',(10.764191180254,-19.19019734028,0.));
#2706 = CARTESIAN_POINT('',(12.254730243182,-12.85746347633,0.));
#2707 = CARTESIAN_POINT('',(13.,-6.428731665852,0.));
#2708 = CARTESIAN_POINT('',(13.,3.552713678801E-15,0.));
#2709 = PCURVE('',#311,#2710);
#2710 = DEFINITIONAL_REPRESENTATION('',(#2711),#2715);
#2711 = LINE('',#2712,#2713);
#2712 = CARTESIAN_POINT('',(0.,0.));
#2713 = VECTOR('',#2714,1.);
#2714 = DIRECTION('',(1.,0.));
#2715 = ( GEOMETRIC_REPRESENTATION_CONTEXT(2) 
PARAMETRIC_REPRESENTATION_CONTEXT() REPRESENTATION_CONTEXT('2D SPACE',''
  ) );
#2716 = PCURVE('',#2717,#2722);
#2717 = PLANE('',#2718);
#2718 = AXIS2_PLACEMENT_3D('',#2719,#2720,#2721);
#2719 = CARTESIAN_POINT('',(-4.558133775131E-16,-1.70226710729E-17,0.));
#2720 = DIRECTION('',(0.,0.,1.));
#2721 = DIRECTION('',(1.,0.,-0.));
#2722 = DEFINITIONAL_REPRESENTATION('',(#2723),#2736);
#2723 = B_SPLINE_CURVE_WITH_KNOTS('',11,(#2724,#2725,#2726,#2727,#2728,
    #2729,#2730,#2731,#2732,#2733,#2734,#2735),.UNSPECIFIED.,.F.,.F.,(12
    ,12),(3.,4.),.PIECEWISE_BEZIER_KNOTS.);
#2724 = CARTESIAN_POINT('',(-23.6,-55.90742347846));
#2725 = CARTESIAN_POINT('',(-17.70797010373,-53.33593081212));
#2726 = CARTESIAN_POINT('',(-12.11404797764,-50.08138707317));
#2727 = CARTESIAN_POINT('',(-6.906217145303,-46.18219191116));
#2728 = CARTESIAN_POINT('',(-2.166895070903,-41.68949237212));
#2729 = CARTESIAN_POINT('',(2.029174432219,-36.6662663055));
#2730 = CARTESIAN_POINT('',(5.616857932168,-31.18598923615));
#2731 = CARTESIAN_POINT('',(8.542292867548,-25.33093758563));
#2732 = CARTESIAN_POINT('',(10.764191180254,-19.19019734028));
#2733 = CARTESIAN_POINT('',(12.254730243182,-12.85746347633));
#2734 = CARTESIAN_POINT('',(13.,-6.428731665852));
#2735 = CARTESIAN_POINT('',(13.,3.569736349873E-15));
#2736 = ( GEOMETRIC_REPRESENTATION_CONTEXT(2) 
PARAMETRIC_REPRESENTATION_CONTEXT() REPRESENTATION_CONTEXT('2D SPACE',''
  ) );
#2737 = ORIENTED_EDGE('',*,*,#2738,.T.);
#2738 = EDGE_CURVE('',#2693,#249,#2739,.T.);
#2739 = SURFACE_CURVE('',#2740,(#2753,#2760),.PCURVE_S1.);
#2740 = B_SPLINE_CURVE_WITH_KNOTS('',11,(#2741,#2742,#2743,#2744,#2745,
    #2746,#2747,#2748,#2749,#2750,#2751,#2752),.UNSPECIFIED.,.F.,.F.,(12
    ,12),(3.,4.),.PIECEWISE_BEZIER_KNOTS.);
#2741 = CARTESIAN_POINT('',(-23.6,-55.90742347846,0.));
#2742 = CARTESIAN_POINT('',(-17.70797010373,-53.33593081212,0.));
#2743 = CARTESIAN_POINT('',(-12.11404797764,-50.08138707317,0.));
#2744 = CARTESIAN_POINT('',(-6.906217145303,-46.18219191116,0.));
#2745 = CARTESIAN_POINT('',(-2.166895070903,-41.68949237212,0.));
#2746 = CARTESIAN_POINT('',(2.029174432219,-36.6662663055,0.));
#2747 = CARTESIAN_POINT('',(5.616857932168,-31.18598923615,0.));
#2748 = CARTESIAN_POINT('',(8.542292867548,-25.33093758563,0.));
#2749 = CARTESIAN_POINT('',(10.764191180254,-19.19019734028,0.));
#2750 = CARTESIAN_POINT('',(12.254730243182,-12.85746347633,0.));
#2751 = CARTESIAN_POINT('',(13.,-6.428731665852,0.));
#2752 = CARTESIAN_POINT('',(13.,3.552713678801E-15,0.));
#2753 = PCURVE('',#311,#2754);
#2754 = DEFINITIONAL_REPRESENTATION('',(#2755),#2759);
#2755 = LINE('',#2756,#2757);
#2756 = CARTESIAN_POINT('',(0.,0.));
#2757 = VECTOR('',#2758,1.);
#2758 = DIRECTION('',(1.,0.));
#2759 = ( GEOMETRIC_REPRESENTATION_CONTEXT(2) 
PARAMETRIC_REPRESENTATION_CONTEXT() REPRESENTATION_CONTEXT('2D SPACE',''
  ) );
#2760 = PCURVE('',#1959,#2761);
#2761 = DEFINITIONAL_REPRESENTATION('',(#2762),#2775);
#2762 = B_SPLINE_CURVE_WITH_KNOTS('',11,(#2763,#2764,#2765,#2766,#2767,
    #2768,#2769,#2770,#2771,#2772,#2773,#2774),.UNSPECIFIED.,.F.,.F.,(12
    ,12),(3.,4.),.PIECEWISE_BEZIER_KNOTS.);
#2763 = CARTESIAN_POINT('',(-59.01524795906,-26.15778349617));
#2764 = CARTESIAN_POINT('',(-52.84876757401,-27.97522964182));
#2765 = CARTESIAN_POINT('',(-46.4715942235,-29.07780832791));
#2766 = CARTESIAN_POINT('',(-39.97581001579,-29.43838067379));
#2767 = CARTESIAN_POINT('',(-33.45742707881,-29.04315066505));
#2768 = CARTESIAN_POINT('',(-27.01418387672,-27.89231773617));
#2769 = CARTESIAN_POINT('',(-20.74320467009,-26.00030044169));
#2770 = CARTESIAN_POINT('',(-14.73863683911,-23.39550399004));
#2771 = CARTESIAN_POINT('',(-9.089372239468,-20.11963275384));
#2772 = CARTESIAN_POINT('',(-3.876950209871,-16.22657720901));
#2773 = CARTESIAN_POINT('',(0.826268699737,-11.78093309485));
#2774 = CARTESIAN_POINT('',(4.958577760547,-6.856238925925));
#2775 = ( GEOMETRIC_REPRESENTATION_CONTEXT(2) 
PARAMETRIC_REPRESENTATION_CONTEXT() REPRESENTATION_CONTEXT('2D SPACE',''
  ) );
#2776 = ORIENTED_EDGE('',*,*,#277,.T.);
#2777 = ORIENTED_EDGE('',*,*,#2457,.F.);
#2778 = ORIENTED_EDGE('',*,*,#2779,.F.);
#2779 = EDGE_CURVE('',#2300,#2458,#2780,.T.);
#2780 = SURFACE_CURVE('',#2781,(#2787,#2796),.PCURVE_S1.);
#2781 = B_SPLINE_CURVE_WITH_KNOTS('',4,(#2782,#2783,#2784,#2785,#2786),
  .UNSPECIFIED.,.F.,.F.,(5,5),(0.,1.),.PIECEWISE_BEZIER_KNOTS.);
#2782 = CARTESIAN_POINT('',(12.986909901386,0.583242813284,3.));
#2783 = CARTESIAN_POINT('',(13.008256203885,0.107930471727,3.));
#2784 = CARTESIAN_POINT('',(13.024659346817,-0.367603867604,3.));
#2785 = CARTESIAN_POINT('',(13.036115866032,-0.84328308974,3.));
#2786 = CARTESIAN_POINT('',(13.04262470741,-1.319029996922,3.));
#2787 = PCURVE('',#311,#2788);
#2788 = DEFINITIONAL_REPRESENTATION('',(#2789),#2795);
#2789 = B_SPLINE_CURVE_WITH_KNOTS('',4,(#2790,#2791,#2792,#2793,#2794),
  .UNSPECIFIED.,.F.,.F.,(5,5),(0.,1.),.PIECEWISE_BEZIER_KNOTS.);
#2790 = CARTESIAN_POINT('',(4.,4.285714285714E-02));
#2791 = CARTESIAN_POINT('',(3.993271804041,4.285714285714E-02));
#2792 = CARTESIAN_POINT('',(3.986543607304,4.285714285714E-02));
#2793 = CARTESIAN_POINT('',(3.979815412784,4.285714285714E-02));
#2794 = CARTESIAN_POINT('',(3.973087216875,4.285714285714E-02));
#2795 = ( GEOMETRIC_REPRESENTATION_CONTEXT(2) 
PARAMETRIC_REPRESENTATION_CONTEXT() REPRESENTATION_CONTEXT('2D SPACE',''
  ) );
#2796 = PCURVE('',#2345,#2797);
#2797 = DEFINITIONAL_REPRESENTATION('',(#2798),#2804);
#2798 = B_SPLINE_CURVE_WITH_KNOTS('',4,(#2799,#2800,#2801,#2802,#2803),
  .UNSPECIFIED.,.F.,.F.,(5,5),(0.,1.),.PIECEWISE_BEZIER_KNOTS.);
#2799 = CARTESIAN_POINT('',(12.986909901386,0.583242813284));
#2800 = CARTESIAN_POINT('',(13.008256203885,0.107930471727));
#2801 = CARTESIAN_POINT('',(13.024659346817,-0.367603867604));
#2802 = CARTESIAN_POINT('',(13.036115866032,-0.84328308974));
#2803 = CARTESIAN_POINT('',(13.04262470741,-1.319029996922));
#2804 = ( GEOMETRIC_REPRESENTATION_CONTEXT(2) 
PARAMETRIC_REPRESENTATION_CONTEXT() REPRESENTATION_CONTEXT('2D SPACE',''
  ) );
#2805 = ORIENTED_EDGE('',*,*,#2299,.T.);
#2806 = ORIENTED_EDGE('',*,*,#2807,.T.);
#2807 = EDGE_CURVE('',#2260,#2808,#2810,.T.);
#2808 = VERTEX_POINT('',#2809);
#2809 = CARTESIAN_POINT('',(16.703132094244,3.163127920622,66.5));
#2810 = SURFACE_CURVE('',#2811,(#2817,#2826),.PCURVE_S1.);
#2811 = B_SPLINE_CURVE_WITH_KNOTS('',4,(#2812,#2813,#2814,#2815,#2816),
  .UNSPECIFIED.,.F.,.F.,(5,5),(0.,1.),.PIECEWISE_BEZIER_KNOTS.);
#2812 = CARTESIAN_POINT('',(7.080307488696,10.902717404785,66.5));
#2813 = CARTESIAN_POINT('',(9.761694228114,9.161404491102,66.5));
#2814 = CARTESIAN_POINT('',(12.321412132516,7.232690705548,66.5));
#2815 = CARTESIAN_POINT('',(14.739727507526,5.129397254646,66.5));
#2816 = CARTESIAN_POINT('',(17.,2.86816445639,66.5));
#2817 = PCURVE('',#311,#2818);
#2818 = DEFINITIONAL_REPRESENTATION('',(#2819),#2825);
#2819 = B_SPLINE_CURVE_WITH_KNOTS('',4,(#2820,#2821,#2822,#2823,#2824),
  .UNSPECIFIED.,.F.,.F.,(5,5),(0.,1.),.PIECEWISE_BEZIER_KNOTS.);
#2820 = CARTESIAN_POINT('',(4.,0.95));
#2821 = CARTESIAN_POINT('',(3.954788379845,0.95));
#2822 = CARTESIAN_POINT('',(3.909576638449,0.95));
#2823 = CARTESIAN_POINT('',(3.864364896351,0.95));
#2824 = CARTESIAN_POINT('',(3.819153276091,0.95));
#2825 = ( GEOMETRIC_REPRESENTATION_CONTEXT(2) 
PARAMETRIC_REPRESENTATION_CONTEXT() REPRESENTATION_CONTEXT('2D SPACE',''
  ) );
#2826 = PCURVE('',#2283,#2827);
#2827 = DEFINITIONAL_REPRESENTATION('',(#2828),#2834);
#2828 = B_SPLINE_CURVE_WITH_KNOTS('',4,(#2829,#2830,#2831,#2832,#2833),
  .UNSPECIFIED.,.F.,.F.,(5,5),(0.,1.),.PIECEWISE_BEZIER_KNOTS.);
#2829 = CARTESIAN_POINT('',(7.080307488696,10.902717404785));
#2830 = CARTESIAN_POINT('',(9.761694228114,9.161404491102));
#2831 = CARTESIAN_POINT('',(12.321412132516,7.232690705548));
#2832 = CARTESIAN_POINT('',(14.739727507526,5.129397254646));
#2833 = CARTESIAN_POINT('',(17.,2.86816445639));
#2834 = ( GEOMETRIC_REPRESENTATION_CONTEXT(2) 
PARAMETRIC_REPRESENTATION_CONTEXT() REPRESENTATION_CONTEXT('2D SPACE',''
  ) );
#2835 = ORIENTED_EDGE('',*,*,#2836,.T.);
#2836 = EDGE_CURVE('',#2808,#2837,#2839,.T.);
#2837 = VERTEX_POINT('',#2838);
#2838 = CARTESIAN_POINT('',(16.514695718968,4.032967308312,70.));
#2839 = SURFACE_CURVE('',#2840,(#2846,#2855),.PCURVE_S1.);
#2840 = B_SPLINE_CURVE_WITH_KNOTS('',4,(#2841,#2842,#2843,#2844,#2845),
  .UNSPECIFIED.,.F.,.F.,(5,5),(0.,1.),.PIECEWISE_BEZIER_KNOTS.);
#2841 = CARTESIAN_POINT('',(16.703132122637,3.163127770695,66.4999994));
#2842 = CARTESIAN_POINT('',(16.661726869437,3.381771298527,
    67.374999548048));
#2843 = CARTESIAN_POINT('',(16.616505566181,3.599692167323,
    68.249999697155));
#2844 = CARTESIAN_POINT('',(16.567487138944,3.816790441297,
    69.124999847496));
#2845 = CARTESIAN_POINT('',(16.514695718968,4.032967308312,70.));
#2846 = PCURVE('',#311,#2847);
#2847 = DEFINITIONAL_REPRESENTATION('',(#2848),#2854);
#2848 = B_SPLINE_CURVE_WITH_KNOTS('',4,(#2849,#2850,#2851,#2852,#2853),
  .UNSPECIFIED.,.F.,.F.,(5,5),(0.,1.),.PIECEWISE_BEZIER_KNOTS.);
#2849 = CARTESIAN_POINT('',(3.825071182595,0.949999991429));
#2850 = CARTESIAN_POINT('',(3.825071182678,0.962499993544));
#2851 = CARTESIAN_POINT('',(3.825071182618,0.974999995674));
#2852 = CARTESIAN_POINT('',(3.825071182291,0.987499997821));
#2853 = CARTESIAN_POINT('',(3.825071181415,1.));
#2854 = ( GEOMETRIC_REPRESENTATION_CONTEXT(2) 
PARAMETRIC_REPRESENTATION_CONTEXT() REPRESENTATION_CONTEXT('2D SPACE',''
  ) );
#2855 = PCURVE('',#2245,#2856);
#2856 = DEFINITIONAL_REPRESENTATION('',(#2857),#2863);
#2857 = B_SPLINE_CURVE_WITH_KNOTS('',4,(#2858,#2859,#2860,#2861,#2862),
  .UNSPECIFIED.,.F.,.F.,(5,5),(0.,1.),.PIECEWISE_BEZIER_KNOTS.);
#2858 = CARTESIAN_POINT('',(-0.187157042742,5.999999999062E-07));
#2859 = CARTESIAN_POINT('',(-0.200247014504,-0.874999548048));
#2860 = CARTESIAN_POINT('',(-0.21333698594,-1.749999697155));
#2861 = CARTESIAN_POINT('',(-0.226426956775,-2.624999847496));
#2862 = CARTESIAN_POINT('',(-0.239516926502,-3.5));
#2863 = ( GEOMETRIC_REPRESENTATION_CONTEXT(2) 
PARAMETRIC_REPRESENTATION_CONTEXT() REPRESENTATION_CONTEXT('2D SPACE',''
  ) );
#2864 = ORIENTED_EDGE('',*,*,#2865,.F.);
#2865 = EDGE_CURVE('',#2568,#2837,#2866,.T.);
#2866 = SURFACE_CURVE('',#2867,(#2880,#2887),.PCURVE_S1.);
#2867 = B_SPLINE_CURVE_WITH_KNOTS('',11,(#2868,#2869,#2870,#2871,#2872,
    #2873,#2874,#2875,#2876,#2877,#2878,#2879),.UNSPECIFIED.,.F.,.F.,(12
    ,12),(3.,4.),.PIECEWISE_BEZIER_KNOTS.);
#2868 = CARTESIAN_POINT('',(36.617248992482,-48.39191126854,70.));
#2869 = CARTESIAN_POINT('',(37.336285965918,-42.00351736535,70.));
#2870 = CARTESIAN_POINT('',(37.314729473308,-35.53176682789,70.));
#2871 = CARTESIAN_POINT('',(36.541842824863,-29.07205544746,70.));
#2872 = CARTESIAN_POINT('',(35.020711929687,-22.7213323648,70.));
#2873 = CARTESIAN_POINT('',(32.768505298605,-16.57581654574,70.));
#2874 = CARTESIAN_POINT('',(29.816287886742,-10.72865295937,70.));
#2875 = CARTESIAN_POINT('',(26.208381884615,-5.267626162956,70.));
#2876 = CARTESIAN_POINT('',(22.001293990447,-0.273035656848,70.));
#2877 = CARTESIAN_POINT('',(17.262255120324,4.184175968956,70.));
#2878 = CARTESIAN_POINT('',(12.067444936741,8.043964416272,70.));
#2879 = CARTESIAN_POINT('',(6.5,11.258330249198,70.));
#2880 = PCURVE('',#311,#2881);
#2881 = DEFINITIONAL_REPRESENTATION('',(#2882),#2886);
#2882 = LINE('',#2883,#2884);
#2883 = CARTESIAN_POINT('',(0.,1.));
#2884 = VECTOR('',#2885,1.);
#2885 = DIRECTION('',(1.,0.));
#2886 = ( GEOMETRIC_REPRESENTATION_CONTEXT(2) 
PARAMETRIC_REPRESENTATION_CONTEXT() REPRESENTATION_CONTEXT('2D SPACE',''
  ) );
#2887 = PCURVE('',#1848,#2888);
#2888 = DEFINITIONAL_REPRESENTATION('',(#2889),#2902);
#2889 = B_SPLINE_CURVE_WITH_KNOTS('',11,(#2890,#2891,#2892,#2893,#2894,
    #2895,#2896,#2897,#2898,#2899,#2900,#2901),.UNSPECIFIED.,.F.,.F.,(12
    ,12),(3.,4.),.PIECEWISE_BEZIER_KNOTS.);
#2890 = CARTESIAN_POINT('',(101.40414192724,-7.105427357601E-15));
#2891 = CARTESIAN_POINT('',(95.070759025054,-1.103110078739));
#2892 = CARTESIAN_POINT('',(88.609494677687,-1.472004013277));
#2893 = CARTESIAN_POINT('',(82.114923242565,-1.090209875261));
#2894 = CARTESIAN_POINT('',(75.684003451807,4.504054548369E-02));
#2895 = CARTESIAN_POINT('',(69.413814731561,1.922414457057));
#2896 = CARTESIAN_POINT('',(63.399206418727,4.516522491793));
#2897 = CARTESIAN_POINT('',(57.730476949478,7.788418822032));
#2898 = CARTESIAN_POINT('',(52.491188370866,11.686543763973));
#2899 = CARTESIAN_POINT('',(47.756209803852,16.148068487612));
#2900 = CARTESIAN_POINT('',(43.590071762983,21.100574270135));
#2901 = CARTESIAN_POINT('',(40.045701514971,26.463971549521));
#2902 = ( GEOMETRIC_REPRESENTATION_CONTEXT(2) 
PARAMETRIC_REPRESENTATION_CONTEXT() REPRESENTATION_CONTEXT('2D SPACE',''
  ) );
#2903 = ADVANCED_FACE('',(#2904),#144,.T.);
#2904 = FACE_BOUND('',#2905,.T.);
#2905 = EDGE_LOOP('',(#2906,#2935,#2936,#2977,#3018,#3046,#3087,#3121,
    #3141,#3174,#3175));
#2906 = ORIENTED_EDGE('',*,*,#2907,.F.);
#2907 = EDGE_CURVE('',#75,#2908,#2910,.T.);
#2908 = VERTEX_POINT('',#2909);
#2909 = CARTESIAN_POINT('',(11.037169319689,-1.005831372741,3.));
#2910 = SURFACE_CURVE('',#2911,(#2917,#2926),.PCURVE_S1.);
#2911 = B_SPLINE_CURVE_WITH_KNOTS('',4,(#2912,#2913,#2914,#2915,#2916),
  .UNSPECIFIED.,.F.,.F.,(5,5),(0.,1.),.PIECEWISE_BEZIER_KNOTS.);
#2912 = CARTESIAN_POINT('',(10.980929119727,-1.5,7.88860905221E-31));
#2913 = CARTESIAN_POINT('',(10.997759345483,-1.376792165759,
    0.750010467256));
#2914 = CARTESIAN_POINT('',(11.012746340407,-1.253332713519,
    1.500020962246));
#2915 = CARTESIAN_POINT('',(11.025884470379,-1.129662955445,
    2.250031475267));
#2916 = CARTESIAN_POINT('',(11.037169951669,-1.005824437881,3.000042));
#2917 = PCURVE('',#144,#2918);
#2918 = DEFINITIONAL_REPRESENTATION('',(#2919),#2925);
#2919 = B_SPLINE_CURVE_WITH_KNOTS('',4,(#2920,#2921,#2922,#2923,#2924),
  .UNSPECIFIED.,.F.,.F.,(5,5),(0.,1.),.PIECEWISE_BEZIER_KNOTS.);
#2920 = CARTESIAN_POINT('',(1.021932992715,5.25096710533E-11));
#2921 = CARTESIAN_POINT('',(1.021932987286,1.071443514909E-02));
#2922 = CARTESIAN_POINT('',(1.021932984309,2.142887097532E-02));
#2923 = CARTESIAN_POINT('',(1.021932982917,3.214330675741E-02));
#2924 = CARTESIAN_POINT('',(1.021932982576,4.285774285708E-02));
#2925 = ( GEOMETRIC_REPRESENTATION_CONTEXT(2) 
PARAMETRIC_REPRESENTATION_CONTEXT() REPRESENTATION_CONTEXT('2D SPACE',''
  ) );
#2926 = PCURVE('',#88,#2927);
#2927 = DEFINITIONAL_REPRESENTATION('',(#2928),#2934);
#2928 = B_SPLINE_CURVE_WITH_KNOTS('',4,(#2929,#2930,#2931,#2932,#2933),
  .UNSPECIFIED.,.F.,.F.,(5,5),(0.,1.),.PIECEWISE_BEZIER_KNOTS.);
#2929 = CARTESIAN_POINT('',(0.698092911973,0.));
#2930 = CARTESIAN_POINT('',(0.69809292808,1.071443524652E-02));
#2931 = CARTESIAN_POINT('',(0.698092935633,2.142887088922E-02));
#2932 = CARTESIAN_POINT('',(0.69809293848,3.214330678953E-02));
#2933 = CARTESIAN_POINT('',(0.698092938492,4.285774285714E-02));
#2934 = ( GEOMETRIC_REPRESENTATION_CONTEXT(2) 
PARAMETRIC_REPRESENTATION_CONTEXT() REPRESENTATION_CONTEXT('2D SPACE',''
  ) );
#2935 = ORIENTED_EDGE('',*,*,#110,.T.);
#2936 = ORIENTED_EDGE('',*,*,#2937,.T.);
#2937 = EDGE_CURVE('',#111,#2938,#2940,.T.);
#2938 = VERTEX_POINT('',#2939);
#2939 = CARTESIAN_POINT('',(9.250000002942,-14.26315182368,0.));
#2940 = SURFACE_CURVE('',#2941,(#2954,#2961),.PCURVE_S1.);
#2941 = B_SPLINE_CURVE_WITH_KNOTS('',11,(#2942,#2943,#2944,#2945,#2946,
    #2947,#2948,#2949,#2950,#2951,#2952,#2953),.UNSPECIFIED.,.F.,.F.,(12
    ,12),(1.,2.),.PIECEWISE_BEZIER_KNOTS.);
#2942 = CARTESIAN_POINT('',(11.,7.105427357601E-15,0.));
#2943 = CARTESIAN_POINT('',(11.,-6.217953578447,0.));
#2944 = CARTESIAN_POINT('',(10.279165317176,-12.43590729677,0.));
#2945 = CARTESIAN_POINT('',(8.837496387459,-18.56101054223,0.));
#2946 = CARTESIAN_POINT('',(6.68844719976,-24.50041504184,0.));
#2947 = CARTESIAN_POINT('',(3.8589281639,-30.16349778578,0.));
#2948 = CARTESIAN_POINT('',(0.388873631163,-35.46409363975,0.));
#2949 = CARTESIAN_POINT('',(-3.669619822677,-40.32262376976,0.));
#2950 = CARTESIAN_POINT('',(-8.25355428808,-44.66802168456,0.));
#2951 = CARTESIAN_POINT('',(-13.29063656854,-48.43937438224,0.));
#2952 = CARTESIAN_POINT('',(-18.7011514118,-51.5872117691,0.));
#2953 = CARTESIAN_POINT('',(-24.4,-54.07439320047,0.));
#2954 = PCURVE('',#144,#2955);
#2955 = DEFINITIONAL_REPRESENTATION('',(#2956),#2960);
#2956 = LINE('',#2957,#2958);
#2957 = CARTESIAN_POINT('',(0.,0.));
#2958 = VECTOR('',#2959,1.);
#2959 = DIRECTION('',(1.,0.));
#2960 = ( GEOMETRIC_REPRESENTATION_CONTEXT(2) 
PARAMETRIC_REPRESENTATION_CONTEXT() REPRESENTATION_CONTEXT('2D SPACE',''
  ) );
#2961 = PCURVE('',#945,#2962);
#2962 = DEFINITIONAL_REPRESENTATION('',(#2963),#2976);
#2963 = B_SPLINE_CURVE_WITH_KNOTS('',11,(#2964,#2965,#2966,#2967,#2968,
    #2969,#2970,#2971,#2972,#2973,#2974,#2975),.UNSPECIFIED.,.F.,.F.,(12
    ,12),(1.,2.),.PIECEWISE_BEZIER_KNOTS.);
#2964 = CARTESIAN_POINT('',(3.426488874309,-5.570663706552));
#2965 = CARTESIAN_POINT('',(-0.570334643523,-10.33389249289));
#2966 = CARTESIAN_POINT('',(-5.119349654456,-14.63377778364));
#2967 = CARTESIAN_POINT('',(-10.16087260111,-18.39919216306));
#2968 = CARTESIAN_POINT('',(-15.6249154106,-21.56765778496));
#2969 = CARTESIAN_POINT('',(-21.43261216516,-24.08705107426));
#2970 = CARTESIAN_POINT('',(-27.49798549616,-25.91703501483));
#2971 = CARTESIAN_POINT('',(-33.72997482277,-27.03013571652));
#2972 = CARTESIAN_POINT('',(-40.03464028641,-27.41240736432));
#2973 = CARTESIAN_POINT('',(-46.31744796272,-27.06365706257));
#2974 = CARTESIAN_POINT('',(-52.48553366239,-25.99722849733));
#2975 = CARTESIAN_POINT('',(-58.44983436268,-24.2393707499));
#2976 = ( GEOMETRIC_REPRESENTATION_CONTEXT(2) 
PARAMETRIC_REPRESENTATION_CONTEXT() REPRESENTATION_CONTEXT('2D SPACE',''
  ) );
#2977 = ORIENTED_EDGE('',*,*,#2978,.T.);
#2978 = EDGE_CURVE('',#2938,#2979,#2981,.T.);
#2979 = VERTEX_POINT('',#2980);
#2980 = CARTESIAN_POINT('',(-24.4,-54.07439320047,0.));
#2981 = SURFACE_CURVE('',#2982,(#2995,#3002),.PCURVE_S1.);
#2982 = B_SPLINE_CURVE_WITH_KNOTS('',11,(#2983,#2984,#2985,#2986,#2987,
    #2988,#2989,#2990,#2991,#2992,#2993,#2994),.UNSPECIFIED.,.F.,.F.,(12
    ,12),(1.,2.),.PIECEWISE_BEZIER_KNOTS.);
#2983 = CARTESIAN_POINT('',(11.,7.105427357601E-15,0.));
#2984 = CARTESIAN_POINT('',(11.,-6.217953578447,0.));
#2985 = CARTESIAN_POINT('',(10.279165317176,-12.43590729677,0.));
#2986 = CARTESIAN_POINT('',(8.837496387459,-18.56101054223,0.));
#2987 = CARTESIAN_POINT('',(6.68844719976,-24.50041504184,0.));
#2988 = CARTESIAN_POINT('',(3.8589281639,-30.16349778578,0.));
#2989 = CARTESIAN_POINT('',(0.388873631163,-35.46409363975,0.));
#2990 = CARTESIAN_POINT('',(-3.669619822677,-40.32262376976,0.));
#2991 = CARTESIAN_POINT('',(-8.25355428808,-44.66802168456,0.));
#2992 = CARTESIAN_POINT('',(-13.29063656854,-48.43937438224,0.));
#2993 = CARTESIAN_POINT('',(-18.7011514118,-51.5872117691,0.));
#2994 = CARTESIAN_POINT('',(-24.4,-54.07439320047,0.));
#2995 = PCURVE('',#144,#2996);
#2996 = DEFINITIONAL_REPRESENTATION('',(#2997),#3001);
#2997 = LINE('',#2998,#2999);
#2998 = CARTESIAN_POINT('',(0.,0.));
#2999 = VECTOR('',#3000,1.);
#3000 = DIRECTION('',(1.,0.));
#3001 = ( GEOMETRIC_REPRESENTATION_CONTEXT(2) 
PARAMETRIC_REPRESENTATION_CONTEXT() REPRESENTATION_CONTEXT('2D SPACE',''
  ) );
#3002 = PCURVE('',#2717,#3003);
#3003 = DEFINITIONAL_REPRESENTATION('',(#3004),#3017);
#3004 = B_SPLINE_CURVE_WITH_KNOTS('',11,(#3005,#3006,#3007,#3008,#3009,
    #3010,#3011,#3012,#3013,#3014,#3015,#3016),.UNSPECIFIED.,.F.,.F.,(12
    ,12),(1.,2.),.PIECEWISE_BEZIER_KNOTS.);
#3005 = CARTESIAN_POINT('',(11.,7.122450028674E-15));
#3006 = CARTESIAN_POINT('',(11.,-6.217953578447));
#3007 = CARTESIAN_POINT('',(10.279165317176,-12.43590729677));
#3008 = CARTESIAN_POINT('',(8.837496387459,-18.56101054223));
#3009 = CARTESIAN_POINT('',(6.68844719976,-24.50041504184));
#3010 = CARTESIAN_POINT('',(3.8589281639,-30.16349778578));
#3011 = CARTESIAN_POINT('',(0.388873631163,-35.46409363975));
#3012 = CARTESIAN_POINT('',(-3.669619822677,-40.32262376976));
#3013 = CARTESIAN_POINT('',(-8.25355428808,-44.66802168456));
#3014 = CARTESIAN_POINT('',(-13.29063656854,-48.43937438224));
#3015 = CARTESIAN_POINT('',(-18.7011514118,-51.5872117691));
#3016 = CARTESIAN_POINT('',(-24.4,-54.07439320047));
#3017 = ( GEOMETRIC_REPRESENTATION_CONTEXT(2) 
PARAMETRIC_REPRESENTATION_CONTEXT() REPRESENTATION_CONTEXT('2D SPACE',''
  ) );
#3018 = ORIENTED_EDGE('',*,*,#3019,.T.);
#3019 = EDGE_CURVE('',#2979,#3020,#3022,.T.);
#3020 = VERTEX_POINT('',#3021);
#3021 = CARTESIAN_POINT('',(34.629798205843,-48.16821645258,70.));
#3022 = SURFACE_CURVE('',#3023,(#3032,#3039),.PCURVE_S1.);
#3023 = ( BOUNDED_CURVE() B_SPLINE_CURVE(7,(#3024,#3025,#3026,#3027,
    #3028,#3029,#3030,#3031),.UNSPECIFIED.,.F.,.F.) 
B_SPLINE_CURVE_WITH_KNOTS((8,8),(0.,1.),.PIECEWISE_BEZIER_KNOTS.) CURVE(
) GEOMETRIC_REPRESENTATION_ITEM() RATIONAL_B_SPLINE_CURVE((1.,1.,1.,1.,
1.,1.,1.,1.)) REPRESENTATION_ITEM('') );
#3024 = CARTESIAN_POINT('',(-24.4,-54.07439320047,0.));
#3025 = CARTESIAN_POINT('',(-16.31048962136,-57.72462623837,
    10.000000000003));
#3026 = CARTESIAN_POINT('',(-7.583894066615,-59.96296325032,
    19.99999999999));
#3027 = CARTESIAN_POINT('',(1.484083255247,-60.65601790724,
    30.000000000016));
#3028 = CARTESIAN_POINT('',(10.562804747593,-59.74765407377,
    39.999999999985));
#3029 = CARTESIAN_POINT('',(19.313714143401,-57.27174571261,
    50.000000000008));
#3030 = CARTESIAN_POINT('',(27.423850115772,-53.34882370656,
    59.999999999998));
#3031 = CARTESIAN_POINT('',(34.629798205843,-48.16821645258,70.));
#3032 = PCURVE('',#144,#3033);
#3033 = DEFINITIONAL_REPRESENTATION('',(#3034),#3038);
#3034 = LINE('',#3035,#3036);
#3035 = CARTESIAN_POINT('',(2.,0.));
#3036 = VECTOR('',#3037,1.);
#3037 = DIRECTION('',(0.,1.));
#3038 = ( GEOMETRIC_REPRESENTATION_CONTEXT(2) 
PARAMETRIC_REPRESENTATION_CONTEXT() REPRESENTATION_CONTEXT('2D SPACE',''
  ) );
#3039 = PCURVE('',#2588,#3040);
#3040 = DEFINITIONAL_REPRESENTATION('',(#3041),#3045);
#3041 = LINE('',#3042,#3043);
#3042 = CARTESIAN_POINT('',(2.,0.));
#3043 = VECTOR('',#3044,1.);
#3044 = DIRECTION('',(0.,1.));
#3045 = ( GEOMETRIC_REPRESENTATION_CONTEXT(2) 
PARAMETRIC_REPRESENTATION_CONTEXT() REPRESENTATION_CONTEXT('2D SPACE',''
  ) );
#3046 = ORIENTED_EDGE('',*,*,#3047,.F.);
#3047 = EDGE_CURVE('',#3048,#3020,#3050,.T.);
#3048 = VERTEX_POINT('',#3049);
#3049 = CARTESIAN_POINT('',(16.977251818819,0.879159075711,70.));
#3050 = SURFACE_CURVE('',#3051,(#3064,#3071),.PCURVE_S1.);
#3051 = B_SPLINE_CURVE_WITH_KNOTS('',11,(#3052,#3053,#3054,#3055,#3056,
    #3057,#3058,#3059,#3060,#3061,#3062,#3063),.UNSPECIFIED.,.F.,.F.,(12
    ,12),(1.,2.),.PIECEWISE_BEZIER_KNOTS.);
#3052 = CARTESIAN_POINT('',(5.5,9.526279441629,70.));
#3053 = CARTESIAN_POINT('',(10.884905758488,6.417302652405,70.));
#3054 = CARTESIAN_POINT('',(15.909394296707,2.684064645985,70.));
#3055 = CARTESIAN_POINT('',(20.493054843219,-1.627008893727,70.));
#3056 = CARTESIAN_POINT('',(24.562205429382,-6.45784233406,70.));
#3057 = CARTESIAN_POINT('',(28.051819431439,-11.73981907157,70.));
#3058 = CARTESIAN_POINT('',(30.907242829798,-17.39527237642,70.));
#3059 = CARTESIAN_POINT('',(33.085606620517,-23.33929587354,70.));
#3060 = CARTESIAN_POINT('',(34.556864371589,-29.48179852727,70.));
#3061 = CARTESIAN_POINT('',(35.304410474183,-35.72971609194,70.));
#3062 = CARTESIAN_POINT('',(35.325260196544,-41.98927808719,70.));
#3063 = CARTESIAN_POINT('',(34.629798205843,-48.16821645258,70.));
#3064 = PCURVE('',#144,#3065);
#3065 = DEFINITIONAL_REPRESENTATION('',(#3066),#3070);
#3066 = LINE('',#3067,#3068);
#3067 = CARTESIAN_POINT('',(0.,1.));
#3068 = VECTOR('',#3069,1.);
#3069 = DIRECTION('',(1.,0.));
#3070 = ( GEOMETRIC_REPRESENTATION_CONTEXT(2) 
PARAMETRIC_REPRESENTATION_CONTEXT() REPRESENTATION_CONTEXT('2D SPACE',''
  ) );
#3071 = PCURVE('',#1848,#3072);
#3072 = DEFINITIONAL_REPRESENTATION('',(#3073),#3086);
#3073 = B_SPLINE_CURVE_WITH_KNOTS('',11,(#3074,#3075,#3076,#3077,#3078,
    #3079,#3080,#3081,#3082,#3083,#3084,#3085),.UNSPECIFIED.,.F.,.F.,(12
    ,12),(1.,2.),.PIECEWISE_BEZIER_KNOTS.);
#3074 = CARTESIAN_POINT('',(41.714272411428,27.566637030752));
#3075 = CARTESIAN_POINT('',(45.14243379885,22.379088842492));
#3076 = CARTESIAN_POINT('',(49.171977149853,17.588960298741));
#3077 = CARTESIAN_POINT('',(53.75171051795,13.273715074237));
#3078 = CARTESIAN_POINT('',(58.819219143164,9.503397507442));
#3079 = CARTESIAN_POINT('',(64.302088629815,6.338776466719));
#3080 = CARTESIAN_POINT('',(70.119496670097,3.829721154434));
#3081 = CARTESIAN_POINT('',(76.184105432303,2.013900485862));
#3082 = CARTESIAN_POINT('',(82.404175393855,0.915871390388));
#3083 = CARTESIAN_POINT('',(88.685810060613,0.546595092963));
#3084 = CARTESIAN_POINT('',(94.935229675279,0.903394144401));
#3085 = CARTESIAN_POINT('',(101.06096067903,1.970336679575));
#3086 = ( GEOMETRIC_REPRESENTATION_CONTEXT(2) 
PARAMETRIC_REPRESENTATION_CONTEXT() REPRESENTATION_CONTEXT('2D SPACE',''
  ) );
#3087 = ORIENTED_EDGE('',*,*,#3088,.F.);
#3088 = EDGE_CURVE('',#3089,#3048,#3091,.T.);
#3089 = VERTEX_POINT('',#3090);
#3090 = CARTESIAN_POINT('',(17.,0.,66.541547992823));
#3091 = SURFACE_CURVE('',#3092,(#3098,#3107),.PCURVE_S1.);
#3092 = B_SPLINE_CURVE_WITH_KNOTS('',4,(#3093,#3094,#3095,#3096,#3097),
  .UNSPECIFIED.,.F.,.F.,(5,5),(0.,1.),.PIECEWISE_BEZIER_KNOTS.);
#3093 = CARTESIAN_POINT('',(17.,-5.190524027501E-15,66.541547992823));
#3094 = CARTESIAN_POINT('',(17.,0.219887865372,67.406160993325));
#3095 = CARTESIAN_POINT('',(16.996207790237,0.439775731719,
    68.270773994773));
#3096 = CARTESIAN_POINT('',(16.988623371451,0.659565468657,
    69.135386996785));
#3097 = CARTESIAN_POINT('',(16.977251818819,0.87915907571,70.));
#3098 = PCURVE('',#144,#3099);
#3099 = DEFINITIONAL_REPRESENTATION('',(#3100),#3106);
#3100 = B_SPLINE_CURVE_WITH_KNOTS('',4,(#3101,#3102,#3103,#3104,#3105),
  .UNSPECIFIED.,.F.,.F.,(5,5),(0.,1.),.PIECEWISE_BEZIER_KNOTS.);
#3101 = CARTESIAN_POINT('',(1.210619811157,0.950593542755));
#3102 = CARTESIAN_POINT('',(1.21061981109,0.962945157048));
#3103 = CARTESIAN_POINT('',(1.210619811147,0.975296771354));
#3104 = CARTESIAN_POINT('',(1.210619811431,0.987648385668));
#3105 = CARTESIAN_POINT('',(1.210619812176,1.));
#3106 = ( GEOMETRIC_REPRESENTATION_CONTEXT(2) 
PARAMETRIC_REPRESENTATION_CONTEXT() REPRESENTATION_CONTEXT('2D SPACE',''
  ) );
#3107 = PCURVE('',#3108,#3113);
#3108 = CYLINDRICAL_SURFACE('',#3109,17.);
#3109 = AXIS2_PLACEMENT_3D('',#3110,#3111,#3112);
#3110 = CARTESIAN_POINT('',(0.,0.,66.5));
#3111 = DIRECTION('',(-0.,-0.,-1.));
#3112 = DIRECTION('',(1.,0.,0.));
#3113 = DEFINITIONAL_REPRESENTATION('',(#3114),#3120);
#3114 = B_SPLINE_CURVE_WITH_KNOTS('',4,(#3115,#3116,#3117,#3118,#3119),
  .UNSPECIFIED.,.F.,.F.,(5,5),(0.,1.),.PIECEWISE_BEZIER_KNOTS.);
#3115 = CARTESIAN_POINT('',(-6.28318530718,-4.15479928231E-02));
#3116 = CARTESIAN_POINT('',(-6.296119887496,-0.906160993325));
#3117 = CARTESIAN_POINT('',(-6.309054467611,-1.770773994773));
#3118 = CARTESIAN_POINT('',(-6.32198904736,-2.635386996785));
#3119 = CARTESIAN_POINT('',(-6.33492362649,-3.5));
#3120 = ( GEOMETRIC_REPRESENTATION_CONTEXT(2) 
PARAMETRIC_REPRESENTATION_CONTEXT() REPRESENTATION_CONTEXT('2D SPACE',''
  ) );
#3121 = ORIENTED_EDGE('',*,*,#3122,.F.);
#3122 = EDGE_CURVE('',#3123,#3089,#3125,.T.);
#3123 = VERTEX_POINT('',#3124);
#3124 = CARTESIAN_POINT('',(16.999996716174,-1.056646020995E-02,66.5));
#3125 = SURFACE_CURVE('',#3126,(#3129,#3135),.PCURVE_S1.);
#3126 = B_SPLINE_CURVE_WITH_KNOTS('',1,(#3127,#3128),.UNSPECIFIED.,.F.,
  .F.,(2,2),(0.,1.),.PIECEWISE_BEZIER_KNOTS.);
#3127 = CARTESIAN_POINT('',(16.999996716079,-1.056661280156E-02,
    66.4999994));
#3128 = CARTESIAN_POINT('',(17.,-5.190292640123E-15,66.541547992823));
#3129 = PCURVE('',#144,#3130);
#3130 = DEFINITIONAL_REPRESENTATION('',(#3131),#3134);
#3131 = B_SPLINE_CURVE_WITH_KNOTS('',1,(#3132,#3133),.UNSPECIFIED.,.F.,
  .F.,(2,2),(0.,1.),.PIECEWISE_BEZIER_KNOTS.);
#3132 = CARTESIAN_POINT('',(1.21061981116,0.949999991429));
#3133 = CARTESIAN_POINT('',(1.210619811157,0.950593542755));
#3134 = ( GEOMETRIC_REPRESENTATION_CONTEXT(2) 
PARAMETRIC_REPRESENTATION_CONTEXT() REPRESENTATION_CONTEXT('2D SPACE',''
  ) );
#3135 = PCURVE('',#3108,#3136);
#3136 = DEFINITIONAL_REPRESENTATION('',(#3137),#3140);
#3137 = B_SPLINE_CURVE_WITH_KNOTS('',1,(#3138,#3139),.UNSPECIFIED.,.F.,
  .F.,(2,2),(1.444092264303E-05,1.),.PIECEWISE_BEZIER_KNOTS.);
#3138 = CARTESIAN_POINT('',(-6.282563750657,-1.488139701883E-14));
#3139 = CARTESIAN_POINT('',(-6.28318530718,-4.15479928231E-02));
#3140 = ( GEOMETRIC_REPRESENTATION_CONTEXT(2) 
PARAMETRIC_REPRESENTATION_CONTEXT() REPRESENTATION_CONTEXT('2D SPACE',''
  ) );
#3141 = ORIENTED_EDGE('',*,*,#3142,.T.);
#3142 = EDGE_CURVE('',#3123,#1724,#3143,.T.);
#3143 = SURFACE_CURVE('',#3144,(#3152,#3163),.PCURVE_S1.);
#3144 = B_SPLINE_CURVE_WITH_KNOTS('',6,(#3145,#3146,#3147,#3148,#3149,
    #3150,#3151),.UNSPECIFIED.,.F.,.F.,(7,7),(0.,1.),
  .PIECEWISE_BEZIER_KNOTS.);
#3145 = CARTESIAN_POINT('',(17.,-1.056998042013E-02,66.5));
#3146 = CARTESIAN_POINT('',(15.362226665532,1.745097476672,66.5));
#3147 = CARTESIAN_POINT('',(13.63870376762,3.420802472249,66.5));
#3148 = CARTESIAN_POINT('',(11.834342044986,5.011275154111,66.5));
#3149 = CARTESIAN_POINT('',(9.954439798954,6.5117057992,66.5));
#3150 = CARTESIAN_POINT('',(8.004654517928,7.917712829318,66.5));
#3151 = CARTESIAN_POINT('',(5.991029413512,9.225376265588,66.5));
#3152 = PCURVE('',#144,#3153);
#3153 = DEFINITIONAL_REPRESENTATION('',(#3154),#3162);
#3154 = B_SPLINE_CURVE_WITH_KNOTS('',6,(#3155,#3156,#3157,#3158,#3159,
    #3160,#3161),.UNSPECIFIED.,.F.,.F.,(7,7),(0.,1.),
  .PIECEWISE_BEZIER_KNOTS.);
#3155 = CARTESIAN_POINT('',(1.210619881544,0.95));
#3156 = CARTESIAN_POINT('',(1.175516653653,0.95));
#3157 = CARTESIAN_POINT('',(1.140413117117,0.95));
#3158 = CARTESIAN_POINT('',(1.105309940547,0.95));
#3159 = CARTESIAN_POINT('',(1.070206763957,0.95));
#3160 = CARTESIAN_POINT('',(1.035103227877,0.95));
#3161 = CARTESIAN_POINT('',(1.,0.95));
#3162 = ( GEOMETRIC_REPRESENTATION_CONTEXT(2) 
PARAMETRIC_REPRESENTATION_CONTEXT() REPRESENTATION_CONTEXT('2D SPACE',''
  ) );
#3163 = PCURVE('',#1775,#3164);
#3164 = DEFINITIONAL_REPRESENTATION('',(#3165),#3173);
#3165 = B_SPLINE_CURVE_WITH_KNOTS('',6,(#3166,#3167,#3168,#3169,#3170,
    #3171,#3172),.UNSPECIFIED.,.F.,.F.,(7,7),(0.,1.),
  .PIECEWISE_BEZIER_KNOTS.);
#3166 = CARTESIAN_POINT('',(17.,-1.056998042013E-02));
#3167 = CARTESIAN_POINT('',(15.362226665532,1.745097476672));
#3168 = CARTESIAN_POINT('',(13.63870376762,3.420802472249));
#3169 = CARTESIAN_POINT('',(11.834342044986,5.011275154111));
#3170 = CARTESIAN_POINT('',(9.954439798954,6.5117057992));
#3171 = CARTESIAN_POINT('',(8.004654517928,7.917712829318));
#3172 = CARTESIAN_POINT('',(5.991029413512,9.225376265588));
#3173 = ( GEOMETRIC_REPRESENTATION_CONTEXT(2) 
PARAMETRIC_REPRESENTATION_CONTEXT() REPRESENTATION_CONTEXT('2D SPACE',''
  ) );
#3174 = ORIENTED_EDGE('',*,*,#1723,.F.);
#3175 = ORIENTED_EDGE('',*,*,#3176,.F.);
#3176 = EDGE_CURVE('',#2908,#1695,#3177,.T.);
#3177 = SURFACE_CURVE('',#3178,(#3184,#3193),.PCURVE_S1.);
#3178 = B_SPLINE_CURVE_WITH_KNOTS('',4,(#3179,#3180,#3181,#3182,#3183),
  .UNSPECIFIED.,.F.,.F.,(5,5),(0.,1.),.PIECEWISE_BEZIER_KNOTS.);
#3179 = CARTESIAN_POINT('',(11.042431186609,-1.319029996922,3.));
#3180 = CARTESIAN_POINT('',(11.036019097422,-0.865724314027,3.));
#3181 = CARTESIAN_POINT('',(11.024962794113,-0.412484313422,3.));
#3182 = CARTESIAN_POINT('',(11.009263280612,4.061860836403E-02,3.));
#3183 = CARTESIAN_POINT('',(10.988923762712,0.493513149702,3.));
#3184 = PCURVE('',#144,#3185);
#3185 = DEFINITIONAL_REPRESENTATION('',(#3186),#3192);
#3186 = B_SPLINE_CURVE_WITH_KNOTS('',4,(#3187,#3188,#3189,#3190,#3191),
  .UNSPECIFIED.,.F.,.F.,(5,5),(0.,1.),.PIECEWISE_BEZIER_KNOTS.);
#3187 = CARTESIAN_POINT('',(1.026512727398,4.285714285714E-02));
#3188 = CARTESIAN_POINT('',(1.019884545102,4.285714285714E-02));
#3189 = CARTESIAN_POINT('',(1.013256367274,4.285714285714E-02));
#3190 = CARTESIAN_POINT('',(1.006628182388,4.285714285714E-02));
#3191 = CARTESIAN_POINT('',(1.,4.285714285714E-02));
#3192 = ( GEOMETRIC_REPRESENTATION_CONTEXT(2) 
PARAMETRIC_REPRESENTATION_CONTEXT() REPRESENTATION_CONTEXT('2D SPACE',''
  ) );
#3193 = PCURVE('',#1122,#3194);
#3194 = DEFINITIONAL_REPRESENTATION('',(#3195),#3201);
#3195 = B_SPLINE_CURVE_WITH_KNOTS('',4,(#3196,#3197,#3198,#3199,#3200),
  .UNSPECIFIED.,.F.,.F.,(5,5),(0.,1.),.PIECEWISE_BEZIER_KNOTS.);
#3196 = CARTESIAN_POINT('',(11.042431186609,-1.319029996922));
#3197 = CARTESIAN_POINT('',(11.036019097422,-0.865724314027));
#3198 = CARTESIAN_POINT('',(11.024962794113,-0.412484313422));
#3199 = CARTESIAN_POINT('',(11.009263280612,4.061860836403E-02));
#3200 = CARTESIAN_POINT('',(10.988923762712,0.493513149702));
#3201 = ( GEOMETRIC_REPRESENTATION_CONTEXT(2) 
PARAMETRIC_REPRESENTATION_CONTEXT() REPRESENTATION_CONTEXT('2D SPACE',''
  ) );
#3202 = ADVANCED_FACE('',(#3203),#88,.T.);
#3203 = FACE_BOUND('',#3204,.T.);
#3204 = EDGE_LOOP('',(#3205,#3206,#3207,#3208));
#3205 = ORIENTED_EDGE('',*,*,#1134,.F.);
#3206 = ORIENTED_EDGE('',*,*,#74,.T.);
#3207 = ORIENTED_EDGE('',*,*,#2907,.T.);
#3208 = ORIENTED_EDGE('',*,*,#3209,.T.);
#3209 = EDGE_CURVE('',#2908,#1107,#3210,.T.);
#3210 = SURFACE_CURVE('',#3211,(#3217,#3226),.PCURVE_S1.);
#3211 = B_SPLINE_CURVE_WITH_KNOTS('',4,(#3212,#3213,#3214,#3215,#3216),
  .UNSPECIFIED.,.F.,.F.,(5,5),(0.,1.),.PIECEWISE_BEZIER_KNOTS.);
#3212 = CARTESIAN_POINT('',(14.053199839726,-0.870381103756,3.));
#3213 = CARTESIAN_POINT('',(11.555717249413,-0.982543327048,3.));
#3214 = CARTESIAN_POINT('',(9.058234659101,-1.094705550339,3.));
#3215 = CARTESIAN_POINT('',(6.560752068788,-1.20686777363,3.));
#3216 = CARTESIAN_POINT('',(4.063269478475,-1.319029996922,3.));
#3217 = PCURVE('',#88,#3218);
#3218 = DEFINITIONAL_REPRESENTATION('',(#3219),#3225);
#3219 = B_SPLINE_CURVE_WITH_KNOTS('',4,(#3220,#3221,#3222,#3223,#3224),
  .UNSPECIFIED.,.F.,.F.,(5,5),(0.,1.),.PIECEWISE_BEZIER_KNOTS.);
#3220 = CARTESIAN_POINT('',(1.,4.285714285714E-02));
#3221 = CARTESIAN_POINT('',(0.75,4.285714285714E-02));
#3222 = CARTESIAN_POINT('',(0.5,4.285714285714E-02));
#3223 = CARTESIAN_POINT('',(0.25,4.285714285714E-02));
#3224 = CARTESIAN_POINT('',(0.,4.285714285714E-02));
#3225 = ( GEOMETRIC_REPRESENTATION_CONTEXT(2) 
PARAMETRIC_REPRESENTATION_CONTEXT() REPRESENTATION_CONTEXT('2D SPACE',''
  ) );
#3226 = PCURVE('',#1122,#3227);
#3227 = DEFINITIONAL_REPRESENTATION('',(#3228),#3234);
#3228 = B_SPLINE_CURVE_WITH_KNOTS('',4,(#3229,#3230,#3231,#3232,#3233),
  .UNSPECIFIED.,.F.,.F.,(5,5),(0.,1.),.PIECEWISE_BEZIER_KNOTS.);
#3229 = CARTESIAN_POINT('',(14.053199839726,-0.870381103756));
#3230 = CARTESIAN_POINT('',(11.555717249413,-0.982543327048));
#3231 = CARTESIAN_POINT('',(9.058234659101,-1.094705550339));
#3232 = CARTESIAN_POINT('',(6.560752068788,-1.20686777363));
#3233 = CARTESIAN_POINT('',(4.063269478475,-1.319029996922));
#3234 = ( GEOMETRIC_REPRESENTATION_CONTEXT(2) 
PARAMETRIC_REPRESENTATION_CONTEXT() REPRESENTATION_CONTEXT('2D SPACE',''
  ) );
#3235 = ADVANCED_FACE('',(#3236,#3961,#4007,#4083,#4114),#890,.F.);
#3236 = FACE_BOUND('',#3237,.F.);
#3237 = EDGE_LOOP('',(#3238,#3268,#3301,#3330,#3363,#3391,#3424,#3452,
    #3481,#3509,#3542,#3571,#3604,#3632,#3665,#3693,#3722,#3750,#3783,
    #3812,#3845,#3873,#3906,#3934));
#3238 = ORIENTED_EDGE('',*,*,#3239,.F.);
#3239 = EDGE_CURVE('',#3240,#3242,#3244,.T.);
#3240 = VERTEX_POINT('',#3241);
#3241 = CARTESIAN_POINT('',(-17.96636160257,2.282509751495,-10.45));
#3242 = VERTEX_POINT('',#3243);
#3243 = CARTESIAN_POINT('',(-19.69208667862,2.910622311707,-10.45));
#3244 = SURFACE_CURVE('',#3245,(#3249,#3256),.PCURVE_S1.);
#3245 = LINE('',#3246,#3247);
#3246 = CARTESIAN_POINT('',(-14.5237772643,1.029511523416,-10.45));
#3247 = VECTOR('',#3248,1.);
#3248 = DIRECTION('',(-0.939692620786,0.342020143326,0.));
#3249 = PCURVE('',#890,#3250);
#3250 = DEFINITIONAL_REPRESENTATION('',(#3251),#3255);
#3251 = LINE('',#3252,#3253);
#3252 = CARTESIAN_POINT('',(-10.46410161513,10.124355652982));
#3253 = VECTOR('',#3254,1.);
#3254 = DIRECTION('',(-0.5,0.866025403784));
#3255 = ( GEOMETRIC_REPRESENTATION_CONTEXT(2) 
PARAMETRIC_REPRESENTATION_CONTEXT() REPRESENTATION_CONTEXT('2D SPACE',''
  ) );
#3256 = PCURVE('',#3257,#3262);
#3257 = PLANE('',#3258);
#3258 = AXIS2_PLACEMENT_3D('',#3259,#3260,#3261);
#3259 = CARTESIAN_POINT('',(-14.5237772643,1.029511523416,-10.45));
#3260 = DIRECTION('',(-0.342020143326,-0.939692620786,0.));
#3261 = DIRECTION('',(0.,0.,1.));
#3262 = DEFINITIONAL_REPRESENTATION('',(#3263),#3267);
#3263 = LINE('',#3264,#3265);
#3264 = CARTESIAN_POINT('',(0.,0.));
#3265 = VECTOR('',#3266,1.);
#3266 = DIRECTION('',(0.,1.));
#3267 = ( GEOMETRIC_REPRESENTATION_CONTEXT(2) 
PARAMETRIC_REPRESENTATION_CONTEXT() REPRESENTATION_CONTEXT('2D SPACE',''
  ) );
#3268 = ORIENTED_EDGE('',*,*,#3269,.T.);
#3269 = EDGE_CURVE('',#3240,#3270,#3272,.T.);
#3270 = VERTEX_POINT('',#3271);
#3271 = CARTESIAN_POINT('',(-16.98106275127,0.802189402453,-10.45));
#3272 = SURFACE_CURVE('',#3273,(#3278,#3289),.PCURVE_S1.);
#3273 = CIRCLE('',#3274,1.5);
#3274 = AXIS2_PLACEMENT_3D('',#3275,#3276,#3277);
#3275 = CARTESIAN_POINT('',(-18.47939181755,0.872970820316,-10.45));
#3276 = DIRECTION('',(0.,0.,-1.));
#3277 = DIRECTION('',(-0.642787609687,0.766044443119,0.));
#3278 = PCURVE('',#890,#3279);
#3279 = DEFINITIONAL_REPRESENTATION('',(#3280),#3288);
#3280 = ( BOUNDED_CURVE() B_SPLINE_CURVE(2,(#3281,#3282,#3283,#3284,
#3285,#3286,#3287),.UNSPECIFIED.,.T.,.F.) B_SPLINE_CURVE_WITH_KNOTS((1,2
    ,2,2,2,1),(-2.094395102393,0.,2.094395102393,4.188790204786,
6.28318530718,8.377580409573),.UNSPECIFIED.) CURVE() 
GEOMETRIC_REPRESENTATION_ITEM() RATIONAL_B_SPLINE_CURVE((1.,0.5,1.,0.5,
1.,0.5,1.)) REPRESENTATION_ITEM('') );
#3281 = CARTESIAN_POINT('',(-13.59490058714,14.047058540778));
#3282 = CARTESIAN_POINT('',(-10.99682437578,14.047058540778));
#3283 = CARTESIAN_POINT('',(-12.29586248146,11.797058540778));
#3284 = CARTESIAN_POINT('',(-13.59490058714,9.547058540778));
#3285 = CARTESIAN_POINT('',(-14.89393869281,11.797058540778));
#3286 = CARTESIAN_POINT('',(-16.19297679849,14.047058540778));
#3287 = CARTESIAN_POINT('',(-13.59490058714,14.047058540778));
#3288 = ( GEOMETRIC_REPRESENTATION_CONTEXT(2) 
PARAMETRIC_REPRESENTATION_CONTEXT() REPRESENTATION_CONTEXT('2D SPACE',''
  ) );
#3289 = PCURVE('',#3290,#3295);
#3290 = CYLINDRICAL_SURFACE('',#3291,1.5);
#3291 = AXIS2_PLACEMENT_3D('',#3292,#3293,#3294);
#3292 = CARTESIAN_POINT('',(-18.47939181755,0.872970820316,-7.25));
#3293 = DIRECTION('',(0.,-0.,-1.));
#3294 = DIRECTION('',(0.342020143326,0.939692620786,0.));
#3295 = DEFINITIONAL_REPRESENTATION('',(#3296),#3300);
#3296 = LINE('',#3297,#3298);
#3297 = CARTESIAN_POINT('',(-1.047197551197,3.2));
#3298 = VECTOR('',#3299,1.);
#3299 = DIRECTION('',(1.,0.));
#3300 = ( GEOMETRIC_REPRESENTATION_CONTEXT(2) 
PARAMETRIC_REPRESENTATION_CONTEXT() REPRESENTATION_CONTEXT('2D SPACE',''
  ) );
#3301 = ORIENTED_EDGE('',*,*,#3302,.T.);
#3302 = EDGE_CURVE('',#3270,#3303,#3305,.T.);
#3303 = VERTEX_POINT('',#3304);
#3304 = CARTESIAN_POINT('',(-2.158728258686,-16.86238097971,-10.45));
#3305 = SURFACE_CURVE('',#3306,(#3311,#3318),.PCURVE_S1.);
#3306 = CIRCLE('',#3307,17.);
#3307 = AXIS2_PLACEMENT_3D('',#3308,#3309,#3310);
#3308 = CARTESIAN_POINT('',(0.,0.,-10.45));
#3309 = DIRECTION('',(0.,-0.,1.));
#3310 = DIRECTION('',(0.766044443119,0.642787609687,0.));
#3311 = PCURVE('',#890,#3312);
#3312 = DEFINITIONAL_REPRESENTATION('',(#3313),#3317);
#3313 = CIRCLE('',#3314,17.);
#3314 = AXIS2_PLACEMENT_2D('',#3315,#3316);
#3315 = CARTESIAN_POINT('',(1.608753097105E-15,6.939665195168E-16));
#3316 = DIRECTION('',(1.,0.));
#3317 = ( GEOMETRIC_REPRESENTATION_CONTEXT(2) 
PARAMETRIC_REPRESENTATION_CONTEXT() REPRESENTATION_CONTEXT('2D SPACE',''
  ) );
#3318 = PCURVE('',#3319,#3324);
#3319 = CYLINDRICAL_SURFACE('',#3320,17.);
#3320 = AXIS2_PLACEMENT_3D('',#3321,#3322,#3323);
#3321 = CARTESIAN_POINT('',(0.,0.,-10.45));
#3322 = DIRECTION('',(0.,-0.,-1.));
#3323 = DIRECTION('',(0.766044443119,0.642787609687,0.));
#3324 = DEFINITIONAL_REPRESENTATION('',(#3325),#3329);
#3325 = LINE('',#3326,#3327);
#3326 = CARTESIAN_POINT('',(-0.,0.));
#3327 = VECTOR('',#3328,1.);
#3328 = DIRECTION('',(-1.,0.));
#3329 = ( GEOMETRIC_REPRESENTATION_CONTEXT(2) 
PARAMETRIC_REPRESENTATION_CONTEXT() REPRESENTATION_CONTEXT('2D SPACE',''
  ) );
#3330 = ORIENTED_EDGE('',*,*,#3331,.T.);
#3331 = EDGE_CURVE('',#3303,#3332,#3334,.T.);
#3332 = VERTEX_POINT('',#3333);
#3333 = CARTESIAN_POINT('',(-0.871992651993,-18.08976585848,-10.45));
#3334 = SURFACE_CURVE('',#3335,(#3340,#3351),.PCURVE_S1.);
#3335 = CIRCLE('',#3336,1.5);
#3336 = AXIS2_PLACEMENT_3D('',#3337,#3338,#3339);
#3337 = CARTESIAN_POINT('',(-2.349204281511,-18.35023812498,-10.45));
#3338 = DIRECTION('',(0.,0.,-1.));
#3339 = DIRECTION('',(-0.642787609687,0.766044443119,0.));
#3340 = PCURVE('',#890,#3341);
#3341 = DEFINITIONAL_REPRESENTATION('',(#3342),#3350);
#3342 = ( BOUNDED_CURVE() B_SPLINE_CURVE(2,(#3343,#3344,#3345,#3346,
#3347,#3348,#3349),.UNSPECIFIED.,.T.,.F.) B_SPLINE_CURVE_WITH_KNOTS((1,2
    ,2,2,2,1),(-2.094395102393,0.,2.094395102393,4.188790204786,
6.28318530718,8.377580409573),.UNSPECIFIED.) CURVE() 
GEOMETRIC_REPRESENTATION_ITEM() RATIONAL_B_SPLINE_CURVE((1.,0.5,1.,0.5,
1.,0.5,1.)) REPRESENTATION_ITEM('') );
#3343 = CARTESIAN_POINT('',(-13.59490058714,-11.04705854077));
#3344 = CARTESIAN_POINT('',(-10.99682437578,-11.04705854077));
#3345 = CARTESIAN_POINT('',(-12.29586248146,-13.29705854077));
#3346 = CARTESIAN_POINT('',(-13.59490058714,-15.54705854077));
#3347 = CARTESIAN_POINT('',(-14.89393869281,-13.29705854077));
#3348 = CARTESIAN_POINT('',(-16.19297679849,-11.04705854077));
#3349 = CARTESIAN_POINT('',(-13.59490058714,-11.04705854077));
#3350 = ( GEOMETRIC_REPRESENTATION_CONTEXT(2) 
PARAMETRIC_REPRESENTATION_CONTEXT() REPRESENTATION_CONTEXT('2D SPACE',''
  ) );
#3351 = PCURVE('',#3352,#3357);
#3352 = CYLINDRICAL_SURFACE('',#3353,1.5);
#3353 = AXIS2_PLACEMENT_3D('',#3354,#3355,#3356);
#3354 = CARTESIAN_POINT('',(-2.349204281511,-18.35023812498,-7.25));
#3355 = DIRECTION('',(0.,-0.,-1.));
#3356 = DIRECTION('',(0.126984015217,0.991904763513,0.));
#3357 = DEFINITIONAL_REPRESENTATION('',(#3358),#3362);
#3358 = LINE('',#3359,#3360);
#3359 = CARTESIAN_POINT('',(-0.825459484639,3.2));
#3360 = VECTOR('',#3361,1.);
#3361 = DIRECTION('',(1.,0.));
#3362 = ( GEOMETRIC_REPRESENTATION_CONTEXT(2) 
PARAMETRIC_REPRESENTATION_CONTEXT() REPRESENTATION_CONTEXT('2D SPACE',''
  ) );
#3363 = ORIENTED_EDGE('',*,*,#3364,.T.);
#3364 = EDGE_CURVE('',#3332,#3365,#3367,.T.);
#3365 = VERTEX_POINT('',#3366);
#3366 = CARTESIAN_POINT('',(-0.553091547544,-19.8983438944,-10.45));
#3367 = SURFACE_CURVE('',#3368,(#3372,#3379),.PCURVE_S1.);
#3368 = LINE('',#3369,#3370);
#3369 = CARTESIAN_POINT('',(-1.508156524712,-14.48190125283,-10.45));
#3370 = VECTOR('',#3371,1.);
#3371 = DIRECTION('',(0.173648177667,-0.984807753012,0.));
#3372 = PCURVE('',#890,#3373);
#3373 = DEFINITIONAL_REPRESENTATION('',(#3374),#3378);
#3374 = LINE('',#3375,#3376);
#3375 = CARTESIAN_POINT('',(-10.46410161513,-10.12435565298));
#3376 = VECTOR('',#3377,1.);
#3377 = DIRECTION('',(-0.5,-0.866025403784));
#3378 = ( GEOMETRIC_REPRESENTATION_CONTEXT(2) 
PARAMETRIC_REPRESENTATION_CONTEXT() REPRESENTATION_CONTEXT('2D SPACE',''
  ) );
#3379 = PCURVE('',#3380,#3385);
#3380 = PLANE('',#3381);
#3381 = AXIS2_PLACEMENT_3D('',#3382,#3383,#3384);
#3382 = CARTESIAN_POINT('',(-1.508156524712,-14.48190125283,-10.45));
#3383 = DIRECTION('',(0.984807753012,0.173648177667,0.));
#3384 = DIRECTION('',(0.,0.,1.));
#3385 = DEFINITIONAL_REPRESENTATION('',(#3386),#3390);
#3386 = LINE('',#3387,#3388);
#3387 = CARTESIAN_POINT('',(0.,0.));
#3388 = VECTOR('',#3389,1.);
#3389 = DIRECTION('',(0.,1.));
#3390 = ( GEOMETRIC_REPRESENTATION_CONTEXT(2) 
PARAMETRIC_REPRESENTATION_CONTEXT() REPRESENTATION_CONTEXT('2D SPACE',''
  ) );
#3391 = ORIENTED_EDGE('',*,*,#3392,.F.);
#3392 = EDGE_CURVE('',#3393,#3365,#3395,.T.);
#3393 = VERTEX_POINT('',#3394);
#3394 = CARTESIAN_POINT('',(1.184592348475,-21.11508325742,-10.45));
#3395 = SURFACE_CURVE('',#3396,(#3401,#3412),.PCURVE_S1.);
#3396 = CIRCLE('',#3397,1.5);
#3397 = AXIS2_PLACEMENT_3D('',#3398,#3399,#3400);
#3398 = CARTESIAN_POINT('',(0.924120081975,-19.6378716279,-10.45));
#3399 = DIRECTION('',(-0.,0.,-1.));
#3400 = DIRECTION('',(-0.984807753012,-0.173648177667,0.));
#3401 = PCURVE('',#890,#3402);
#3402 = DEFINITIONAL_REPRESENTATION('',(#3403),#3411);
#3403 = ( BOUNDED_CURVE() B_SPLINE_CURVE(2,(#3404,#3405,#3406,#3407,
#3408,#3409,#3410),.UNSPECIFIED.,.T.,.F.) B_SPLINE_CURVE_WITH_KNOTS((1,2
    ,2,2,2,1),(-2.094395102393,0.,2.094395102393,4.188790204786,
6.28318530718,8.377580409573),.UNSPECIFIED.) CURVE() 
GEOMETRIC_REPRESENTATION_ITEM() RATIONAL_B_SPLINE_CURVE((1.,0.5,1.,0.5,
1.,0.5,1.)) REPRESENTATION_ITEM('') );
#3404 = CARTESIAN_POINT('',(-13.21410161513,-14.88749537379));
#3405 = CARTESIAN_POINT('',(-11.91506350946,-12.63749537379));
#3406 = CARTESIAN_POINT('',(-10.61602540378,-14.88749537379));
#3407 = CARTESIAN_POINT('',(-9.316987298108,-17.13749537379));
#3408 = CARTESIAN_POINT('',(-11.91506350946,-17.13749537379));
#3409 = CARTESIAN_POINT('',(-14.51313972081,-17.13749537379));
#3410 = CARTESIAN_POINT('',(-13.21410161513,-14.88749537379));
#3411 = ( GEOMETRIC_REPRESENTATION_CONTEXT(2) 
PARAMETRIC_REPRESENTATION_CONTEXT() REPRESENTATION_CONTEXT('2D SPACE',''
  ) );
#3412 = PCURVE('',#3413,#3418);
#3413 = CYLINDRICAL_SURFACE('',#3414,1.5);
#3414 = AXIS2_PLACEMENT_3D('',#3415,#3416,#3417);
#3415 = CARTESIAN_POINT('',(0.924120081975,-19.6378716279,-10.45));
#3416 = DIRECTION('',(0.,0.,1.));
#3417 = DIRECTION('',(0.173648177667,-0.984807753012,0.));
#3418 = DEFINITIONAL_REPRESENTATION('',(#3419),#3423);
#3419 = LINE('',#3420,#3421);
#3420 = CARTESIAN_POINT('',(4.712388980385,-0.));
#3421 = VECTOR('',#3422,1.);
#3422 = DIRECTION('',(-1.,0.));
#3423 = ( GEOMETRIC_REPRESENTATION_CONTEXT(2) 
PARAMETRIC_REPRESENTATION_CONTEXT() REPRESENTATION_CONTEXT('2D SPACE',''
  ) );
#3424 = ORIENTED_EDGE('',*,*,#3425,.T.);
#3425 = EDGE_CURVE('',#3393,#3426,#3428,.T.);
#3426 = VERTEX_POINT('',#3427);
#3427 = CARTESIAN_POINT('',(6.108631113536,-20.24684236908,-10.45));
#3428 = SURFACE_CURVE('',#3429,(#3433,#3440),.PCURVE_S1.);
#3429 = LINE('',#3430,#3431);
#3430 = CARTESIAN_POINT('',(-0.292619281043,-21.37555552392,-10.45));
#3431 = VECTOR('',#3432,1.);
#3432 = DIRECTION('',(0.984807753012,0.173648177667,0.));
#3433 = PCURVE('',#890,#3434);
#3434 = DEFINITIONAL_REPRESENTATION('',(#3435),#3439);
#3435 = LINE('',#3436,#3437);
#3436 = CARTESIAN_POINT('',(-13.96410161513,-16.18653347947));
#3437 = VECTOR('',#3438,1.);
#3438 = DIRECTION('',(0.866025403784,-0.5));
#3439 = ( GEOMETRIC_REPRESENTATION_CONTEXT(2) 
PARAMETRIC_REPRESENTATION_CONTEXT() REPRESENTATION_CONTEXT('2D SPACE',''
  ) );
#3440 = PCURVE('',#3441,#3446);
#3441 = PLANE('',#3442);
#3442 = AXIS2_PLACEMENT_3D('',#3443,#3444,#3445);
#3443 = CARTESIAN_POINT('',(-0.292619281043,-21.37555552392,-10.45));
#3444 = DIRECTION('',(0.173648177667,-0.984807753012,0.));
#3445 = DIRECTION('',(0.,0.,1.));
#3446 = DEFINITIONAL_REPRESENTATION('',(#3447),#3451);
#3447 = LINE('',#3448,#3449);
#3448 = CARTESIAN_POINT('',(0.,0.));
#3449 = VECTOR('',#3450,1.);
#3450 = DIRECTION('',(0.,-1.));
#3451 = ( GEOMETRIC_REPRESENTATION_CONTEXT(2) 
PARAMETRIC_REPRESENTATION_CONTEXT() REPRESENTATION_CONTEXT('2D SPACE',''
  ) );
#3452 = ORIENTED_EDGE('',*,*,#3453,.T.);
#3453 = EDGE_CURVE('',#3426,#3454,#3456,.T.);
#3454 = VERTEX_POINT('',#3455);
#3455 = CARTESIAN_POINT('',(7.325370476554,-18.50915847307,-10.45));
#3456 = SURFACE_CURVE('',#3457,(#3462,#3469),.PCURVE_S1.);
#3457 = CIRCLE('',#3458,1.5);
#3458 = AXIS2_PLACEMENT_3D('',#3459,#3460,#3461);
#3459 = CARTESIAN_POINT('',(5.848158847036,-18.76963073957,-10.45));
#3460 = DIRECTION('',(0.,0.,1.));
#3461 = DIRECTION('',(-0.984807753012,-0.173648177667,0.));
#3462 = PCURVE('',#890,#3463);
#3463 = DEFINITIONAL_REPRESENTATION('',(#3464),#3468);
#3464 = CIRCLE('',#3465,1.5);
#3465 = AXIS2_PLACEMENT_2D('',#3466,#3467);
#3466 = CARTESIAN_POINT('',(-7.584936490539,-18.13749537379));
#3467 = DIRECTION('',(-0.866025403784,0.5));
#3468 = ( GEOMETRIC_REPRESENTATION_CONTEXT(2) 
PARAMETRIC_REPRESENTATION_CONTEXT() REPRESENTATION_CONTEXT('2D SPACE',''
  ) );
#3469 = PCURVE('',#3470,#3475);
#3470 = CYLINDRICAL_SURFACE('',#3471,1.5);
#3471 = AXIS2_PLACEMENT_3D('',#3472,#3473,#3474);
#3472 = CARTESIAN_POINT('',(5.848158847036,-18.76963073957,-10.45));
#3473 = DIRECTION('',(0.,0.,1.));
#3474 = DIRECTION('',(0.173648177667,-0.984807753012,0.));
#3475 = DEFINITIONAL_REPRESENTATION('',(#3476),#3480);
#3476 = LINE('',#3477,#3478);
#3477 = CARTESIAN_POINT('',(-1.570796326795,0.));
#3478 = VECTOR('',#3479,1.);
#3479 = DIRECTION('',(1.,0.));
#3480 = ( GEOMETRIC_REPRESENTATION_CONTEXT(2) 
PARAMETRIC_REPRESENTATION_CONTEXT() REPRESENTATION_CONTEXT('2D SPACE',''
  ) );
#3481 = ORIENTED_EDGE('',*,*,#3482,.F.);
#3482 = EDGE_CURVE('',#3483,#3454,#3485,.T.);
#3483 = VERTEX_POINT('',#3484);
#3484 = CARTESIAN_POINT('',(7.006469372105,-16.70058043715,-10.45));
#3485 = SURFACE_CURVE('',#3486,(#3490,#3497),.PCURVE_S1.);
#3486 = LINE('',#3487,#3488);
#3487 = CARTESIAN_POINT('',(6.370305499386,-13.0927158315,-10.45));
#3488 = VECTOR('',#3489,1.);
#3489 = DIRECTION('',(0.173648177667,-0.984807753012,0.));
#3490 = PCURVE('',#890,#3491);
#3491 = DEFINITIONAL_REPRESENTATION('',(#3492),#3496);
#3492 = LINE('',#3493,#3494);
#3493 = CARTESIAN_POINT('',(-3.535898384862,-14.12435565298));
#3494 = VECTOR('',#3495,1.);
#3495 = DIRECTION('',(-0.5,-0.866025403784));
#3496 = ( GEOMETRIC_REPRESENTATION_CONTEXT(2) 
PARAMETRIC_REPRESENTATION_CONTEXT() REPRESENTATION_CONTEXT('2D SPACE',''
  ) );
#3497 = PCURVE('',#3498,#3503);
#3498 = PLANE('',#3499);
#3499 = AXIS2_PLACEMENT_3D('',#3500,#3501,#3502);
#3500 = CARTESIAN_POINT('',(6.370305499386,-13.0927158315,-10.45));
#3501 = DIRECTION('',(0.984807753012,0.173648177667,0.));
#3502 = DIRECTION('',(0.,0.,1.));
#3503 = DEFINITIONAL_REPRESENTATION('',(#3504),#3508);
#3504 = LINE('',#3505,#3506);
#3505 = CARTESIAN_POINT('',(0.,0.));
#3506 = VECTOR('',#3507,1.);
#3507 = DIRECTION('',(0.,1.));
#3508 = ( GEOMETRIC_REPRESENTATION_CONTEXT(2) 
PARAMETRIC_REPRESENTATION_CONTEXT() REPRESENTATION_CONTEXT('2D SPACE',''
  ) );
#3509 = ORIENTED_EDGE('',*,*,#3510,.T.);
#3510 = EDGE_CURVE('',#3483,#3511,#3513,.T.);
#3511 = VERTEX_POINT('',#3512);
#3512 = CARTESIAN_POINT('',(7.795814974464,-15.10712642708,-10.45));
#3513 = SURFACE_CURVE('',#3514,(#3519,#3530),.PCURVE_S1.);
#3514 = CIRCLE('',#3515,1.5);
#3515 = AXIS2_PLACEMENT_3D('',#3516,#3517,#3518);
#3516 = CARTESIAN_POINT('',(8.483681001623,-16.44010817065,-10.45));
#3517 = DIRECTION('',(0.,0.,-1.));
#3518 = DIRECTION('',(-0.642787609687,0.766044443119,0.));
#3519 = PCURVE('',#890,#3520);
#3520 = DEFINITIONAL_REPRESENTATION('',(#3521),#3529);
#3521 = ( BOUNDED_CURVE() B_SPLINE_CURVE(2,(#3522,#3523,#3524,#3525,
#3526,#3527,#3528),.UNSPECIFIED.,.T.,.F.) B_SPLINE_CURVE_WITH_KNOTS((1,2
    ,2,2,2,1),(-2.094395102393,0.,2.094395102393,4.188790204786,
6.28318530718,8.377580409573),.UNSPECIFIED.) CURVE() 
GEOMETRIC_REPRESENTATION_ITEM() RATIONAL_B_SPLINE_CURVE((1.,0.5,1.,0.5,
1.,0.5,1.)) REPRESENTATION_ITEM('') );
#3522 = CARTESIAN_POINT('',(-4.068621145513,-16.54705854077));
#3523 = CARTESIAN_POINT('',(-1.47054493416,-16.54705854077));
#3524 = CARTESIAN_POINT('',(-2.769583039837,-18.79705854077));
#3525 = CARTESIAN_POINT('',(-4.068621145513,-21.04705854077));
#3526 = CARTESIAN_POINT('',(-5.36765925119,-18.79705854077));
#3527 = CARTESIAN_POINT('',(-6.666697356867,-16.54705854077));
#3528 = CARTESIAN_POINT('',(-4.068621145513,-16.54705854077));
#3529 = ( GEOMETRIC_REPRESENTATION_CONTEXT(2) 
PARAMETRIC_REPRESENTATION_CONTEXT() REPRESENTATION_CONTEXT('2D SPACE',''
  ) );
#3530 = PCURVE('',#3531,#3536);
#3531 = CYLINDRICAL_SURFACE('',#3532,1.5);
#3532 = AXIS2_PLACEMENT_3D('',#3533,#3534,#3535);
#3533 = CARTESIAN_POINT('',(8.483681001623,-16.44010817065,-7.25));
#3534 = DIRECTION('',(0.,-0.,-1.));
#3535 = DIRECTION('',(-0.984807753012,-0.173648177667,0.));
#3536 = DEFINITIONAL_REPRESENTATION('',(#3537),#3541);
#3537 = LINE('',#3538,#3539);
#3538 = CARTESIAN_POINT('',(-5.235987755983,3.2));
#3539 = VECTOR('',#3540,1.);
#3540 = DIRECTION('',(1.,0.));
#3541 = ( GEOMETRIC_REPRESENTATION_CONTEXT(2) 
PARAMETRIC_REPRESENTATION_CONTEXT() REPRESENTATION_CONTEXT('2D SPACE',''
  ) );
#3542 = ORIENTED_EDGE('',*,*,#3543,.T.);
#3543 = EDGE_CURVE('',#3511,#3544,#3546,.T.);
#3544 = VERTEX_POINT('',#3545);
#3545 = CARTESIAN_POINT('',(15.68261442607,6.561676977969,-10.45));
#3546 = SURFACE_CURVE('',#3547,(#3552,#3559),.PCURVE_S1.);
#3547 = CIRCLE('',#3548,17.);
#3548 = AXIS2_PLACEMENT_3D('',#3549,#3550,#3551);
#3549 = CARTESIAN_POINT('',(0.,0.,-10.45));
#3550 = DIRECTION('',(0.,-0.,1.));
#3551 = DIRECTION('',(0.766044443119,0.642787609687,0.));
#3552 = PCURVE('',#890,#3553);
#3553 = DEFINITIONAL_REPRESENTATION('',(#3554),#3558);
#3554 = CIRCLE('',#3555,17.);
#3555 = AXIS2_PLACEMENT_2D('',#3556,#3557);
#3556 = CARTESIAN_POINT('',(1.608753097105E-15,6.939665195168E-16));
#3557 = DIRECTION('',(1.,0.));
#3558 = ( GEOMETRIC_REPRESENTATION_CONTEXT(2) 
PARAMETRIC_REPRESENTATION_CONTEXT() REPRESENTATION_CONTEXT('2D SPACE',''
  ) );
#3559 = PCURVE('',#3560,#3565);
#3560 = CYLINDRICAL_SURFACE('',#3561,17.);
#3561 = AXIS2_PLACEMENT_3D('',#3562,#3563,#3564);
#3562 = CARTESIAN_POINT('',(0.,0.,-10.45));
#3563 = DIRECTION('',(0.,-0.,-1.));
#3564 = DIRECTION('',(0.766044443119,0.642787609687,0.));
#3565 = DEFINITIONAL_REPRESENTATION('',(#3566),#3570);
#3566 = LINE('',#3567,#3568);
#3567 = CARTESIAN_POINT('',(-0.,0.));
#3568 = VECTOR('',#3569,1.);
#3569 = DIRECTION('',(-1.,0.));
#3570 = ( GEOMETRIC_REPRESENTATION_CONTEXT(2) 
PARAMETRIC_REPRESENTATION_CONTEXT() REPRESENTATION_CONTEXT('2D SPACE',''
  ) );
#3571 = ORIENTED_EDGE('',*,*,#3572,.T.);
#3572 = EDGE_CURVE('',#3544,#3573,#3575,.T.);
#3573 = VERTEX_POINT('',#3574);
#3574 = CARTESIAN_POINT('',(16.102193107958,8.289715140704,-10.45));
#3575 = SURFACE_CURVE('',#3576,(#3581,#3592),.PCURVE_S1.);
#3576 = CIRCLE('',#3577,1.5);
#3577 = AXIS2_PLACEMENT_3D('',#3578,#3579,#3580);
#3578 = CARTESIAN_POINT('',(17.066374522488,7.140648476026,-10.45));
#3579 = DIRECTION('',(0.,0.,-1.));
#3580 = DIRECTION('',(-0.642787609687,0.766044443119,0.));
#3581 = PCURVE('',#890,#3582);
#3582 = DEFINITIONAL_REPRESENTATION('',(#3583),#3591);
#3583 = ( BOUNDED_CURVE() B_SPLINE_CURVE(2,(#3584,#3585,#3586,#3587,
#3588,#3589,#3590),.UNSPECIFIED.,.T.,.F.) B_SPLINE_CURVE_WITH_KNOTS((1,2
    ,2,2,2,1),(-2.094395102393,0.,2.094395102393,4.188790204786,
6.28318530718,8.377580409573),.UNSPECIFIED.) CURVE() 
GEOMETRIC_REPRESENTATION_ITEM() RATIONAL_B_SPLINE_CURVE((1.,0.5,1.,0.5,
1.,0.5,1.)) REPRESENTATION_ITEM('') );
#3584 = CARTESIAN_POINT('',(17.663521732656,-4.));
#3585 = CARTESIAN_POINT('',(20.261597944009,-4.));
#3586 = CARTESIAN_POINT('',(18.962559838332,-6.25));
#3587 = CARTESIAN_POINT('',(17.663521732656,-8.5));
#3588 = CARTESIAN_POINT('',(16.364483626979,-6.25));
#3589 = CARTESIAN_POINT('',(15.065445521302,-4.));
#3590 = CARTESIAN_POINT('',(17.663521732656,-4.));
#3591 = ( GEOMETRIC_REPRESENTATION_CONTEXT(2) 
PARAMETRIC_REPRESENTATION_CONTEXT() REPRESENTATION_CONTEXT('2D SPACE',''
  ) );
#3592 = PCURVE('',#3593,#3598);
#3593 = CYLINDRICAL_SURFACE('',#3594,1.5);
#3594 = AXIS2_PLACEMENT_3D('',#3595,#3596,#3597);
#3595 = CARTESIAN_POINT('',(17.066374522488,7.140648476026,-7.25));
#3596 = DIRECTION('',(0.,-0.,-1.));
#3597 = DIRECTION('',(-0.922506730945,-0.385980998704,0.));
#3598 = DEFINITIONAL_REPRESENTATION('',(#3599),#3603);
#3599 = LINE('',#3600,#3601);
#3600 = CARTESIAN_POINT('',(-5.014249689425,3.2));
#3601 = VECTOR('',#3602,1.);
#3602 = DIRECTION('',(1.,0.));
#3603 = ( GEOMETRIC_REPRESENTATION_CONTEXT(2) 
PARAMETRIC_REPRESENTATION_CONTEXT() REPRESENTATION_CONTEXT('2D SPACE',''
  ) );
#3604 = ORIENTED_EDGE('',*,*,#3605,.T.);
#3605 = EDGE_CURVE('',#3573,#3606,#3608,.T.);
#3606 = VERTEX_POINT('',#3607);
#3607 = CARTESIAN_POINT('',(17.509017079566,9.470180616412,-10.45));
#3608 = SURFACE_CURVE('',#3609,(#3613,#3620),.PCURVE_S1.);
#3609 = LINE('',#3610,#3611);
#3610 = CARTESIAN_POINT('',(13.295772642412,5.934848763136,-10.45));
#3611 = VECTOR('',#3612,1.);
#3612 = DIRECTION('',(0.766044443119,0.642787609687,0.));
#3613 = PCURVE('',#890,#3614);
#3614 = DEFINITIONAL_REPRESENTATION('',(#3615),#3619);
#3615 = LINE('',#3616,#3617);
#3616 = CARTESIAN_POINT('',(14.,-4.));
#3617 = VECTOR('',#3618,1.);
#3618 = DIRECTION('',(1.,0.));
#3619 = ( GEOMETRIC_REPRESENTATION_CONTEXT(2) 
PARAMETRIC_REPRESENTATION_CONTEXT() REPRESENTATION_CONTEXT('2D SPACE',''
  ) );
#3620 = PCURVE('',#3621,#3626);
#3621 = PLANE('',#3622);
#3622 = AXIS2_PLACEMENT_3D('',#3623,#3624,#3625);
#3623 = CARTESIAN_POINT('',(13.295772642412,5.934848763136,-10.45));
#3624 = DIRECTION('',(-0.642787609687,0.766044443119,0.));
#3625 = DIRECTION('',(0.,0.,1.));
#3626 = DEFINITIONAL_REPRESENTATION('',(#3627),#3631);
#3627 = LINE('',#3628,#3629);
#3628 = CARTESIAN_POINT('',(0.,0.));
#3629 = VECTOR('',#3630,1.);
#3630 = DIRECTION('',(0.,1.));
#3631 = ( GEOMETRIC_REPRESENTATION_CONTEXT(2) 
PARAMETRIC_REPRESENTATION_CONTEXT() REPRESENTATION_CONTEXT('2D SPACE',''
  ) );
#3632 = ORIENTED_EDGE('',*,*,#3633,.F.);
#3633 = EDGE_CURVE('',#3634,#3606,#3636,.T.);
#3634 = VERTEX_POINT('',#3635);
#3635 = CARTESIAN_POINT('',(17.693902329715,11.58342869562,-10.45));
#3636 = SURFACE_CURVE('',#3637,(#3642,#3653),.PCURVE_S1.);
#3637 = CIRCLE('',#3638,1.5);
#3638 = AXIS2_PLACEMENT_3D('',#3639,#3640,#3641);
#3639 = CARTESIAN_POINT('',(16.544835665036,10.61924728109,-10.45));
#3640 = DIRECTION('',(0.,-0.,-1.));
#3641 = DIRECTION('',(0.642787609687,-0.766044443119,0.));
#3642 = PCURVE('',#890,#3643);
#3643 = DEFINITIONAL_REPRESENTATION('',(#3644),#3652);
#3644 = ( BOUNDED_CURVE() B_SPLINE_CURVE(2,(#3645,#3646,#3647,#3648,
#3649,#3650,#3651),.UNSPECIFIED.,.T.,.F.) B_SPLINE_CURVE_WITH_KNOTS((1,2
    ,2,2,2,1),(-2.094395102393,0.,2.094395102393,4.188790204786,
6.28318530718,8.377580409573),.UNSPECIFIED.) CURVE() 
GEOMETRIC_REPRESENTATION_ITEM() RATIONAL_B_SPLINE_CURVE((1.,0.5,1.,0.5,
1.,0.5,1.)) REPRESENTATION_ITEM('') );
#3645 = CARTESIAN_POINT('',(19.5,-4.));
#3646 = CARTESIAN_POINT('',(16.901923788647,-4.));
#3647 = CARTESIAN_POINT('',(18.200961894323,-1.75));
#3648 = CARTESIAN_POINT('',(19.5,0.5));
#3649 = CARTESIAN_POINT('',(20.799038105677,-1.75));
#3650 = CARTESIAN_POINT('',(22.098076211353,-4.));
#3651 = CARTESIAN_POINT('',(19.5,-4.));
#3652 = ( GEOMETRIC_REPRESENTATION_CONTEXT(2) 
PARAMETRIC_REPRESENTATION_CONTEXT() REPRESENTATION_CONTEXT('2D SPACE',''
  ) );
#3653 = PCURVE('',#3654,#3659);
#3654 = CYLINDRICAL_SURFACE('',#3655,1.5);
#3655 = AXIS2_PLACEMENT_3D('',#3656,#3657,#3658);
#3656 = CARTESIAN_POINT('',(16.544835665036,10.61924728109,-10.45));
#3657 = DIRECTION('',(0.,0.,1.));
#3658 = DIRECTION('',(0.766044443119,0.642787609687,0.));
#3659 = DEFINITIONAL_REPRESENTATION('',(#3660),#3664);
#3660 = LINE('',#3661,#3662);
#3661 = CARTESIAN_POINT('',(4.712388980385,-0.));
#3662 = VECTOR('',#3663,1.);
#3663 = DIRECTION('',(-1.,0.));
#3664 = ( GEOMETRIC_REPRESENTATION_CONTEXT(2) 
PARAMETRIC_REPRESENTATION_CONTEXT() REPRESENTATION_CONTEXT('2D SPACE',''
  ) );
#3665 = ORIENTED_EDGE('',*,*,#3666,.T.);
#3666 = EDGE_CURVE('',#3634,#3667,#3669,.T.);
#3667 = VERTEX_POINT('',#3668);
#3668 = CARTESIAN_POINT('',(14.479964281282,15.413650911215,-10.45));
#3669 = SURFACE_CURVE('',#3670,(#3674,#3681),.PCURVE_S1.);
#3670 = LINE('',#3671,#3672);
#3671 = CARTESIAN_POINT('',(18.658083744245,10.434362030941,-10.45));
#3672 = VECTOR('',#3673,1.);
#3673 = DIRECTION('',(-0.642787609687,0.766044443119,0.));
#3674 = PCURVE('',#890,#3675);
#3675 = DEFINITIONAL_REPRESENTATION('',(#3676),#3680);
#3676 = LINE('',#3677,#3678);
#3677 = CARTESIAN_POINT('',(21.,-4.));
#3678 = VECTOR('',#3679,1.);
#3679 = DIRECTION('',(0.,1.));
#3680 = ( GEOMETRIC_REPRESENTATION_CONTEXT(2) 
PARAMETRIC_REPRESENTATION_CONTEXT() REPRESENTATION_CONTEXT('2D SPACE',''
  ) );
#3681 = PCURVE('',#3682,#3687);
#3682 = PLANE('',#3683);
#3683 = AXIS2_PLACEMENT_3D('',#3684,#3685,#3686);
#3684 = CARTESIAN_POINT('',(18.658083744245,10.434362030941,-10.45));
#3685 = DIRECTION('',(0.766044443119,0.642787609687,0.));
#3686 = DIRECTION('',(0.,0.,1.));
#3687 = DEFINITIONAL_REPRESENTATION('',(#3688),#3692);
#3688 = LINE('',#3689,#3690);
#3689 = CARTESIAN_POINT('',(0.,0.));
#3690 = VECTOR('',#3691,1.);
#3691 = DIRECTION('',(0.,-1.));
#3692 = ( GEOMETRIC_REPRESENTATION_CONTEXT(2) 
PARAMETRIC_REPRESENTATION_CONTEXT() REPRESENTATION_CONTEXT('2D SPACE',''
  ) );
#3693 = ORIENTED_EDGE('',*,*,#3694,.T.);
#3694 = EDGE_CURVE('',#3667,#3695,#3697,.T.);
#3695 = VERTEX_POINT('',#3696);
#3696 = CARTESIAN_POINT('',(12.366716202074,15.598536161363,-10.45));
#3697 = SURFACE_CURVE('',#3698,(#3703,#3710),.PCURVE_S1.);
#3698 = CIRCLE('',#3699,1.5);
#3699 = AXIS2_PLACEMENT_3D('',#3700,#3701,#3702);
#3700 = CARTESIAN_POINT('',(13.330897616604,14.449469496685,-10.45));
#3701 = DIRECTION('',(-0.,0.,1.));
#3702 = DIRECTION('',(0.642787609687,-0.766044443119,0.));
#3703 = PCURVE('',#890,#3704);
#3704 = DEFINITIONAL_REPRESENTATION('',(#3705),#3709);
#3705 = CIRCLE('',#3706,1.5);
#3706 = AXIS2_PLACEMENT_2D('',#3707,#3708);
#3707 = CARTESIAN_POINT('',(19.5,2.5));
#3708 = DIRECTION('',(0.,-1.));
#3709 = ( GEOMETRIC_REPRESENTATION_CONTEXT(2) 
PARAMETRIC_REPRESENTATION_CONTEXT() REPRESENTATION_CONTEXT('2D SPACE',''
  ) );
#3710 = PCURVE('',#3711,#3716);
#3711 = CYLINDRICAL_SURFACE('',#3712,1.5);
#3712 = AXIS2_PLACEMENT_3D('',#3713,#3714,#3715);
#3713 = CARTESIAN_POINT('',(13.330897616604,14.449469496685,-10.45));
#3714 = DIRECTION('',(0.,0.,1.));
#3715 = DIRECTION('',(0.766044443119,0.642787609687,0.));
#3716 = DEFINITIONAL_REPRESENTATION('',(#3717),#3721);
#3717 = LINE('',#3718,#3719);
#3718 = CARTESIAN_POINT('',(-1.570796326795,0.));
#3719 = VECTOR('',#3720,1.);
#3720 = DIRECTION('',(1.,0.));
#3721 = ( GEOMETRIC_REPRESENTATION_CONTEXT(2) 
PARAMETRIC_REPRESENTATION_CONTEXT() REPRESENTATION_CONTEXT('2D SPACE',''
  ) );
#3722 = ORIENTED_EDGE('',*,*,#3723,.F.);
#3723 = EDGE_CURVE('',#3724,#3695,#3726,.T.);
#3724 = VERTEX_POINT('',#3725);
#3725 = CARTESIAN_POINT('',(10.959892230466,14.418070685656,-10.45));
#3726 = SURFACE_CURVE('',#3727,(#3731,#3738),.PCURVE_S1.);
#3727 = LINE('',#3728,#3729);
#3728 = CARTESIAN_POINT('',(8.15347176492,12.063204308087,-10.45));
#3729 = VECTOR('',#3730,1.);
#3730 = DIRECTION('',(0.766044443119,0.642787609687,0.));
#3731 = PCURVE('',#890,#3732);
#3732 = DEFINITIONAL_REPRESENTATION('',(#3733),#3737);
#3733 = LINE('',#3734,#3735);
#3734 = CARTESIAN_POINT('',(14.,4.));
#3735 = VECTOR('',#3736,1.);
#3736 = DIRECTION('',(1.,0.));
#3737 = ( GEOMETRIC_REPRESENTATION_CONTEXT(2) 
PARAMETRIC_REPRESENTATION_CONTEXT() REPRESENTATION_CONTEXT('2D SPACE',''
  ) );
#3738 = PCURVE('',#3739,#3744);
#3739 = PLANE('',#3740);
#3740 = AXIS2_PLACEMENT_3D('',#3741,#3742,#3743);
#3741 = CARTESIAN_POINT('',(8.15347176492,12.063204308087,-10.45));
#3742 = DIRECTION('',(-0.642787609687,0.766044443119,0.));
#3743 = DIRECTION('',(0.,0.,1.));
#3744 = DEFINITIONAL_REPRESENTATION('',(#3745),#3749);
#3745 = LINE('',#3746,#3747);
#3746 = CARTESIAN_POINT('',(0.,0.));
#3747 = VECTOR('',#3748,1.);
#3748 = DIRECTION('',(0.,1.));
#3749 = ( GEOMETRIC_REPRESENTATION_CONTEXT(2) 
PARAMETRIC_REPRESENTATION_CONTEXT() REPRESENTATION_CONTEXT('2D SPACE',''
  ) );
#3750 = ORIENTED_EDGE('',*,*,#3751,.T.);
#3751 = EDGE_CURVE('',#3724,#3752,#3754,.T.);
#3752 = VERTEX_POINT('',#3753);
#3753 = CARTESIAN_POINT('',(9.185247776806,14.304937024632,-10.45));
#3754 = SURFACE_CURVE('',#3755,(#3760,#3771),.PCURVE_S1.);
#3755 = CIRCLE('',#3756,1.5);
#3756 = AXIS2_PLACEMENT_3D('',#3757,#3758,#3759);
#3757 = CARTESIAN_POINT('',(9.995710815936,15.567137350334,-10.45));
#3758 = DIRECTION('',(0.,0.,-1.));
#3759 = DIRECTION('',(-0.642787609687,0.766044443119,0.));
#3760 = PCURVE('',#890,#3761);
#3761 = DEFINITIONAL_REPRESENTATION('',(#3762),#3770);
#3762 = ( BOUNDED_CURVE() B_SPLINE_CURVE(2,(#3763,#3764,#3765,#3766,
#3767,#3768,#3769),.UNSPECIFIED.,.T.,.F.) B_SPLINE_CURVE_WITH_KNOTS((1,2
    ,2,2,2,1),(-2.094395102393,0.,2.094395102393,4.188790204786,
6.28318530718,8.377580409573),.UNSPECIFIED.) CURVE() 
GEOMETRIC_REPRESENTATION_ITEM() RATIONAL_B_SPLINE_CURVE((1.,0.5,1.,0.5,
1.,0.5,1.)) REPRESENTATION_ITEM('') );
#3763 = CARTESIAN_POINT('',(17.663521732656,7.));
#3764 = CARTESIAN_POINT('',(20.261597944009,7.));
#3765 = CARTESIAN_POINT('',(18.962559838332,4.75));
#3766 = CARTESIAN_POINT('',(17.663521732656,2.5));
#3767 = CARTESIAN_POINT('',(16.364483626979,4.75));
#3768 = CARTESIAN_POINT('',(15.065445521302,7.));
#3769 = CARTESIAN_POINT('',(17.663521732656,7.));
#3770 = ( GEOMETRIC_REPRESENTATION_CONTEXT(2) 
PARAMETRIC_REPRESENTATION_CONTEXT() REPRESENTATION_CONTEXT('2D SPACE',''
  ) );
#3771 = PCURVE('',#3772,#3777);
#3772 = CYLINDRICAL_SURFACE('',#3773,1.5);
#3773 = AXIS2_PLACEMENT_3D('',#3774,#3775,#3776);
#3774 = CARTESIAN_POINT('',(9.995710815936,15.567137350334,-7.25));
#3775 = DIRECTION('',(0.,-0.,-1.));
#3776 = DIRECTION('',(0.642787609687,-0.766044443119,0.));
#3777 = DEFINITIONAL_REPRESENTATION('',(#3778),#3782);
#3778 = LINE('',#3779,#3780);
#3779 = CARTESIAN_POINT('',(-3.14159265359,3.2));
#3780 = VECTOR('',#3781,1.);
#3781 = DIRECTION('',(1.,0.));
#3782 = ( GEOMETRIC_REPRESENTATION_CONTEXT(2) 
PARAMETRIC_REPRESENTATION_CONTEXT() REPRESENTATION_CONTEXT('2D SPACE',''
  ) );
#3783 = ORIENTED_EDGE('',*,*,#3784,.T.);
#3784 = EDGE_CURVE('',#3752,#3785,#3787,.T.);
#3785 = VERTEX_POINT('',#3786);
#3786 = CARTESIAN_POINT('',(-13.52388616738,10.300704001748,-10.45));
#3787 = SURFACE_CURVE('',#3788,(#3793,#3800),.PCURVE_S1.);
#3788 = CIRCLE('',#3789,17.);
#3789 = AXIS2_PLACEMENT_3D('',#3790,#3791,#3792);
#3790 = CARTESIAN_POINT('',(0.,0.,-10.45));
#3791 = DIRECTION('',(0.,-0.,1.));
#3792 = DIRECTION('',(0.766044443119,0.642787609687,0.));
#3793 = PCURVE('',#890,#3794);
#3794 = DEFINITIONAL_REPRESENTATION('',(#3795),#3799);
#3795 = CIRCLE('',#3796,17.);
#3796 = AXIS2_PLACEMENT_2D('',#3797,#3798);
#3797 = CARTESIAN_POINT('',(1.608753097105E-15,6.939665195168E-16));
#3798 = DIRECTION('',(1.,0.));
#3799 = ( GEOMETRIC_REPRESENTATION_CONTEXT(2) 
PARAMETRIC_REPRESENTATION_CONTEXT() REPRESENTATION_CONTEXT('2D SPACE',''
  ) );
#3800 = PCURVE('',#3801,#3806);
#3801 = CYLINDRICAL_SURFACE('',#3802,17.);
#3802 = AXIS2_PLACEMENT_3D('',#3803,#3804,#3805);
#3803 = CARTESIAN_POINT('',(0.,0.,-10.45));
#3804 = DIRECTION('',(0.,-0.,-1.));
#3805 = DIRECTION('',(0.766044443119,0.642787609687,0.));
#3806 = DEFINITIONAL_REPRESENTATION('',(#3807),#3811);
#3807 = LINE('',#3808,#3809);
#3808 = CARTESIAN_POINT('',(-0.,0.));
#3809 = VECTOR('',#3810,1.);
#3810 = DIRECTION('',(-1.,0.));
#3811 = ( GEOMETRIC_REPRESENTATION_CONTEXT(2) 
PARAMETRIC_REPRESENTATION_CONTEXT() REPRESENTATION_CONTEXT('2D SPACE',''
  ) );
#3812 = ORIENTED_EDGE('',*,*,#3813,.T.);
#3813 = EDGE_CURVE('',#3785,#3814,#3816,.T.);
#3814 = VERTEX_POINT('',#3815);
#3815 = CARTESIAN_POINT('',(-15.23020045596,9.800050717783,-10.45));
#3816 = SURFACE_CURVE('',#3817,(#3822,#3833),.PCURVE_S1.);
#3817 = CIRCLE('',#3818,1.5);
#3818 = AXIS2_PLACEMENT_3D('',#3819,#3820,#3821);
#3819 = CARTESIAN_POINT('',(-14.71717024097,11.209589648961,-10.45));
#3820 = DIRECTION('',(0.,0.,-1.));
#3821 = DIRECTION('',(-0.642787609687,0.766044443119,0.));
#3822 = PCURVE('',#890,#3823);
#3823 = DEFINITIONAL_REPRESENTATION('',(#3824),#3832);
#3824 = ( BOUNDED_CURVE() B_SPLINE_CURVE(2,(#3825,#3826,#3827,#3828,
#3829,#3830,#3831),.UNSPECIFIED.,.T.,.F.) B_SPLINE_CURVE_WITH_KNOTS((1,2
    ,2,2,2,1),(-2.094395102393,0.,2.094395102393,4.188790204786,
6.28318530718,8.377580409573),.UNSPECIFIED.) CURVE() 
GEOMETRIC_REPRESENTATION_ITEM() RATIONAL_B_SPLINE_CURVE((1.,0.5,1.,0.5,
1.,0.5,1.)) REPRESENTATION_ITEM('') );
#3825 = CARTESIAN_POINT('',(-4.068621145513,19.547058540778));
#3826 = CARTESIAN_POINT('',(-1.47054493416,19.547058540778));
#3827 = CARTESIAN_POINT('',(-2.769583039837,17.297058540778));
#3828 = CARTESIAN_POINT('',(-4.068621145513,15.047058540778));
#3829 = CARTESIAN_POINT('',(-5.36765925119,17.297058540778));
#3830 = CARTESIAN_POINT('',(-6.666697356867,19.547058540778));
#3831 = CARTESIAN_POINT('',(-4.068621145513,19.547058540778));
#3832 = ( GEOMETRIC_REPRESENTATION_CONTEXT(2) 
PARAMETRIC_REPRESENTATION_CONTEXT() REPRESENTATION_CONTEXT('2D SPACE',''
  ) );
#3833 = PCURVE('',#3834,#3839);
#3834 = CYLINDRICAL_SURFACE('',#3835,1.5);
#3835 = AXIS2_PLACEMENT_3D('',#3836,#3837,#3838);
#3836 = CARTESIAN_POINT('',(-14.71717024097,11.209589648961,-7.25));
#3837 = DIRECTION('',(0.,-0.,-1.));
#3838 = DIRECTION('',(0.795522715728,-0.605923764809,0.));
#3839 = DEFINITIONAL_REPRESENTATION('',(#3840),#3844);
#3840 = LINE('',#3841,#3842);
#3841 = CARTESIAN_POINT('',(-2.919854587032,3.2));
#3842 = VECTOR('',#3843,1.);
#3843 = DIRECTION('',(1.,0.));
#3844 = ( GEOMETRIC_REPRESENTATION_CONTEXT(2) 
PARAMETRIC_REPRESENTATION_CONTEXT() REPRESENTATION_CONTEXT('2D SPACE',''
  ) );
#3845 = ORIENTED_EDGE('',*,*,#3846,.T.);
#3846 = EDGE_CURVE('',#3814,#3847,#3849,.T.);
#3847 = VERTEX_POINT('',#3848);
#3848 = CARTESIAN_POINT('',(-16.95592553202,10.428163277994,-10.45));
#3849 = SURFACE_CURVE('',#3850,(#3854,#3861),.PCURVE_S1.);
#3850 = LINE('',#3851,#3852);
#3851 = CARTESIAN_POINT('',(-11.7876161177,8.547052489703,-10.45));
#3852 = VECTOR('',#3853,1.);
#3853 = DIRECTION('',(-0.939692620786,0.342020143326,0.));
#3854 = PCURVE('',#890,#3855);
#3855 = DEFINITIONAL_REPRESENTATION('',(#3856),#3860);
#3856 = LINE('',#3857,#3858);
#3857 = CARTESIAN_POINT('',(-3.535898384862,14.124355652982));
#3858 = VECTOR('',#3859,1.);
#3859 = DIRECTION('',(-0.5,0.866025403784));
#3860 = ( GEOMETRIC_REPRESENTATION_CONTEXT(2) 
PARAMETRIC_REPRESENTATION_CONTEXT() REPRESENTATION_CONTEXT('2D SPACE',''
  ) );
#3861 = PCURVE('',#3862,#3867);
#3862 = PLANE('',#3863);
#3863 = AXIS2_PLACEMENT_3D('',#3864,#3865,#3866);
#3864 = CARTESIAN_POINT('',(-11.7876161177,8.547052489703,-10.45));
#3865 = DIRECTION('',(-0.342020143326,-0.939692620786,0.));
#3866 = DIRECTION('',(0.,0.,1.));
#3867 = DEFINITIONAL_REPRESENTATION('',(#3868),#3872);
#3868 = LINE('',#3869,#3870);
#3869 = CARTESIAN_POINT('',(0.,0.));
#3870 = VECTOR('',#3871,1.);
#3871 = DIRECTION('',(0.,1.));
#3872 = ( GEOMETRIC_REPRESENTATION_CONTEXT(2) 
PARAMETRIC_REPRESENTATION_CONTEXT() REPRESENTATION_CONTEXT('2D SPACE',''
  ) );
#3873 = ORIENTED_EDGE('',*,*,#3874,.F.);
#3874 = EDGE_CURVE('',#3875,#3847,#3877,.T.);
#3875 = VERTEX_POINT('',#3876);
#3876 = CARTESIAN_POINT('',(-18.87849467819,9.531654561804,-10.45));
#3877 = SURFACE_CURVE('',#3878,(#3883,#3894),.PCURVE_S1.);
#3878 = CIRCLE('',#3879,1.5);
#3879 = AXIS2_PLACEMENT_3D('',#3880,#3881,#3882);
#3880 = CARTESIAN_POINT('',(-17.46895574701,9.018624346815,-10.45));
#3881 = DIRECTION('',(0.,0.,-1.));
#3882 = DIRECTION('',(0.342020143326,0.939692620786,0.));
#3883 = PCURVE('',#890,#3884);
#3884 = DEFINITIONAL_REPRESENTATION('',(#3885),#3893);
#3885 = ( BOUNDED_CURVE() B_SPLINE_CURVE(2,(#3886,#3887,#3888,#3889,
#3890,#3891,#3892),.UNSPECIFIED.,.T.,.F.) B_SPLINE_CURVE_WITH_KNOTS((1,2
    ,2,2,2,1),(-2.094395102393,0.,2.094395102393,4.188790204786,
6.28318530718,8.377580409573),.UNSPECIFIED.) CURVE() 
GEOMETRIC_REPRESENTATION_ITEM() RATIONAL_B_SPLINE_CURVE((1.,0.5,1.,0.5,
1.,0.5,1.)) REPRESENTATION_ITEM('') );
#3886 = CARTESIAN_POINT('',(-6.285898384862,18.887495373797));
#3887 = CARTESIAN_POINT('',(-4.986860279186,16.637495373797));
#3888 = CARTESIAN_POINT('',(-7.584936490539,16.637495373797));
#3889 = CARTESIAN_POINT('',(-10.18301270189,16.637495373797));
#3890 = CARTESIAN_POINT('',(-8.883974596216,18.887495373797));
#3891 = CARTESIAN_POINT('',(-7.584936490539,21.137495373797));
#3892 = CARTESIAN_POINT('',(-6.285898384862,18.887495373797));
#3893 = ( GEOMETRIC_REPRESENTATION_CONTEXT(2) 
PARAMETRIC_REPRESENTATION_CONTEXT() REPRESENTATION_CONTEXT('2D SPACE',''
  ) );
#3894 = PCURVE('',#3895,#3900);
#3895 = CYLINDRICAL_SURFACE('',#3896,1.5);
#3896 = AXIS2_PLACEMENT_3D('',#3897,#3898,#3899);
#3897 = CARTESIAN_POINT('',(-17.46895574701,9.018624346815,-10.45));
#3898 = DIRECTION('',(0.,0.,1.));
#3899 = DIRECTION('',(-0.939692620786,0.342020143326,0.));
#3900 = DEFINITIONAL_REPRESENTATION('',(#3901),#3905);
#3901 = LINE('',#3902,#3903);
#3902 = CARTESIAN_POINT('',(4.712388980385,-0.));
#3903 = VECTOR('',#3904,1.);
#3904 = DIRECTION('',(-1.,0.));
#3905 = ( GEOMETRIC_REPRESENTATION_CONTEXT(2) 
PARAMETRIC_REPRESENTATION_CONTEXT() REPRESENTATION_CONTEXT('2D SPACE',''
  ) );
#3906 = ORIENTED_EDGE('',*,*,#3907,.T.);
#3907 = EDGE_CURVE('',#3875,#3908,#3910,.T.);
#3908 = VERTEX_POINT('',#3909);
#3909 = CARTESIAN_POINT('',(-20.58859539481,4.833191457874,-10.45));
#3910 = SURFACE_CURVE('',#3911,(#3915,#3922),.PCURVE_S1.);
#3911 = LINE('',#3912,#3913);
#3912 = CARTESIAN_POINT('',(-18.3654644632,10.941193492983,-10.45));
#3913 = VECTOR('',#3914,1.);
#3914 = DIRECTION('',(-0.342020143326,-0.939692620786,0.));
#3915 = PCURVE('',#890,#3916);
#3916 = DEFINITIONAL_REPRESENTATION('',(#3917),#3921);
#3917 = LINE('',#3918,#3919);
#3918 = CARTESIAN_POINT('',(-7.035898384862,20.186533479473));
#3919 = VECTOR('',#3920,1.);
#3920 = DIRECTION('',(-0.866025403784,-0.5));
#3921 = ( GEOMETRIC_REPRESENTATION_CONTEXT(2) 
PARAMETRIC_REPRESENTATION_CONTEXT() REPRESENTATION_CONTEXT('2D SPACE',''
  ) );
#3922 = PCURVE('',#3923,#3928);
#3923 = PLANE('',#3924);
#3924 = AXIS2_PLACEMENT_3D('',#3925,#3926,#3927);
#3925 = CARTESIAN_POINT('',(-18.3654644632,10.941193492983,-10.45));
#3926 = DIRECTION('',(-0.939692620786,0.342020143326,0.));
#3927 = DIRECTION('',(0.,0.,1.));
#3928 = DEFINITIONAL_REPRESENTATION('',(#3929),#3933);
#3929 = LINE('',#3930,#3931);
#3930 = CARTESIAN_POINT('',(0.,0.));
#3931 = VECTOR('',#3932,1.);
#3932 = DIRECTION('',(0.,-1.));
#3933 = ( GEOMETRIC_REPRESENTATION_CONTEXT(2) 
PARAMETRIC_REPRESENTATION_CONTEXT() REPRESENTATION_CONTEXT('2D SPACE',''
  ) );
#3934 = ORIENTED_EDGE('',*,*,#3935,.T.);
#3935 = EDGE_CURVE('',#3908,#3242,#3936,.T.);
#3936 = SURFACE_CURVE('',#3937,(#3942,#3949),.PCURVE_S1.);
#3937 = CIRCLE('',#3938,1.5);
#3938 = AXIS2_PLACEMENT_3D('',#3939,#3940,#3941);
#3939 = CARTESIAN_POINT('',(-19.17905646363,4.320161242886,-10.45));
#3940 = DIRECTION('',(0.,-0.,1.));
#3941 = DIRECTION('',(0.342020143326,0.939692620786,0.));
#3942 = PCURVE('',#890,#3943);
#3943 = DEFINITIONAL_REPRESENTATION('',(#3944),#3948);
#3944 = CIRCLE('',#3945,1.5);
#3945 = AXIS2_PLACEMENT_2D('',#3946,#3947);
#3946 = CARTESIAN_POINT('',(-11.91506350946,15.637495373797));
#3947 = DIRECTION('',(0.866025403784,0.5));
#3948 = ( GEOMETRIC_REPRESENTATION_CONTEXT(2) 
PARAMETRIC_REPRESENTATION_CONTEXT() REPRESENTATION_CONTEXT('2D SPACE',''
  ) );
#3949 = PCURVE('',#3950,#3955);
#3950 = CYLINDRICAL_SURFACE('',#3951,1.5);
#3951 = AXIS2_PLACEMENT_3D('',#3952,#3953,#3954);
#3952 = CARTESIAN_POINT('',(-19.17905646363,4.320161242886,-10.45));
#3953 = DIRECTION('',(0.,0.,1.));
#3954 = DIRECTION('',(-0.939692620786,0.342020143326,0.));
#3955 = DEFINITIONAL_REPRESENTATION('',(#3956),#3960);
#3956 = LINE('',#3957,#3958);
#3957 = CARTESIAN_POINT('',(-1.570796326795,0.));
#3958 = VECTOR('',#3959,1.);
#3959 = DIRECTION('',(1.,0.));
#3960 = ( GEOMETRIC_REPRESENTATION_CONTEXT(2) 
PARAMETRIC_REPRESENTATION_CONTEXT() REPRESENTATION_CONTEXT('2D SPACE',''
  ) );
#3961 = FACE_BOUND('',#3962,.F.);
#3962 = EDGE_LOOP('',(#3963,#3964,#3985,#3986));
#3963 = ORIENTED_EDGE('',*,*,#1872,.F.);
#3964 = ORIENTED_EDGE('',*,*,#3965,.F.);
#3965 = EDGE_CURVE('',#873,#1873,#3966,.T.);
#3966 = SURFACE_CURVE('',#3967,(#3971,#3978),.PCURVE_S1.);
#3967 = LINE('',#3968,#3969);
#3968 = CARTESIAN_POINT('',(2.345452517853,-4.663566498561,-10.45));
#3969 = VECTOR('',#3970,1.);
#3970 = DIRECTION('',(0.173648177667,-0.984807753012,0.));
#3971 = PCURVE('',#890,#3972);
#3972 = DEFINITIONAL_REPRESENTATION('',(#3973),#3977);
#3973 = LINE('',#3974,#3975);
#3974 = CARTESIAN_POINT('',(-1.200961894323,-5.080127018922));
#3975 = VECTOR('',#3976,1.);
#3976 = DIRECTION('',(-0.5,-0.866025403784));
#3977 = ( GEOMETRIC_REPRESENTATION_CONTEXT(2) 
PARAMETRIC_REPRESENTATION_CONTEXT() REPRESENTATION_CONTEXT('2D SPACE',''
  ) );
#3978 = PCURVE('',#917,#3979);
#3979 = DEFINITIONAL_REPRESENTATION('',(#3980),#3984);
#3980 = LINE('',#3981,#3982);
#3981 = CARTESIAN_POINT('',(0.,0.));
#3982 = VECTOR('',#3983,1.);
#3983 = DIRECTION('',(0.,1.));
#3984 = ( GEOMETRIC_REPRESENTATION_CONTEXT(2) 
PARAMETRIC_REPRESENTATION_CONTEXT() REPRESENTATION_CONTEXT('2D SPACE',''
  ) );
#3985 = ORIENTED_EDGE('',*,*,#872,.T.);
#3986 = ORIENTED_EDGE('',*,*,#3987,.T.);
#3987 = EDGE_CURVE('',#875,#1875,#3988,.T.);
#3988 = SURFACE_CURVE('',#3989,(#3993,#4000),.PCURVE_S1.);
#3989 = LINE('',#3990,#3991);
#3990 = CARTESIAN_POINT('',(4.794403630125,2.064871383754,-10.45));
#3991 = VECTOR('',#3992,1.);
#3992 = DIRECTION('',(0.766044443119,0.642787609687,0.));
#3993 = PCURVE('',#890,#3994);
#3994 = DEFINITIONAL_REPRESENTATION('',(#3995),#3999);
#3995 = LINE('',#3996,#3997);
#3996 = CARTESIAN_POINT('',(5.,-1.5));
#3997 = VECTOR('',#3998,1.);
#3998 = DIRECTION('',(1.,0.));
#3999 = ( GEOMETRIC_REPRESENTATION_CONTEXT(2) 
PARAMETRIC_REPRESENTATION_CONTEXT() REPRESENTATION_CONTEXT('2D SPACE',''
  ) );
#4000 = PCURVE('',#1404,#4001);
#4001 = DEFINITIONAL_REPRESENTATION('',(#4002),#4006);
#4002 = LINE('',#4003,#4004);
#4003 = CARTESIAN_POINT('',(0.,0.));
#4004 = VECTOR('',#4005,1.);
#4005 = DIRECTION('',(0.,1.));
#4006 = ( GEOMETRIC_REPRESENTATION_CONTEXT(2) 
PARAMETRIC_REPRESENTATION_CONTEXT() REPRESENTATION_CONTEXT('2D SPACE',''
  ) );
#4007 = FACE_BOUND('',#4008,.F.);
#4008 = EDGE_LOOP('',(#4009,#4010,#4033,#4062));
#4009 = ORIENTED_EDGE('',*,*,#984,.T.);
#4010 = ORIENTED_EDGE('',*,*,#4011,.T.);
#4011 = EDGE_CURVE('',#958,#4012,#4014,.T.);
#4012 = VERTEX_POINT('',#4013);
#4013 = CARTESIAN_POINT('',(0.939868708692,-13.96841604515,-10.45));
#4014 = SURFACE_CURVE('',#4015,(#4019,#4026),.PCURVE_S1.);
#4015 = LINE('',#4016,#4017);
#4016 = CARTESIAN_POINT('',(-0.608970741184,-5.184511031561,-10.45));
#4017 = VECTOR('',#4018,1.);
#4018 = DIRECTION('',(0.173648177667,-0.984807753012,0.));
#4019 = PCURVE('',#890,#4020);
#4020 = DEFINITIONAL_REPRESENTATION('',(#4021),#4025);
#4021 = LINE('',#4022,#4023);
#4022 = CARTESIAN_POINT('',(-3.799038105677,-3.580127018922));
#4023 = VECTOR('',#4024,1.);
#4024 = DIRECTION('',(-0.5,-0.866025403784));
#4025 = ( GEOMETRIC_REPRESENTATION_CONTEXT(2) 
PARAMETRIC_REPRESENTATION_CONTEXT() REPRESENTATION_CONTEXT('2D SPACE',''
  ) );
#4026 = PCURVE('',#972,#4027);
#4027 = DEFINITIONAL_REPRESENTATION('',(#4028),#4032);
#4028 = LINE('',#4029,#4030);
#4029 = CARTESIAN_POINT('',(0.,0.));
#4030 = VECTOR('',#4031,1.);
#4031 = DIRECTION('',(0.,1.));
#4032 = ( GEOMETRIC_REPRESENTATION_CONTEXT(2) 
PARAMETRIC_REPRESENTATION_CONTEXT() REPRESENTATION_CONTEXT('2D SPACE',''
  ) );
#4033 = ORIENTED_EDGE('',*,*,#4034,.F.);
#4034 = EDGE_CURVE('',#4035,#4012,#4037,.T.);
#4035 = VERTEX_POINT('',#4036);
#4036 = CARTESIAN_POINT('',(-13.59299793005,3.351179982268,-10.45));
#4037 = SURFACE_CURVE('',#4038,(#4043,#4050),.PCURVE_S1.);
#4038 = CIRCLE('',#4039,14.);
#4039 = AXIS2_PLACEMENT_3D('',#4040,#4041,#4042);
#4040 = CARTESIAN_POINT('',(6.157774285068E-14,5.276109386373E-14,-10.45
    ));
#4041 = DIRECTION('',(0.,-0.,1.));
#4042 = DIRECTION('',(0.766044443119,0.642787609687,0.));
#4043 = PCURVE('',#890,#4044);
#4044 = DEFINITIONAL_REPRESENTATION('',(#4045),#4049);
#4045 = CIRCLE('',#4046,14.);
#4046 = AXIS2_PLACEMENT_2D('',#4047,#4048);
#4047 = CARTESIAN_POINT('',(8.269421823679E-14,1.529899149823E-15));
#4048 = DIRECTION('',(1.,0.));
#4049 = ( GEOMETRIC_REPRESENTATION_CONTEXT(2) 
PARAMETRIC_REPRESENTATION_CONTEXT() REPRESENTATION_CONTEXT('2D SPACE',''
  ) );
#4050 = PCURVE('',#4051,#4056);
#4051 = CYLINDRICAL_SURFACE('',#4052,14.);
#4052 = AXIS2_PLACEMENT_3D('',#4053,#4054,#4055);
#4053 = CARTESIAN_POINT('',(6.157774285068E-14,5.276109386373E-14,-10.45
    ));
#4054 = DIRECTION('',(0.,-0.,-1.));
#4055 = DIRECTION('',(0.766044443119,0.642787609687,0.));
#4056 = DEFINITIONAL_REPRESENTATION('',(#4057),#4061);
#4057 = LINE('',#4058,#4059);
#4058 = CARTESIAN_POINT('',(-0.,0.));
#4059 = VECTOR('',#4060,1.);
#4060 = DIRECTION('',(-1.,0.));
#4061 = ( GEOMETRIC_REPRESENTATION_CONTEXT(2) 
PARAMETRIC_REPRESENTATION_CONTEXT() REPRESENTATION_CONTEXT('2D SPACE',''
  ) );
#4062 = ORIENTED_EDGE('',*,*,#4063,.F.);
#4063 = EDGE_CURVE('',#985,#4035,#4064,.T.);
#4064 = SURFACE_CURVE('',#4065,(#4069,#4076),.PCURVE_S1.);
#4065 = LINE('',#4066,#4067);
#4066 = CARTESIAN_POINT('',(-5.211493318918,0.300561785449,-10.45));
#4067 = VECTOR('',#4068,1.);
#4068 = DIRECTION('',(-0.939692620786,0.342020143326,0.));
#4069 = PCURVE('',#890,#4070);
#4070 = DEFINITIONAL_REPRESENTATION('',(#4071),#4075);
#4071 = LINE('',#4072,#4073);
#4072 = CARTESIAN_POINT('',(-3.799038105677,3.580127018922));
#4073 = VECTOR('',#4074,1.);
#4074 = DIRECTION('',(-0.5,0.866025403784));
#4075 = ( GEOMETRIC_REPRESENTATION_CONTEXT(2) 
PARAMETRIC_REPRESENTATION_CONTEXT() REPRESENTATION_CONTEXT('2D SPACE',''
  ) );
#4076 = PCURVE('',#1022,#4077);
#4077 = DEFINITIONAL_REPRESENTATION('',(#4078),#4082);
#4078 = LINE('',#4079,#4080);
#4079 = CARTESIAN_POINT('',(0.,0.));
#4080 = VECTOR('',#4081,1.);
#4081 = DIRECTION('',(0.,1.));
#4082 = ( GEOMETRIC_REPRESENTATION_CONTEXT(2) 
PARAMETRIC_REPRESENTATION_CONTEXT() REPRESENTATION_CONTEXT('2D SPACE',''
  ) );
#4083 = FACE_BOUND('',#4084,.F.);
#4084 = EDGE_LOOP('',(#4085));
#4085 = ORIENTED_EDGE('',*,*,#4086,.F.);
#4086 = EDGE_CURVE('',#4087,#4087,#4089,.T.);
#4087 = VERTEX_POINT('',#4088);
#4088 = CARTESIAN_POINT('',(3.370595549724,2.828265482621,-10.45));
#4089 = SURFACE_CURVE('',#4090,(#4095,#4102),.PCURVE_S1.);
#4090 = CIRCLE('',#4091,4.4);
#4091 = AXIS2_PLACEMENT_3D('',#4092,#4093,#4094);
#4092 = CARTESIAN_POINT('',(2.143926169113E-14,1.866601341801E-14,-10.45
    ));
#4093 = DIRECTION('',(0.,-0.,1.));
#4094 = DIRECTION('',(0.766044443119,0.642787609687,0.));
#4095 = PCURVE('',#890,#4096);
#4096 = DEFINITIONAL_REPRESENTATION('',(#4097),#4101);
#4097 = CIRCLE('',#4098,4.4);
#4098 = AXIS2_PLACEMENT_2D('',#4099,#4100);
#4099 = CARTESIAN_POINT('',(3.003046252751E-14,1.212070597675E-15));
#4100 = DIRECTION('',(1.,0.));
#4101 = ( GEOMETRIC_REPRESENTATION_CONTEXT(2) 
PARAMETRIC_REPRESENTATION_CONTEXT() REPRESENTATION_CONTEXT('2D SPACE',''
  ) );
#4102 = PCURVE('',#4103,#4108);
#4103 = CYLINDRICAL_SURFACE('',#4104,4.4);
#4104 = AXIS2_PLACEMENT_3D('',#4105,#4106,#4107);
#4105 = CARTESIAN_POINT('',(2.143926169113E-14,1.866601341801E-14,-10.45
    ));
#4106 = DIRECTION('',(0.,-0.,-1.));
#4107 = DIRECTION('',(0.766044443119,0.642787609687,0.));
#4108 = DEFINITIONAL_REPRESENTATION('',(#4109),#4113);
#4109 = LINE('',#4110,#4111);
#4110 = CARTESIAN_POINT('',(-0.,0.));
#4111 = VECTOR('',#4112,1.);
#4112 = DIRECTION('',(-1.,0.));
#4113 = ( GEOMETRIC_REPRESENTATION_CONTEXT(2) 
PARAMETRIC_REPRESENTATION_CONTEXT() REPRESENTATION_CONTEXT('2D SPACE',''
  ) );
#4114 = FACE_BOUND('',#4115,.F.);
#4115 = EDGE_LOOP('',(#4116,#4117,#4140,#4169));
#4116 = ORIENTED_EDGE('',*,*,#1313,.T.);
#4117 = ORIENTED_EDGE('',*,*,#4118,.T.);
#4118 = EDGE_CURVE('',#1287,#4119,#4121,.T.);
#4119 = VERTEX_POINT('',#4120);
#4120 = CARTESIAN_POINT('',(-12.56693750007,6.170257844625,-10.45));
#4121 = SURFACE_CURVE('',#4122,(#4126,#4133),.PCURVE_S1.);
#4122 = LINE('',#4123,#4124);
#4123 = CARTESIAN_POINT('',(-4.185432888941,3.119639647807,-10.45));
#4124 = VECTOR('',#4125,1.);
#4125 = DIRECTION('',(-0.939692620786,0.342020143326,0.));
#4126 = PCURVE('',#890,#4127);
#4127 = DEFINITIONAL_REPRESENTATION('',(#4128),#4132);
#4128 = LINE('',#4129,#4130);
#4129 = CARTESIAN_POINT('',(-1.200961894323,5.080127018922));
#4130 = VECTOR('',#4131,1.);
#4131 = DIRECTION('',(-0.5,0.866025403784));
#4132 = ( GEOMETRIC_REPRESENTATION_CONTEXT(2) 
PARAMETRIC_REPRESENTATION_CONTEXT() REPRESENTATION_CONTEXT('2D SPACE',''
  ) );
#4133 = PCURVE('',#1301,#4134);
#4134 = DEFINITIONAL_REPRESENTATION('',(#4135),#4139);
#4135 = LINE('',#4136,#4137);
#4136 = CARTESIAN_POINT('',(0.,0.));
#4137 = VECTOR('',#4138,1.);
#4138 = DIRECTION('',(0.,1.));
#4139 = ( GEOMETRIC_REPRESENTATION_CONTEXT(2) 
PARAMETRIC_REPRESENTATION_CONTEXT() REPRESENTATION_CONTEXT('2D SPACE',''
  ) );
#4140 = ORIENTED_EDGE('',*,*,#4141,.F.);
#4141 = EDGE_CURVE('',#4142,#4119,#4144,.T.);
#4142 = VERTEX_POINT('',#4143);
#4143 = CARTESIAN_POINT('',(9.698705962325,10.096291529882,-10.45));
#4144 = SURFACE_CURVE('',#4145,(#4150,#4157),.PCURVE_S1.);
#4145 = CIRCLE('',#4146,14.);
#4146 = AXIS2_PLACEMENT_3D('',#4147,#4148,#4149);
#4147 = CARTESIAN_POINT('',(6.157774285068E-14,5.276109386373E-14,-10.45
    ));
#4148 = DIRECTION('',(0.,-0.,1.));
#4149 = DIRECTION('',(0.766044443119,0.642787609687,0.));
#4150 = PCURVE('',#890,#4151);
#4151 = DEFINITIONAL_REPRESENTATION('',(#4152),#4156);
#4152 = CIRCLE('',#4153,14.);
#4153 = AXIS2_PLACEMENT_2D('',#4154,#4155);
#4154 = CARTESIAN_POINT('',(8.269421823679E-14,1.529899149823E-15));
#4155 = DIRECTION('',(1.,0.));
#4156 = ( GEOMETRIC_REPRESENTATION_CONTEXT(2) 
PARAMETRIC_REPRESENTATION_CONTEXT() REPRESENTATION_CONTEXT('2D SPACE',''
  ) );
#4157 = PCURVE('',#4158,#4163);
#4158 = CYLINDRICAL_SURFACE('',#4159,14.);
#4159 = AXIS2_PLACEMENT_3D('',#4160,#4161,#4162);
#4160 = CARTESIAN_POINT('',(6.157774285068E-14,5.276109386373E-14,-10.45
    ));
#4161 = DIRECTION('',(0.,-0.,-1.));
#4162 = DIRECTION('',(0.766044443119,0.642787609687,0.));
#4163 = DEFINITIONAL_REPRESENTATION('',(#4164),#4168);
#4164 = LINE('',#4165,#4166);
#4165 = CARTESIAN_POINT('',(-0.,0.));
#4166 = VECTOR('',#4167,1.);
#4167 = DIRECTION('',(-1.,0.));
#4168 = ( GEOMETRIC_REPRESENTATION_CONTEXT(2) 
PARAMETRIC_REPRESENTATION_CONTEXT() REPRESENTATION_CONTEXT('2D SPACE',''
  ) );
#4169 = ORIENTED_EDGE('',*,*,#4170,.F.);
#4170 = EDGE_CURVE('',#1314,#4142,#4171,.T.);
#4171 = SURFACE_CURVE('',#4172,(#4176,#4183),.PCURVE_S1.);
#4172 = LINE('',#4173,#4174);
#4173 = CARTESIAN_POINT('',(2.866040801065,4.363004713111,-10.45));
#4174 = VECTOR('',#4175,1.);
#4175 = DIRECTION('',(0.766044443119,0.642787609687,0.));
#4176 = PCURVE('',#890,#4177);
#4177 = DEFINITIONAL_REPRESENTATION('',(#4178),#4182);
#4178 = LINE('',#4179,#4180);
#4179 = CARTESIAN_POINT('',(5.,1.5));
#4180 = VECTOR('',#4181,1.);
#4181 = DIRECTION('',(1.,0.));
#4182 = ( GEOMETRIC_REPRESENTATION_CONTEXT(2) 
PARAMETRIC_REPRESENTATION_CONTEXT() REPRESENTATION_CONTEXT('2D SPACE',''
  ) );
#4183 = PCURVE('',#1351,#4184);
#4184 = DEFINITIONAL_REPRESENTATION('',(#4185),#4189);
#4185 = LINE('',#4186,#4187);
#4186 = CARTESIAN_POINT('',(0.,0.));
#4187 = VECTOR('',#4188,1.);
#4188 = DIRECTION('',(0.,1.));
#4189 = ( GEOMETRIC_REPRESENTATION_CONTEXT(2) 
PARAMETRIC_REPRESENTATION_CONTEXT() REPRESENTATION_CONTEXT('2D SPACE',''
  ) );
#4190 = ADVANCED_FACE('',(#4191),#917,.T.);
#4191 = FACE_BOUND('',#4192,.T.);
#4192 = EDGE_LOOP('',(#4193,#4194,#4195,#4216));
#4193 = ORIENTED_EDGE('',*,*,#3965,.F.);
#4194 = ORIENTED_EDGE('',*,*,#902,.F.);
#4195 = ORIENTED_EDGE('',*,*,#4196,.T.);
#4196 = EDGE_CURVE('',#903,#1899,#4197,.T.);
#4197 = SURFACE_CURVE('',#4198,(#4202,#4209),.PCURVE_S1.);
#4198 = LINE('',#4199,#4200);
#4199 = CARTESIAN_POINT('',(2.345452517853,-4.663566498561,0.));
#4200 = VECTOR('',#4201,1.);
#4201 = DIRECTION('',(0.173648177667,-0.984807753012,0.));
#4202 = PCURVE('',#917,#4203);
#4203 = DEFINITIONAL_REPRESENTATION('',(#4204),#4208);
#4204 = LINE('',#4205,#4206);
#4205 = CARTESIAN_POINT('',(10.45,0.));
#4206 = VECTOR('',#4207,1.);
#4207 = DIRECTION('',(0.,1.));
#4208 = ( GEOMETRIC_REPRESENTATION_CONTEXT(2) 
PARAMETRIC_REPRESENTATION_CONTEXT() REPRESENTATION_CONTEXT('2D SPACE',''
  ) );
#4209 = PCURVE('',#945,#4210);
#4210 = DEFINITIONAL_REPRESENTATION('',(#4211),#4215);
#4211 = LINE('',#4212,#4213);
#4212 = CARTESIAN_POINT('',(-6.200961894323,-3.580127018922));
#4213 = VECTOR('',#4214,1.);
#4214 = DIRECTION('',(-0.5,-0.866025403784));
#4215 = ( GEOMETRIC_REPRESENTATION_CONTEXT(2) 
PARAMETRIC_REPRESENTATION_CONTEXT() REPRESENTATION_CONTEXT('2D SPACE',''
  ) );
#4216 = ORIENTED_EDGE('',*,*,#1898,.T.);
#4217 = ADVANCED_FACE('',(#4218),#945,.T.);
#4218 = FACE_BOUND('',#4219,.T.);
#4219 = EDGE_LOOP('',(#4220,#4244,#4245,#4246,#4247,#4248,#4271,#4295,
    #4433,#4457,#4485,#4513));
#4220 = ORIENTED_EDGE('',*,*,#4221,.T.);
#4221 = EDGE_CURVE('',#4222,#2938,#4224,.T.);
#4222 = VERTEX_POINT('',#4223);
#4223 = CARTESIAN_POINT('',(4.417716772316,-16.41596109034,0.));
#4224 = SURFACE_CURVE('',#4225,(#4230,#4237),.PCURVE_S1.);
#4225 = CIRCLE('',#4226,17.);
#4226 = AXIS2_PLACEMENT_3D('',#4227,#4228,#4229);
#4227 = CARTESIAN_POINT('',(0.,0.,0.));
#4228 = DIRECTION('',(0.,-0.,1.));
#4229 = DIRECTION('',(0.766044443119,0.642787609687,0.));
#4230 = PCURVE('',#945,#4231);
#4231 = DEFINITIONAL_REPRESENTATION('',(#4232),#4236);
#4232 = CIRCLE('',#4233,17.);
#4233 = AXIS2_PLACEMENT_2D('',#4234,#4235);
#4234 = CARTESIAN_POINT('',(-5.,1.5));
#4235 = DIRECTION('',(1.,0.));
#4236 = ( GEOMETRIC_REPRESENTATION_CONTEXT(2) 
PARAMETRIC_REPRESENTATION_CONTEXT() REPRESENTATION_CONTEXT('2D SPACE',''
  ) );
#4237 = PCURVE('',#3560,#4238);
#4238 = DEFINITIONAL_REPRESENTATION('',(#4239),#4243);
#4239 = LINE('',#4240,#4241);
#4240 = CARTESIAN_POINT('',(-0.,-10.45));
#4241 = VECTOR('',#4242,1.);
#4242 = DIRECTION('',(-1.,0.));
#4243 = ( GEOMETRIC_REPRESENTATION_CONTEXT(2) 
PARAMETRIC_REPRESENTATION_CONTEXT() REPRESENTATION_CONTEXT('2D SPACE',''
  ) );
#4244 = ORIENTED_EDGE('',*,*,#2937,.F.);
#4245 = ORIENTED_EDGE('',*,*,#1921,.F.);
#4246 = ORIENTED_EDGE('',*,*,#4196,.F.);
#4247 = ORIENTED_EDGE('',*,*,#929,.F.);
#4248 = ORIENTED_EDGE('',*,*,#4249,.T.);
#4249 = EDGE_CURVE('',#930,#4250,#4252,.T.);
#4250 = VERTEX_POINT('',#4251);
#4251 = CARTESIAN_POINT('',(0.939868708692,-13.96841604515,0.));
#4252 = SURFACE_CURVE('',#4253,(#4257,#4264),.PCURVE_S1.);
#4253 = LINE('',#4254,#4255);
#4254 = CARTESIAN_POINT('',(-0.608970741184,-5.184511031561,0.));
#4255 = VECTOR('',#4256,1.);
#4256 = DIRECTION('',(0.173648177667,-0.984807753012,0.));
#4257 = PCURVE('',#945,#4258);
#4258 = DEFINITIONAL_REPRESENTATION('',(#4259),#4263);
#4259 = LINE('',#4260,#4261);
#4260 = CARTESIAN_POINT('',(-8.799038105677,-2.080127018922));
#4261 = VECTOR('',#4262,1.);
#4262 = DIRECTION('',(-0.5,-0.866025403784));
#4263 = ( GEOMETRIC_REPRESENTATION_CONTEXT(2) 
PARAMETRIC_REPRESENTATION_CONTEXT() REPRESENTATION_CONTEXT('2D SPACE',''
  ) );
#4264 = PCURVE('',#972,#4265);
#4265 = DEFINITIONAL_REPRESENTATION('',(#4266),#4270);
#4266 = LINE('',#4267,#4268);
#4267 = CARTESIAN_POINT('',(10.45,0.));
#4268 = VECTOR('',#4269,1.);
#4269 = DIRECTION('',(0.,1.));
#4270 = ( GEOMETRIC_REPRESENTATION_CONTEXT(2) 
PARAMETRIC_REPRESENTATION_CONTEXT() REPRESENTATION_CONTEXT('2D SPACE',''
  ) );
#4271 = ORIENTED_EDGE('',*,*,#4272,.F.);
#4272 = EDGE_CURVE('',#4273,#4250,#4275,.T.);
#4273 = VERTEX_POINT('',#4274);
#4274 = CARTESIAN_POINT('',(-12.04166666648,-7.141306875715,0.));
#4275 = SURFACE_CURVE('',#4276,(#4281,#4288),.PCURVE_S1.);
#4276 = CIRCLE('',#4277,14.);
#4277 = AXIS2_PLACEMENT_3D('',#4278,#4279,#4280);
#4278 = CARTESIAN_POINT('',(6.157774285068E-14,5.276109386373E-14,0.));
#4279 = DIRECTION('',(0.,-0.,1.));
#4280 = DIRECTION('',(0.766044443119,0.642787609687,0.));
#4281 = PCURVE('',#945,#4282);
#4282 = DEFINITIONAL_REPRESENTATION('',(#4283),#4287);
#4283 = CIRCLE('',#4284,14.);
#4284 = AXIS2_PLACEMENT_2D('',#4285,#4286);
#4285 = CARTESIAN_POINT('',(-5.,1.5));
#4286 = DIRECTION('',(1.,0.));
#4287 = ( GEOMETRIC_REPRESENTATION_CONTEXT(2) 
PARAMETRIC_REPRESENTATION_CONTEXT() REPRESENTATION_CONTEXT('2D SPACE',''
  ) );
#4288 = PCURVE('',#4051,#4289);
#4289 = DEFINITIONAL_REPRESENTATION('',(#4290),#4294);
#4290 = LINE('',#4291,#4292);
#4291 = CARTESIAN_POINT('',(-0.,-10.45));
#4292 = VECTOR('',#4293,1.);
#4293 = DIRECTION('',(-1.,0.));
#4294 = ( GEOMETRIC_REPRESENTATION_CONTEXT(2) 
PARAMETRIC_REPRESENTATION_CONTEXT() REPRESENTATION_CONTEXT('2D SPACE',''
  ) );
#4295 = ORIENTED_EDGE('',*,*,#4296,.F.);
#4296 = EDGE_CURVE('',#4297,#4273,#4299,.T.);
#4297 = VERTEX_POINT('',#4298);
#4298 = CARTESIAN_POINT('',(-13.33333333033,-10.54619468349,0.));
#4299 = SURFACE_CURVE('',#4300,(#4313,#4329),.PCURVE_S1.);
#4300 = B_SPLINE_CURVE_WITH_KNOTS('',11,(#4301,#4302,#4303,#4304,#4305,
    #4306,#4307,#4308,#4309,#4310,#4311,#4312),.UNSPECIFIED.,.F.,.F.,(12
    ,12),(0.,1.),.PIECEWISE_BEZIER_KNOTS.);
#4301 = CARTESIAN_POINT('',(-61.,1.45757728324E-14,0.));
#4302 = CARTESIAN_POINT('',(-61.,-7.139983303613,0.));
#4303 = CARTESIAN_POINT('',(-58.75690804457,-14.27996604905,0.));
#4304 = CARTESIAN_POINT('',(-54.27072466129,-20.63696687192,0.));
#4305 = CARTESIAN_POINT('',(-47.84892492625,-25.42797286055,0.));
#4306 = CARTESIAN_POINT('',(-40.1064780097,-28.00807676485,0.));
#4307 = CARTESIAN_POINT('',(-31.89352199029,-28.00807676487,0.));
#4308 = CARTESIAN_POINT('',(-24.15107507375,-25.42797286054,0.));
#4309 = CARTESIAN_POINT('',(-17.7292753387,-20.63696687192,0.));
#4310 = CARTESIAN_POINT('',(-13.24309195542,-14.27996604905,0.));
#4311 = CARTESIAN_POINT('',(-11.,-7.139983303614,0.));
#4312 = CARTESIAN_POINT('',(-11.,-5.758315878539E-15,0.));
#4313 = PCURVE('',#945,#4314);
#4314 = DEFINITIONAL_REPRESENTATION('',(#4315),#4328);
#4315 = B_SPLINE_CURVE_WITH_KNOTS('',11,(#4316,#4317,#4318,#4319,#4320,
    #4321,#4322,#4323,#4324,#4325,#4326,#4327),.UNSPECIFIED.,.F.,.F.,(12
    ,12),(0.,1.),.PIECEWISE_BEZIER_KNOTS.);
#4316 = CARTESIAN_POINT('',(-51.72871103025,40.710044190879));
#4317 = CARTESIAN_POINT('',(-56.31820383118,35.240499657184));
#4318 = CARTESIAN_POINT('',(-59.18938814547,28.329123834734));
#4319 = CARTESIAN_POINT('',(-59.8389736576,20.575715585925));
#4320 = CARTESIAN_POINT('',(-57.99918894318,12.777738769807));
#4321 = CARTESIAN_POINT('',(-53.726589328,5.824515564633));
#4322 = CARTESIAN_POINT('',(-47.43510000777,0.545329196449));
#4323 = CARTESIAN_POINT('',(-39.84558274979,-2.454945491581));
#4324 = CARTESIAN_POINT('',(-31.84659946052,-2.912675278631));
#4325 = CARTESIAN_POINT('',(-24.32378224524,-0.926593216918));
#4326 = CARTESIAN_POINT('',(-18.01598167524,3.101119172857));
#4327 = CARTESIAN_POINT('',(-13.4264888743,8.570663706552));
#4328 = ( GEOMETRIC_REPRESENTATION_CONTEXT(2) 
PARAMETRIC_REPRESENTATION_CONTEXT() REPRESENTATION_CONTEXT('2D SPACE',''
  ) );
#4329 = PCURVE('',#4330,#4427);
#4330 = ( BOUNDED_SURFACE() B_SPLINE_SURFACE(11,7,(
    (#4331,#4332,#4333,#4334,#4335,#4336,#4337,#4338)
    ,(#4339,#4340,#4341,#4342,#4343,#4344,#4345,#4346)
    ,(#4347,#4348,#4349,#4350,#4351,#4352,#4353,#4354)
    ,(#4355,#4356,#4357,#4358,#4359,#4360,#4361,#4362)
    ,(#4363,#4364,#4365,#4366,#4367,#4368,#4369,#4370)
    ,(#4371,#4372,#4373,#4374,#4375,#4376,#4377,#4378)
    ,(#4379,#4380,#4381,#4382,#4383,#4384,#4385,#4386)
    ,(#4387,#4388,#4389,#4390,#4391,#4392,#4393,#4394)
    ,(#4395,#4396,#4397,#4398,#4399,#4400,#4401,#4402)
    ,(#4403,#4404,#4405,#4406,#4407,#4408,#4409,#4410)
    ,(#4411,#4412,#4413,#4414,#4415,#4416,#4417,#4418)
    ,(#4419,#4420,#4421,#4422,#4423,#4424,#4425,#4426
)),.UNSPECIFIED.,.F.,.F.,.F.) B_SPLINE_SURFACE_WITH_KNOTS((12,12),(8,8),
  (0.,1.),(0.,1.),.PIECEWISE_BEZIER_KNOTS.) 
GEOMETRIC_REPRESENTATION_ITEM() RATIONAL_B_SPLINE_SURFACE((
    (1.,1.,1.,1.,1.,1.,1.,1.)
    ,(1.,1.,1.,1.,1.,1.,1.,1.)
    ,(1.,1.,1.,1.,1.,1.,1.,1.)
    ,(1.,1.,1.,1.,1.,1.,1.,1.)
    ,(1.,1.,1.,1.,1.,1.,1.,1.)
    ,(1.,1.,1.,1.,1.,1.,1.,1.)
    ,(1.,1.,1.,1.,1.,1.,1.,1.)
    ,(1.,1.,1.,1.,1.,1.,1.,1.)
    ,(1.,1.,1.,1.,1.,1.,1.,1.)
    ,(1.,1.,1.,1.,1.,1.,1.,1.)
    ,(1.,1.,1.,1.,1.,1.,1.,1.)
,(1.,1.,1.,1.,1.,1.,1.,1.))) REPRESENTATION_ITEM('') SURFACE() );
#4331 = CARTESIAN_POINT('',(-61.,1.45757728324E-14,0.));
#4332 = CARTESIAN_POINT('',(-61.00000144423,-9.125579394057,
    10.000000000003));
#4333 = CARTESIAN_POINT('',(-59.40727962635,-18.25115413057,
    19.99999999999));
#4334 = CARTESIAN_POINT('',(-56.22187576929,-27.04316702953,
    30.000000000016));
#4335 = CARTESIAN_POINT('',(-51.53100753099,-35.16798914984,
    39.999999999985));
#4336 = CARTESIAN_POINT('',(-45.50960293865,-42.32263626086,
    50.000000000008));
#4337 = CARTESIAN_POINT('',(-38.40298430162,-48.26476118456,
    59.999999999998));
#4338 = CARTESIAN_POINT('',(-30.5,-52.82754963085,70.));
#4339 = CARTESIAN_POINT('',(-61.,-7.139983303613,0.));
#4340 = CARTESIAN_POINT('',(-59.93186235391,-16.2655628667,
    10.000000000017));
#4341 = CARTESIAN_POINT('',(-57.27100199088,-25.20471125596,
    19.999999999937));
#4342 = CARTESIAN_POINT('',(-53.05650263702,-33.62387611615,
    30.000000000117));
#4343 = CARTESIAN_POINT('',(-47.4146328531,-41.19963723831,
    39.999999999873));
#4344 = CARTESIAN_POINT('',(-40.55578463918,-47.64948552532,
    50.000000000075));
#4345 = CARTESIAN_POINT('',(-32.75364677685,-52.7597885079,
    59.999999999977));
#4346 = CARTESIAN_POINT('',(-24.31659307647,-56.39754128265,
    69.999999999999));
#4347 = CARTESIAN_POINT('',(-58.75690804457,-14.27996604905,0.));
#4348 = CARTESIAN_POINT('',(-56.62063133859,-23.06997998244,
    9.999999999946));
#4349 = CARTESIAN_POINT('',(-52.95020007931,-31.4871364111,
    20.000000000211));
#4350 = CARTESIAN_POINT('',(-47.82373897763,-39.21015337067,
    29.999999999594));
#4351 = CARTESIAN_POINT('',(-41.40336032562,-45.93808758331,
    40.000000000452));
#4352 = CARTESIAN_POINT('',(-33.92848764104,-51.42004642406,
    49.999999999728));
#4353 = CARTESIAN_POINT('',(-25.69215518302,-55.48002371672,
    60.000000000082));
#4354 = CARTESIAN_POINT('',(-17.01164065862,-58.02495803895,
    70.000000000005));
#4355 = CARTESIAN_POINT('',(-54.27072466129,-20.63696687192,0.));
#4356 = CARTESIAN_POINT('',(-51.18344267332,-28.75584943696,
    10.000000000136));
#4357 = CARTESIAN_POINT('',(-46.67914184135,-36.33589216723,
    19.999999999472));
#4358 = CARTESIAN_POINT('',(-40.87070488034,-43.08034851636,
    30.000000001009));
#4359 = CARTESIAN_POINT('',(-33.94859826573,-48.72190084263,
    39.999999998882));
#4360 = CARTESIAN_POINT('',(-26.17095554216,-53.05016897729,
    50.000000000671));
#4361 = CARTESIAN_POINT('',(-17.83802474689,-55.93253573635,
    59.999999999803));
#4362 = CARTESIAN_POINT('',(-9.263224762502,-57.31830967443,
    69.999999999988));
#4363 = CARTESIAN_POINT('',(-47.84892492625,-25.42797286055,0.));
#4364 = CARTESIAN_POINT('',(-44.04490990891,-32.58615646827,
    9.999999999756));
#4365 = CARTESIAN_POINT('',(-38.9915509998,-39.08040652157,
    20.000000000948));
#4366 = CARTESIAN_POINT('',(-32.82792451862,-44.64909508689,
    29.999999998188));
#4367 = CARTESIAN_POINT('',(-25.76151863995,-49.06687759835,
    40.000000002006));
#4368 = CARTESIAN_POINT('',(-18.05584800363,-52.16900973135,
    49.999999998798));
#4369 = CARTESIAN_POINT('',(-10.00436844697,-53.86765536179,
    60.000000000346));
#4370 = CARTESIAN_POINT('',(-1.903191999153,-54.15237096018,
    70.000000000022));
#4371 = CARTESIAN_POINT('',(-40.1064780097,-28.00807676485,0.));
#4372 = CARTESIAN_POINT('',(-35.9164801363,-34.00799298989,
    10.000000000312));
#4373 = CARTESIAN_POINT('',(-30.67929554163,-39.27660918077,
    19.999999998782));
#4374 = CARTESIAN_POINT('',(-24.54810370558,-43.59463600086,
    30.000000002333));
#4375 = CARTESIAN_POINT('',(-17.73343410845,-46.78276390712,
    39.999999997415));
#4376 = CARTESIAN_POINT('',(-10.4894138391,-48.7221038207,
    50.000000001542));
#4377 = CARTESIAN_POINT('',(-3.088611624756,-49.3659559908,
    59.999999999566));
#4378 = CARTESIAN_POINT('',(4.202466984672,-48.73726719515,
    69.999999999969));
#4379 = CARTESIAN_POINT('',(-31.89352199029,-28.00807676487,0.));
#4380 = CARTESIAN_POINT('',(-27.70352392271,-32.7793375443,
    9.999999999682));
#4381 = CARTESIAN_POINT('',(-22.68078119974,-36.81929891326,
    20.000000001246));
#4382 = CARTESIAN_POINT('',(-16.9784677556,-39.95358122776,
    29.999999997612));
#4383 = CARTESIAN_POINT('',(-10.7953701978,-42.0477942599,
    40.000000002645));
#4384 = CARTESIAN_POINT('',(-4.362063554517,-43.02384234437,
    49.999999998427));
#4385 = CARTESIAN_POINT('',(2.081913311208,-42.86765499163,
    60.000000000435));
#4386 = CARTESIAN_POINT('',(8.308944994363,-41.62463864218,
    70.000000000034));
#4387 = CARTESIAN_POINT('',(-24.15107507375,-25.42797286054,0.));
#4388 = CARTESIAN_POINT('',(-20.34705949514,-29.0409661351,
    10.00000000025));
#4389 = CARTESIAN_POINT('',(-15.91245603765,-31.99002766726,
    19.999999999019));
#4390 = CARTESIAN_POINT('',(-10.98632500284,-34.14311292268,
    30.000000001877));
#4391 = CARTESIAN_POINT('',(-5.742271440455,-35.40448864332,
    39.999999997923));
#4392 = CARTESIAN_POINT('',(-0.375852309953,-35.727116623,
    50.000000001229));
#4393 = CARTESIAN_POINT('',(4.914781649078,-35.1173100556,
    59.999999999665));
#4394 = CARTESIAN_POINT('',(9.945732927104,-33.62943097284,
    69.999999999972));
#4395 = CARTESIAN_POINT('',(-17.7292753387,-20.63696687192,0.));
#4396 = CARTESIAN_POINT('',(-14.64199248569,-23.28926096233,
    9.999999999851));
#4397 = CARTESIAN_POINT('',(-11.09179597443,-25.40271800654,
    20.000000000587));
#4398 = CARTESIAN_POINT('',(-7.191543827665,-26.88040560799,
    29.999999998876));
#4399 = CARTESIAN_POINT('',(-3.079455638474,-27.65486324546,
    40.000000001245));
#4400 = CARTESIAN_POINT('',(1.091123957152,-27.69721048472,
    49.999999999263));
#4401 = CARTESIAN_POINT('',(5.166904838328,-27.02000581969,60.0000000002
    ));
#4402 = CARTESIAN_POINT('',(9.007499898791,-25.67248626996,
    70.000000000017));
#4403 = CARTESIAN_POINT('',(-13.24309195542,-14.27996604905,0.));
#4404 = CARTESIAN_POINT('',(-11.10681417181,-16.26112847008,
    10.000000000061));
#4405 = CARTESIAN_POINT('',(-8.624757468482,-17.86943686209,
    19.99999999976));
#4406 = CARTESIAN_POINT('',(-5.875015797909,-19.0324856543,
    30.000000000458));
#4407 = CARTESIAN_POINT('',(-2.954625905255,-19.69826151217,
    39.999999999494));
#4408 = CARTESIAN_POINT('',(2.750741545742E-02,-19.84193686315,
    50.000000000297));
#4409 = CARTESIAN_POINT('',(2.961391780516,-19.46832758341,
    59.99999999992));
#4410 = CARTESIAN_POINT('',(5.745267385949,-18.60883708258,
    69.999999999993));
#4411 = CARTESIAN_POINT('',(-11.,-7.139983303614,0.));
#4412 = CARTESIAN_POINT('',(-9.931861170125,-8.785579756845,
    9.999999999984));
#4413 = CARTESIAN_POINT('',(-8.576510493849,-10.24474885375,
    20.000000000063));
#4414 = CARTESIAN_POINT('',(-6.972997908134,-11.45734576427,
    29.999999999879));
#4415 = CARTESIAN_POINT('',(-5.176102089968,-12.37341662347,
    40.000000000135));
#4416 = CARTESIAN_POINT('',(-3.252831410794,-12.95880006572,
    49.99999999992));
#4417 = CARTESIAN_POINT('',(-1.275790791917,-13.19850884838,
    60.000000000022));
#4418 = CARTESIAN_POINT('',(0.683406923526,-13.09627109343,
    70.000000000002));
#4419 = CARTESIAN_POINT('',(-11.,-5.758315878539E-15,0.));
#4420 = CARTESIAN_POINT('',(-11.00000026043,-1.645596284175,
    10.000000000003));
#4421 = CARTESIAN_POINT('',(-10.71278812934,-3.291191728462,
    19.99999999999));
#4422 = CARTESIAN_POINT('',(-10.13837104036,-4.87663667746,
    30.000000000016));
#4423 = CARTESIAN_POINT('',(-9.292476767883,-6.341768535215,
    39.999999999985));
#4424 = CARTESIAN_POINT('',(-8.206649710249,-7.631950801142,
    50.000000000008));
#4425 = CARTESIAN_POINT('',(-6.925128316686,-8.703481525085,
    59.999999999998));
#4426 = CARTESIAN_POINT('',(-5.5,-9.526279441629,70.));
#4427 = DEFINITIONAL_REPRESENTATION('',(#4428),#4432);
#4428 = LINE('',#4429,#4430);
#4429 = CARTESIAN_POINT('',(0.,0.));
#4430 = VECTOR('',#4431,1.);
#4431 = DIRECTION('',(1.,0.));
#4432 = ( GEOMETRIC_REPRESENTATION_CONTEXT(2) 
PARAMETRIC_REPRESENTATION_CONTEXT() REPRESENTATION_CONTEXT('2D SPACE',''
  ) );
#4433 = ORIENTED_EDGE('',*,*,#4434,.T.);
#4434 = EDGE_CURVE('',#4297,#4435,#4437,.T.);
#4435 = VERTEX_POINT('',#4436);
#4436 = CARTESIAN_POINT('',(1.463293513279,-16.93690562334,0.));
#4437 = SURFACE_CURVE('',#4438,(#4443,#4450),.PCURVE_S1.);
#4438 = CIRCLE('',#4439,17.);
#4439 = AXIS2_PLACEMENT_3D('',#4440,#4441,#4442);
#4440 = CARTESIAN_POINT('',(0.,0.,0.));
#4441 = DIRECTION('',(0.,-0.,1.));
#4442 = DIRECTION('',(0.766044443119,0.642787609687,0.));
#4443 = PCURVE('',#945,#4444);
#4444 = DEFINITIONAL_REPRESENTATION('',(#4445),#4449);
#4445 = CIRCLE('',#4446,17.);
#4446 = AXIS2_PLACEMENT_2D('',#4447,#4448);
#4447 = CARTESIAN_POINT('',(-5.,1.5));
#4448 = DIRECTION('',(1.,0.));
#4449 = ( GEOMETRIC_REPRESENTATION_CONTEXT(2) 
PARAMETRIC_REPRESENTATION_CONTEXT() REPRESENTATION_CONTEXT('2D SPACE',''
  ) );
#4450 = PCURVE('',#3319,#4451);
#4451 = DEFINITIONAL_REPRESENTATION('',(#4452),#4456);
#4452 = LINE('',#4453,#4454);
#4453 = CARTESIAN_POINT('',(-0.,-10.45));
#4454 = VECTOR('',#4455,1.);
#4455 = DIRECTION('',(-1.,0.));
#4456 = ( GEOMETRIC_REPRESENTATION_CONTEXT(2) 
PARAMETRIC_REPRESENTATION_CONTEXT() REPRESENTATION_CONTEXT('2D SPACE',''
  ) );
#4457 = ORIENTED_EDGE('',*,*,#4458,.T.);
#4458 = EDGE_CURVE('',#4435,#4459,#4461,.T.);
#4459 = VERTEX_POINT('',#4460);
#4460 = CARTESIAN_POINT('',(1.474807390819,-17.0022040677,0.));
#4461 = SURFACE_CURVE('',#4462,(#4466,#4473),.PCURVE_S1.);
#4462 = LINE('',#4463,#4464);
#4463 = CARTESIAN_POINT('',(-0.608970741184,-5.184511031561,0.));
#4464 = VECTOR('',#4465,1.);
#4465 = DIRECTION('',(0.173648177667,-0.984807753012,0.));
#4466 = PCURVE('',#945,#4467);
#4467 = DEFINITIONAL_REPRESENTATION('',(#4468),#4472);
#4468 = LINE('',#4469,#4470);
#4469 = CARTESIAN_POINT('',(-8.799038105677,-2.080127018922));
#4470 = VECTOR('',#4471,1.);
#4471 = DIRECTION('',(-0.5,-0.866025403784));
#4472 = ( GEOMETRIC_REPRESENTATION_CONTEXT(2) 
PARAMETRIC_REPRESENTATION_CONTEXT() REPRESENTATION_CONTEXT('2D SPACE',''
  ) );
#4473 = PCURVE('',#4474,#4479);
#4474 = PLANE('',#4475);
#4475 = AXIS2_PLACEMENT_3D('',#4476,#4477,#4478);
#4476 = CARTESIAN_POINT('',(-0.608970741184,-5.184511031561,-10.45));
#4477 = DIRECTION('',(0.984807753012,0.173648177667,0.));
#4478 = DIRECTION('',(0.,0.,1.));
#4479 = DEFINITIONAL_REPRESENTATION('',(#4480),#4484);
#4480 = LINE('',#4481,#4482);
#4481 = CARTESIAN_POINT('',(10.45,0.));
#4482 = VECTOR('',#4483,1.);
#4483 = DIRECTION('',(0.,1.));
#4484 = ( GEOMETRIC_REPRESENTATION_CONTEXT(2) 
PARAMETRIC_REPRESENTATION_CONTEXT() REPRESENTATION_CONTEXT('2D SPACE',''
  ) );
#4485 = ORIENTED_EDGE('',*,*,#4486,.T.);
#4486 = EDGE_CURVE('',#4459,#4487,#4489,.T.);
#4487 = VERTEX_POINT('',#4488);
#4488 = CARTESIAN_POINT('',(4.429230649856,-16.4812595347,0.));
#4489 = SURFACE_CURVE('',#4490,(#4494,#4501),.PCURVE_S1.);
#4490 = LINE('',#4491,#4492);
#4491 = CARTESIAN_POINT('',(1.474807390819,-17.0022040677,0.));
#4492 = VECTOR('',#4493,1.);
#4493 = DIRECTION('',(0.984807753012,0.173648177667,0.));
#4494 = PCURVE('',#945,#4495);
#4495 = DEFINITIONAL_REPRESENTATION('',(#4496),#4500);
#4496 = LINE('',#4497,#4498);
#4497 = CARTESIAN_POINT('',(-14.79903810567,-12.47243186433));
#4498 = VECTOR('',#4499,1.);
#4499 = DIRECTION('',(0.866025403784,-0.5));
#4500 = ( GEOMETRIC_REPRESENTATION_CONTEXT(2) 
PARAMETRIC_REPRESENTATION_CONTEXT() REPRESENTATION_CONTEXT('2D SPACE',''
  ) );
#4501 = PCURVE('',#4502,#4507);
#4502 = PLANE('',#4503);
#4503 = AXIS2_PLACEMENT_3D('',#4504,#4505,#4506);
#4504 = CARTESIAN_POINT('',(1.474807390819,-17.0022040677,-10.45));
#4505 = DIRECTION('',(0.173648177667,-0.984807753012,0.));
#4506 = DIRECTION('',(0.,0.,1.));
#4507 = DEFINITIONAL_REPRESENTATION('',(#4508),#4512);
#4508 = LINE('',#4509,#4510);
#4509 = CARTESIAN_POINT('',(10.45,0.));
#4510 = VECTOR('',#4511,1.);
#4511 = DIRECTION('',(0.,-1.));
#4512 = ( GEOMETRIC_REPRESENTATION_CONTEXT(2) 
PARAMETRIC_REPRESENTATION_CONTEXT() REPRESENTATION_CONTEXT('2D SPACE',''
  ) );
#4513 = ORIENTED_EDGE('',*,*,#4514,.F.);
#4514 = EDGE_CURVE('',#4222,#4487,#4515,.T.);
#4515 = SURFACE_CURVE('',#4516,(#4520,#4527),.PCURVE_S1.);
#4516 = LINE('',#4517,#4518);
#4517 = CARTESIAN_POINT('',(2.345452517853,-4.663566498561,0.));
#4518 = VECTOR('',#4519,1.);
#4519 = DIRECTION('',(0.173648177667,-0.984807753012,0.));
#4520 = PCURVE('',#945,#4521);
#4521 = DEFINITIONAL_REPRESENTATION('',(#4522),#4526);
#4522 = LINE('',#4523,#4524);
#4523 = CARTESIAN_POINT('',(-6.200961894323,-3.580127018922));
#4524 = VECTOR('',#4525,1.);
#4525 = DIRECTION('',(-0.5,-0.866025403784));
#4526 = ( GEOMETRIC_REPRESENTATION_CONTEXT(2) 
PARAMETRIC_REPRESENTATION_CONTEXT() REPRESENTATION_CONTEXT('2D SPACE',''
  ) );
#4527 = PCURVE('',#4528,#4533);
#4528 = PLANE('',#4529);
#4529 = AXIS2_PLACEMENT_3D('',#4530,#4531,#4532);
#4530 = CARTESIAN_POINT('',(2.345452517853,-4.663566498561,-10.45));
#4531 = DIRECTION('',(0.984807753012,0.173648177667,0.));
#4532 = DIRECTION('',(0.,0.,1.));
#4533 = DEFINITIONAL_REPRESENTATION('',(#4534),#4538);
#4534 = LINE('',#4535,#4536);
#4535 = CARTESIAN_POINT('',(10.45,0.));
#4536 = VECTOR('',#4537,1.);
#4537 = DIRECTION('',(0.,1.));
#4538 = ( GEOMETRIC_REPRESENTATION_CONTEXT(2) 
PARAMETRIC_REPRESENTATION_CONTEXT() REPRESENTATION_CONTEXT('2D SPACE',''
  ) );
#4539 = ADVANCED_FACE('',(#4540),#972,.F.);
#4540 = FACE_BOUND('',#4541,.F.);
#4541 = EDGE_LOOP('',(#4542,#4543,#4544,#4545));
#4542 = ORIENTED_EDGE('',*,*,#4011,.F.);
#4543 = ORIENTED_EDGE('',*,*,#957,.F.);
#4544 = ORIENTED_EDGE('',*,*,#4249,.T.);
#4545 = ORIENTED_EDGE('',*,*,#4546,.T.);
#4546 = EDGE_CURVE('',#4250,#4012,#4547,.T.);
#4547 = SURFACE_CURVE('',#4548,(#4552,#4559),.PCURVE_S1.);
#4548 = LINE('',#4549,#4550);
#4549 = CARTESIAN_POINT('',(0.939868708692,-13.96841604515,-10.45));
#4550 = VECTOR('',#4551,1.);
#4551 = DIRECTION('',(0.,-0.,-1.));
#4552 = PCURVE('',#972,#4553);
#4553 = DEFINITIONAL_REPRESENTATION('',(#4554),#4558);
#4554 = LINE('',#4555,#4556);
#4555 = CARTESIAN_POINT('',(0.,8.919410907075));
#4556 = VECTOR('',#4557,1.);
#4557 = DIRECTION('',(-1.,0.));
#4558 = ( GEOMETRIC_REPRESENTATION_CONTEXT(2) 
PARAMETRIC_REPRESENTATION_CONTEXT() REPRESENTATION_CONTEXT('2D SPACE',''
  ) );
#4559 = PCURVE('',#4051,#4560);
#4560 = DEFINITIONAL_REPRESENTATION('',(#4561),#4565);
#4561 = LINE('',#4562,#4563);
#4562 = CARTESIAN_POINT('',(-4.081441288685,0.));
#4563 = VECTOR('',#4564,1.);
#4564 = DIRECTION('',(-0.,1.));
#4565 = ( GEOMETRIC_REPRESENTATION_CONTEXT(2) 
PARAMETRIC_REPRESENTATION_CONTEXT() REPRESENTATION_CONTEXT('2D SPACE',''
  ) );
#4566 = ADVANCED_FACE('',(#4567),#1022,.T.);
#4567 = FACE_BOUND('',#4568,.T.);
#4568 = EDGE_LOOP('',(#4569,#4570,#4571,#4594,#4617,#4640,#4668));
#4569 = ORIENTED_EDGE('',*,*,#4063,.F.);
#4570 = ORIENTED_EDGE('',*,*,#1007,.F.);
#4571 = ORIENTED_EDGE('',*,*,#4572,.T.);
#4572 = EDGE_CURVE('',#1008,#4573,#4575,.T.);
#4573 = VERTEX_POINT('',#4574);
#4574 = CARTESIAN_POINT('',(-8.506922729427,1.5,0.));
#4575 = SURFACE_CURVE('',#4576,(#4580,#4587),.PCURVE_S1.);
#4576 = LINE('',#4577,#4578);
#4577 = CARTESIAN_POINT('',(-5.211493318918,0.300561785449,0.));
#4578 = VECTOR('',#4579,1.);
#4579 = DIRECTION('',(-0.939692620786,0.342020143326,0.));
#4580 = PCURVE('',#1022,#4581);
#4581 = DEFINITIONAL_REPRESENTATION('',(#4582),#4586);
#4582 = LINE('',#4583,#4584);
#4583 = CARTESIAN_POINT('',(10.45,0.));
#4584 = VECTOR('',#4585,1.);
#4585 = DIRECTION('',(0.,1.));
#4586 = ( GEOMETRIC_REPRESENTATION_CONTEXT(2) 
PARAMETRIC_REPRESENTATION_CONTEXT() REPRESENTATION_CONTEXT('2D SPACE',''
  ) );
#4587 = PCURVE('',#1050,#4588);
#4588 = DEFINITIONAL_REPRESENTATION('',(#4589),#4593);
#4589 = LINE('',#4590,#4591);
#4590 = CARTESIAN_POINT('',(-5.211493318918,0.300561785449));
#4591 = VECTOR('',#4592,1.);
#4592 = DIRECTION('',(-0.939692620786,0.342020143326));
#4593 = ( GEOMETRIC_REPRESENTATION_CONTEXT(2) 
PARAMETRIC_REPRESENTATION_CONTEXT() REPRESENTATION_CONTEXT('2D SPACE',''
  ) );
#4594 = ORIENTED_EDGE('',*,*,#4595,.T.);
#4595 = EDGE_CURVE('',#4573,#4596,#4598,.T.);
#4596 = VERTEX_POINT('',#4597);
#4597 = CARTESIAN_POINT('',(-10.95158129437,2.389782950588,0.));
#4598 = SURFACE_CURVE('',#4599,(#4603,#4610),.PCURVE_S1.);
#4599 = LINE('',#4600,#4601);
#4600 = CARTESIAN_POINT('',(-5.211493318918,0.300561785449,0.));
#4601 = VECTOR('',#4602,1.);
#4602 = DIRECTION('',(-0.939692620786,0.342020143326,0.));
#4603 = PCURVE('',#1022,#4604);
#4604 = DEFINITIONAL_REPRESENTATION('',(#4605),#4609);
#4605 = LINE('',#4606,#4607);
#4606 = CARTESIAN_POINT('',(10.45,0.));
#4607 = VECTOR('',#4608,1.);
#4608 = DIRECTION('',(0.,1.));
#4609 = ( GEOMETRIC_REPRESENTATION_CONTEXT(2) 
PARAMETRIC_REPRESENTATION_CONTEXT() REPRESENTATION_CONTEXT('2D SPACE',''
  ) );
#4610 = PCURVE('',#1274,#4611);
#4611 = DEFINITIONAL_REPRESENTATION('',(#4612),#4616);
#4612 = LINE('',#4613,#4614);
#4613 = CARTESIAN_POINT('',(-8.799038105677,5.080127018922));
#4614 = VECTOR('',#4615,1.);
#4615 = DIRECTION('',(-0.5,0.866025403784));
#4616 = ( GEOMETRIC_REPRESENTATION_CONTEXT(2) 
PARAMETRIC_REPRESENTATION_CONTEXT() REPRESENTATION_CONTEXT('2D SPACE',''
  ) );
#4617 = ORIENTED_EDGE('',*,*,#4618,.T.);
#4618 = EDGE_CURVE('',#4596,#4619,#4621,.T.);
#4619 = VERTEX_POINT('',#4620);
#4620 = CARTESIAN_POINT('',(-12.92084561304,3.106536545984,0.));
#4621 = SURFACE_CURVE('',#4622,(#4626,#4633),.PCURVE_S1.);
#4622 = LINE('',#4623,#4624);
#4623 = CARTESIAN_POINT('',(-5.211493318918,0.300561785449,0.));
#4624 = VECTOR('',#4625,1.);
#4625 = DIRECTION('',(-0.939692620786,0.342020143326,0.));
#4626 = PCURVE('',#1022,#4627);
#4627 = DEFINITIONAL_REPRESENTATION('',(#4628),#4632);
#4628 = LINE('',#4629,#4630);
#4629 = CARTESIAN_POINT('',(10.45,0.));
#4630 = VECTOR('',#4631,1.);
#4631 = DIRECTION('',(0.,1.));
#4632 = ( GEOMETRIC_REPRESENTATION_CONTEXT(2) 
PARAMETRIC_REPRESENTATION_CONTEXT() REPRESENTATION_CONTEXT('2D SPACE',''
  ) );
#4633 = PCURVE('',#1050,#4634);
#4634 = DEFINITIONAL_REPRESENTATION('',(#4635),#4639);
#4635 = LINE('',#4636,#4637);
#4636 = CARTESIAN_POINT('',(-5.211493318918,0.300561785449));
#4637 = VECTOR('',#4638,1.);
#4638 = DIRECTION('',(-0.939692620786,0.342020143326));
#4639 = ( GEOMETRIC_REPRESENTATION_CONTEXT(2) 
PARAMETRIC_REPRESENTATION_CONTEXT() REPRESENTATION_CONTEXT('2D SPACE',''
  ) );
#4640 = ORIENTED_EDGE('',*,*,#4641,.T.);
#4641 = EDGE_CURVE('',#4619,#4642,#4644,.T.);
#4642 = VERTEX_POINT('',#4643);
#4643 = CARTESIAN_POINT('',(-13.59299793005,3.351179982268,0.));
#4644 = SURFACE_CURVE('',#4645,(#4649,#4656),.PCURVE_S1.);
#4645 = LINE('',#4646,#4647);
#4646 = CARTESIAN_POINT('',(-5.211493318918,0.300561785449,0.));
#4647 = VECTOR('',#4648,1.);
#4648 = DIRECTION('',(-0.939692620786,0.342020143326,0.));
#4649 = PCURVE('',#1022,#4650);
#4650 = DEFINITIONAL_REPRESENTATION('',(#4651),#4655);
#4651 = LINE('',#4652,#4653);
#4652 = CARTESIAN_POINT('',(10.45,0.));
#4653 = VECTOR('',#4654,1.);
#4654 = DIRECTION('',(0.,1.));
#4655 = ( GEOMETRIC_REPRESENTATION_CONTEXT(2) 
PARAMETRIC_REPRESENTATION_CONTEXT() REPRESENTATION_CONTEXT('2D SPACE',''
  ) );
#4656 = PCURVE('',#4657,#4662);
#4657 = PLANE('',#4658);
#4658 = AXIS2_PLACEMENT_3D('',#4659,#4660,#4661);
#4659 = CARTESIAN_POINT('',(4.794403630125,2.064871383754,0.));
#4660 = DIRECTION('',(0.,0.,1.));
#4661 = DIRECTION('',(0.766044443119,0.642787609687,0.));
#4662 = DEFINITIONAL_REPRESENTATION('',(#4663),#4667);
#4663 = LINE('',#4664,#4665);
#4664 = CARTESIAN_POINT('',(-8.799038105677,5.080127018922));
#4665 = VECTOR('',#4666,1.);
#4666 = DIRECTION('',(-0.5,0.866025403784));
#4667 = ( GEOMETRIC_REPRESENTATION_CONTEXT(2) 
PARAMETRIC_REPRESENTATION_CONTEXT() REPRESENTATION_CONTEXT('2D SPACE',''
  ) );
#4668 = ORIENTED_EDGE('',*,*,#4669,.T.);
#4669 = EDGE_CURVE('',#4642,#4035,#4670,.T.);
#4670 = SURFACE_CURVE('',#4671,(#4675,#4682),.PCURVE_S1.);
#4671 = LINE('',#4672,#4673);
#4672 = CARTESIAN_POINT('',(-13.59299793005,3.351179982268,-10.45));
#4673 = VECTOR('',#4674,1.);
#4674 = DIRECTION('',(0.,-0.,-1.));
#4675 = PCURVE('',#1022,#4676);
#4676 = DEFINITIONAL_REPRESENTATION('',(#4677),#4681);
#4677 = LINE('',#4678,#4679);
#4678 = CARTESIAN_POINT('',(0.,8.919410907075));
#4679 = VECTOR('',#4680,1.);
#4680 = DIRECTION('',(-1.,0.));
#4681 = ( GEOMETRIC_REPRESENTATION_CONTEXT(2) 
PARAMETRIC_REPRESENTATION_CONTEXT() REPRESENTATION_CONTEXT('2D SPACE',''
  ) );
#4682 = PCURVE('',#4051,#4683);
#4683 = DEFINITIONAL_REPRESENTATION('',(#4684),#4688);
#4684 = LINE('',#4685,#4686);
#4685 = CARTESIAN_POINT('',(-2.201744018495,0.));
#4686 = VECTOR('',#4687,1.);
#4687 = DIRECTION('',(-0.,1.));
#4688 = ( GEOMETRIC_REPRESENTATION_CONTEXT(2) 
PARAMETRIC_REPRESENTATION_CONTEXT() REPRESENTATION_CONTEXT('2D SPACE',''
  ) );
#4689 = ADVANCED_FACE('',(#4690),#1050,.F.);
#4690 = FACE_BOUND('',#4691,.F.);
#4691 = EDGE_LOOP('',(#4692,#4713,#4714,#4715,#4736,#4872,#4873,#5011,
    #5047,#5071,#5095,#5131,#5269,#5291));
#4692 = ORIENTED_EDGE('',*,*,#4693,.T.);
#4693 = EDGE_CURVE('',#4694,#1035,#4696,.T.);
#4694 = VERTEX_POINT('',#4695);
#4695 = CARTESIAN_POINT('',(-11.04504057389,-1.500000000001,0.));
#4696 = SURFACE_CURVE('',#4697,(#4700,#4706),.PCURVE_S1.);
#4697 = B_SPLINE_CURVE_WITH_KNOTS('',1,(#4698,#4699),.UNSPECIFIED.,.F.,
  .F.,(2,2),(2.,3.),.PIECEWISE_BEZIER_KNOTS.);
#4698 = CARTESIAN_POINT('',(-14.,-1.5,0.));
#4699 = CARTESIAN_POINT('',(-4.,-1.5,0.));
#4700 = PCURVE('',#1050,#4701);
#4701 = DEFINITIONAL_REPRESENTATION('',(#4702),#4705);
#4702 = B_SPLINE_CURVE_WITH_KNOTS('',1,(#4703,#4704),.UNSPECIFIED.,.F.,
  .F.,(2,2),(2.,3.),.PIECEWISE_BEZIER_KNOTS.);
#4703 = CARTESIAN_POINT('',(-14.,-1.5));
#4704 = CARTESIAN_POINT('',(-4.,-1.5));
#4705 = ( GEOMETRIC_REPRESENTATION_CONTEXT(2) 
PARAMETRIC_REPRESENTATION_CONTEXT() REPRESENTATION_CONTEXT('2D SPACE',''
  ) );
#4706 = PCURVE('',#1082,#4707);
#4707 = DEFINITIONAL_REPRESENTATION('',(#4708),#4712);
#4708 = LINE('',#4709,#4710);
#4709 = CARTESIAN_POINT('',(0.,0.));
#4710 = VECTOR('',#4711,1.);
#4711 = DIRECTION('',(1.,0.));
#4712 = ( GEOMETRIC_REPRESENTATION_CONTEXT(2) 
PARAMETRIC_REPRESENTATION_CONTEXT() REPRESENTATION_CONTEXT('2D SPACE',''
  ) );
#4713 = ORIENTED_EDGE('',*,*,#1034,.F.);
#4714 = ORIENTED_EDGE('',*,*,#4572,.T.);
#4715 = ORIENTED_EDGE('',*,*,#4716,.T.);
#4716 = EDGE_CURVE('',#4573,#4717,#4719,.T.);
#4717 = VERTEX_POINT('',#4718);
#4718 = CARTESIAN_POINT('',(-10.98092911972,1.499999999998,0.));
#4719 = SURFACE_CURVE('',#4720,(#4723,#4729),.PCURVE_S1.);
#4720 = B_SPLINE_CURVE_WITH_KNOTS('',1,(#4721,#4722),.UNSPECIFIED.,.F.,
  .F.,(2,2),(0.,1.),.PIECEWISE_BEZIER_KNOTS.);
#4721 = CARTESIAN_POINT('',(-4.,1.5,0.));
#4722 = CARTESIAN_POINT('',(-14.,1.5,0.));
#4723 = PCURVE('',#1050,#4724);
#4724 = DEFINITIONAL_REPRESENTATION('',(#4725),#4728);
#4725 = B_SPLINE_CURVE_WITH_KNOTS('',1,(#4726,#4727),.UNSPECIFIED.,.F.,
  .F.,(2,2),(0.,1.),.PIECEWISE_BEZIER_KNOTS.);
#4726 = CARTESIAN_POINT('',(-4.,1.5));
#4727 = CARTESIAN_POINT('',(-14.,1.5));
#4728 = ( GEOMETRIC_REPRESENTATION_CONTEXT(2) 
PARAMETRIC_REPRESENTATION_CONTEXT() REPRESENTATION_CONTEXT('2D SPACE',''
  ) );
#4729 = PCURVE('',#1234,#4730);
#4730 = DEFINITIONAL_REPRESENTATION('',(#4731),#4735);
#4731 = LINE('',#4732,#4733);
#4732 = CARTESIAN_POINT('',(0.,0.));
#4733 = VECTOR('',#4734,1.);
#4734 = DIRECTION('',(1.,0.));
#4735 = ( GEOMETRIC_REPRESENTATION_CONTEXT(2) 
PARAMETRIC_REPRESENTATION_CONTEXT() REPRESENTATION_CONTEXT('2D SPACE',''
  ) );
#4736 = ORIENTED_EDGE('',*,*,#4737,.T.);
#4737 = EDGE_CURVE('',#4717,#4596,#4738,.T.);
#4738 = SURFACE_CURVE('',#4739,(#4752,#4768),.PCURVE_S1.);
#4739 = B_SPLINE_CURVE_WITH_KNOTS('',11,(#4740,#4741,#4742,#4743,#4744,
    #4745,#4746,#4747,#4748,#4749,#4750,#4751),.UNSPECIFIED.,.F.,.F.,(12
    ,12),(1.,2.),.PIECEWISE_BEZIER_KNOTS.);
#4740 = CARTESIAN_POINT('',(-11.,-5.758315878539E-15,0.));
#4741 = CARTESIAN_POINT('',(-11.,6.217953578447,0.));
#4742 = CARTESIAN_POINT('',(-10.27916531717,12.435907296779,0.));
#4743 = CARTESIAN_POINT('',(-8.837496387459,18.561010542239,0.));
#4744 = CARTESIAN_POINT('',(-6.68844719976,24.500415041847,0.));
#4745 = CARTESIAN_POINT('',(-3.8589281639,30.163497785789,0.));
#4746 = CARTESIAN_POINT('',(-0.388873631163,35.464093639754,0.));
#4747 = CARTESIAN_POINT('',(3.669619822677,40.322623769761,0.));
#4748 = CARTESIAN_POINT('',(8.25355428808,44.668021684566,0.));
#4749 = CARTESIAN_POINT('',(13.290636568541,48.439374382249,0.));
#4750 = CARTESIAN_POINT('',(18.701151411809,51.5872117691,0.));
#4751 = CARTESIAN_POINT('',(24.4,54.074393200479,0.));
#4752 = PCURVE('',#1050,#4753);
#4753 = DEFINITIONAL_REPRESENTATION('',(#4754),#4767);
#4754 = B_SPLINE_CURVE_WITH_KNOTS('',11,(#4755,#4756,#4757,#4758,#4759,
    #4760,#4761,#4762,#4763,#4764,#4765,#4766),.UNSPECIFIED.,.F.,.F.,(12
    ,12),(1.,2.),.PIECEWISE_BEZIER_KNOTS.);
#4755 = CARTESIAN_POINT('',(-11.,-5.741293207466E-15));
#4756 = CARTESIAN_POINT('',(-11.,6.217953578447));
#4757 = CARTESIAN_POINT('',(-10.27916531717,12.435907296779));
#4758 = CARTESIAN_POINT('',(-8.837496387459,18.561010542239));
#4759 = CARTESIAN_POINT('',(-6.68844719976,24.500415041847));
#4760 = CARTESIAN_POINT('',(-3.8589281639,30.163497785789));
#4761 = CARTESIAN_POINT('',(-0.388873631163,35.464093639754));
#4762 = CARTESIAN_POINT('',(3.669619822677,40.322623769761));
#4763 = CARTESIAN_POINT('',(8.25355428808,44.668021684566));
#4764 = CARTESIAN_POINT('',(13.290636568541,48.439374382249));
#4765 = CARTESIAN_POINT('',(18.701151411809,51.5872117691));
#4766 = CARTESIAN_POINT('',(24.4,54.074393200479));
#4767 = ( GEOMETRIC_REPRESENTATION_CONTEXT(2) 
PARAMETRIC_REPRESENTATION_CONTEXT() REPRESENTATION_CONTEXT('2D SPACE',''
  ) );
#4768 = PCURVE('',#4769,#4866);
#4769 = ( BOUNDED_SURFACE() B_SPLINE_SURFACE(11,7,(
    (#4770,#4771,#4772,#4773,#4774,#4775,#4776,#4777)
    ,(#4778,#4779,#4780,#4781,#4782,#4783,#4784,#4785)
    ,(#4786,#4787,#4788,#4789,#4790,#4791,#4792,#4793)
    ,(#4794,#4795,#4796,#4797,#4798,#4799,#4800,#4801)
    ,(#4802,#4803,#4804,#4805,#4806,#4807,#4808,#4809)
    ,(#4810,#4811,#4812,#4813,#4814,#4815,#4816,#4817)
    ,(#4818,#4819,#4820,#4821,#4822,#4823,#4824,#4825)
    ,(#4826,#4827,#4828,#4829,#4830,#4831,#4832,#4833)
    ,(#4834,#4835,#4836,#4837,#4838,#4839,#4840,#4841)
    ,(#4842,#4843,#4844,#4845,#4846,#4847,#4848,#4849)
    ,(#4850,#4851,#4852,#4853,#4854,#4855,#4856,#4857)
    ,(#4858,#4859,#4860,#4861,#4862,#4863,#4864,#4865
)),.UNSPECIFIED.,.F.,.F.,.F.) B_SPLINE_SURFACE_WITH_KNOTS((12,12),(8,8),
  (1.,2.),(0.,1.),.PIECEWISE_BEZIER_KNOTS.) 
GEOMETRIC_REPRESENTATION_ITEM() RATIONAL_B_SPLINE_SURFACE((
    (1.,1.,1.,1.,1.,1.,1.,1.)
    ,(1.,1.,1.,1.,1.,1.,1.,1.)
    ,(1.,1.,1.,1.,1.,1.,1.,1.)
    ,(1.,1.,1.,1.,1.,1.,1.,1.)
    ,(1.,1.,1.,1.,1.,1.,1.,1.)
    ,(1.,1.,1.,1.,1.,1.,1.,1.)
    ,(1.,1.,1.,1.,1.,1.,1.,1.)
    ,(1.,1.,1.,1.,1.,1.,1.,1.)
    ,(1.,1.,1.,1.,1.,1.,1.,1.)
    ,(1.,1.,1.,1.,1.,1.,1.,1.)
    ,(1.,1.,1.,1.,1.,1.,1.,1.)
,(1.,1.,1.,1.,1.,1.,1.,1.))) REPRESENTATION_ITEM('') SURFACE() );
#4770 = CARTESIAN_POINT('',(-11.,-5.758315878539E-15,0.));
#4771 = CARTESIAN_POINT('',(-11.00000026043,-1.645596284175,
    10.000000000003));
#4772 = CARTESIAN_POINT('',(-10.71278812934,-3.291191728462,
    19.99999999999));
#4773 = CARTESIAN_POINT('',(-10.13837104036,-4.87663667746,
    30.000000000016));
#4774 = CARTESIAN_POINT('',(-9.292476767883,-6.341768535215,
    39.999999999985));
#4775 = CARTESIAN_POINT('',(-8.206649710249,-7.631950801142,
    50.000000000008));
#4776 = CARTESIAN_POINT('',(-6.925128316686,-8.703481525085,
    59.999999999998));
#4777 = CARTESIAN_POINT('',(-5.5,-9.526279441629,70.));
#4778 = CARTESIAN_POINT('',(-11.,6.217953578447,0.));
#4779 = CARTESIAN_POINT('',(-11.93020401533,4.572357441489,
    9.999999999998));
#4780 = CARTESIAN_POINT('',(-12.57319516438,2.764410024627,
    20.000000000007));
#4781 = CARTESIAN_POINT('',(-12.89498017484,0.854265185274,
    29.999999999985));
#4782 = CARTESIAN_POINT('',(-12.87727880036,-1.089024065081,
    40.000000000018));
#4783 = CARTESIAN_POINT('',(-12.5207511461,-2.992990170876,
    49.999999999988));
#4784 = CARTESIAN_POINT('',(-11.84493232522,-4.788924579819,
    60.000000000004));
#4785 = CARTESIAN_POINT('',(-10.88490575848,-6.417302652405,70.));
#4786 = CARTESIAN_POINT('',(-10.27916531717,12.435907296779,0.));
#4787 = CARTESIAN_POINT('',(-12.13957309126,10.89814793209,
    10.000000000001));
#4788 = CARTESIAN_POINT('',(-13.73158867459,9.035685109007,
    19.999999999998));
#4789 = CARTESIAN_POINT('',(-14.98721760105,6.904735254456,
    30.000000000001));
#4790 = CARTESIAN_POINT('',(-15.85314095498,4.579299315093,
    40.000000000001));
#4791 = CARTESIAN_POINT('',(-16.29706742984,2.14609554876,
    49.999999999998));
#4792 = CARTESIAN_POINT('',(-16.31092983773,-0.304024696978,
    60.000000000001));
#4793 = CARTESIAN_POINT('',(-15.9093942967,-2.684064645985,70.));
#4794 = CARTESIAN_POINT('',(-8.837496387459,18.561010542239,0.));
#4795 = CARTESIAN_POINT('',(-11.61421750386,17.238924507453,
    9.999999999999));
#4796 = CARTESIAN_POINT('',(-14.16018825102,15.432207126796,
    20.000000000003));
#4797 = CARTESIAN_POINT('',(-16.37392020226,13.189195703761,
    29.999999999993));
#4798 = CARTESIAN_POINT('',(-18.16653295503,10.584763884736,
    40.000000000009));
#4799 = CARTESIAN_POINT('',(-19.47117785865,7.716034014007,
    49.999999999994));
#4800 = CARTESIAN_POINT('',(-20.24965534751,4.69276301419,
    60.000000000002));
#4801 = CARTESIAN_POINT('',(-20.49305484321,1.627008893727,70.));
#4802 = CARTESIAN_POINT('',(-6.68844719976,24.500415041847,0.));
#4803 = CARTESIAN_POINT('',(-10.35370117207,23.499826180207,
    10.000000000002));
#4804 = CARTESIAN_POINT('',(-13.84431646319,21.859526665835,
    19.999999999995));
#4805 = CARTESIAN_POINT('',(-17.02632563644,19.616106491592,
    30.000000000007));
#4806 = CARTESIAN_POINT('',(-19.77529103903,16.841177598095,
    39.999999999995));
#4807 = CARTESIAN_POINT('',(-21.98870049824,13.638220367229,
    50.000000000002));
#4808 = CARTESIAN_POINT('',(-23.59611497921,10.132340122021,60.));
#4809 = CARTESIAN_POINT('',(-24.56220542938,6.45784233406,70.));
#4810 = CARTESIAN_POINT('',(-3.8589281639,30.163497785789,0.));
#4811 = CARTESIAN_POINT('',(-8.371377334716,29.586204150175,
    10.000000000004));
#4812 = CARTESIAN_POINT('',(-12.78306674913,28.221335324125,
    19.999999999986));
#4813 = CARTESIAN_POINT('',(-16.92906046965,26.090012891605,
    30.000000000023));
#4814 = CARTESIAN_POINT('',(-20.64990195292,23.256470291203,
    39.999999999976));
#4815 = CARTESIAN_POINT('',(-23.80683661722,19.826373679248,
    50.000000000015));
#4816 = CARTESIAN_POINT('',(-26.29554712822,15.936362060504,
    59.999999999996));
#4817 = CARTESIAN_POINT('',(-28.05181943143,11.739819071578,70.));
#4818 = CARTESIAN_POINT('',(-0.388873631163,35.464093639754,0.));
#4819 = CARTESIAN_POINT('',(-5.694290069025,35.405919115543,
    10.000000000003));
#4820 = CARTESIAN_POINT('',(-10.98955022402,34.421769425779,
    19.99999999999));
#4821 = CARTESIAN_POINT('',(-16.08073135791,32.513794956128,
    30.000000000016));
#4822 = CARTESIAN_POINT('',(-20.77442475979,29.734829062111,
    39.999999999985));
#4823 = CARTESIAN_POINT('',(-24.89559704892,26.188502670182,
    50.000000000008));
#4824 = CARTESIAN_POINT('',(-28.3049166902,22.018985875077,
    59.999999999998));
#4825 = CARTESIAN_POINT('',(-30.90724282979,17.395272376428,70.));
#4826 = CARTESIAN_POINT('',(3.669619822677,40.322623769761,0.));
#4827 = CARTESIAN_POINT('',(-2.362630985319,40.871598610304,10.));
#4828 = CARTESIAN_POINT('',(-8.490693285955,40.367740697429,
    20.000000000003));
#4829 = CARTESIAN_POINT('',(-14.49407442431,38.79101124712,
    29.999999999993));
#4830 = CARTESIAN_POINT('',(-20.14698997558,36.17899310258,
    40.000000000009));
#4831 = CARTESIAN_POINT('',(-25.23863602991,32.629091511099,
    49.999999999994));
#4832 = CARTESIAN_POINT('',(-29.59405662524,28.288892000163,
    60.000000000002));
#4833 = CARTESIAN_POINT('',(-33.08560662051,23.339295873549,70.));
#4834 = CARTESIAN_POINT('',(8.25355428808,44.668021684566,0.));
#4835 = CARTESIAN_POINT('',(1.571233528444,45.902751675545,
    10.000000000002));
#4836 = CARTESIAN_POINT('',(-5.326585917541,45.97118927885,
    19.999999999994));
#4837 = CARTESIAN_POINT('',(-12.19564700744,44.828233003384,
    30.000000000009));
#4838 = CARTESIAN_POINT('',(-18.77984481593,42.492607696328,
    39.999999999992));
#4839 = CARTESIAN_POINT('',(-24.83364681581,39.051411588714,
    50.000000000004));
#4840 = CARTESIAN_POINT('',(-30.1463980891,34.651494461892,
    59.999999999999));
#4841 = CARTESIAN_POINT('',(-34.55686437158,29.481798527274,70.));
#4842 = CARTESIAN_POINT('',(13.290636568541,48.439374382249,0.));
#4843 = CARTESIAN_POINT('',(6.044122838561,50.427650270145,
    10.000000000003));
#4844 = CARTESIAN_POINT('',(-1.549408603275,51.151162546858,
    19.999999999991));
#4845 = CARTESIAN_POINT('',(-9.225074986452,50.537268746102,
    30.000000000014));
#4846 = CARTESIAN_POINT('',(-16.69894261632,48.582536536492,
    39.999999999986));
#4847 = CARTESIAN_POINT('',(-23.69230212536,45.359860195051,
    50.000000000008));
#4848 = CARTESIAN_POINT('',(-29.95925785227,41.011244818909,
    59.999999999998));
#4849 = CARTESIAN_POINT('',(-35.30441047418,35.729716091947,70.));
#4850 = CARTESIAN_POINT('',(18.701151411809,51.5872117691,0.));
#4851 = CARTESIAN_POINT('',(10.983722400203,54.384898924397,
    10.000000000002));
#4852 = CARTESIAN_POINT('',(2.778006198218,55.835631336828,
    19.999999999995));
#4853 = CARTESIAN_POINT('',(-5.633897918716,55.83718315806,
    30.000000000006));
#4854 = CARTESIAN_POINT('',(-13.94310376273,54.361030952718,
    39.999999999996));
#4855 = CARTESIAN_POINT('',(-21.83975121587,51.462222183372,
    50.000000000002));
#4856 = CARTESIAN_POINT('',(-29.04367921514,47.273926073777,60.));
#4857 = CARTESIAN_POINT('',(-35.32526019654,41.989278087196,70.));
#4858 = CARTESIAN_POINT('',(24.4,54.074393200479,0.));
#4859 = CARTESIAN_POINT('',(16.310489621361,57.724626238379,
    10.000000000003));
#4860 = CARTESIAN_POINT('',(7.583894066615,59.962963250329,
    19.99999999999));
#4861 = CARTESIAN_POINT('',(-1.484083255247,60.656017907242,
    30.000000000016));
#4862 = CARTESIAN_POINT('',(-10.56280474759,59.747654073772,
    39.999999999985));
#4863 = CARTESIAN_POINT('',(-19.3137141434,57.271745712619,
    50.000000000008));
#4864 = CARTESIAN_POINT('',(-27.42385011577,53.348823706564,
    59.999999999998));
#4865 = CARTESIAN_POINT('',(-34.62979820584,48.16821645258,70.));
#4866 = DEFINITIONAL_REPRESENTATION('',(#4867),#4871);
#4867 = LINE('',#4868,#4869);
#4868 = CARTESIAN_POINT('',(0.,0.));
#4869 = VECTOR('',#4870,1.);
#4870 = DIRECTION('',(1.,0.));
#4871 = ( GEOMETRIC_REPRESENTATION_CONTEXT(2) 
PARAMETRIC_REPRESENTATION_CONTEXT() REPRESENTATION_CONTEXT('2D SPACE',''
  ) );
#4872 = ORIENTED_EDGE('',*,*,#4618,.T.);
#4873 = ORIENTED_EDGE('',*,*,#4874,.T.);
#4874 = EDGE_CURVE('',#4619,#4875,#4877,.T.);
#4875 = VERTEX_POINT('',#4876);
#4876 = CARTESIAN_POINT('',(-12.9815545868,1.499999999998,0.));
#4877 = SURFACE_CURVE('',#4878,(#4891,#4907),.PCURVE_S1.);
#4878 = B_SPLINE_CURVE_WITH_KNOTS('',11,(#4879,#4880,#4881,#4882,#4883,
    #4884,#4885,#4886,#4887,#4888,#4889,#4890),.UNSPECIFIED.,.F.,.F.,(12
    ,12),(3.,4.),.PIECEWISE_BEZIER_KNOTS.);
#4879 = CARTESIAN_POINT('',(23.6,55.907423478461,0.));
#4880 = CARTESIAN_POINT('',(17.707970103735,53.335930812121,0.));
#4881 = CARTESIAN_POINT('',(12.114047977644,50.081387073173,0.));
#4882 = CARTESIAN_POINT('',(6.906217145303,46.182191911162,0.));
#4883 = CARTESIAN_POINT('',(2.166895070903,41.689492372125,0.));
#4884 = CARTESIAN_POINT('',(-2.029174432219,36.666266305508,0.));
#4885 = CARTESIAN_POINT('',(-5.616857932168,31.185989236155,0.));
#4886 = CARTESIAN_POINT('',(-8.542292867548,25.330937585638,0.));
#4887 = CARTESIAN_POINT('',(-10.76419118025,19.190197340281,0.));
#4888 = CARTESIAN_POINT('',(-12.25473024318,12.857463476331,0.));
#4889 = CARTESIAN_POINT('',(-13.,6.428731665852,0.));
#4890 = CARTESIAN_POINT('',(-13.,-1.960672839909E-15,0.));
#4891 = PCURVE('',#1050,#4892);
#4892 = DEFINITIONAL_REPRESENTATION('',(#4893),#4906);
#4893 = B_SPLINE_CURVE_WITH_KNOTS('',11,(#4894,#4895,#4896,#4897,#4898,
    #4899,#4900,#4901,#4902,#4903,#4904,#4905),.UNSPECIFIED.,.F.,.F.,(12
    ,12),(3.,4.),.PIECEWISE_BEZIER_KNOTS.);
#4894 = CARTESIAN_POINT('',(23.6,55.907423478461));
#4895 = CARTESIAN_POINT('',(17.707970103735,53.335930812121));
#4896 = CARTESIAN_POINT('',(12.114047977644,50.081387073173));
#4897 = CARTESIAN_POINT('',(6.906217145303,46.182191911162));
#4898 = CARTESIAN_POINT('',(2.166895070903,41.689492372125));
#4899 = CARTESIAN_POINT('',(-2.029174432219,36.666266305508));
#4900 = CARTESIAN_POINT('',(-5.616857932168,31.185989236155));
#4901 = CARTESIAN_POINT('',(-8.542292867548,25.330937585638));
#4902 = CARTESIAN_POINT('',(-10.76419118025,19.190197340281));
#4903 = CARTESIAN_POINT('',(-12.25473024318,12.857463476331));
#4904 = CARTESIAN_POINT('',(-13.,6.428731665852));
#4905 = CARTESIAN_POINT('',(-13.,-1.943650168836E-15));
#4906 = ( GEOMETRIC_REPRESENTATION_CONTEXT(2) 
PARAMETRIC_REPRESENTATION_CONTEXT() REPRESENTATION_CONTEXT('2D SPACE',''
  ) );
#4907 = PCURVE('',#4908,#5005);
#4908 = ( BOUNDED_SURFACE() B_SPLINE_SURFACE(11,7,(
    (#4909,#4910,#4911,#4912,#4913,#4914,#4915,#4916)
    ,(#4917,#4918,#4919,#4920,#4921,#4922,#4923,#4924)
    ,(#4925,#4926,#4927,#4928,#4929,#4930,#4931,#4932)
    ,(#4933,#4934,#4935,#4936,#4937,#4938,#4939,#4940)
    ,(#4941,#4942,#4943,#4944,#4945,#4946,#4947,#4948)
    ,(#4949,#4950,#4951,#4952,#4953,#4954,#4955,#4956)
    ,(#4957,#4958,#4959,#4960,#4961,#4962,#4963,#4964)
    ,(#4965,#4966,#4967,#4968,#4969,#4970,#4971,#4972)
    ,(#4973,#4974,#4975,#4976,#4977,#4978,#4979,#4980)
    ,(#4981,#4982,#4983,#4984,#4985,#4986,#4987,#4988)
    ,(#4989,#4990,#4991,#4992,#4993,#4994,#4995,#4996)
    ,(#4997,#4998,#4999,#5000,#5001,#5002,#5003,#5004
)),.UNSPECIFIED.,.F.,.F.,.F.) B_SPLINE_SURFACE_WITH_KNOTS((12,12),(8,8),
  (3.,4.),(0.,1.),.PIECEWISE_BEZIER_KNOTS.) 
GEOMETRIC_REPRESENTATION_ITEM() RATIONAL_B_SPLINE_SURFACE((
    (1.,1.,1.,1.,1.,1.,1.,1.)
    ,(1.,1.,1.,1.,1.,1.,1.,1.)
    ,(1.,1.,1.,1.,1.,1.,1.,1.)
    ,(1.,1.,1.,1.,1.,1.,1.,1.)
    ,(1.,1.,1.,1.,1.,1.,1.,1.)
    ,(1.,1.,1.,1.,1.,1.,1.,1.)
    ,(1.,1.,1.,1.,1.,1.,1.,1.)
    ,(1.,1.,1.,1.,1.,1.,1.,1.)
    ,(1.,1.,1.,1.,1.,1.,1.,1.)
    ,(1.,1.,1.,1.,1.,1.,1.,1.)
    ,(1.,1.,1.,1.,1.,1.,1.,1.)
,(1.,1.,1.,1.,1.,1.,1.,1.))) REPRESENTATION_ITEM('') SURFACE() );
#4909 = CARTESIAN_POINT('',(23.6,55.907423478461,0.));
#4910 = CARTESIAN_POINT('',(15.236268892037,59.43797682998,
    10.000000000003));
#4911 = CARTESIAN_POINT('',(6.256340921849,61.508773397672,
    19.99999999999));
#4912 = CARTESIAN_POINT('',(-3.034057756769,61.99080261115,
    30.000000000016));
#4913 = CARTESIAN_POINT('',(-12.29540794353,60.834924659796,
    39.999999999985));
#4914 = CARTESIAN_POINT('',(-21.18234293128,58.084243599701,
    50.000000000008));
#4915 = CARTESIAN_POINT('',(-29.37783628056,53.869840494163,
    59.999999999998));
#4916 = CARTESIAN_POINT('',(-36.61724899248,48.391911268543,70.));
#4917 = CARTESIAN_POINT('',(17.707970103735,53.335930812121,0.));
#4918 = CARTESIAN_POINT('',(9.728933290501,55.98503842061,9.999999999997
    ));
#4919 = CARTESIAN_POINT('',(1.287541600286,57.241531927773,
    20.000000000013));
#4920 = CARTESIAN_POINT('',(-7.324544103744,57.008617531502,
    29.999999999975));
#4921 = CARTESIAN_POINT('',(-15.79029336597,55.26570414479,
    40.000000000027));
#4922 = CARTESIAN_POINT('',(-23.79400837909,52.077787069473,
    49.999999999983));
#4923 = CARTESIAN_POINT('',(-31.05257484092,47.589014128058,
    60.000000000005));
#4924 = CARTESIAN_POINT('',(-37.33628596591,42.00351736535,70.));
#4925 = CARTESIAN_POINT('',(12.114047977644,50.081387073173,0.));
#4926 = CARTESIAN_POINT('',(4.621889675922,51.893645744198,
    10.000000000001));
#4927 = CARTESIAN_POINT('',(-3.186565228377,52.398267585545,
    19.999999999996));
#4928 = CARTESIAN_POINT('',(-11.03745598733,51.529045003977,
    30.000000000006));
#4929 = CARTESIAN_POINT('',(-18.63955048578,49.291328561824,
    39.999999999993));
#4930 = CARTESIAN_POINT('',(-25.7093576245,45.768565352788,
    50.000000000004));
#4931 = CARTESIAN_POINT('',(-31.99919004203,41.114038593348,
    59.999999999999));
#4932 = CARTESIAN_POINT('',(-37.3147294733,35.53176682789,70.));
#4933 = CARTESIAN_POINT('',(6.906217145303,46.182191911162,0.));
#4934 = CARTESIAN_POINT('',(-2.623000643584E-03,47.21536075657,
    9.999999999996));
#4935 = CARTESIAN_POINT('',(-7.091782451587,47.04270200333,
    20.000000000015));
#4936 = CARTESIAN_POINT('',(-14.108725365,45.626482625978,
    29.999999999972));
#4937 = CARTESIAN_POINT('',(-20.79099174298,42.994961455826,
    40.000000000032));
#4938 = CARTESIAN_POINT('',(-26.88939196549,39.246271031018,
    49.99999999998));
#4939 = CARTESIAN_POINT('',(-32.19267401569,34.538703478456,
    60.000000000006));
#4940 = CARTESIAN_POINT('',(-36.54184282486,29.072055447465,70.));
#4941 = CARTESIAN_POINT('',(2.166895070903,41.689492372125,0.));
#4942 = CARTESIAN_POINT('',(-4.069838853853,42.013660129784,
    9.999999999995));
#4943 = CARTESIAN_POINT('',(-10.3631476969,41.249306012411,
    20.000000000018));
#4944 = CARTESIAN_POINT('',(-16.48506557563,39.384609284684,
    29.999999999966));
#4945 = CARTESIAN_POINT('',(-22.20448080637,36.467326028465,
    40.000000000037));
#4946 = CARTESIAN_POINT('',(-27.30810962751,32.606245188017,
    49.999999999976));
#4947 = CARTESIAN_POINT('',(-31.62160911238,27.960419577359,
    60.000000000007));
#4948 = CARTESIAN_POINT('',(-35.02071192968,22.7213323648,70.));
#4949 = CARTESIAN_POINT('',(-2.029174432219,36.666266305508,0.));
#4950 = CARTESIAN_POINT('',(-7.514435533611,36.362703364021,
    10.000000000007));
#4951 = CARTESIAN_POINT('',(-12.94671164985,35.101776392547,
    19.999999999974));
#4952 = CARTESIAN_POINT('',(-18.12550748999,32.894606000813,
    30.000000000044));
#4953 = CARTESIAN_POINT('',(-22.85318456635,29.804715749297,
    39.999999999956));
#4954 = CARTESIAN_POINT('',(-26.95344220646,25.947331301671,
    50.000000000027));
#4955 = CARTESIAN_POINT('',(-30.28876951854,21.477974261584,
    59.999999999992));
#4956 = CARTESIAN_POINT('',(-32.7685052986,16.575816545743,70.));
#4957 = CARTESIAN_POINT('',(-5.616857932168,31.185989236155,0.));
#4958 = CARTESIAN_POINT('',(-10.28227152018,30.345709925249,
    9.999999999999));
#4959 = CARTESIAN_POINT('',(-14.80102534527,28.69115808406,
    20.000000000004));
#4960 = CARTESIAN_POINT('',(-19.00259352082,26.253068612067,
    29.999999999991));
#4961 = CARTESIAN_POINT('',(-22.72444064734,23.106751596326,
    40.00000000001));
#4962 = CARTESIAN_POINT('',(-25.82777464151,19.369536921212,
    49.999999999994));
#4963 = CARTESIAN_POINT('',(-28.21128573411,15.189159809229,
    60.000000000002));
#4964 = CARTESIAN_POINT('',(-29.81628788674,10.728652959372,70.));
#4965 = CARTESIAN_POINT('',(-8.542292867548,25.330937585638,0.));
#4966 = CARTESIAN_POINT('',(-12.33179277575,24.053014057996,
    10.000000000005));
#4967 = CARTESIAN_POINT('',(-15.8982496259,22.113694894974,
    19.999999999985));
#4968 = CARTESIAN_POINT('',(-19.10315581193,19.559707757828,
    30.000000000022));
#4969 = CARTESIAN_POINT('',(-21.82018190584,16.473991354289,
    39.999999999982));
#4970 = CARTESIAN_POINT('',(-23.94800678969,12.971615700316,
    50.000000000009));
#4971 = CARTESIAN_POINT('',(-25.42034741056,9.188391364356,
    59.999999999998));
#4972 = CARTESIAN_POINT('',(-26.20838188461,5.267626162956,70.));
#4973 = CARTESIAN_POINT('',(-10.76419118025,19.190197340281,0.));
#4974 = CARTESIAN_POINT('',(-13.63503847471,17.579878430233,
    10.000000000001));
#4975 = CARTESIAN_POINT('',(-16.22482893197,15.468500117323,
    19.999999999998));
#4976 = CARTESIAN_POINT('',(-18.42863493927,12.914935587359,
    30.000000000002));
#4977 = CARTESIAN_POINT('',(-20.15688964953,10.005495820136,
    40.000000000001));
#4978 = CARTESIAN_POINT('',(-21.3451443996,6.848677267324,
    49.999999999998));
#4979 = CARTESIAN_POINT('',(-21.96044846931,3.564421812191,
    60.000000000001));
#4980 = CARTESIAN_POINT('',(-22.00129399044,0.273035656848,70.));
#4981 = CARTESIAN_POINT('',(-12.25473024318,12.857463476331,0.));
#4982 = CARTESIAN_POINT('',(-14.1782027261,11.024160276041,
    10.000000000005));
#4983 = CARTESIAN_POINT('',(-15.78170055635,8.855146844707,
    19.999999999984));
#4984 = CARTESIAN_POINT('',(-16.99492547023,6.417442580426,
    30.000000000028));
#4985 = CARTESIAN_POINT('',(-17.76507758167,3.79645618036,39.99999999997
    ));
#4986 = CARTESIAN_POINT('',(-18.0634370071,1.089927328668,
    50.000000000019));
#4987 = CARTESIAN_POINT('',(-17.88820684055,-1.601748533251,
    59.999999999994));
#4988 = CARTESIAN_POINT('',(-17.26225512032,-4.184175968956,70.));
#4989 = CARTESIAN_POINT('',(-13.,6.428731665852,0.));
#4990 = CARTESIAN_POINT('',(-13.96173639335,4.48393620949,9.999999999999
    ));
#4991 = CARTESIAN_POINT('',(-14.58403946951,2.371286164237,
    20.000000000004));
#4992 = CARTESIAN_POINT('',(-14.83176474144,0.161871830951,
    29.99999999999));
#4993 = CARTESIAN_POINT('',(-14.68833874385,-2.064013755091,
    40.000000000013));
#4994 = CARTESIAN_POINT('',(-14.15911000188,-4.223364686541,
    49.999999999991));
#4995 = CARTESIAN_POINT('',(-13.27081958185,-6.238678920596,
    60.000000000003));
#4996 = CARTESIAN_POINT('',(-12.06744493674,-8.043964416272,70.));
#4997 = CARTESIAN_POINT('',(-13.,-1.960672839909E-15,0.));
#4998 = CARTESIAN_POINT('',(-13.00000030778,-1.94479560857,
    10.000000000003));
#4999 = CARTESIAN_POINT('',(-12.66056778922,-3.889590224548,
    19.99999999999));
#5000 = CARTESIAN_POINT('',(-11.98171122951,-5.763297891541,
    30.000000000016));
#5001 = CARTESIAN_POINT('',(-10.98201799841,-7.494817359802,
    39.999999999985));
#5002 = CARTESIAN_POINT('',(-9.698767839382,-9.019578219529,
    50.000000000008));
#5003 = CARTESIAN_POINT('',(-8.184242556084,-10.28593271146,
    59.999999999998));
#5004 = CARTESIAN_POINT('',(-6.5,-11.25833024919,70.));
#5005 = DEFINITIONAL_REPRESENTATION('',(#5006),#5010);
#5006 = LINE('',#5007,#5008);
#5007 = CARTESIAN_POINT('',(0.,0.));
#5008 = VECTOR('',#5009,1.);
#5009 = DIRECTION('',(1.,0.));
#5010 = ( GEOMETRIC_REPRESENTATION_CONTEXT(2) 
PARAMETRIC_REPRESENTATION_CONTEXT() REPRESENTATION_CONTEXT('2D SPACE',''
  ) );
#5011 = ORIENTED_EDGE('',*,*,#5012,.T.);
#5012 = EDGE_CURVE('',#4875,#5013,#5015,.T.);
#5013 = VERTEX_POINT('',#5014);
#5014 = CARTESIAN_POINT('',(-13.91941090707,1.5,0.));
#5015 = SURFACE_CURVE('',#5016,(#5019,#5025),.PCURVE_S1.);
#5016 = B_SPLINE_CURVE_WITH_KNOTS('',1,(#5017,#5018),.UNSPECIFIED.,.F.,
  .F.,(2,2),(0.,1.),.PIECEWISE_BEZIER_KNOTS.);
#5017 = CARTESIAN_POINT('',(-4.,1.5,0.));
#5018 = CARTESIAN_POINT('',(-14.,1.5,0.));
#5019 = PCURVE('',#1050,#5020);
#5020 = DEFINITIONAL_REPRESENTATION('',(#5021),#5024);
#5021 = B_SPLINE_CURVE_WITH_KNOTS('',1,(#5022,#5023),.UNSPECIFIED.,.F.,
  .F.,(2,2),(0.,1.),.PIECEWISE_BEZIER_KNOTS.);
#5022 = CARTESIAN_POINT('',(-4.,1.5));
#5023 = CARTESIAN_POINT('',(-14.,1.5));
#5024 = ( GEOMETRIC_REPRESENTATION_CONTEXT(2) 
PARAMETRIC_REPRESENTATION_CONTEXT() REPRESENTATION_CONTEXT('2D SPACE',''
  ) );
#5025 = PCURVE('',#5026,#5041);
#5026 = ( BOUNDED_SURFACE() B_SPLINE_SURFACE(1,6,(
    (#5027,#5028,#5029,#5030,#5031,#5032,#5033)
    ,(#5034,#5035,#5036,#5037,#5038,#5039,#5040
)),.UNSPECIFIED.,.F.,.F.,.F.) B_SPLINE_SURFACE_WITH_KNOTS((2,2),(7,7),(
    0.,1.),(0.,1.),.PIECEWISE_BEZIER_KNOTS.) 
GEOMETRIC_REPRESENTATION_ITEM() RATIONAL_B_SPLINE_SURFACE((
    (1.,1.,1.,1.,1.,1.,1.)
,(1.,1.,1.,1.,1.,1.,1.))) REPRESENTATION_ITEM('') SURFACE() );
#5027 = CARTESIAN_POINT('',(-4.,1.5,0.));
#5028 = CARTESIAN_POINT('',(-4.26179912478,0.801865912498,
    11.666666666667));
#5029 = CARTESIAN_POINT('',(-4.377383435658,4.891621014489E-02,
    23.333333333333));
#5030 = CARTESIAN_POINT('',(-4.332392492286,-0.720638068488,
    35.000000000001));
#5031 = CARTESIAN_POINT('',(-4.125842444428,-1.463319056852,
    46.666666666666));
#5032 = CARTESIAN_POINT('',(-3.772738723617,-2.138308500877,
    58.333333333333));
#5033 = CARTESIAN_POINT('',(-3.299038105677,-2.714101615138,70.));
#5034 = CARTESIAN_POINT('',(-14.,1.5,0.));
#5035 = CARTESIAN_POINT('',(-14.26179658662,-0.943468354449,
    11.666666666667));
#5036 = CARTESIAN_POINT('',(-14.01185360434,-3.441719577749,
    23.333333333333));
#5037 = CARTESIAN_POINT('',(-13.23574200813,-5.86098930815,
    35.000000000001));
#5038 = CARTESIAN_POINT('',(-11.96605679644,-8.061697080988,
    46.666666666666));
#5039 = CARTESIAN_POINT('',(-10.28424126781,-9.925893207141,
    58.333333333333));
#5040 = CARTESIAN_POINT('',(-8.299038105677,-11.37435565298,70.));
#5041 = DEFINITIONAL_REPRESENTATION('',(#5042),#5046);
#5042 = LINE('',#5043,#5044);
#5043 = CARTESIAN_POINT('',(0.,0.));
#5044 = VECTOR('',#5045,1.);
#5045 = DIRECTION('',(1.,0.));
#5046 = ( GEOMETRIC_REPRESENTATION_CONTEXT(2) 
PARAMETRIC_REPRESENTATION_CONTEXT() REPRESENTATION_CONTEXT('2D SPACE',''
  ) );
#5047 = ORIENTED_EDGE('',*,*,#5048,.T.);
#5048 = EDGE_CURVE('',#5013,#5049,#5051,.T.);
#5049 = VERTEX_POINT('',#5050);
#5050 = CARTESIAN_POINT('',(-14.,-1.744135506966E-08,0.));
#5051 = SURFACE_CURVE('',#5052,(#5057,#5064),.PCURVE_S1.);
#5052 = CIRCLE('',#5053,14.);
#5053 = AXIS2_PLACEMENT_3D('',#5054,#5055,#5056);
#5054 = CARTESIAN_POINT('',(6.157774285068E-14,5.276109386373E-14,0.));
#5055 = DIRECTION('',(0.,-0.,1.));
#5056 = DIRECTION('',(0.766044443119,0.642787609687,0.));
#5057 = PCURVE('',#1050,#5058);
#5058 = DEFINITIONAL_REPRESENTATION('',(#5059),#5063);
#5059 = CIRCLE('',#5060,14.);
#5060 = AXIS2_PLACEMENT_2D('',#5061,#5062);
#5061 = CARTESIAN_POINT('',(6.203355622819E-14,5.27781165348E-14));
#5062 = DIRECTION('',(0.766044443119,0.642787609687));
#5063 = ( GEOMETRIC_REPRESENTATION_CONTEXT(2) 
PARAMETRIC_REPRESENTATION_CONTEXT() REPRESENTATION_CONTEXT('2D SPACE',''
  ) );
#5064 = PCURVE('',#4051,#5065);
#5065 = DEFINITIONAL_REPRESENTATION('',(#5066),#5070);
#5066 = LINE('',#5067,#5068);
#5067 = CARTESIAN_POINT('',(-0.,-10.45));
#5068 = VECTOR('',#5069,1.);
#5069 = DIRECTION('',(-1.,0.));
#5070 = ( GEOMETRIC_REPRESENTATION_CONTEXT(2) 
PARAMETRIC_REPRESENTATION_CONTEXT() REPRESENTATION_CONTEXT('2D SPACE',''
  ) );
#5071 = ORIENTED_EDGE('',*,*,#5072,.T.);
#5072 = EDGE_CURVE('',#5049,#5073,#5075,.T.);
#5073 = VERTEX_POINT('',#5074);
#5074 = CARTESIAN_POINT('',(-13.91941090707,-1.5,0.));
#5075 = SURFACE_CURVE('',#5076,(#5081,#5088),.PCURVE_S1.);
#5076 = CIRCLE('',#5077,14.);
#5077 = AXIS2_PLACEMENT_3D('',#5078,#5079,#5080);
#5078 = CARTESIAN_POINT('',(6.157774285068E-14,5.276109386373E-14,0.));
#5079 = DIRECTION('',(0.,-0.,1.));
#5080 = DIRECTION('',(0.766044443119,0.642787609687,0.));
#5081 = PCURVE('',#1050,#5082);
#5082 = DEFINITIONAL_REPRESENTATION('',(#5083),#5087);
#5083 = CIRCLE('',#5084,14.);
#5084 = AXIS2_PLACEMENT_2D('',#5085,#5086);
#5085 = CARTESIAN_POINT('',(6.203355622819E-14,5.27781165348E-14));
#5086 = DIRECTION('',(0.766044443119,0.642787609687));
#5087 = ( GEOMETRIC_REPRESENTATION_CONTEXT(2) 
PARAMETRIC_REPRESENTATION_CONTEXT() REPRESENTATION_CONTEXT('2D SPACE',''
  ) );
#5088 = PCURVE('',#4051,#5089);
#5089 = DEFINITIONAL_REPRESENTATION('',(#5090),#5094);
#5090 = LINE('',#5091,#5092);
#5091 = CARTESIAN_POINT('',(-0.,-10.45));
#5092 = VECTOR('',#5093,1.);
#5093 = DIRECTION('',(-1.,0.));
#5094 = ( GEOMETRIC_REPRESENTATION_CONTEXT(2) 
PARAMETRIC_REPRESENTATION_CONTEXT() REPRESENTATION_CONTEXT('2D SPACE',''
  ) );
#5095 = ORIENTED_EDGE('',*,*,#5096,.T.);
#5096 = EDGE_CURVE('',#5073,#5097,#5099,.T.);
#5097 = VERTEX_POINT('',#5098);
#5098 = CARTESIAN_POINT('',(-13.04896516582,-1.499999999998,0.));
#5099 = SURFACE_CURVE('',#5100,(#5103,#5109),.PCURVE_S1.);
#5100 = B_SPLINE_CURVE_WITH_KNOTS('',1,(#5101,#5102),.UNSPECIFIED.,.F.,
  .F.,(2,2),(2.,3.),.PIECEWISE_BEZIER_KNOTS.);
#5101 = CARTESIAN_POINT('',(-14.,-1.5,0.));
#5102 = CARTESIAN_POINT('',(-4.,-1.5,0.));
#5103 = PCURVE('',#1050,#5104);
#5104 = DEFINITIONAL_REPRESENTATION('',(#5105),#5108);
#5105 = B_SPLINE_CURVE_WITH_KNOTS('',1,(#5106,#5107),.UNSPECIFIED.,.F.,
  .F.,(2,2),(2.,3.),.PIECEWISE_BEZIER_KNOTS.);
#5106 = CARTESIAN_POINT('',(-14.,-1.5));
#5107 = CARTESIAN_POINT('',(-4.,-1.5));
#5108 = ( GEOMETRIC_REPRESENTATION_CONTEXT(2) 
PARAMETRIC_REPRESENTATION_CONTEXT() REPRESENTATION_CONTEXT('2D SPACE',''
  ) );
#5109 = PCURVE('',#5110,#5125);
#5110 = ( BOUNDED_SURFACE() B_SPLINE_SURFACE(1,6,(
    (#5111,#5112,#5113,#5114,#5115,#5116,#5117)
    ,(#5118,#5119,#5120,#5121,#5122,#5123,#5124
)),.UNSPECIFIED.,.F.,.F.,.F.) B_SPLINE_SURFACE_WITH_KNOTS((2,2),(7,7),(
    2.,3.),(0.,1.),.PIECEWISE_BEZIER_KNOTS.) 
GEOMETRIC_REPRESENTATION_ITEM() RATIONAL_B_SPLINE_SURFACE((
    (1.,1.,1.,1.,1.,1.,1.)
,(1.,1.,1.,1.,1.,1.,1.))) REPRESENTATION_ITEM('') SURFACE() );
#5111 = CARTESIAN_POINT('',(-14.,-1.5,0.));
#5112 = CARTESIAN_POINT('',(-13.73819630654,-3.943467593002,
    11.666666666667));
#5113 = CARTESIAN_POINT('',(-12.96466286797,-6.332060628354,
    23.333333333333));
#5114 = CARTESIAN_POINT('',(-11.69363663623,-8.531994162904,
    35.000000000001));
#5115 = CARTESIAN_POINT('',(-9.986543389203,-10.41376138659,
    46.666666666666));
#5116 = CARTESIAN_POINT('',(-7.947965855932,-11.87934397039,
    58.333333333333));
#5117 = CARTESIAN_POINT('',(-5.700961894323,-12.87435565298,70.));
#5118 = CARTESIAN_POINT('',(-4.,-1.5,0.));
#5119 = CARTESIAN_POINT('',(-3.738198844696,-2.198133326055,
    11.666666666667));
#5120 = CARTESIAN_POINT('',(-3.330192699289,-2.84142484046,
    23.333333333333));
#5121 = CARTESIAN_POINT('',(-2.790287120388,-3.391642923241,
    35.000000000001));
#5122 = CARTESIAN_POINT('',(-2.146329037187,-3.815383362457,
    46.666666666666));
#5123 = CARTESIAN_POINT('',(-1.436463311738,-4.091759264135,
    58.333333333333));
#5124 = CARTESIAN_POINT('',(-0.700961894323,-4.214101615138,70.));
#5125 = DEFINITIONAL_REPRESENTATION('',(#5126),#5130);
#5126 = LINE('',#5127,#5128);
#5127 = CARTESIAN_POINT('',(0.,0.));
#5128 = VECTOR('',#5129,1.);
#5129 = DIRECTION('',(1.,0.));
#5130 = ( GEOMETRIC_REPRESENTATION_CONTEXT(2) 
PARAMETRIC_REPRESENTATION_CONTEXT() REPRESENTATION_CONTEXT('2D SPACE',''
  ) );
#5131 = ORIENTED_EDGE('',*,*,#5132,.T.);
#5132 = EDGE_CURVE('',#5097,#5133,#5135,.T.);
#5133 = VERTEX_POINT('',#5134);
#5134 = CARTESIAN_POINT('',(-13.3750000016,-4.136348021759,0.));
#5135 = SURFACE_CURVE('',#5136,(#5149,#5165),.PCURVE_S1.);
#5136 = B_SPLINE_CURVE_WITH_KNOTS('',11,(#5137,#5138,#5139,#5140,#5141,
    #5142,#5143,#5144,#5145,#5146,#5147,#5148),.UNSPECIFIED.,.F.,.F.,(12
    ,12),(4.,5.),.PIECEWISE_BEZIER_KNOTS.);
#5137 = CARTESIAN_POINT('',(-13.,-1.960672839909E-15,0.));
#5138 = CARTESIAN_POINT('',(-12.99999999999,-6.568784639323,0.));
#5139 = CARTESIAN_POINT('',(-15.06364459899,-13.13756876513,0.));
#5140 = CARTESIAN_POINT('',(-19.1909333116,-18.98600952216,0.));
#5141 = CARTESIAN_POINT('',(-25.09898906786,-23.39373503171,0.));
#5142 = CARTESIAN_POINT('',(-32.22204023106,-25.76743062366,0.));
#5143 = CARTESIAN_POINT('',(-39.77795976893,-25.76743062368,0.));
#5144 = CARTESIAN_POINT('',(-46.90101093214,-23.39373503169,0.));
#5145 = CARTESIAN_POINT('',(-52.80906668839,-18.98600952217,0.));
#5146 = CARTESIAN_POINT('',(-56.936355401,-13.13756876513,0.));
#5147 = CARTESIAN_POINT('',(-59.,-6.568784639324,0.));
#5148 = CARTESIAN_POINT('',(-59.,6.185085316331E-15,0.));
#5149 = PCURVE('',#1050,#5150);
#5150 = DEFINITIONAL_REPRESENTATION('',(#5151),#5164);
#5151 = B_SPLINE_CURVE_WITH_KNOTS('',11,(#5152,#5153,#5154,#5155,#5156,
    #5157,#5158,#5159,#5160,#5161,#5162,#5163),.UNSPECIFIED.,.F.,.F.,(12
    ,12),(4.,5.),.PIECEWISE_BEZIER_KNOTS.);
#5152 = CARTESIAN_POINT('',(-13.,-1.943650168836E-15));
#5153 = CARTESIAN_POINT('',(-12.99999999999,-6.568784639323));
#5154 = CARTESIAN_POINT('',(-15.06364459899,-13.13756876513));
#5155 = CARTESIAN_POINT('',(-19.1909333116,-18.98600952216));
#5156 = CARTESIAN_POINT('',(-25.09898906786,-23.39373503171));
#5157 = CARTESIAN_POINT('',(-32.22204023106,-25.76743062366));
#5158 = CARTESIAN_POINT('',(-39.77795976893,-25.76743062368));
#5159 = CARTESIAN_POINT('',(-46.90101093214,-23.39373503169));
#5160 = CARTESIAN_POINT('',(-52.80906668839,-18.98600952217));
#5161 = CARTESIAN_POINT('',(-56.936355401,-13.13756876513));
#5162 = CARTESIAN_POINT('',(-59.,-6.568784639324));
#5163 = CARTESIAN_POINT('',(-59.,6.202107987404E-15));
#5164 = ( GEOMETRIC_REPRESENTATION_CONTEXT(2) 
PARAMETRIC_REPRESENTATION_CONTEXT() REPRESENTATION_CONTEXT('2D SPACE',''
  ) );
#5165 = PCURVE('',#5166,#5263);
#5166 = ( BOUNDED_SURFACE() B_SPLINE_SURFACE(11,7,(
    (#5167,#5168,#5169,#5170,#5171,#5172,#5173,#5174)
    ,(#5175,#5176,#5177,#5178,#5179,#5180,#5181,#5182)
    ,(#5183,#5184,#5185,#5186,#5187,#5188,#5189,#5190)
    ,(#5191,#5192,#5193,#5194,#5195,#5196,#5197,#5198)
    ,(#5199,#5200,#5201,#5202,#5203,#5204,#5205,#5206)
    ,(#5207,#5208,#5209,#5210,#5211,#5212,#5213,#5214)
    ,(#5215,#5216,#5217,#5218,#5219,#5220,#5221,#5222)
    ,(#5223,#5224,#5225,#5226,#5227,#5228,#5229,#5230)
    ,(#5231,#5232,#5233,#5234,#5235,#5236,#5237,#5238)
    ,(#5239,#5240,#5241,#5242,#5243,#5244,#5245,#5246)
    ,(#5247,#5248,#5249,#5250,#5251,#5252,#5253,#5254)
    ,(#5255,#5256,#5257,#5258,#5259,#5260,#5261,#5262
)),.UNSPECIFIED.,.F.,.F.,.F.) B_SPLINE_SURFACE_WITH_KNOTS((12,12),(8,8),
  (4.,5.),(0.,1.),.PIECEWISE_BEZIER_KNOTS.) 
GEOMETRIC_REPRESENTATION_ITEM() RATIONAL_B_SPLINE_SURFACE((
    (1.,1.,1.,1.,1.,1.,1.,1.)
    ,(1.,1.,1.,1.,1.,1.,1.,1.)
    ,(1.,1.,1.,1.,1.,1.,1.,1.)
    ,(1.,1.,1.,1.,1.,1.,1.,1.)
    ,(1.,1.,1.,1.,1.,1.,1.,1.)
    ,(1.,1.,1.,1.,1.,1.,1.,1.)
    ,(1.,1.,1.,1.,1.,1.,1.,1.)
    ,(1.,1.,1.,1.,1.,1.,1.,1.)
    ,(1.,1.,1.,1.,1.,1.,1.,1.)
    ,(1.,1.,1.,1.,1.,1.,1.,1.)
    ,(1.,1.,1.,1.,1.,1.,1.,1.)
,(1.,1.,1.,1.,1.,1.,1.,1.))) REPRESENTATION_ITEM('') SURFACE() );
#5167 = CARTESIAN_POINT('',(-13.,-1.960672839909E-15,0.));
#5168 = CARTESIAN_POINT('',(-13.00000030778,-1.94479560857,
    10.000000000003));
#5169 = CARTESIAN_POINT('',(-12.66056778922,-3.889590224548,
    19.99999999999));
#5170 = CARTESIAN_POINT('',(-11.98171122951,-5.763297891541,
    30.000000000016));
#5171 = CARTESIAN_POINT('',(-10.98201799841,-7.494817359802,
    39.999999999985));
#5172 = CARTESIAN_POINT('',(-9.698767839382,-9.019578219529,
    50.000000000008));
#5173 = CARTESIAN_POINT('',(-8.184242556084,-10.28593271146,
    59.999999999998));
#5174 = CARTESIAN_POINT('',(-6.5,-11.25833024919,70.));
#5175 = CARTESIAN_POINT('',(-12.99999999999,-6.568784639323,0.));
#5176 = CARTESIAN_POINT('',(-12.01731234469,-8.513580403413,
    10.000000000004));
#5177 = CARTESIAN_POINT('',(-10.69519236459,-10.28686277986,
    19.999999999983));
#5178 = CARTESIAN_POINT('',(-9.06956794784,-11.81755025131,
    30.000000000025));
#5179 = CARTESIAN_POINT('',(-7.194953294741,-13.0439336011,
    39.999999999974));
#5180 = CARTESIAN_POINT('',(-5.141255003882,-13.92027954288,
    50.000000000006));
#5181 = CARTESIAN_POINT('',(-2.986852033297,-14.42135784892,
    59.999999999997));
#5182 = CARTESIAN_POINT('',(-0.811265630357,-14.54272256885,
    69.999999999996));
#5183 = CARTESIAN_POINT('',(-15.06364459899,-13.13756876513,0.));
#5184 = CARTESIAN_POINT('',(-13.0982691063,-15.39108521966,
    9.999999999984));
#5185 = CARTESIAN_POINT('',(-10.73957958111,-17.30157574725,
    20.000000000072));
#5186 = CARTESIAN_POINT('',(-8.059424406597,-18.78667895068,
    29.999999999884));
#5187 = CARTESIAN_POINT('',(-5.151195204716,-19.78279089814,
    40.000000000129));
#5188 = CARTESIAN_POINT('',(-2.123343283759,-20.25276539687,
    49.999999999955));
#5189 = CARTESIAN_POINT('',(0.911355933346,-20.18959108504,
    60.00000000002));
#5190 = CARTESIAN_POINT('',(3.845645995073,-19.61428327888,
    70.000000000015));
#5191 = CARTESIAN_POINT('',(-19.1909333116,-18.98600952216,0.));
#5192 = CARTESIAN_POINT('',(-16.35063315492,-21.85696711233,
    10.000000000032));
#5193 = CARTESIAN_POINT('',(-13.00925500697,-24.23219440092,
    19.999999999858));
#5194 = CARTESIAN_POINT('',(-9.270630193527,-26.00676530658,
    30.000000000224));
#5195 = CARTESIAN_POINT('',(-5.266038559509,-27.10286449431,
    39.999999999752));
#5196 = CARTESIAN_POINT('',(-1.144816065333,-27.47961712771,
    50.000000000072));
#5197 = CARTESIAN_POINT('',(2.940427946524,-27.13713506271,
    59.999999999968));
#5198 = CARTESIAN_POINT('',(6.846899906888,-26.11284053125,
    69.999999999967));
#5199 = CARTESIAN_POINT('',(-25.09898906786,-23.39373503171,0.));
#5200 = CARTESIAN_POINT('',(-21.5992948039,-27.14853587167,
    9.999999999949));
#5201 = CARTESIAN_POINT('',(-17.44426226439,-30.29251928725,
    20.00000000023));
#5202 = CARTESIAN_POINT('',(-12.76182887554,-32.68845603906,
    29.999999999632));
#5203 = CARTESIAN_POINT('',(-7.715829096914,-34.23251985728,
    40.000000000404));
#5204 = CARTESIAN_POINT('',(-2.494434231174,-34.86713077692,
    49.999999999887));
#5205 = CARTESIAN_POINT('',(2.708474612427,-34.58665495915,
    60.000000000041));
#5206 = CARTESIAN_POINT('',(7.710074292934,-33.43322965793,
    70.000000000052));
#5207 = CARTESIAN_POINT('',(-32.22204023106,-25.76743062366,0.));
#5208 = CARTESIAN_POINT('',(-28.36724207683,-30.58783756756,
    10.000000000067));
#5209 = CARTESIAN_POINT('',(-23.67112141461,-34.73544883586,
    19.999999999704));
#5210 = CARTESIAN_POINT('',(-18.27460020687,-38.0340868753,
    30.000000000475));
#5211 = CARTESIAN_POINT('',(-12.36467995423,-40.34436102913,
    39.999999999493));
#5212 = CARTESIAN_POINT('',(-6.161748576064,-41.58011843761,
    50.000000000134));
#5213 = CARTESIAN_POINT('',(0.102235741578,-41.7169723012,
    59.999999999965));
#5214 = CARTESIAN_POINT('',(6.204229394816,-40.78882071369,
    69.999999999939));
#5215 = CARTESIAN_POINT('',(-39.77795976893,-25.76743062368,0.));
#5216 = CARTESIAN_POINT('',(-35.92316179383,-31.71820057816,
    9.999999999931));
#5217 = CARTESIAN_POINT('',(-31.02975460789,-36.99617427932,
    20.000000000303));
#5218 = CARTESIAN_POINT('',(-25.23866528219,-41.38385727168,
    29.999999999505));
#5219 = CARTESIAN_POINT('',(-18.74769875146,-44.70053309923,
    40.000000000522));
#5220 = CARTESIAN_POINT('',(-11.79891083796,-46.82251899927,
    49.999999999858));
#5221 = CARTESIAN_POINT('',(-4.654647199512,-47.69540921939,
    60.000000000025));
#5222 = CARTESIAN_POINT('',(2.426269625895,-47.33243898245,
    70.000000000057));
#5223 = CARTESIAN_POINT('',(-46.90101093214,-23.39373503169,0.));
#5224 = CARTESIAN_POINT('',(-43.40131718418,-30.41011097768,
    10.000000000054));
#5225 = CARTESIAN_POINT('',(-38.67702963057,-36.81566783527,
    19.999999999767));
#5226 = CARTESIAN_POINT('',(-32.85610042897,-42.35395962617,
    30.000000000382));
#5227 = CARTESIAN_POINT('',(-26.13353652093,-46.80191770003,
    39.999999999603));
#5228 = CARTESIAN_POINT('',(-18.76003026927,-49.99367243395,
    50.000000000104));
#5229 = CARTESIAN_POINT('',(-11.01714347594,-51.83697264165,
    59.99999999999));
#5230 = CARTESIAN_POINT('',(-3.190936639217,-52.31433444625,
    69.999999999958));
#5231 = CARTESIAN_POINT('',(-52.80906668839,-18.98600952217,0.));
#5232 = CARTESIAN_POINT('',(-49.96876732777,-26.88622850928,
    9.999999999961));
#5233 = CARTESIAN_POINT('',(-45.74961320396,-34.2907146276,
    20.000000000164));
#5234 = CARTESIAN_POINT('',(-40.25545836262,-40.91071278452,
    29.999999999724));
#5235 = CARTESIAN_POINT('',(-33.6656497763,-46.48453908137,
    40.000000000289));
#5236 = CARTESIAN_POINT('',(-26.22592920476,-50.80433894239,
    49.999999999904));
#5237 = CARTESIAN_POINT('',(-18.22410727187,-53.73666258559,
    60.000000000014));
#5238 = CARTESIAN_POINT('',(-9.962166781504,-55.22699806338,
    70.000000000024));
#5239 = CARTESIAN_POINT('',(-56.936355401,-13.13756876513,0.));
#5240 = CARTESIAN_POINT('',(-54.97098089964,-21.6552286109,
    10.000000000016));
#5241 = CARTESIAN_POINT('',(-51.5189867833,-29.82985933285,
    19.999999999935));
#5242 = CARTESIAN_POINT('',(-46.65224973171,-37.35013324876,
    30.000000000108));
#5243 = CARTESIAN_POINT('',(-40.52403087154,-43.9234308846,
    39.999999999889));
#5244 = CARTESIAN_POINT('',(-33.36285873572,-49.30462619226,
    50.000000000033));
#5245 = CARTESIAN_POINT('',(-25.44990727311,-53.32035152787,
    59.999999999998));
#5246 = CARTESIAN_POINT('',(-17.09070940593,-55.87711455873,
    69.99999999999));
#5247 = CARTESIAN_POINT('',(-59.,-6.568784639324,0.));
#5248 = CARTESIAN_POINT('',(-58.01731343379,-15.39516486451,
    9.999999999998));
#5249 = CARTESIAN_POINT('',(-55.49412454184,-24.05002818975,
    20.00000000001));
#5250 = CARTESIAN_POINT('',(-51.46639229843,-32.21075817531,
    29.999999999983));
#5251 = CARTESIAN_POINT('',(-46.05440159685,-39.56405656648,
    40.00000000002));
#5252 = CARTESIAN_POINT('',(-39.45997197397,-45.83571016588,
    49.999999999995));
#5253 = CARTESIAN_POINT('',(-31.94647953944,-50.81773513562,60.));
#5254 = CARTESIAN_POINT('',(-23.81126563035,-54.37989114294,
    70.000000000002));
#5255 = CARTESIAN_POINT('',(-59.,6.185085316331E-15,0.));
#5256 = CARTESIAN_POINT('',(-59.00000139688,-8.826380069657,
    10.000000000003));
#5257 = CARTESIAN_POINT('',(-57.45949996649,-17.6527556345,
    19.99999999999));
#5258 = CARTESIAN_POINT('',(-54.37853558009,-26.15650581542,
    30.000000000016));
#5259 = CARTESIAN_POINT('',(-49.84146630051,-34.01494032529,
    39.999999999985));
#5260 = CARTESIAN_POINT('',(-44.01748480949,-40.93500884245,
    50.000000000008));
#5261 = CARTESIAN_POINT('',(-37.14387006223,-46.68230999819,
    59.999999999998));
#5262 = CARTESIAN_POINT('',(-29.5,-51.09549882328,70.));
#5263 = DEFINITIONAL_REPRESENTATION('',(#5264),#5268);
#5264 = LINE('',#5265,#5266);
#5265 = CARTESIAN_POINT('',(0.,0.));
#5266 = VECTOR('',#5267,1.);
#5267 = DIRECTION('',(1.,0.));
#5268 = ( GEOMETRIC_REPRESENTATION_CONTEXT(2) 
PARAMETRIC_REPRESENTATION_CONTEXT() REPRESENTATION_CONTEXT('2D SPACE',''
  ) );
#5269 = ORIENTED_EDGE('',*,*,#5270,.T.);
#5270 = EDGE_CURVE('',#5133,#4273,#5271,.T.);
#5271 = SURFACE_CURVE('',#5272,(#5277,#5284),.PCURVE_S1.);
#5272 = CIRCLE('',#5273,14.);
#5273 = AXIS2_PLACEMENT_3D('',#5274,#5275,#5276);
#5274 = CARTESIAN_POINT('',(6.157774285068E-14,5.276109386373E-14,0.));
#5275 = DIRECTION('',(0.,-0.,1.));
#5276 = DIRECTION('',(0.766044443119,0.642787609687,0.));
#5277 = PCURVE('',#1050,#5278);
#5278 = DEFINITIONAL_REPRESENTATION('',(#5279),#5283);
#5279 = CIRCLE('',#5280,14.);
#5280 = AXIS2_PLACEMENT_2D('',#5281,#5282);
#5281 = CARTESIAN_POINT('',(6.203355622819E-14,5.27781165348E-14));
#5282 = DIRECTION('',(0.766044443119,0.642787609687));
#5283 = ( GEOMETRIC_REPRESENTATION_CONTEXT(2) 
PARAMETRIC_REPRESENTATION_CONTEXT() REPRESENTATION_CONTEXT('2D SPACE',''
  ) );
#5284 = PCURVE('',#4051,#5285);
#5285 = DEFINITIONAL_REPRESENTATION('',(#5286),#5290);
#5286 = LINE('',#5287,#5288);
#5287 = CARTESIAN_POINT('',(-0.,-10.45));
#5288 = VECTOR('',#5289,1.);
#5289 = DIRECTION('',(-1.,0.));
#5290 = ( GEOMETRIC_REPRESENTATION_CONTEXT(2) 
PARAMETRIC_REPRESENTATION_CONTEXT() REPRESENTATION_CONTEXT('2D SPACE',''
  ) );
#5291 = ORIENTED_EDGE('',*,*,#5292,.T.);
#5292 = EDGE_CURVE('',#4273,#4694,#5293,.T.);
#5293 = SURFACE_CURVE('',#5294,(#5307,#5323),.PCURVE_S1.);
#5294 = B_SPLINE_CURVE_WITH_KNOTS('',11,(#5295,#5296,#5297,#5298,#5299,
    #5300,#5301,#5302,#5303,#5304,#5305,#5306),.UNSPECIFIED.,.F.,.F.,(12
    ,12),(0.,1.),.PIECEWISE_BEZIER_KNOTS.);
#5295 = CARTESIAN_POINT('',(-61.,1.45757728324E-14,0.));
#5296 = CARTESIAN_POINT('',(-61.,-7.139983303613,0.));
#5297 = CARTESIAN_POINT('',(-58.75690804457,-14.27996604905,0.));
#5298 = CARTESIAN_POINT('',(-54.27072466129,-20.63696687192,0.));
#5299 = CARTESIAN_POINT('',(-47.84892492625,-25.42797286055,0.));
#5300 = CARTESIAN_POINT('',(-40.1064780097,-28.00807676485,0.));
#5301 = CARTESIAN_POINT('',(-31.89352199029,-28.00807676487,0.));
#5302 = CARTESIAN_POINT('',(-24.15107507375,-25.42797286054,0.));
#5303 = CARTESIAN_POINT('',(-17.7292753387,-20.63696687192,0.));
#5304 = CARTESIAN_POINT('',(-13.24309195542,-14.27996604905,0.));
#5305 = CARTESIAN_POINT('',(-11.,-7.139983303614,0.));
#5306 = CARTESIAN_POINT('',(-11.,-5.758315878539E-15,0.));
#5307 = PCURVE('',#1050,#5308);
#5308 = DEFINITIONAL_REPRESENTATION('',(#5309),#5322);
#5309 = B_SPLINE_CURVE_WITH_KNOTS('',11,(#5310,#5311,#5312,#5313,#5314,
    #5315,#5316,#5317,#5318,#5319,#5320,#5321),.UNSPECIFIED.,.F.,.F.,(12
    ,12),(0.,1.),.PIECEWISE_BEZIER_KNOTS.);
#5310 = CARTESIAN_POINT('',(-61.,1.459279550347E-14));
#5311 = CARTESIAN_POINT('',(-61.,-7.139983303613));
#5312 = CARTESIAN_POINT('',(-58.75690804457,-14.27996604905));
#5313 = CARTESIAN_POINT('',(-54.27072466129,-20.63696687192));
#5314 = CARTESIAN_POINT('',(-47.84892492625,-25.42797286055));
#5315 = CARTESIAN_POINT('',(-40.1064780097,-28.00807676485));
#5316 = CARTESIAN_POINT('',(-31.89352199029,-28.00807676487));
#5317 = CARTESIAN_POINT('',(-24.15107507375,-25.42797286054));
#5318 = CARTESIAN_POINT('',(-17.7292753387,-20.63696687192));
#5319 = CARTESIAN_POINT('',(-13.24309195542,-14.27996604905));
#5320 = CARTESIAN_POINT('',(-11.,-7.139983303614));
#5321 = CARTESIAN_POINT('',(-11.,-5.741293207466E-15));
#5322 = ( GEOMETRIC_REPRESENTATION_CONTEXT(2) 
PARAMETRIC_REPRESENTATION_CONTEXT() REPRESENTATION_CONTEXT('2D SPACE',''
  ) );
#5323 = PCURVE('',#4330,#5324);
#5324 = DEFINITIONAL_REPRESENTATION('',(#5325),#5329);
#5325 = LINE('',#5326,#5327);
#5326 = CARTESIAN_POINT('',(0.,0.));
#5327 = VECTOR('',#5328,1.);
#5328 = DIRECTION('',(1.,0.));
#5329 = ( GEOMETRIC_REPRESENTATION_CONTEXT(2) 
PARAMETRIC_REPRESENTATION_CONTEXT() REPRESENTATION_CONTEXT('2D SPACE',''
  ) );
#5330 = ADVANCED_FACE('',(#5331),#1082,.T.);
#5331 = FACE_BOUND('',#5332,.T.);
#5332 = EDGE_LOOP('',(#5333,#5362,#5363,#5364));
#5333 = ORIENTED_EDGE('',*,*,#5334,.T.);
#5334 = EDGE_CURVE('',#5335,#4694,#5337,.T.);
#5335 = VERTEX_POINT('',#5336);
#5336 = CARTESIAN_POINT('',(-10.96662174537,-1.994024097794,3.));
#5337 = SURFACE_CURVE('',#5338,(#5344,#5353),.PCURVE_S1.);
#5338 = B_SPLINE_CURVE_WITH_KNOTS('',4,(#5339,#5340,#5341,#5342,#5343),
  .UNSPECIFIED.,.F.,.F.,(5,5),(0.,1.),.PIECEWISE_BEZIER_KNOTS.);
#5339 = CARTESIAN_POINT('',(-10.96662049249,-1.994030988327,3.000042));
#5340 = CARTESIAN_POINT('',(-10.98899378155,-1.870984046194,
    2.250031478928));
#5341 = CARTESIAN_POINT('',(-11.00952626228,-1.747602330522,
    1.50002096803));
#5342 = CARTESIAN_POINT('',(-11.02821041571,-1.623927127097,
    0.750010472448));
#5343 = CARTESIAN_POINT('',(-11.04504057389,-1.5,-3.552713678801E-15));
#5344 = PCURVE('',#1082,#5345);
#5345 = DEFINITIONAL_REPRESENTATION('',(#5346),#5352);
#5346 = B_SPLINE_CURVE_WITH_KNOTS('',4,(#5347,#5348,#5349,#5350,#5351),
  .UNSPECIFIED.,.F.,.F.,(5,5),(0.,1.),.PIECEWISE_BEZIER_KNOTS.);
#5347 = CARTESIAN_POINT('',(2.295495896333,4.285774285714E-02));
#5348 = CARTESIAN_POINT('',(2.295495897051,3.214330684183E-02));
#5349 = CARTESIAN_POINT('',(2.295495902648,2.142887097186E-02));
#5350 = CARTESIAN_POINT('',(2.295495916014,1.071443532069E-02));
#5351 = CARTESIAN_POINT('',(2.295495942611,0.));
#5352 = ( GEOMETRIC_REPRESENTATION_CONTEXT(2) 
PARAMETRIC_REPRESENTATION_CONTEXT() REPRESENTATION_CONTEXT('2D SPACE',''
  ) );
#5353 = PCURVE('',#4330,#5354);
#5354 = DEFINITIONAL_REPRESENTATION('',(#5355),#5361);
#5355 = B_SPLINE_CURVE_WITH_KNOTS('',4,(#5356,#5357,#5358,#5359,#5360),
  .UNSPECIFIED.,.F.,.F.,(5,5),(0.,1.),.PIECEWISE_BEZIER_KNOTS.);
#5356 = CARTESIAN_POINT('',(0.980889921269,4.285774285708E-02));
#5357 = CARTESIAN_POINT('',(0.980889921559,3.214330681009E-02));
#5358 = CARTESIAN_POINT('',(0.980889922646,2.142887105679E-02));
#5359 = CARTESIAN_POINT('',(0.980889924922,1.071443522486E-02));
#5360 = CARTESIAN_POINT('',(0.98088992899,5.133878642642E-11));
#5361 = ( GEOMETRIC_REPRESENTATION_CONTEXT(2) 
PARAMETRIC_REPRESENTATION_CONTEXT() REPRESENTATION_CONTEXT('2D SPACE',''
  ) );
#5362 = ORIENTED_EDGE('',*,*,#4693,.T.);
#5363 = ORIENTED_EDGE('',*,*,#1062,.T.);
#5364 = ORIENTED_EDGE('',*,*,#5365,.T.);
#5365 = EDGE_CURVE('',#1063,#5335,#5366,.T.);
#5366 = SURFACE_CURVE('',#5367,(#5373,#5382),.PCURVE_S1.);
#5367 = B_SPLINE_CURVE_WITH_KNOTS('',4,(#5368,#5369,#5370,#5371,#5372),
  .UNSPECIFIED.,.F.,.F.,(5,5),(0.,1.),.PIECEWISE_BEZIER_KNOTS.);
#5368 = CARTESIAN_POINT('',(-3.928674810526,-1.677949111454,3.));
#5369 = CARTESIAN_POINT('',(-6.426157400838,-1.790111334745,3.));
#5370 = CARTESIAN_POINT('',(-8.923639991151,-1.902273558036,3.));
#5371 = CARTESIAN_POINT('',(-11.42112258146,-2.014435781328,3.));
#5372 = CARTESIAN_POINT('',(-13.91860517177,-2.126598004619,3.));
#5373 = PCURVE('',#1082,#5374);
#5374 = DEFINITIONAL_REPRESENTATION('',(#5375),#5381);
#5375 = B_SPLINE_CURVE_WITH_KNOTS('',4,(#5376,#5377,#5378,#5379,#5380),
  .UNSPECIFIED.,.F.,.F.,(5,5),(0.,1.),.PIECEWISE_BEZIER_KNOTS.);
#5376 = CARTESIAN_POINT('',(3.,4.285714285714E-02));
#5377 = CARTESIAN_POINT('',(2.75,4.285714285714E-02));
#5378 = CARTESIAN_POINT('',(2.5,4.285714285714E-02));
#5379 = CARTESIAN_POINT('',(2.25,4.285714285714E-02));
#5380 = CARTESIAN_POINT('',(2.,4.285714285714E-02));
#5381 = ( GEOMETRIC_REPRESENTATION_CONTEXT(2) 
PARAMETRIC_REPRESENTATION_CONTEXT() REPRESENTATION_CONTEXT('2D SPACE',''
  ) );
#5382 = PCURVE('',#1122,#5383);
#5383 = DEFINITIONAL_REPRESENTATION('',(#5384),#5390);
#5384 = B_SPLINE_CURVE_WITH_KNOTS('',4,(#5385,#5386,#5387,#5388,#5389),
  .UNSPECIFIED.,.F.,.F.,(5,5),(0.,1.),.PIECEWISE_BEZIER_KNOTS.);
#5385 = CARTESIAN_POINT('',(-3.928674810526,-1.677949111454));
#5386 = CARTESIAN_POINT('',(-6.426157400838,-1.790111334745));
#5387 = CARTESIAN_POINT('',(-8.923639991151,-1.902273558036));
#5388 = CARTESIAN_POINT('',(-11.42112258146,-2.014435781328));
#5389 = CARTESIAN_POINT('',(-13.91860517177,-2.126598004619));
#5390 = ( GEOMETRIC_REPRESENTATION_CONTEXT(2) 
PARAMETRIC_REPRESENTATION_CONTEXT() REPRESENTATION_CONTEXT('2D SPACE',''
  ) );
#5391 = ADVANCED_FACE('',(#5392,#5486),#1122,.T.);
#5392 = FACE_BOUND('',#5393,.T.);
#5393 = EDGE_LOOP('',(#5394,#5395,#5396,#5425,#5454,#5481,#5482,#5483,
    #5484,#5485));
#5394 = ORIENTED_EDGE('',*,*,#1450,.F.);
#5395 = ORIENTED_EDGE('',*,*,#1191,.T.);
#5396 = ORIENTED_EDGE('',*,*,#5397,.F.);
#5397 = EDGE_CURVE('',#5398,#1192,#5400,.T.);
#5398 = VERTEX_POINT('',#5399);
#5399 = CARTESIAN_POINT('',(-11.03716931968,1.005831372741,3.));
#5400 = SURFACE_CURVE('',#5401,(#5407,#5416),.PCURVE_S1.);
#5401 = B_SPLINE_CURVE_WITH_KNOTS('',4,(#5402,#5403,#5404,#5405,#5406),
  .UNSPECIFIED.,.F.,.F.,(5,5),(0.,1.),.PIECEWISE_BEZIER_KNOTS.);
#5402 = CARTESIAN_POINT('',(-14.05319983972,0.870381103756,3.));
#5403 = CARTESIAN_POINT('',(-11.55571724941,0.982543327048,3.));
#5404 = CARTESIAN_POINT('',(-9.0582346591,1.094705550339,3.));
#5405 = CARTESIAN_POINT('',(-6.560752068788,1.20686777363,3.));
#5406 = CARTESIAN_POINT('',(-4.063269478475,1.319029996922,3.));
#5407 = PCURVE('',#1122,#5408);
#5408 = DEFINITIONAL_REPRESENTATION('',(#5409),#5415);
#5409 = B_SPLINE_CURVE_WITH_KNOTS('',4,(#5410,#5411,#5412,#5413,#5414),
  .UNSPECIFIED.,.F.,.F.,(5,5),(0.,1.),.PIECEWISE_BEZIER_KNOTS.);
#5410 = CARTESIAN_POINT('',(-14.05319983972,0.870381103756));
#5411 = CARTESIAN_POINT('',(-11.55571724941,0.982543327048));
#5412 = CARTESIAN_POINT('',(-9.0582346591,1.094705550339));
#5413 = CARTESIAN_POINT('',(-6.560752068788,1.20686777363));
#5414 = CARTESIAN_POINT('',(-4.063269478475,1.319029996922));
#5415 = ( GEOMETRIC_REPRESENTATION_CONTEXT(2) 
PARAMETRIC_REPRESENTATION_CONTEXT() REPRESENTATION_CONTEXT('2D SPACE',''
  ) );
#5416 = PCURVE('',#1234,#5417);
#5417 = DEFINITIONAL_REPRESENTATION('',(#5418),#5424);
#5418 = B_SPLINE_CURVE_WITH_KNOTS('',4,(#5419,#5420,#5421,#5422,#5423),
  .UNSPECIFIED.,.F.,.F.,(5,5),(0.,1.),.PIECEWISE_BEZIER_KNOTS.);
#5419 = CARTESIAN_POINT('',(1.,4.285714285714E-02));
#5420 = CARTESIAN_POINT('',(0.75,4.285714285714E-02));
#5421 = CARTESIAN_POINT('',(0.5,4.285714285714E-02));
#5422 = CARTESIAN_POINT('',(0.25,4.285714285714E-02));
#5423 = CARTESIAN_POINT('',(0.,4.285714285714E-02));
#5424 = ( GEOMETRIC_REPRESENTATION_CONTEXT(2) 
PARAMETRIC_REPRESENTATION_CONTEXT() REPRESENTATION_CONTEXT('2D SPACE',''
  ) );
#5425 = ORIENTED_EDGE('',*,*,#5426,.T.);
#5426 = EDGE_CURVE('',#5398,#5427,#5429,.T.);
#5427 = VERTEX_POINT('',#5428);
#5428 = CARTESIAN_POINT('',(-10.98892376271,-0.493513149702,3.));
#5429 = SURFACE_CURVE('',#5430,(#5436,#5445),.PCURVE_S1.);
#5430 = B_SPLINE_CURVE_WITH_KNOTS('',4,(#5431,#5432,#5433,#5434,#5435),
  .UNSPECIFIED.,.F.,.F.,(5,5),(0.,1.),.PIECEWISE_BEZIER_KNOTS.);
#5431 = CARTESIAN_POINT('',(-11.0424311866,1.319029996922,3.));
#5432 = CARTESIAN_POINT('',(-11.03601909742,0.865724314027,3.));
#5433 = CARTESIAN_POINT('',(-11.02496279411,0.412484313422,3.));
#5434 = CARTESIAN_POINT('',(-11.00926328061,-4.061860836404E-02,3.));
#5435 = CARTESIAN_POINT('',(-10.98892376271,-0.493513149702,3.));
#5436 = PCURVE('',#1122,#5437);
#5437 = DEFINITIONAL_REPRESENTATION('',(#5438),#5444);
#5438 = B_SPLINE_CURVE_WITH_KNOTS('',4,(#5439,#5440,#5441,#5442,#5443),
  .UNSPECIFIED.,.F.,.F.,(5,5),(0.,1.),.PIECEWISE_BEZIER_KNOTS.);
#5439 = CARTESIAN_POINT('',(-11.0424311866,1.319029996922));
#5440 = CARTESIAN_POINT('',(-11.03601909742,0.865724314027));
#5441 = CARTESIAN_POINT('',(-11.02496279411,0.412484313422));
#5442 = CARTESIAN_POINT('',(-11.00926328061,-4.061860836404E-02));
#5443 = CARTESIAN_POINT('',(-10.98892376271,-0.493513149702));
#5444 = ( GEOMETRIC_REPRESENTATION_CONTEXT(2) 
PARAMETRIC_REPRESENTATION_CONTEXT() REPRESENTATION_CONTEXT('2D SPACE',''
  ) );
#5445 = PCURVE('',#4769,#5446);
#5446 = DEFINITIONAL_REPRESENTATION('',(#5447),#5453);
#5447 = B_SPLINE_CURVE_WITH_KNOTS('',4,(#5448,#5449,#5450,#5451,#5452),
  .UNSPECIFIED.,.F.,.F.,(5,5),(0.,1.),.PIECEWISE_BEZIER_KNOTS.);
#5448 = CARTESIAN_POINT('',(1.026512727398,4.285714285714E-02));
#5449 = CARTESIAN_POINT('',(1.019884545102,4.285714285714E-02));
#5450 = CARTESIAN_POINT('',(1.013256367274,4.285714285714E-02));
#5451 = CARTESIAN_POINT('',(1.006628182388,4.285714285714E-02));
#5452 = CARTESIAN_POINT('',(1.,4.285714285714E-02));
#5453 = ( GEOMETRIC_REPRESENTATION_CONTEXT(2) 
PARAMETRIC_REPRESENTATION_CONTEXT() REPRESENTATION_CONTEXT('2D SPACE',''
  ) );
#5454 = ORIENTED_EDGE('',*,*,#5455,.T.);
#5455 = EDGE_CURVE('',#5427,#5335,#5456,.T.);
#5456 = SURFACE_CURVE('',#5457,(#5463,#5472),.PCURVE_S1.);
#5457 = B_SPLINE_CURVE_WITH_KNOTS('',4,(#5458,#5459,#5460,#5461,#5462),
  .UNSPECIFIED.,.F.,.F.,(5,5),(0.,1.),.PIECEWISE_BEZIER_KNOTS.);
#5458 = CARTESIAN_POINT('',(-10.98892376271,-0.493513149702,3.));
#5459 = CARTESIAN_POINT('',(-10.97060211882,-0.901476236405,3.));
#5460 = CARTESIAN_POINT('',(-10.961165895,-1.309838372051,3.));
#5461 = CARTESIAN_POINT('',(-10.96062813224,-1.718309216648,3.));
#5462 = CARTESIAN_POINT('',(-10.96898288291,-2.126598004619,3.));
#5463 = PCURVE('',#1122,#5464);
#5464 = DEFINITIONAL_REPRESENTATION('',(#5465),#5471);
#5465 = B_SPLINE_CURVE_WITH_KNOTS('',4,(#5466,#5467,#5468,#5469,#5470),
  .UNSPECIFIED.,.F.,.F.,(5,5),(0.,1.),.PIECEWISE_BEZIER_KNOTS.);
#5466 = CARTESIAN_POINT('',(-10.98892376271,-0.493513149702));
#5467 = CARTESIAN_POINT('',(-10.97060211882,-0.901476236405));
#5468 = CARTESIAN_POINT('',(-10.961165895,-1.309838372051));
#5469 = CARTESIAN_POINT('',(-10.96062813224,-1.718309216648));
#5470 = CARTESIAN_POINT('',(-10.96898288291,-2.126598004619));
#5471 = ( GEOMETRIC_REPRESENTATION_CONTEXT(2) 
PARAMETRIC_REPRESENTATION_CONTEXT() REPRESENTATION_CONTEXT('2D SPACE',''
  ) );
#5472 = PCURVE('',#4330,#5473);
#5473 = DEFINITIONAL_REPRESENTATION('',(#5474),#5480);
#5474 = B_SPLINE_CURVE_WITH_KNOTS('',4,(#5475,#5476,#5477,#5478,#5479),
  .UNSPECIFIED.,.F.,.F.,(5,5),(0.,1.),.PIECEWISE_BEZIER_KNOTS.);
#5475 = CARTESIAN_POINT('',(1.,4.285714285714E-02));
#5476 = CARTESIAN_POINT('',(0.994800417033,4.285714285714E-02));
#5477 = CARTESIAN_POINT('',(0.989600834247,4.285714285714E-02));
#5478 = CARTESIAN_POINT('',(0.984401250772,4.285714285714E-02));
#5479 = CARTESIAN_POINT('',(0.97920166819,4.285714285714E-02));
#5480 = ( GEOMETRIC_REPRESENTATION_CONTEXT(2) 
PARAMETRIC_REPRESENTATION_CONTEXT() REPRESENTATION_CONTEXT('2D SPACE',''
  ) );
#5481 = ORIENTED_EDGE('',*,*,#5365,.F.);
#5482 = ORIENTED_EDGE('',*,*,#1106,.T.);
#5483 = ORIENTED_EDGE('',*,*,#3209,.F.);
#5484 = ORIENTED_EDGE('',*,*,#3176,.T.);
#5485 = ORIENTED_EDGE('',*,*,#1694,.T.);
#5486 = FACE_BOUND('',#5487,.T.);
#5487 = EDGE_LOOP('',(#5488));
#5488 = ORIENTED_EDGE('',*,*,#5489,.T.);
#5489 = EDGE_CURVE('',#5490,#5490,#5492,.T.);
#5490 = VERTEX_POINT('',#5491);
#5491 = CARTESIAN_POINT('',(4.4,0.,3.));
#5492 = SURFACE_CURVE('',#5493,(#5498,#5509),.PCURVE_S1.);
#5493 = CIRCLE('',#5494,4.4);
#5494 = AXIS2_PLACEMENT_3D('',#5495,#5496,#5497);
#5495 = CARTESIAN_POINT('',(0.,0.,3.));
#5496 = DIRECTION('',(0.,0.,-1.));
#5497 = DIRECTION('',(1.,0.,0.));
#5498 = PCURVE('',#1122,#5499);
#5499 = DEFINITIONAL_REPRESENTATION('',(#5500),#5508);
#5500 = ( BOUNDED_CURVE() B_SPLINE_CURVE(2,(#5501,#5502,#5503,#5504,
#5505,#5506,#5507),.UNSPECIFIED.,.T.,.F.) B_SPLINE_CURVE_WITH_KNOTS((1,2
    ,2,2,2,1),(-2.094395102393,0.,2.094395102393,4.188790204786,
6.28318530718,8.377580409573),.UNSPECIFIED.) CURVE() 
GEOMETRIC_REPRESENTATION_ITEM() RATIONAL_B_SPLINE_CURVE((1.,0.5,1.,0.5,
1.,0.5,1.)) REPRESENTATION_ITEM('') );
#5501 = CARTESIAN_POINT('',(4.4,-2.775209066E-16));
#5502 = CARTESIAN_POINT('',(4.4,-7.621023553303));
#5503 = CARTESIAN_POINT('',(-2.2,-3.810511776652));
#5504 = CARTESIAN_POINT('',(-8.8,-1.35521008985E-15));
#5505 = CARTESIAN_POINT('',(-2.2,3.810511776652));
#5506 = CARTESIAN_POINT('',(4.4,7.621023553303));
#5507 = CARTESIAN_POINT('',(4.4,-2.775209066E-16));
#5508 = ( GEOMETRIC_REPRESENTATION_CONTEXT(2) 
PARAMETRIC_REPRESENTATION_CONTEXT() REPRESENTATION_CONTEXT('2D SPACE',''
  ) );
#5509 = PCURVE('',#4103,#5510);
#5510 = DEFINITIONAL_REPRESENTATION('',(#5511),#5515);
#5511 = LINE('',#5512,#5513);
#5512 = CARTESIAN_POINT('',(-5.585053606382,-13.45));
#5513 = VECTOR('',#5514,1.);
#5514 = DIRECTION('',(1.,-0.));
#5515 = ( GEOMETRIC_REPRESENTATION_CONTEXT(2) 
PARAMETRIC_REPRESENTATION_CONTEXT() REPRESENTATION_CONTEXT('2D SPACE',''
  ) );
#5516 = ADVANCED_FACE('',(#5517),#1234,.T.);
#5517 = FACE_BOUND('',#5518,.T.);
#5518 = EDGE_LOOP('',(#5519,#5520,#5539,#5540,#5567));
#5519 = ORIENTED_EDGE('',*,*,#1214,.F.);
#5520 = ORIENTED_EDGE('',*,*,#5521,.T.);
#5521 = EDGE_CURVE('',#1215,#4573,#5522,.T.);
#5522 = SURFACE_CURVE('',#5523,(#5526,#5533),.PCURVE_S1.);
#5523 = B_SPLINE_CURVE_WITH_KNOTS('',1,(#5524,#5525),.UNSPECIFIED.,.F.,
  .F.,(2,2),(0.,1.),.PIECEWISE_BEZIER_KNOTS.);
#5524 = CARTESIAN_POINT('',(-4.,1.5,0.));
#5525 = CARTESIAN_POINT('',(-14.,1.5,0.));
#5526 = PCURVE('',#1234,#5527);
#5527 = DEFINITIONAL_REPRESENTATION('',(#5528),#5532);
#5528 = LINE('',#5529,#5530);
#5529 = CARTESIAN_POINT('',(0.,0.));
#5530 = VECTOR('',#5531,1.);
#5531 = DIRECTION('',(1.,0.));
#5532 = ( GEOMETRIC_REPRESENTATION_CONTEXT(2) 
PARAMETRIC_REPRESENTATION_CONTEXT() REPRESENTATION_CONTEXT('2D SPACE',''
  ) );
#5533 = PCURVE('',#1274,#5534);
#5534 = DEFINITIONAL_REPRESENTATION('',(#5535),#5538);
#5535 = B_SPLINE_CURVE_WITH_KNOTS('',1,(#5536,#5537),.UNSPECIFIED.,.F.,
  .F.,(2,2),(0.,1.),.PIECEWISE_BEZIER_KNOTS.);
#5536 = CARTESIAN_POINT('',(-7.099996357946,5.220217103425));
#5537 = CARTESIAN_POINT('',(-14.76044078913,11.64809320029));
#5538 = ( GEOMETRIC_REPRESENTATION_CONTEXT(2) 
PARAMETRIC_REPRESENTATION_CONTEXT() REPRESENTATION_CONTEXT('2D SPACE',''
  ) );
#5539 = ORIENTED_EDGE('',*,*,#4716,.T.);
#5540 = ORIENTED_EDGE('',*,*,#5541,.T.);
#5541 = EDGE_CURVE('',#4717,#5398,#5542,.T.);
#5542 = SURFACE_CURVE('',#5543,(#5549,#5558),.PCURVE_S1.);
#5543 = B_SPLINE_CURVE_WITH_KNOTS('',4,(#5544,#5545,#5546,#5547,#5548),
  .UNSPECIFIED.,.F.,.F.,(5,5),(0.,1.),.PIECEWISE_BEZIER_KNOTS.);
#5544 = CARTESIAN_POINT('',(-10.98092911972,1.5,7.88860905221E-31));
#5545 = CARTESIAN_POINT('',(-10.99775934548,1.376792165759,
    0.750010467256));
#5546 = CARTESIAN_POINT('',(-11.0127463404,1.253332713519,1.500020962246
    ));
#5547 = CARTESIAN_POINT('',(-11.02588447037,1.129662955445,
    2.250031475267));
#5548 = CARTESIAN_POINT('',(-11.03716995166,1.005824437881,3.000042));
#5549 = PCURVE('',#1234,#5550);
#5550 = DEFINITIONAL_REPRESENTATION('',(#5551),#5557);
#5551 = B_SPLINE_CURVE_WITH_KNOTS('',4,(#5552,#5553,#5554,#5555,#5556),
  .UNSPECIFIED.,.F.,.F.,(5,5),(0.,1.),.PIECEWISE_BEZIER_KNOTS.);
#5552 = CARTESIAN_POINT('',(0.698092911973,0.));
#5553 = CARTESIAN_POINT('',(0.69809292808,1.071443524651E-02));
#5554 = CARTESIAN_POINT('',(0.698092935633,2.142887088922E-02));
#5555 = CARTESIAN_POINT('',(0.69809293848,3.214330678953E-02));
#5556 = CARTESIAN_POINT('',(0.698092938492,4.285774285714E-02));
#5557 = ( GEOMETRIC_REPRESENTATION_CONTEXT(2) 
PARAMETRIC_REPRESENTATION_CONTEXT() REPRESENTATION_CONTEXT('2D SPACE',''
  ) );
#5558 = PCURVE('',#4769,#5559);
#5559 = DEFINITIONAL_REPRESENTATION('',(#5560),#5566);
#5560 = B_SPLINE_CURVE_WITH_KNOTS('',4,(#5561,#5562,#5563,#5564,#5565),
  .UNSPECIFIED.,.F.,.F.,(5,5),(0.,1.),.PIECEWISE_BEZIER_KNOTS.);
#5561 = CARTESIAN_POINT('',(1.021932992715,5.25096710533E-11));
#5562 = CARTESIAN_POINT('',(1.021932987286,1.071443514909E-02));
#5563 = CARTESIAN_POINT('',(1.021932984309,2.142887097532E-02));
#5564 = CARTESIAN_POINT('',(1.021932982917,3.214330675741E-02));
#5565 = CARTESIAN_POINT('',(1.021932982576,4.285774285708E-02));
#5566 = ( GEOMETRIC_REPRESENTATION_CONTEXT(2) 
PARAMETRIC_REPRESENTATION_CONTEXT() REPRESENTATION_CONTEXT('2D SPACE',''
  ) );
#5567 = ORIENTED_EDGE('',*,*,#5397,.T.);
#5568 = ADVANCED_FACE('',(#5569),#1274,.T.);
#5569 = FACE_BOUND('',#5570,.T.);
#5570 = EDGE_LOOP('',(#5571,#5612,#5613,#5614,#5615));
#5571 = ORIENTED_EDGE('',*,*,#5572,.F.);
#5572 = EDGE_CURVE('',#4596,#5573,#5575,.T.);
#5573 = VERTEX_POINT('',#5574);
#5574 = CARTESIAN_POINT('',(-10.74250221043,5.506217704853,0.));
#5575 = SURFACE_CURVE('',#5576,(#5589,#5605),.PCURVE_S1.);
#5576 = B_SPLINE_CURVE_WITH_KNOTS('',11,(#5577,#5578,#5579,#5580,#5581,
    #5582,#5583,#5584,#5585,#5586,#5587,#5588),.UNSPECIFIED.,.F.,.F.,(12
    ,12),(1.,2.),.PIECEWISE_BEZIER_KNOTS.);
#5577 = CARTESIAN_POINT('',(-11.,-5.758315878539E-15,0.));
#5578 = CARTESIAN_POINT('',(-11.,6.217953578447,0.));
#5579 = CARTESIAN_POINT('',(-10.27916531717,12.435907296779,0.));
#5580 = CARTESIAN_POINT('',(-8.837496387459,18.561010542239,0.));
#5581 = CARTESIAN_POINT('',(-6.68844719976,24.500415041847,0.));
#5582 = CARTESIAN_POINT('',(-3.8589281639,30.163497785789,0.));
#5583 = CARTESIAN_POINT('',(-0.388873631163,35.464093639754,0.));
#5584 = CARTESIAN_POINT('',(3.669619822677,40.322623769761,0.));
#5585 = CARTESIAN_POINT('',(8.25355428808,44.668021684566,0.));
#5586 = CARTESIAN_POINT('',(13.290636568541,48.439374382249,0.));
#5587 = CARTESIAN_POINT('',(18.701151411809,51.5872117691,0.));
#5588 = CARTESIAN_POINT('',(24.4,54.074393200479,0.));
#5589 = PCURVE('',#1274,#5590);
#5590 = DEFINITIONAL_REPRESENTATION('',(#5591),#5604);
#5591 = B_SPLINE_CURVE_WITH_KNOTS('',11,(#5592,#5593,#5594,#5595,#5596,
    #5597,#5598,#5599,#5600,#5601,#5602,#5603),.UNSPECIFIED.,.F.,.F.,(12
    ,12),(1.,2.),.PIECEWISE_BEZIER_KNOTS.);
#5592 = CARTESIAN_POINT('',(-13.4264888743,8.570663706552));
#5593 = CARTESIAN_POINT('',(-9.429665356477,13.333892492893));
#5594 = CARTESIAN_POINT('',(-4.880650345544,17.633777783641));
#5595 = CARTESIAN_POINT('',(0.160872601116,21.399192163063));
#5596 = CARTESIAN_POINT('',(5.624915410606,24.567657784964));
#5597 = CARTESIAN_POINT('',(11.432612165162,27.087051074261));
#5598 = CARTESIAN_POINT('',(17.497985496169,28.91703501483));
#5599 = CARTESIAN_POINT('',(23.729974822775,30.030135716526));
#5600 = CARTESIAN_POINT('',(30.034640286413,30.412407364327));
#5601 = CARTESIAN_POINT('',(36.317447962722,30.063657062577));
#5602 = CARTESIAN_POINT('',(42.485533662396,28.997228497338));
#5603 = CARTESIAN_POINT('',(48.449834362689,27.239370749906));
#5604 = ( GEOMETRIC_REPRESENTATION_CONTEXT(2) 
PARAMETRIC_REPRESENTATION_CONTEXT() REPRESENTATION_CONTEXT('2D SPACE',''
  ) );
#5605 = PCURVE('',#4769,#5606);
#5606 = DEFINITIONAL_REPRESENTATION('',(#5607),#5611);
#5607 = LINE('',#5608,#5609);
#5608 = CARTESIAN_POINT('',(0.,0.));
#5609 = VECTOR('',#5610,1.);
#5610 = DIRECTION('',(1.,0.));
#5611 = ( GEOMETRIC_REPRESENTATION_CONTEXT(2) 
PARAMETRIC_REPRESENTATION_CONTEXT() REPRESENTATION_CONTEXT('2D SPACE',''
  ) );
#5612 = ORIENTED_EDGE('',*,*,#4595,.F.);
#5613 = ORIENTED_EDGE('',*,*,#5521,.F.);
#5614 = ORIENTED_EDGE('',*,*,#1258,.F.);
#5615 = ORIENTED_EDGE('',*,*,#5616,.T.);
#5616 = EDGE_CURVE('',#1259,#5573,#5617,.T.);
#5617 = SURFACE_CURVE('',#5618,(#5622,#5629),.PCURVE_S1.);
#5618 = LINE('',#5619,#5620);
#5619 = CARTESIAN_POINT('',(-4.185432888941,3.119639647807,0.));
#5620 = VECTOR('',#5621,1.);
#5621 = DIRECTION('',(-0.939692620786,0.342020143326,0.));
#5622 = PCURVE('',#1274,#5623);
#5623 = DEFINITIONAL_REPRESENTATION('',(#5624),#5628);
#5624 = LINE('',#5625,#5626);
#5625 = CARTESIAN_POINT('',(-6.200961894323,6.580127018922));
#5626 = VECTOR('',#5627,1.);
#5627 = DIRECTION('',(-0.5,0.866025403784));
#5628 = ( GEOMETRIC_REPRESENTATION_CONTEXT(2) 
PARAMETRIC_REPRESENTATION_CONTEXT() REPRESENTATION_CONTEXT('2D SPACE',''
  ) );
#5629 = PCURVE('',#1301,#5630);
#5630 = DEFINITIONAL_REPRESENTATION('',(#5631),#5635);
#5631 = LINE('',#5632,#5633);
#5632 = CARTESIAN_POINT('',(10.45,0.));
#5633 = VECTOR('',#5634,1.);
#5634 = DIRECTION('',(0.,1.));
#5635 = ( GEOMETRIC_REPRESENTATION_CONTEXT(2) 
PARAMETRIC_REPRESENTATION_CONTEXT() REPRESENTATION_CONTEXT('2D SPACE',''
  ) );
#5636 = ADVANCED_FACE('',(#5637),#1301,.F.);
#5637 = FACE_BOUND('',#5638,.F.);
#5638 = EDGE_LOOP('',(#5639,#5640,#5641,#5642,#5670));
#5639 = ORIENTED_EDGE('',*,*,#4118,.F.);
#5640 = ORIENTED_EDGE('',*,*,#1286,.F.);
#5641 = ORIENTED_EDGE('',*,*,#5616,.T.);
#5642 = ORIENTED_EDGE('',*,*,#5643,.T.);
#5643 = EDGE_CURVE('',#5573,#5644,#5646,.T.);
#5644 = VERTEX_POINT('',#5645);
#5645 = CARTESIAN_POINT('',(-12.56693750007,6.170257844625,0.));
#5646 = SURFACE_CURVE('',#5647,(#5651,#5658),.PCURVE_S1.);
#5647 = LINE('',#5648,#5649);
#5648 = CARTESIAN_POINT('',(-4.185432888941,3.119639647807,0.));
#5649 = VECTOR('',#5650,1.);
#5650 = DIRECTION('',(-0.939692620786,0.342020143326,0.));
#5651 = PCURVE('',#1301,#5652);
#5652 = DEFINITIONAL_REPRESENTATION('',(#5653),#5657);
#5653 = LINE('',#5654,#5655);
#5654 = CARTESIAN_POINT('',(10.45,0.));
#5655 = VECTOR('',#5656,1.);
#5656 = DIRECTION('',(0.,1.));
#5657 = ( GEOMETRIC_REPRESENTATION_CONTEXT(2) 
PARAMETRIC_REPRESENTATION_CONTEXT() REPRESENTATION_CONTEXT('2D SPACE',''
  ) );
#5658 = PCURVE('',#5659,#5664);
#5659 = PLANE('',#5660);
#5660 = AXIS2_PLACEMENT_3D('',#5661,#5662,#5663);
#5661 = CARTESIAN_POINT('',(-4.558133775131E-16,-1.70226710729E-17,0.));
#5662 = DIRECTION('',(0.,0.,1.));
#5663 = DIRECTION('',(1.,0.,-0.));
#5664 = DEFINITIONAL_REPRESENTATION('',(#5665),#5669);
#5665 = LINE('',#5666,#5667);
#5666 = CARTESIAN_POINT('',(-4.185432888941,3.119639647807));
#5667 = VECTOR('',#5668,1.);
#5668 = DIRECTION('',(-0.939692620786,0.342020143326));
#5669 = ( GEOMETRIC_REPRESENTATION_CONTEXT(2) 
PARAMETRIC_REPRESENTATION_CONTEXT() REPRESENTATION_CONTEXT('2D SPACE',''
  ) );
#5670 = ORIENTED_EDGE('',*,*,#5671,.T.);
#5671 = EDGE_CURVE('',#5644,#4119,#5672,.T.);
#5672 = SURFACE_CURVE('',#5673,(#5677,#5684),.PCURVE_S1.);
#5673 = LINE('',#5674,#5675);
#5674 = CARTESIAN_POINT('',(-12.56693750007,6.170257844626,-10.45));
#5675 = VECTOR('',#5676,1.);
#5676 = DIRECTION('',(0.,-0.,-1.));
#5677 = PCURVE('',#1301,#5678);
#5678 = DEFINITIONAL_REPRESENTATION('',(#5679),#5683);
#5679 = LINE('',#5680,#5681);
#5680 = CARTESIAN_POINT('',(0.,8.919410907075));
#5681 = VECTOR('',#5682,1.);
#5682 = DIRECTION('',(-1.,0.));
#5683 = ( GEOMETRIC_REPRESENTATION_CONTEXT(2) 
PARAMETRIC_REPRESENTATION_CONTEXT() REPRESENTATION_CONTEXT('2D SPACE',''
  ) );
#5684 = PCURVE('',#4158,#5685);
#5685 = DEFINITIONAL_REPRESENTATION('',(#5686),#5690);
#5686 = LINE('',#5687,#5688);
#5687 = CARTESIAN_POINT('',(-1.987046186291,0.));
#5688 = VECTOR('',#5689,1.);
#5689 = DIRECTION('',(-0.,1.));
#5690 = ( GEOMETRIC_REPRESENTATION_CONTEXT(2) 
PARAMETRIC_REPRESENTATION_CONTEXT() REPRESENTATION_CONTEXT('2D SPACE',''
  ) );
#5691 = ADVANCED_FACE('',(#5692),#1351,.T.);
#5692 = FACE_BOUND('',#5693,.T.);
#5693 = EDGE_LOOP('',(#5694,#5695,#5696,#5719));
#5694 = ORIENTED_EDGE('',*,*,#4170,.F.);
#5695 = ORIENTED_EDGE('',*,*,#1336,.F.);
#5696 = ORIENTED_EDGE('',*,*,#5697,.T.);
#5697 = EDGE_CURVE('',#1337,#5698,#5700,.T.);
#5698 = VERTEX_POINT('',#5699);
#5699 = CARTESIAN_POINT('',(9.698705962325,10.096291529882,0.));
#5700 = SURFACE_CURVE('',#5701,(#5705,#5712),.PCURVE_S1.);
#5701 = LINE('',#5702,#5703);
#5702 = CARTESIAN_POINT('',(2.866040801065,4.363004713111,0.));
#5703 = VECTOR('',#5704,1.);
#5704 = DIRECTION('',(0.766044443119,0.642787609687,0.));
#5705 = PCURVE('',#1351,#5706);
#5706 = DEFINITIONAL_REPRESENTATION('',(#5707),#5711);
#5707 = LINE('',#5708,#5709);
#5708 = CARTESIAN_POINT('',(10.45,0.));
#5709 = VECTOR('',#5710,1.);
#5710 = DIRECTION('',(0.,1.));
#5711 = ( GEOMETRIC_REPRESENTATION_CONTEXT(2) 
PARAMETRIC_REPRESENTATION_CONTEXT() REPRESENTATION_CONTEXT('2D SPACE',''
  ) );
#5712 = PCURVE('',#1379,#5713);
#5713 = DEFINITIONAL_REPRESENTATION('',(#5714),#5718);
#5714 = LINE('',#5715,#5716);
#5715 = CARTESIAN_POINT('',(-4.440892098501E-16,3.));
#5716 = VECTOR('',#5717,1.);
#5717 = DIRECTION('',(1.,0.));
#5718 = ( GEOMETRIC_REPRESENTATION_CONTEXT(2) 
PARAMETRIC_REPRESENTATION_CONTEXT() REPRESENTATION_CONTEXT('2D SPACE',''
  ) );
#5719 = ORIENTED_EDGE('',*,*,#5720,.T.);
#5720 = EDGE_CURVE('',#5698,#4142,#5721,.T.);
#5721 = SURFACE_CURVE('',#5722,(#5726,#5733),.PCURVE_S1.);
#5722 = LINE('',#5723,#5724);
#5723 = CARTESIAN_POINT('',(9.698705962325,10.096291529882,-10.45));
#5724 = VECTOR('',#5725,1.);
#5725 = DIRECTION('',(0.,-0.,-1.));
#5726 = PCURVE('',#1351,#5727);
#5727 = DEFINITIONAL_REPRESENTATION('',(#5728),#5732);
#5728 = LINE('',#5729,#5730);
#5729 = CARTESIAN_POINT('',(0.,8.919410907075));
#5730 = VECTOR('',#5731,1.);
#5731 = DIRECTION('',(-1.,0.));
#5732 = ( GEOMETRIC_REPRESENTATION_CONTEXT(2) 
PARAMETRIC_REPRESENTATION_CONTEXT() REPRESENTATION_CONTEXT('2D SPACE',''
  ) );
#5733 = PCURVE('',#4158,#5734);
#5734 = DEFINITIONAL_REPRESENTATION('',(#5735),#5739);
#5735 = LINE('',#5736,#5737);
#5736 = CARTESIAN_POINT('',(-0.107348916102,0.));
#5737 = VECTOR('',#5738,1.);
#5738 = DIRECTION('',(-0.,1.));
#5739 = ( GEOMETRIC_REPRESENTATION_CONTEXT(2) 
PARAMETRIC_REPRESENTATION_CONTEXT() REPRESENTATION_CONTEXT('2D SPACE',''
  ) );
#5740 = ADVANCED_FACE('',(#5741),#1379,.T.);
#5741 = FACE_BOUND('',#5742,.T.);
#5742 = EDGE_LOOP('',(#5743,#5771,#5799,#5823,#5864,#5886,#5887,#5888,
    #5909,#5910));
#5743 = ORIENTED_EDGE('',*,*,#5744,.F.);
#5744 = EDGE_CURVE('',#5745,#1608,#5747,.T.);
#5745 = VERTEX_POINT('',#5746);
#5746 = CARTESIAN_POINT('',(12.058574118493,12.07645602935,0.));
#5747 = SURFACE_CURVE('',#5748,(#5752,#5759),.PCURVE_S1.);
#5748 = LINE('',#5749,#5750);
#5749 = CARTESIAN_POINT('',(12.058574118493,12.07645602935,0.));
#5750 = VECTOR('',#5751,1.);
#5751 = DIRECTION('',(0.642787609687,-0.766044443119,0.));
#5752 = PCURVE('',#1379,#5753);
#5753 = DEFINITIONAL_REPRESENTATION('',(#5754),#5758);
#5754 = LINE('',#5755,#5756);
#5755 = CARTESIAN_POINT('',(12.,3.));
#5756 = VECTOR('',#5757,1.);
#5757 = DIRECTION('',(0.,-1.));
#5758 = ( GEOMETRIC_REPRESENTATION_CONTEXT(2) 
PARAMETRIC_REPRESENTATION_CONTEXT() REPRESENTATION_CONTEXT('2D SPACE',''
  ) );
#5759 = PCURVE('',#5760,#5765);
#5760 = PLANE('',#5761);
#5761 = AXIS2_PLACEMENT_3D('',#5762,#5763,#5764);
#5762 = CARTESIAN_POINT('',(13.986936947552,9.778322699993,-10.45));
#5763 = DIRECTION('',(0.766044443119,0.642787609687,0.));
#5764 = DIRECTION('',(0.,0.,1.));
#5765 = DEFINITIONAL_REPRESENTATION('',(#5766),#5770);
#5766 = LINE('',#5767,#5768);
#5767 = CARTESIAN_POINT('',(10.45,-3.));
#5768 = VECTOR('',#5769,1.);
#5769 = DIRECTION('',(0.,1.));
#5770 = ( GEOMETRIC_REPRESENTATION_CONTEXT(2) 
PARAMETRIC_REPRESENTATION_CONTEXT() REPRESENTATION_CONTEXT('2D SPACE',''
  ) );
#5771 = ORIENTED_EDGE('',*,*,#5772,.F.);
#5772 = EDGE_CURVE('',#5773,#5745,#5775,.T.);
#5773 = VERTEX_POINT('',#5774);
#5774 = CARTESIAN_POINT('',(12.007780945614,12.033835496721,0.));
#5775 = SURFACE_CURVE('',#5776,(#5780,#5787),.PCURVE_S1.);
#5776 = LINE('',#5777,#5778);
#5777 = CARTESIAN_POINT('',(2.866040801065,4.363004713111,0.));
#5778 = VECTOR('',#5779,1.);
#5779 = DIRECTION('',(0.766044443119,0.642787609687,0.));
#5780 = PCURVE('',#1379,#5781);
#5781 = DEFINITIONAL_REPRESENTATION('',(#5782),#5786);
#5782 = LINE('',#5783,#5784);
#5783 = CARTESIAN_POINT('',(-4.440892098501E-16,3.));
#5784 = VECTOR('',#5785,1.);
#5785 = DIRECTION('',(1.,0.));
#5786 = ( GEOMETRIC_REPRESENTATION_CONTEXT(2) 
PARAMETRIC_REPRESENTATION_CONTEXT() REPRESENTATION_CONTEXT('2D SPACE',''
  ) );
#5787 = PCURVE('',#5788,#5793);
#5788 = PLANE('',#5789);
#5789 = AXIS2_PLACEMENT_3D('',#5790,#5791,#5792);
#5790 = CARTESIAN_POINT('',(2.866040801065,4.363004713111,-10.45));
#5791 = DIRECTION('',(-0.642787609687,0.766044443119,0.));
#5792 = DIRECTION('',(0.,0.,1.));
#5793 = DEFINITIONAL_REPRESENTATION('',(#5794),#5798);
#5794 = LINE('',#5795,#5796);
#5795 = CARTESIAN_POINT('',(10.45,0.));
#5796 = VECTOR('',#5797,1.);
#5797 = DIRECTION('',(0.,1.));
#5798 = ( GEOMETRIC_REPRESENTATION_CONTEXT(2) 
PARAMETRIC_REPRESENTATION_CONTEXT() REPRESENTATION_CONTEXT('2D SPACE',''
  ) );
#5799 = ORIENTED_EDGE('',*,*,#5800,.T.);
#5800 = EDGE_CURVE('',#5773,#5801,#5803,.T.);
#5801 = VERTEX_POINT('',#5802);
#5802 = CARTESIAN_POINT('',(-9.25000000294,14.263151823691,0.));
#5803 = SURFACE_CURVE('',#5804,(#5809,#5816),.PCURVE_S1.);
#5804 = CIRCLE('',#5805,17.);
#5805 = AXIS2_PLACEMENT_3D('',#5806,#5807,#5808);
#5806 = CARTESIAN_POINT('',(0.,0.,0.));
#5807 = DIRECTION('',(0.,-0.,1.));
#5808 = DIRECTION('',(0.766044443119,0.642787609687,0.));
#5809 = PCURVE('',#1379,#5810);
#5810 = DEFINITIONAL_REPRESENTATION('',(#5811),#5815);
#5811 = CIRCLE('',#5812,17.);
#5812 = AXIS2_PLACEMENT_2D('',#5813,#5814);
#5813 = CARTESIAN_POINT('',(-5.,1.5));
#5814 = DIRECTION('',(1.,0.));
#5815 = ( GEOMETRIC_REPRESENTATION_CONTEXT(2) 
PARAMETRIC_REPRESENTATION_CONTEXT() REPRESENTATION_CONTEXT('2D SPACE',''
  ) );
#5816 = PCURVE('',#3801,#5817);
#5817 = DEFINITIONAL_REPRESENTATION('',(#5818),#5822);
#5818 = LINE('',#5819,#5820);
#5819 = CARTESIAN_POINT('',(-0.,-10.45));
#5820 = VECTOR('',#5821,1.);
#5821 = DIRECTION('',(-1.,0.));
#5822 = ( GEOMETRIC_REPRESENTATION_CONTEXT(2) 
PARAMETRIC_REPRESENTATION_CONTEXT() REPRESENTATION_CONTEXT('2D SPACE',''
  ) );
#5823 = ORIENTED_EDGE('',*,*,#5824,.F.);
#5824 = EDGE_CURVE('',#5825,#5801,#5827,.T.);
#5825 = VERTEX_POINT('',#5826);
#5826 = CARTESIAN_POINT('',(-10.21874999774,9.569595001021,0.));
#5827 = SURFACE_CURVE('',#5828,(#5841,#5857),.PCURVE_S1.);
#5828 = B_SPLINE_CURVE_WITH_KNOTS('',11,(#5829,#5830,#5831,#5832,#5833,
    #5834,#5835,#5836,#5837,#5838,#5839,#5840),.UNSPECIFIED.,.F.,.F.,(12
    ,12),(1.,2.),.PIECEWISE_BEZIER_KNOTS.);
#5829 = CARTESIAN_POINT('',(-11.,-5.758315878539E-15,0.));
#5830 = CARTESIAN_POINT('',(-11.,6.217953578447,0.));
#5831 = CARTESIAN_POINT('',(-10.27916531717,12.435907296779,0.));
#5832 = CARTESIAN_POINT('',(-8.837496387459,18.561010542239,0.));
#5833 = CARTESIAN_POINT('',(-6.68844719976,24.500415041847,0.));
#5834 = CARTESIAN_POINT('',(-3.8589281639,30.163497785789,0.));
#5835 = CARTESIAN_POINT('',(-0.388873631163,35.464093639754,0.));
#5836 = CARTESIAN_POINT('',(3.669619822677,40.322623769761,0.));
#5837 = CARTESIAN_POINT('',(8.25355428808,44.668021684566,0.));
#5838 = CARTESIAN_POINT('',(13.290636568541,48.439374382249,0.));
#5839 = CARTESIAN_POINT('',(18.701151411809,51.5872117691,0.));
#5840 = CARTESIAN_POINT('',(24.4,54.074393200479,0.));
#5841 = PCURVE('',#1379,#5842);
#5842 = DEFINITIONAL_REPRESENTATION('',(#5843),#5856);
#5843 = B_SPLINE_CURVE_WITH_KNOTS('',11,(#5844,#5845,#5846,#5847,#5848,
    #5849,#5850,#5851,#5852,#5853,#5854,#5855),.UNSPECIFIED.,.F.,.F.,(12
    ,12),(1.,2.),.PIECEWISE_BEZIER_KNOTS.);
#5844 = CARTESIAN_POINT('',(-13.4264888743,8.570663706552));
#5845 = CARTESIAN_POINT('',(-9.429665356477,13.333892492893));
#5846 = CARTESIAN_POINT('',(-4.880650345544,17.633777783641));
#5847 = CARTESIAN_POINT('',(0.160872601116,21.399192163063));
#5848 = CARTESIAN_POINT('',(5.624915410606,24.567657784964));
#5849 = CARTESIAN_POINT('',(11.432612165162,27.087051074261));
#5850 = CARTESIAN_POINT('',(17.497985496169,28.91703501483));
#5851 = CARTESIAN_POINT('',(23.729974822775,30.030135716526));
#5852 = CARTESIAN_POINT('',(30.034640286413,30.412407364327));
#5853 = CARTESIAN_POINT('',(36.317447962722,30.063657062577));
#5854 = CARTESIAN_POINT('',(42.485533662396,28.997228497338));
#5855 = CARTESIAN_POINT('',(48.449834362689,27.239370749906));
#5856 = ( GEOMETRIC_REPRESENTATION_CONTEXT(2) 
PARAMETRIC_REPRESENTATION_CONTEXT() REPRESENTATION_CONTEXT('2D SPACE',''
  ) );
#5857 = PCURVE('',#4769,#5858);
#5858 = DEFINITIONAL_REPRESENTATION('',(#5859),#5863);
#5859 = LINE('',#5860,#5861);
#5860 = CARTESIAN_POINT('',(0.,0.));
#5861 = VECTOR('',#5862,1.);
#5862 = DIRECTION('',(1.,0.));
#5863 = ( GEOMETRIC_REPRESENTATION_CONTEXT(2) 
PARAMETRIC_REPRESENTATION_CONTEXT() REPRESENTATION_CONTEXT('2D SPACE',''
  ) );
#5864 = ORIENTED_EDGE('',*,*,#5865,.F.);
#5865 = EDGE_CURVE('',#5698,#5825,#5866,.T.);
#5866 = SURFACE_CURVE('',#5867,(#5872,#5879),.PCURVE_S1.);
#5867 = CIRCLE('',#5868,14.);
#5868 = AXIS2_PLACEMENT_3D('',#5869,#5870,#5871);
#5869 = CARTESIAN_POINT('',(6.157774285068E-14,5.276109386373E-14,0.));
#5870 = DIRECTION('',(0.,-0.,1.));
#5871 = DIRECTION('',(0.766044443119,0.642787609687,0.));
#5872 = PCURVE('',#1379,#5873);
#5873 = DEFINITIONAL_REPRESENTATION('',(#5874),#5878);
#5874 = CIRCLE('',#5875,14.);
#5875 = AXIS2_PLACEMENT_2D('',#5876,#5877);
#5876 = CARTESIAN_POINT('',(-5.,1.5));
#5877 = DIRECTION('',(1.,0.));
#5878 = ( GEOMETRIC_REPRESENTATION_CONTEXT(2) 
PARAMETRIC_REPRESENTATION_CONTEXT() REPRESENTATION_CONTEXT('2D SPACE',''
  ) );
#5879 = PCURVE('',#4158,#5880);
#5880 = DEFINITIONAL_REPRESENTATION('',(#5881),#5885);
#5881 = LINE('',#5882,#5883);
#5882 = CARTESIAN_POINT('',(-0.,-10.45));
#5883 = VECTOR('',#5884,1.);
#5884 = DIRECTION('',(-1.,0.));
#5885 = ( GEOMETRIC_REPRESENTATION_CONTEXT(2) 
PARAMETRIC_REPRESENTATION_CONTEXT() REPRESENTATION_CONTEXT('2D SPACE',''
  ) );
#5886 = ORIENTED_EDGE('',*,*,#5697,.F.);
#5887 = ORIENTED_EDGE('',*,*,#1363,.F.);
#5888 = ORIENTED_EDGE('',*,*,#5889,.T.);
#5889 = EDGE_CURVE('',#1364,#1997,#5890,.T.);
#5890 = SURFACE_CURVE('',#5891,(#5895,#5902),.PCURVE_S1.);
#5891 = LINE('',#5892,#5893);
#5892 = CARTESIAN_POINT('',(4.794403630125,2.064871383754,0.));
#5893 = VECTOR('',#5894,1.);
#5894 = DIRECTION('',(0.766044443119,0.642787609687,0.));
#5895 = PCURVE('',#1379,#5896);
#5896 = DEFINITIONAL_REPRESENTATION('',(#5897),#5901);
#5897 = LINE('',#5898,#5899);
#5898 = CARTESIAN_POINT('',(0.,0.));
#5899 = VECTOR('',#5900,1.);
#5900 = DIRECTION('',(1.,0.));
#5901 = ( GEOMETRIC_REPRESENTATION_CONTEXT(2) 
PARAMETRIC_REPRESENTATION_CONTEXT() REPRESENTATION_CONTEXT('2D SPACE',''
  ) );
#5902 = PCURVE('',#1404,#5903);
#5903 = DEFINITIONAL_REPRESENTATION('',(#5904),#5908);
#5904 = LINE('',#5905,#5906);
#5905 = CARTESIAN_POINT('',(10.45,0.));
#5906 = VECTOR('',#5907,1.);
#5907 = DIRECTION('',(0.,1.));
#5908 = ( GEOMETRIC_REPRESENTATION_CONTEXT(2) 
PARAMETRIC_REPRESENTATION_CONTEXT() REPRESENTATION_CONTEXT('2D SPACE',''
  ) );
#5909 = ORIENTED_EDGE('',*,*,#1996,.F.);
#5910 = ORIENTED_EDGE('',*,*,#1653,.F.);
#5911 = ADVANCED_FACE('',(#5912),#1404,.F.);
#5912 = FACE_BOUND('',#5913,.F.);
#5913 = EDGE_LOOP('',(#5914,#5915,#5916,#5917));
#5914 = ORIENTED_EDGE('',*,*,#3987,.F.);
#5915 = ORIENTED_EDGE('',*,*,#1391,.F.);
#5916 = ORIENTED_EDGE('',*,*,#5889,.T.);
#5917 = ORIENTED_EDGE('',*,*,#2020,.T.);
#5918 = ADVANCED_FACE('',(#5919),#1503,.T.);
#5919 = FACE_BOUND('',#5920,.T.);
#5920 = EDGE_LOOP('',(#5921,#5960,#5961,#6000));
#5921 = ORIENTED_EDGE('',*,*,#5922,.T.);
#5922 = EDGE_CURVE('',#2116,#1481,#5923,.T.);
#5923 = SURFACE_CURVE('',#5924,(#5937,#5944),.PCURVE_S1.);
#5924 = B_SPLINE_CURVE_WITH_KNOTS('',11,(#5925,#5926,#5927,#5928,#5929,
    #5930,#5931,#5932,#5933,#5934,#5935,#5936),.UNSPECIFIED.,.F.,.F.,(12
    ,12),(5.,6.),.PIECEWISE_BEZIER_KNOTS.);
#5925 = CARTESIAN_POINT('',(59.,1.040330798639E-15,0.));
#5926 = CARTESIAN_POINT('',(59.181818181818,9.457552714897E-16,0.));
#5927 = CARTESIAN_POINT('',(59.363636363636,8.511797443407E-16,0.));
#5928 = CARTESIAN_POINT('',(59.545454545455,7.566042171918E-16,0.));
#5929 = CARTESIAN_POINT('',(59.727272727273,6.620286900428E-16,0.));
#5930 = CARTESIAN_POINT('',(59.909090909091,5.674531628938E-16,0.));
#5931 = CARTESIAN_POINT('',(60.090909090909,4.728776357448E-16,0.));
#5932 = CARTESIAN_POINT('',(60.272727272727,3.783021085959E-16,0.));
#5933 = CARTESIAN_POINT('',(60.454545454545,2.837265814469E-16,0.));
#5934 = CARTESIAN_POINT('',(60.636363636364,1.891510542979E-16,0.));
#5935 = CARTESIAN_POINT('',(60.818181818182,9.457552714897E-17,0.));
#5936 = CARTESIAN_POINT('',(61.,0.,0.));
#5937 = PCURVE('',#1503,#5938);
#5938 = DEFINITIONAL_REPRESENTATION('',(#5939),#5943);
#5939 = LINE('',#5940,#5941);
#5940 = CARTESIAN_POINT('',(0.,0.));
#5941 = VECTOR('',#5942,1.);
#5942 = DIRECTION('',(1.,0.));
#5943 = ( GEOMETRIC_REPRESENTATION_CONTEXT(2) 
PARAMETRIC_REPRESENTATION_CONTEXT() REPRESENTATION_CONTEXT('2D SPACE',''
  ) );
#5944 = PCURVE('',#1632,#5945);
#5945 = DEFINITIONAL_REPRESENTATION('',(#5946),#5959);
#5946 = B_SPLINE_CURVE_WITH_KNOTS('',11,(#5947,#5948,#5949,#5950,#5951,
    #5952,#5953,#5954,#5955,#5956,#5957,#5958),.UNSPECIFIED.,.F.,.F.,(12
    ,12),(5.,6.),.PIECEWISE_BEZIER_KNOTS.);
#5947 = CARTESIAN_POINT('',(59.,1.057353469712E-15));
#5948 = CARTESIAN_POINT('',(59.181818181818,9.627779425626E-16));
#5949 = CARTESIAN_POINT('',(59.363636363636,8.682024154136E-16));
#5950 = CARTESIAN_POINT('',(59.545454545455,7.736268882647E-16));
#5951 = CARTESIAN_POINT('',(59.727272727273,6.790513611157E-16));
#5952 = CARTESIAN_POINT('',(59.909090909091,5.844758339667E-16));
#5953 = CARTESIAN_POINT('',(60.090909090909,4.899003068177E-16));
#5954 = CARTESIAN_POINT('',(60.272727272727,3.953247796688E-16));
#5955 = CARTESIAN_POINT('',(60.454545454545,3.007492525198E-16));
#5956 = CARTESIAN_POINT('',(60.636363636364,2.061737253708E-16));
#5957 = CARTESIAN_POINT('',(60.818181818182,1.115981982219E-16));
#5958 = CARTESIAN_POINT('',(61.,1.70226710729E-17));
#5959 = ( GEOMETRIC_REPRESENTATION_CONTEXT(2) 
PARAMETRIC_REPRESENTATION_CONTEXT() REPRESENTATION_CONTEXT('2D SPACE',''
  ) );
#5960 = ORIENTED_EDGE('',*,*,#1480,.T.);
#5961 = ORIENTED_EDGE('',*,*,#5962,.F.);
#5962 = EDGE_CURVE('',#2157,#1483,#5963,.T.);
#5963 = SURFACE_CURVE('',#5964,(#5977,#5984),.PCURVE_S1.);
#5964 = B_SPLINE_CURVE_WITH_KNOTS('',11,(#5965,#5966,#5967,#5968,#5969,
    #5970,#5971,#5972,#5973,#5974,#5975,#5976),.UNSPECIFIED.,.F.,.F.,(12
    ,12),(5.,6.),.PIECEWISE_BEZIER_KNOTS.);
#5965 = CARTESIAN_POINT('',(29.5,51.095498823282,70.));
#5966 = CARTESIAN_POINT('',(29.590909090909,51.252957987606,70.));
#5967 = CARTESIAN_POINT('',(29.681818181818,51.410417151931,70.));
#5968 = CARTESIAN_POINT('',(29.772727272727,51.567876316255,70.));
#5969 = CARTESIAN_POINT('',(29.863636363636,51.72533548058,70.));
#5970 = CARTESIAN_POINT('',(29.954545454545,51.882794644904,70.));
#5971 = CARTESIAN_POINT('',(30.045454545455,52.040253809229,70.));
#5972 = CARTESIAN_POINT('',(30.136363636364,52.197712973553,70.));
#5973 = CARTESIAN_POINT('',(30.227272727273,52.355172137877,70.));
#5974 = CARTESIAN_POINT('',(30.318181818182,52.512631302202,70.));
#5975 = CARTESIAN_POINT('',(30.409090909091,52.670090466526,70.));
#5976 = CARTESIAN_POINT('',(30.5,52.827549630851,70.));
#5977 = PCURVE('',#1503,#5978);
#5978 = DEFINITIONAL_REPRESENTATION('',(#5979),#5983);
#5979 = LINE('',#5980,#5981);
#5980 = CARTESIAN_POINT('',(0.,1.));
#5981 = VECTOR('',#5982,1.);
#5982 = DIRECTION('',(1.,0.));
#5983 = ( GEOMETRIC_REPRESENTATION_CONTEXT(2) 
PARAMETRIC_REPRESENTATION_CONTEXT() REPRESENTATION_CONTEXT('2D SPACE',''
  ) );
#5984 = PCURVE('',#1848,#5985);
#5985 = DEFINITIONAL_REPRESENTATION('',(#5986),#5999);
#5986 = B_SPLINE_CURVE_WITH_KNOTS('',11,(#5987,#5988,#5989,#5990,#5991,
    #5992,#5993,#5994,#5995,#5996,#5997,#5998),.UNSPECIFIED.,.F.,.F.,(12
    ,12),(5.,6.),.PIECEWISE_BEZIER_KNOTS.);
#5987 = CARTESIAN_POINT('',(1.668570896457,1.10266548123));
#5988 = CARTESIAN_POINT('',(1.516882633143,1.002423164755));
#5989 = CARTESIAN_POINT('',(1.365194369829,0.902180848279));
#5990 = CARTESIAN_POINT('',(1.213506106514,0.801938531804));
#5991 = CARTESIAN_POINT('',(1.0618178432,0.701696215328));
#5992 = CARTESIAN_POINT('',(0.910129579886,0.601453898853));
#5993 = CARTESIAN_POINT('',(0.758441316571,0.501211582377));
#5994 = CARTESIAN_POINT('',(0.606753053257,0.400969265902));
#5995 = CARTESIAN_POINT('',(0.455064789943,0.300726949426));
#5996 = CARTESIAN_POINT('',(0.303376526629,0.200484632951));
#5997 = CARTESIAN_POINT('',(0.151688263314,0.100242316475));
#5998 = CARTESIAN_POINT('',(7.105427357601E-15,0.));
#5999 = ( GEOMETRIC_REPRESENTATION_CONTEXT(2) 
PARAMETRIC_REPRESENTATION_CONTEXT() REPRESENTATION_CONTEXT('2D SPACE',''
  ) );
#6000 = ORIENTED_EDGE('',*,*,#2156,.F.);
#6001 = ADVANCED_FACE('',(#6002,#6601),#1848,.F.);
#6002 = FACE_BOUND('',#6003,.F.);
#6003 = EDGE_LOOP('',(#6004,#6005,#6031,#6032,#6071,#6072,#6100,#6141,
    #6279,#6320,#6353,#6394,#6532,#6573,#6599,#6600));
#6004 = ORIENTED_EDGE('',*,*,#2184,.F.);
#6005 = ORIENTED_EDGE('',*,*,#6006,.F.);
#6006 = EDGE_CURVE('',#2837,#2185,#6007,.T.);
#6007 = SURFACE_CURVE('',#6008,(#6013,#6024),.PCURVE_S1.);
#6008 = CIRCLE('',#6009,17.);
#6009 = AXIS2_PLACEMENT_3D('',#6010,#6011,#6012);
#6010 = CARTESIAN_POINT('',(0.,0.,70.));
#6011 = DIRECTION('',(0.,0.,1.));
#6012 = DIRECTION('',(1.,0.,0.));
#6013 = PCURVE('',#1848,#6014);
#6014 = DEFINITIONAL_REPRESENTATION('',(#6015),#6023);
#6015 = ( BOUNDED_CURVE() B_SPLINE_CURVE(2,(#6016,#6017,#6018,#6019,
#6020,#6021,#6022),.UNSPECIFIED.,.T.,.F.) B_SPLINE_CURVE_WITH_KNOTS((1,2
    ,2,2,2,1),(-2.094395102393,0.,2.094395102393,4.188790204786,
6.28318530718,8.377580409573),.UNSPECIFIED.) CURVE() 
GEOMETRIC_REPRESENTATION_ITEM() RATIONAL_B_SPLINE_CURVE((1.,0.5,1.,0.5,
1.,0.5,1.)) REPRESENTATION_ITEM('') );
#6016 = CARTESIAN_POINT('',(51.916944740281,16.662258215338));
#6017 = CARTESIAN_POINT('',(22.525707102171,14.885983996606));
#6018 = CARTESIAN_POINT('',(35.683027323717,41.227679549241));
#6019 = CARTESIAN_POINT('',(48.840347545263,67.569375101875));
#6020 = CARTESIAN_POINT('',(65.074264961827,43.003953767972));
#6021 = CARTESIAN_POINT('',(81.308182378391,18.43853243407));
#6022 = CARTESIAN_POINT('',(51.916944740281,16.662258215338));
#6023 = ( GEOMETRIC_REPRESENTATION_CONTEXT(2) 
PARAMETRIC_REPRESENTATION_CONTEXT() REPRESENTATION_CONTEXT('2D SPACE',''
  ) );
#6024 = PCURVE('',#2245,#6025);
#6025 = DEFINITIONAL_REPRESENTATION('',(#6026),#6030);
#6026 = LINE('',#6027,#6028);
#6027 = CARTESIAN_POINT('',(-0.,-3.5));
#6028 = VECTOR('',#6029,1.);
#6029 = DIRECTION('',(-1.,0.));
#6030 = ( GEOMETRIC_REPRESENTATION_CONTEXT(2) 
PARAMETRIC_REPRESENTATION_CONTEXT() REPRESENTATION_CONTEXT('2D SPACE',''
  ) );
#6031 = ORIENTED_EDGE('',*,*,#2865,.F.);
#6032 = ORIENTED_EDGE('',*,*,#6033,.F.);
#6033 = EDGE_CURVE('',#3020,#2568,#6034,.T.);
#6034 = SURFACE_CURVE('',#6035,(#6048,#6064),.PCURVE_S1.);
#6035 = B_SPLINE_CURVE_WITH_KNOTS('',11,(#6036,#6037,#6038,#6039,#6040,
    #6041,#6042,#6043,#6044,#6045,#6046,#6047),.UNSPECIFIED.,.F.,.F.,(12
    ,12),(2.,3.),.PIECEWISE_BEZIER_KNOTS.);
#6036 = CARTESIAN_POINT('',(34.629798205843,-48.16821645258,70.));
#6037 = CARTESIAN_POINT('',(34.810475550083,-48.18855234494,70.));
#6038 = CARTESIAN_POINT('',(34.991152894323,-48.2088882373,70.));
#6039 = CARTESIAN_POINT('',(35.171830238563,-48.22922412966,70.));
#6040 = CARTESIAN_POINT('',(35.352507582803,-48.24956002202,70.));
#6041 = CARTESIAN_POINT('',(35.533184927043,-48.26989591438,70.));
#6042 = CARTESIAN_POINT('',(35.713862271283,-48.29023180674,70.));
#6043 = CARTESIAN_POINT('',(35.894539615522,-48.3105676991,70.));
#6044 = CARTESIAN_POINT('',(36.075216959762,-48.33090359146,70.));
#6045 = CARTESIAN_POINT('',(36.255894304002,-48.35123948382,70.));
#6046 = CARTESIAN_POINT('',(36.436571648242,-48.37157537618,70.));
#6047 = CARTESIAN_POINT('',(36.617248992482,-48.39191126854,70.));
#6048 = PCURVE('',#1848,#6049);
#6049 = DEFINITIONAL_REPRESENTATION('',(#6050),#6063);
#6050 = B_SPLINE_CURVE_WITH_KNOTS('',11,(#6051,#6052,#6053,#6054,#6055,
    #6056,#6057,#6058,#6059,#6060,#6061,#6062),.UNSPECIFIED.,.F.,.F.,(12
    ,12),(2.,3.),.PIECEWISE_BEZIER_KNOTS.);
#6051 = CARTESIAN_POINT('',(101.06096067903,1.970336679575));
#6052 = CARTESIAN_POINT('',(101.09215897432,1.79121516325));
#6053 = CARTESIAN_POINT('',(101.12335726961,1.612093646925));
#6054 = CARTESIAN_POINT('',(101.1545555649,1.4329721306));
#6055 = CARTESIAN_POINT('',(101.1857538602,1.253850614275));
#6056 = CARTESIAN_POINT('',(101.21695215549,1.07472909795));
#6057 = CARTESIAN_POINT('',(101.24815045078,0.895607581625));
#6058 = CARTESIAN_POINT('',(101.27934874607,0.7164860653));
#6059 = CARTESIAN_POINT('',(101.31054704136,0.537364548975));
#6060 = CARTESIAN_POINT('',(101.34174533665,0.35824303265));
#6061 = CARTESIAN_POINT('',(101.37294363194,0.179121516325));
#6062 = CARTESIAN_POINT('',(101.40414192724,-7.105427357601E-15));
#6063 = ( GEOMETRIC_REPRESENTATION_CONTEXT(2) 
PARAMETRIC_REPRESENTATION_CONTEXT() REPRESENTATION_CONTEXT('2D SPACE',''
  ) );
#6064 = PCURVE('',#2588,#6065);
#6065 = DEFINITIONAL_REPRESENTATION('',(#6066),#6070);
#6066 = LINE('',#6067,#6068);
#6067 = CARTESIAN_POINT('',(0.,1.));
#6068 = VECTOR('',#6069,1.);
#6069 = DIRECTION('',(1.,0.));
#6070 = ( GEOMETRIC_REPRESENTATION_CONTEXT(2) 
PARAMETRIC_REPRESENTATION_CONTEXT() REPRESENTATION_CONTEXT('2D SPACE',''
  ) );
#6071 = ORIENTED_EDGE('',*,*,#3047,.F.);
#6072 = ORIENTED_EDGE('',*,*,#6073,.F.);
#6073 = EDGE_CURVE('',#6074,#3048,#6076,.T.);
#6074 = VERTEX_POINT('',#6075);
#6075 = CARTESIAN_POINT('',(2.466605843994,-16.82010272294,70.));
#6076 = SURFACE_CURVE('',#6077,(#6082,#6093),.PCURVE_S1.);
#6077 = CIRCLE('',#6078,17.);
#6078 = AXIS2_PLACEMENT_3D('',#6079,#6080,#6081);
#6079 = CARTESIAN_POINT('',(0.,0.,70.));
#6080 = DIRECTION('',(-3.944304526105E-31,-1.689746483631E-15,1.));
#6081 = DIRECTION('',(0.145094461411,-0.989417807232,-1.671865260612E-15
    ));
#6082 = PCURVE('',#1848,#6083);
#6083 = DEFINITIONAL_REPRESENTATION('',(#6084),#6092);
#6084 = ( BOUNDED_CURVE() B_SPLINE_CURVE(2,(#6085,#6086,#6087,#6088,
#6089,#6090,#6091),.UNSPECIFIED.,.T.,.F.) B_SPLINE_CURVE_WITH_KNOTS((1,2
    ,2,2,2,1),(-2.094395102393,0.,2.094395102393,4.188790204786,
6.28318530718,8.377580409573),.UNSPECIFIED.) CURVE() 
GEOMETRIC_REPRESENTATION_ITEM() RATIONAL_B_SPLINE_CURVE((1.,0.5,1.,0.5,
1.,0.5,1.)) REPRESENTATION_ITEM('') );
#6085 = CARTESIAN_POINT('',(67.829680733732,32.18386362544));
#6086 = CARTESIAN_POINT('',(65.322652280956,2.845922178622));
#6087 = CARTESIAN_POINT('',(41.168763919658,19.686043230146));
#6088 = CARTESIAN_POINT('',(17.014875558361,36.52616428167));
#6089 = CARTESIAN_POINT('',(43.675792372435,49.023984676965));
#6090 = CARTESIAN_POINT('',(70.336709186508,61.521805072259));
#6091 = CARTESIAN_POINT('',(67.829680733732,32.18386362544));
#6092 = ( GEOMETRIC_REPRESENTATION_CONTEXT(2) 
PARAMETRIC_REPRESENTATION_CONTEXT() REPRESENTATION_CONTEXT('2D SPACE',''
  ) );
#6093 = PCURVE('',#3108,#6094);
#6094 = DEFINITIONAL_REPRESENTATION('',(#6095),#6099);
#6095 = LINE('',#6096,#6097);
#6096 = CARTESIAN_POINT('',(-4.857997423932,-3.5));
#6097 = VECTOR('',#6098,1.);
#6098 = DIRECTION('',(-1.,0.));
#6099 = ( GEOMETRIC_REPRESENTATION_CONTEXT(2) 
PARAMETRIC_REPRESENTATION_CONTEXT() REPRESENTATION_CONTEXT('2D SPACE',''
  ) );
#6100 = ORIENTED_EDGE('',*,*,#6101,.F.);
#6101 = EDGE_CURVE('',#6102,#6074,#6104,.T.);
#6102 = VERTEX_POINT('',#6103);
#6103 = CARTESIAN_POINT('',(-30.5,-52.82754963085,70.));
#6104 = SURFACE_CURVE('',#6105,(#6118,#6134),.PCURVE_S1.);
#6105 = B_SPLINE_CURVE_WITH_KNOTS('',11,(#6106,#6107,#6108,#6109,#6110,
    #6111,#6112,#6113,#6114,#6115,#6116,#6117),.UNSPECIFIED.,.F.,.F.,(12
    ,12),(0.,1.),.PIECEWISE_BEZIER_KNOTS.);
#6106 = CARTESIAN_POINT('',(-30.5,-52.82754963085,70.));
#6107 = CARTESIAN_POINT('',(-24.31659307647,-56.39754128265,
    69.999999999999));
#6108 = CARTESIAN_POINT('',(-17.01164065862,-58.02495803895,
    70.000000000005));
#6109 = CARTESIAN_POINT('',(-9.263224762502,-57.31830967443,
    69.999999999988));
#6110 = CARTESIAN_POINT('',(-1.903191999153,-54.15237096018,
    70.000000000022));
#6111 = CARTESIAN_POINT('',(4.202466984672,-48.73726719515,
    69.999999999969));
#6112 = CARTESIAN_POINT('',(8.308944994363,-41.62463864218,
    70.000000000034));
#6113 = CARTESIAN_POINT('',(9.945732927104,-33.62943097284,
    69.999999999972));
#6114 = CARTESIAN_POINT('',(9.007499898791,-25.67248626996,
    70.000000000017));
#6115 = CARTESIAN_POINT('',(5.745267385949,-18.60883708258,
    69.999999999993));
#6116 = CARTESIAN_POINT('',(0.683406923526,-13.09627109343,
    70.000000000002));
#6117 = CARTESIAN_POINT('',(-5.5,-9.526279441629,70.));
#6118 = PCURVE('',#1848,#6119);
#6119 = DEFINITIONAL_REPRESENTATION('',(#6120),#6133);
#6120 = B_SPLINE_CURVE_WITH_KNOTS('',11,(#6121,#6122,#6123,#6124,#6125,
    #6126,#6127,#6128,#6129,#6130,#6131,#6132),.UNSPECIFIED.,.F.,.F.,(12
    ,12),(0.,1.),.PIECEWISE_BEZIER_KNOTS.);
#6121 = CARTESIAN_POINT('',(101.78282468388,67.262594355034));
#6122 = CARTESIAN_POINT('',(105.71933124661,61.305810184234));
#6123 = CARTESIAN_POINT('',(107.78445852414,54.112336443871));
#6124 = CARTESIAN_POINT('',(107.54652369515,46.33540338337));
#6125 = CARTESIAN_POINT('',(104.83034808678,38.797788357087));
#6126 = CARTESIAN_POINT('',(99.793433047263,32.376580737222));
#6127 = CARTESIAN_POINT('',(92.941483353335,27.848509186505));
#6128 = CARTESIAN_POINT('',(85.059576800538,25.732387851218));
#6129 = CARTESIAN_POINT('',(77.060524268139,26.188905982303));
#6130 = CARTESIAN_POINT('',(69.812944067624,29.019079483593));
#6131 = CARTESIAN_POINT('',(64.005058835183,33.739173153483));
#6132 = CARTESIAN_POINT('',(60.068552272456,39.695957324282));
#6133 = ( GEOMETRIC_REPRESENTATION_CONTEXT(2) 
PARAMETRIC_REPRESENTATION_CONTEXT() REPRESENTATION_CONTEXT('2D SPACE',''
  ) );
#6134 = PCURVE('',#4330,#6135);
#6135 = DEFINITIONAL_REPRESENTATION('',(#6136),#6140);
#6136 = LINE('',#6137,#6138);
#6137 = CARTESIAN_POINT('',(0.,1.));
#6138 = VECTOR('',#6139,1.);
#6139 = DIRECTION('',(1.,0.));
#6140 = ( GEOMETRIC_REPRESENTATION_CONTEXT(2) 
PARAMETRIC_REPRESENTATION_CONTEXT() REPRESENTATION_CONTEXT('2D SPACE',''
  ) );
#6141 = ORIENTED_EDGE('',*,*,#6142,.F.);
#6142 = EDGE_CURVE('',#6143,#6102,#6145,.T.);
#6143 = VERTEX_POINT('',#6144);
#6144 = CARTESIAN_POINT('',(-29.5,-51.09549882328,70.));
#6145 = SURFACE_CURVE('',#6146,(#6159,#6175),.PCURVE_S1.);
#6146 = B_SPLINE_CURVE_WITH_KNOTS('',11,(#6147,#6148,#6149,#6150,#6151,
    #6152,#6153,#6154,#6155,#6156,#6157,#6158),.UNSPECIFIED.,.F.,.F.,(12
    ,12),(5.,6.),.PIECEWISE_BEZIER_KNOTS.);
#6147 = CARTESIAN_POINT('',(-29.5,-51.09549882328,70.));
#6148 = CARTESIAN_POINT('',(-29.5909090909,-51.2529579876,70.));
#6149 = CARTESIAN_POINT('',(-29.68181818181,-51.41041715193,70.));
#6150 = CARTESIAN_POINT('',(-29.77272727272,-51.56787631625,70.));
#6151 = CARTESIAN_POINT('',(-29.86363636363,-51.72533548058,70.));
#6152 = CARTESIAN_POINT('',(-29.95454545454,-51.8827946449,70.));
#6153 = CARTESIAN_POINT('',(-30.04545454545,-52.04025380922,70.));
#6154 = CARTESIAN_POINT('',(-30.13636363636,-52.19771297355,70.));
#6155 = CARTESIAN_POINT('',(-30.22727272727,-52.35517213787,70.));
#6156 = CARTESIAN_POINT('',(-30.31818181818,-52.5126313022,70.));
#6157 = CARTESIAN_POINT('',(-30.40909090909,-52.67009046652,70.));
#6158 = CARTESIAN_POINT('',(-30.5,-52.82754963085,70.));
#6159 = PCURVE('',#1848,#6160);
#6160 = DEFINITIONAL_REPRESENTATION('',(#6161),#6174);
#6161 = B_SPLINE_CURVE_WITH_KNOTS('',11,(#6162,#6163,#6164,#6165,#6166,
    #6167,#6168,#6169,#6170,#6171,#6172,#6173),.UNSPECIFIED.,.F.,.F.,(12
    ,12),(5.,6.),.PIECEWISE_BEZIER_KNOTS.);
#6162 = CARTESIAN_POINT('',(100.11425378742,66.159928873804));
#6163 = CARTESIAN_POINT('',(100.26594205074,66.260171190279));
#6164 = CARTESIAN_POINT('',(100.41763031405,66.360413506755));
#6165 = CARTESIAN_POINT('',(100.56931857736,66.46065582323));
#6166 = CARTESIAN_POINT('',(100.72100684068,66.560898139706));
#6167 = CARTESIAN_POINT('',(100.87269510399,66.661140456181));
#6168 = CARTESIAN_POINT('',(101.02438336731,66.761382772657));
#6169 = CARTESIAN_POINT('',(101.17607163062,66.861625089132));
#6170 = CARTESIAN_POINT('',(101.32775989394,66.961867405607));
#6171 = CARTESIAN_POINT('',(101.47944815725,67.062109722083));
#6172 = CARTESIAN_POINT('',(101.63113642056,67.162352038558));
#6173 = CARTESIAN_POINT('',(101.78282468388,67.262594355034));
#6174 = ( GEOMETRIC_REPRESENTATION_CONTEXT(2) 
PARAMETRIC_REPRESENTATION_CONTEXT() REPRESENTATION_CONTEXT('2D SPACE',''
  ) );
#6175 = PCURVE('',#6176,#6273);
#6176 = ( BOUNDED_SURFACE() B_SPLINE_SURFACE(11,7,(
    (#6177,#6178,#6179,#6180,#6181,#6182,#6183,#6184)
    ,(#6185,#6186,#6187,#6188,#6189,#6190,#6191,#6192)
    ,(#6193,#6194,#6195,#6196,#6197,#6198,#6199,#6200)
    ,(#6201,#6202,#6203,#6204,#6205,#6206,#6207,#6208)
    ,(#6209,#6210,#6211,#6212,#6213,#6214,#6215,#6216)
    ,(#6217,#6218,#6219,#6220,#6221,#6222,#6223,#6224)
    ,(#6225,#6226,#6227,#6228,#6229,#6230,#6231,#6232)
    ,(#6233,#6234,#6235,#6236,#6237,#6238,#6239,#6240)
    ,(#6241,#6242,#6243,#6244,#6245,#6246,#6247,#6248)
    ,(#6249,#6250,#6251,#6252,#6253,#6254,#6255,#6256)
    ,(#6257,#6258,#6259,#6260,#6261,#6262,#6263,#6264)
    ,(#6265,#6266,#6267,#6268,#6269,#6270,#6271,#6272
)),.UNSPECIFIED.,.F.,.F.,.F.) B_SPLINE_SURFACE_WITH_KNOTS((12,12),(8,8),
  (5.,6.),(0.,1.),.PIECEWISE_BEZIER_KNOTS.) 
GEOMETRIC_REPRESENTATION_ITEM() RATIONAL_B_SPLINE_SURFACE((
    (1.,1.,1.,1.,1.,1.,1.,1.)
    ,(1.,1.,1.,1.,1.,1.,1.,1.)
    ,(1.,1.,1.,1.,1.,1.,1.,1.)
    ,(1.,1.,1.,1.,1.,1.,1.,1.)
    ,(1.,1.,1.,1.,1.,1.,1.,1.)
    ,(1.,1.,1.,1.,1.,1.,1.,1.)
    ,(1.,1.,1.,1.,1.,1.,1.,1.)
    ,(1.,1.,1.,1.,1.,1.,1.,1.)
    ,(1.,1.,1.,1.,1.,1.,1.,1.)
    ,(1.,1.,1.,1.,1.,1.,1.,1.)
    ,(1.,1.,1.,1.,1.,1.,1.,1.)
,(1.,1.,1.,1.,1.,1.,1.,1.))) REPRESENTATION_ITEM('') SURFACE() );
#6177 = CARTESIAN_POINT('',(-59.,6.185085316331E-15,0.));
#6178 = CARTESIAN_POINT('',(-59.00000139688,-8.826380069657,
    10.000000000003));
#6179 = CARTESIAN_POINT('',(-57.45949996649,-17.6527556345,
    19.99999999999));
#6180 = CARTESIAN_POINT('',(-54.37853558009,-26.15650581542,
    30.000000000016));
#6181 = CARTESIAN_POINT('',(-49.84146630051,-34.01494032529,
    39.999999999985));
#6182 = CARTESIAN_POINT('',(-44.01748480949,-40.93500884245,
    50.000000000008));
#6183 = CARTESIAN_POINT('',(-37.14387006223,-46.68230999819,
    59.999999999998));
#6184 = CARTESIAN_POINT('',(-29.5,-51.09549882328,70.));
#6185 = CARTESIAN_POINT('',(-59.18181818181,6.301927148919E-15,0.));
#6186 = CARTESIAN_POINT('',(-59.181819583,-8.85358000824,10.000000000003
    ));
#6187 = CARTESIAN_POINT('',(-57.63657084467,-17.70715549778,
    19.99999999999));
#6188 = CARTESIAN_POINT('',(-54.54611196092,-26.23711138035,
    30.000000000016));
#6189 = CARTESIAN_POINT('',(-49.99506095783,-34.11976294569,
    39.999999999985));
#6190 = CARTESIAN_POINT('',(-44.15313191213,-41.06115678959,
    50.000000000008));
#6191 = CARTESIAN_POINT('',(-37.25833499308,-46.82616919695,
    59.999999999998));
#6192 = CARTESIAN_POINT('',(-29.5909090909,-51.2529579876,70.));
#6193 = CARTESIAN_POINT('',(-59.36363636363,6.418768981507E-15,0.));
#6194 = CARTESIAN_POINT('',(-59.36363776913,-8.880779946824,
    10.000000000003));
#6195 = CARTESIAN_POINT('',(-57.81364172281,-17.76155536105,
    19.99999999999));
#6196 = CARTESIAN_POINT('',(-54.71368834179,-26.31771694527,
    30.000000000016));
#6197 = CARTESIAN_POINT('',(-50.14865561511,-34.2245855661,
    39.999999999985));
#6198 = CARTESIAN_POINT('',(-44.28877901481,-41.18730473672,
    50.000000000008));
#6199 = CARTESIAN_POINT('',(-37.37279992393,-46.97002839571,
    59.999999999998));
#6200 = CARTESIAN_POINT('',(-29.68181818181,-51.41041715193,70.));
#6201 = CARTESIAN_POINT('',(-59.54545454545,6.535610814095E-15,0.));
#6202 = CARTESIAN_POINT('',(-59.54545595525,-8.907979885406,
    10.000000000003));
#6203 = CARTESIAN_POINT('',(-57.99071260097,-17.81595522433,
    19.99999999999));
#6204 = CARTESIAN_POINT('',(-54.88126472264,-26.3983225102,
    30.000000000016));
#6205 = CARTESIAN_POINT('',(-50.30225027242,-34.32940818651,
    39.999999999985));
#6206 = CARTESIAN_POINT('',(-44.42442611746,-41.31345268385,
    50.000000000008));
#6207 = CARTESIAN_POINT('',(-37.48726485478,-47.11388759447,
    59.999999999998));
#6208 = CARTESIAN_POINT('',(-29.77272727272,-51.56787631625,70.));
#6209 = CARTESIAN_POINT('',(-59.72727272727,6.652452646683E-15,0.));
#6210 = CARTESIAN_POINT('',(-59.72727414138,-8.935179823981,
    10.000000000003));
#6211 = CARTESIAN_POINT('',(-58.16778347914,-17.87035508763,
    19.99999999999));
#6212 = CARTESIAN_POINT('',(-55.04884110348,-26.47892807508,
    30.000000000016));
#6213 = CARTESIAN_POINT('',(-50.45584492972,-34.43423080696,
    39.999999999985));
#6214 = CARTESIAN_POINT('',(-44.56007322012,-41.43960063095,
    50.000000000008));
#6215 = CARTESIAN_POINT('',(-37.60172978563,-47.25774679324,
    59.999999999998));
#6216 = CARTESIAN_POINT('',(-29.86363636363,-51.72533548058,70.));
#6217 = CARTESIAN_POINT('',(-59.90909090909,6.769294479271E-15,0.));
#6218 = CARTESIAN_POINT('',(-59.9090923275,-8.962379762568,
    10.000000000003));
#6219 = CARTESIAN_POINT('',(-58.34485435733,-17.92475495089,
    19.99999999999));
#6220 = CARTESIAN_POINT('',(-55.21641748429,-26.55953364003,
    30.000000000016));
#6221 = CARTESIAN_POINT('',(-50.60943958707,-34.53905342735,
    39.999999999985));
#6222 = CARTESIAN_POINT('',(-44.69572032275,-41.5657485781,
    50.000000000008));
#6223 = CARTESIAN_POINT('',(-37.71619471649,-47.40160599199,
    59.999999999998));
#6224 = CARTESIAN_POINT('',(-29.95454545454,-51.8827946449,70.));
#6225 = CARTESIAN_POINT('',(-60.0909090909,6.886136311859E-15,0.));
#6226 = CARTESIAN_POINT('',(-60.09091051362,-8.989579701145,
    10.000000000003));
#6227 = CARTESIAN_POINT('',(-58.52192523548,-17.97915481419,
    19.99999999999));
#6228 = CARTESIAN_POINT('',(-55.38399386515,-26.64013920492,
    30.000000000016));
#6229 = CARTESIAN_POINT('',(-50.76303424436,-34.64387604779,
    39.999999999985));
#6230 = CARTESIAN_POINT('',(-44.83136742542,-41.69189652521,
    50.000000000008));
#6231 = CARTESIAN_POINT('',(-37.83065964734,-47.54546519076,
    59.999999999998));
#6232 = CARTESIAN_POINT('',(-30.04545454545,-52.04025380922,70.));
#6233 = CARTESIAN_POINT('',(-60.27272727272,7.002978144447E-15,0.));
#6234 = CARTESIAN_POINT('',(-60.27272869974,-9.016779639727,
    10.000000000003));
#6235 = CARTESIAN_POINT('',(-58.69899611367,-18.03355467746,
    19.99999999999));
#6236 = CARTESIAN_POINT('',(-55.55157024595,-26.72074476984,
    30.000000000016));
#6237 = CARTESIAN_POINT('',(-50.91662890172,-34.7486986682,
    39.999999999985));
#6238 = CARTESIAN_POINT('',(-44.96701452805,-41.81804447234,
    50.000000000008));
#6239 = CARTESIAN_POINT('',(-37.9451245782,-47.68932438952,
    59.999999999998));
#6240 = CARTESIAN_POINT('',(-30.13636363636,-52.19771297355,70.));
#6241 = CARTESIAN_POINT('',(-60.45454545454,7.119819977035E-15,0.));
#6242 = CARTESIAN_POINT('',(-60.45454688586,-9.043979578311,
    10.000000000003));
#6243 = CARTESIAN_POINT('',(-58.87606699184,-18.08795454074,
    19.99999999999));
#6244 = CARTESIAN_POINT('',(-55.71914662679,-26.80135033477,
    30.000000000016));
#6245 = CARTESIAN_POINT('',(-51.07022355903,-34.8535212886,
    39.999999999985));
#6246 = CARTESIAN_POINT('',(-45.1026616307,-41.94419241947,
    50.000000000008));
#6247 = CARTESIAN_POINT('',(-38.05958950905,-47.83318358828,
    59.999999999998));
#6248 = CARTESIAN_POINT('',(-30.22727272727,-52.35517213787,70.));
#6249 = CARTESIAN_POINT('',(-60.63636363636,7.236661809623E-15,0.));
#6250 = CARTESIAN_POINT('',(-60.63636507198,-9.071179516895,
    10.000000000003));
#6251 = CARTESIAN_POINT('',(-59.05313787003,-18.14235440401,
    19.99999999999));
#6252 = CARTESIAN_POINT('',(-55.88672300759,-26.8819558997,
    30.000000000016));
#6253 = CARTESIAN_POINT('',(-51.22381821639,-34.958343909,
    39.999999999985));
#6254 = CARTESIAN_POINT('',(-45.23830873333,-42.07034036661,
    50.000000000008));
#6255 = CARTESIAN_POINT('',(-38.17405443991,-47.97704278704,
    59.999999999998));
#6256 = CARTESIAN_POINT('',(-30.31818181818,-52.5126313022,70.));
#6257 = CARTESIAN_POINT('',(-60.81818181818,7.353503642211E-15,0.));
#6258 = CARTESIAN_POINT('',(-60.81818325811,-9.098379455475,
    10.000000000003));
#6259 = CARTESIAN_POINT('',(-59.23020874817,-18.19675426729,
    19.99999999999));
#6260 = CARTESIAN_POINT('',(-56.05429938847,-26.96256146461,
    30.000000000016));
#6261 = CARTESIAN_POINT('',(-51.37741287366,-35.06316652943,
    39.999999999985));
#6262 = CARTESIAN_POINT('',(-45.373955836,-42.19648831373,
    50.000000000008));
#6263 = CARTESIAN_POINT('',(-38.28851937076,-48.1209019858,
    59.999999999998));
#6264 = CARTESIAN_POINT('',(-30.40909090909,-52.67009046652,70.));
#6265 = CARTESIAN_POINT('',(-61.,7.470345474799E-15,0.));
#6266 = CARTESIAN_POINT('',(-61.00000144424,-9.125579394055,
    10.000000000003));
#6267 = CARTESIAN_POINT('',(-59.40727962634,-18.25115413058,
    19.99999999999));
#6268 = CARTESIAN_POINT('',(-56.22187576931,-27.04316702952,
    30.000000000016));
#6269 = CARTESIAN_POINT('',(-51.53100753097,-35.16798914985,
    39.999999999985));
#6270 = CARTESIAN_POINT('',(-45.50960293866,-42.32263626085,
    50.000000000008));
#6271 = CARTESIAN_POINT('',(-38.40298430161,-48.26476118456,
    59.999999999998));
#6272 = CARTESIAN_POINT('',(-30.5,-52.82754963085,70.));
#6273 = DEFINITIONAL_REPRESENTATION('',(#6274),#6278);
#6274 = LINE('',#6275,#6276);
#6275 = CARTESIAN_POINT('',(0.,1.));
#6276 = VECTOR('',#6277,1.);
#6277 = DIRECTION('',(1.,0.));
#6278 = ( GEOMETRIC_REPRESENTATION_CONTEXT(2) 
PARAMETRIC_REPRESENTATION_CONTEXT() REPRESENTATION_CONTEXT('2D SPACE',''
  ) );
#6279 = ORIENTED_EDGE('',*,*,#6280,.F.);
#6280 = EDGE_CURVE('',#6281,#6143,#6283,.T.);
#6281 = VERTEX_POINT('',#6282);
#6282 = CARTESIAN_POINT('',(0.110903815566,-16.99963824155,70.));
#6283 = SURFACE_CURVE('',#6284,(#6297,#6313),.PCURVE_S1.);
#6284 = B_SPLINE_CURVE_WITH_KNOTS('',11,(#6285,#6286,#6287,#6288,#6289,
    #6290,#6291,#6292,#6293,#6294,#6295,#6296),.UNSPECIFIED.,.F.,.F.,(12
    ,12),(4.,5.),.PIECEWISE_BEZIER_KNOTS.);
#6285 = CARTESIAN_POINT('',(-6.5,-11.25833024919,70.));
#6286 = CARTESIAN_POINT('',(-0.811265630357,-14.54272256885,
    69.999999999996));
#6287 = CARTESIAN_POINT('',(3.845645995073,-19.61428327888,
    70.000000000015));
#6288 = CARTESIAN_POINT('',(6.846899906888,-26.11284053125,
    69.999999999967));
#6289 = CARTESIAN_POINT('',(7.710074292934,-33.43322965793,
    70.000000000052));
#6290 = CARTESIAN_POINT('',(6.204229394816,-40.78882071369,
    69.999999999939));
#6291 = CARTESIAN_POINT('',(2.426269625895,-47.33243898245,
    70.000000000057));
#6292 = CARTESIAN_POINT('',(-3.190936639217,-52.31433444625,
    69.999999999958));
#6293 = CARTESIAN_POINT('',(-9.962166781504,-55.22699806338,
    70.000000000024));
#6294 = CARTESIAN_POINT('',(-17.09070940593,-55.87711455873,
    69.99999999999));
#6295 = CARTESIAN_POINT('',(-23.81126563035,-54.37989114294,
    70.000000000002));
#6296 = CARTESIAN_POINT('',(-29.5,-51.09549882328,70.));
#6297 = PCURVE('',#1848,#6298);
#6298 = DEFINITIONAL_REPRESENTATION('',(#6299),#6312);
#6299 = B_SPLINE_CURVE_WITH_KNOTS('',11,(#6300,#6301,#6302,#6303,#6304,
    #6305,#6306,#6307,#6308,#6309,#6310,#6311),.UNSPECIFIED.,.F.,.F.,(12
    ,12),(4.,5.),.PIECEWISE_BEZIER_KNOTS.);
#6300 = CARTESIAN_POINT('',(61.737123168913,40.798622805512));
#6301 = CARTESIAN_POINT('',(65.35870920662,35.318381368377));
#6302 = CARTESIAN_POINT('',(70.701963620473,30.975895192079));
#6303 = CARTESIAN_POINT('',(77.36973740493,28.372135570891));
#6304 = CARTESIAN_POINT('',(84.728865734766,27.952138890296));
#6305 = CARTESIAN_POINT('',(91.980219763302,29.898970518753));
#6306 = CARTESIAN_POINT('',(98.284013481753,34.064796345421));
#6307 = CARTESIAN_POINT('',(102.91797531808,39.972307355688));
#6308 = CARTESIAN_POINT('',(105.4168568778,46.906913179876));
#6309 = CARTESIAN_POINT('',(105.63575692046,54.061691595532));
#6310 = CARTESIAN_POINT('',(103.73583982513,60.679687436669));
#6311 = CARTESIAN_POINT('',(100.11425378742,66.159928873804));
#6312 = ( GEOMETRIC_REPRESENTATION_CONTEXT(2) 
PARAMETRIC_REPRESENTATION_CONTEXT() REPRESENTATION_CONTEXT('2D SPACE',''
  ) );
#6313 = PCURVE('',#5166,#6314);
#6314 = DEFINITIONAL_REPRESENTATION('',(#6315),#6319);
#6315 = LINE('',#6316,#6317);
#6316 = CARTESIAN_POINT('',(0.,1.));
#6317 = VECTOR('',#6318,1.);
#6318 = DIRECTION('',(1.,0.));
#6319 = ( GEOMETRIC_REPRESENTATION_CONTEXT(2) 
PARAMETRIC_REPRESENTATION_CONTEXT() REPRESENTATION_CONTEXT('2D SPACE',''
  ) );
#6320 = ORIENTED_EDGE('',*,*,#6321,.F.);
#6321 = EDGE_CURVE('',#6322,#6281,#6324,.T.);
#6322 = VERTEX_POINT('',#6323);
#6323 = CARTESIAN_POINT('',(-16.51469571896,-4.032967308309,70.));
#6324 = SURFACE_CURVE('',#6325,(#6330,#6341),.PCURVE_S1.);
#6325 = CIRCLE('',#6326,17.);
#6326 = AXIS2_PLACEMENT_3D('',#6327,#6328,#6329);
#6327 = CARTESIAN_POINT('',(0.,0.,70.));
#6328 = DIRECTION('',(0.,0.,1.));
#6329 = DIRECTION('',(1.,0.,0.));
#6330 = PCURVE('',#1848,#6331);
#6331 = DEFINITIONAL_REPRESENTATION('',(#6332),#6340);
#6332 = ( BOUNDED_CURVE() B_SPLINE_CURVE(2,(#6333,#6334,#6335,#6336,
#6337,#6338,#6339),.UNSPECIFIED.,.T.,.F.) B_SPLINE_CURVE_WITH_KNOTS((1,2
    ,2,2,2,1),(-2.094395102393,0.,2.094395102393,4.188790204786,
6.28318530718,8.377580409573),.UNSPECIFIED.) CURVE() 
GEOMETRIC_REPRESENTATION_ITEM() RATIONAL_B_SPLINE_CURVE((1.,0.5,1.,0.5,
1.,0.5,1.)) REPRESENTATION_ITEM('') );
#6333 = CARTESIAN_POINT('',(51.916944740281,16.662258215338));
#6334 = CARTESIAN_POINT('',(22.525707102171,14.885983996606));
#6335 = CARTESIAN_POINT('',(35.683027323717,41.227679549241));
#6336 = CARTESIAN_POINT('',(48.840347545263,67.569375101875));
#6337 = CARTESIAN_POINT('',(65.074264961827,43.003953767972));
#6338 = CARTESIAN_POINT('',(81.308182378391,18.43853243407));
#6339 = CARTESIAN_POINT('',(51.916944740281,16.662258215338));
#6340 = ( GEOMETRIC_REPRESENTATION_CONTEXT(2) 
PARAMETRIC_REPRESENTATION_CONTEXT() REPRESENTATION_CONTEXT('2D SPACE',''
  ) );
#6341 = PCURVE('',#6342,#6347);
#6342 = CYLINDRICAL_SURFACE('',#6343,17.);
#6343 = AXIS2_PLACEMENT_3D('',#6344,#6345,#6346);
#6344 = CARTESIAN_POINT('',(0.,0.,66.5));
#6345 = DIRECTION('',(-0.,-0.,-1.));
#6346 = DIRECTION('',(1.,0.,0.));
#6347 = DEFINITIONAL_REPRESENTATION('',(#6348),#6352);
#6348 = LINE('',#6349,#6350);
#6349 = CARTESIAN_POINT('',(-0.,-3.5));
#6350 = VECTOR('',#6351,1.);
#6351 = DIRECTION('',(-1.,0.));
#6352 = ( GEOMETRIC_REPRESENTATION_CONTEXT(2) 
PARAMETRIC_REPRESENTATION_CONTEXT() REPRESENTATION_CONTEXT('2D SPACE',''
  ) );
#6353 = ORIENTED_EDGE('',*,*,#6354,.F.);
#6354 = EDGE_CURVE('',#6355,#6322,#6357,.T.);
#6355 = VERTEX_POINT('',#6356);
#6356 = CARTESIAN_POINT('',(-36.61724899248,48.391911268543,70.));
#6357 = SURFACE_CURVE('',#6358,(#6371,#6387),.PCURVE_S1.);
#6358 = B_SPLINE_CURVE_WITH_KNOTS('',11,(#6359,#6360,#6361,#6362,#6363,
    #6364,#6365,#6366,#6367,#6368,#6369,#6370),.UNSPECIFIED.,.F.,.F.,(12
    ,12),(3.,4.),.PIECEWISE_BEZIER_KNOTS.);
#6359 = CARTESIAN_POINT('',(-36.61724899248,48.391911268543,70.));
#6360 = CARTESIAN_POINT('',(-37.33628596591,42.00351736535,70.));
#6361 = CARTESIAN_POINT('',(-37.3147294733,35.53176682789,70.));
#6362 = CARTESIAN_POINT('',(-36.54184282486,29.072055447465,70.));
#6363 = CARTESIAN_POINT('',(-35.02071192968,22.7213323648,70.));
#6364 = CARTESIAN_POINT('',(-32.7685052986,16.575816545743,70.));
#6365 = CARTESIAN_POINT('',(-29.81628788674,10.728652959372,70.));
#6366 = CARTESIAN_POINT('',(-26.20838188461,5.267626162956,70.));
#6367 = CARTESIAN_POINT('',(-22.00129399044,0.273035656848,70.));
#6368 = CARTESIAN_POINT('',(-17.26225512032,-4.184175968956,70.));
#6369 = CARTESIAN_POINT('',(-12.06744493674,-8.043964416272,70.));
#6370 = CARTESIAN_POINT('',(-6.5,-11.25833024919,70.));
#6371 = PCURVE('',#1848,#6372);
#6372 = DEFINITIONAL_REPRESENTATION('',(#6373),#6386);
#6373 = B_SPLINE_CURVE_WITH_KNOTS('',11,(#6374,#6375,#6376,#6377,#6378,
    #6379,#6380,#6381,#6382,#6383,#6384,#6385),.UNSPECIFIED.,.F.,.F.,(12
    ,12),(3.,4.),.PIECEWISE_BEZIER_KNOTS.);
#6374 = CARTESIAN_POINT('',(0.378682756643,67.262594355034));
#6375 = CARTESIAN_POINT('',(6.71206565883,68.365704433773));
#6376 = CARTESIAN_POINT('',(13.173330006196,68.734598368311));
#6377 = CARTESIAN_POINT('',(19.667901441319,68.352804230295));
#6378 = CARTESIAN_POINT('',(26.098821232076,67.21755380955));
#6379 = CARTESIAN_POINT('',(32.369009952323,65.340179897977));
#6380 = CARTESIAN_POINT('',(38.383618265156,62.746071863241));
#6381 = CARTESIAN_POINT('',(44.052347734406,59.474175533002));
#6382 = CARTESIAN_POINT('',(49.291636313018,55.576050591061));
#6383 = CARTESIAN_POINT('',(54.026614880032,51.114525867422));
#6384 = CARTESIAN_POINT('',(58.1927529209,46.162020084899));
#6385 = CARTESIAN_POINT('',(61.737123168913,40.798622805512));
#6386 = ( GEOMETRIC_REPRESENTATION_CONTEXT(2) 
PARAMETRIC_REPRESENTATION_CONTEXT() REPRESENTATION_CONTEXT('2D SPACE',''
  ) );
#6387 = PCURVE('',#4908,#6388);
#6388 = DEFINITIONAL_REPRESENTATION('',(#6389),#6393);
#6389 = LINE('',#6390,#6391);
#6390 = CARTESIAN_POINT('',(0.,1.));
#6391 = VECTOR('',#6392,1.);
#6392 = DIRECTION('',(1.,0.));
#6393 = ( GEOMETRIC_REPRESENTATION_CONTEXT(2) 
PARAMETRIC_REPRESENTATION_CONTEXT() REPRESENTATION_CONTEXT('2D SPACE',''
  ) );
#6394 = ORIENTED_EDGE('',*,*,#6395,.F.);
#6395 = EDGE_CURVE('',#6396,#6355,#6398,.T.);
#6396 = VERTEX_POINT('',#6397);
#6397 = CARTESIAN_POINT('',(-34.62979820584,48.16821645258,70.));
#6398 = SURFACE_CURVE('',#6399,(#6412,#6428),.PCURVE_S1.);
#6399 = B_SPLINE_CURVE_WITH_KNOTS('',11,(#6400,#6401,#6402,#6403,#6404,
    #6405,#6406,#6407,#6408,#6409,#6410,#6411),.UNSPECIFIED.,.F.,.F.,(12
    ,12),(2.,3.),.PIECEWISE_BEZIER_KNOTS.);
#6400 = CARTESIAN_POINT('',(-34.62979820584,48.16821645258,70.));
#6401 = CARTESIAN_POINT('',(-34.81047555008,48.18855234494,70.));
#6402 = CARTESIAN_POINT('',(-34.99115289432,48.2088882373,70.));
#6403 = CARTESIAN_POINT('',(-35.17183023856,48.229224129661,70.));
#6404 = CARTESIAN_POINT('',(-35.3525075828,48.249560022021,70.));
#6405 = CARTESIAN_POINT('',(-35.53318492704,48.269895914381,70.));
#6406 = CARTESIAN_POINT('',(-35.71386227128,48.290231806742,70.));
#6407 = CARTESIAN_POINT('',(-35.89453961552,48.310567699102,70.));
#6408 = CARTESIAN_POINT('',(-36.07521695976,48.330903591462,70.));
#6409 = CARTESIAN_POINT('',(-36.255894304,48.351239483823,70.));
#6410 = CARTESIAN_POINT('',(-36.43657164824,48.371575376183,70.));
#6411 = CARTESIAN_POINT('',(-36.61724899248,48.391911268543,70.));
#6412 = PCURVE('',#1848,#6413);
#6413 = DEFINITIONAL_REPRESENTATION('',(#6414),#6427);
#6414 = B_SPLINE_CURVE_WITH_KNOTS('',11,(#6415,#6416,#6417,#6418,#6419,
    #6420,#6421,#6422,#6423,#6424,#6425,#6426),.UNSPECIFIED.,.F.,.F.,(12
    ,12),(2.,3.),.PIECEWISE_BEZIER_KNOTS.);
#6415 = CARTESIAN_POINT('',(0.72186400485,65.292257675459));
#6416 = CARTESIAN_POINT('',(0.690665709559,65.471379191784));
#6417 = CARTESIAN_POINT('',(0.659467414267,65.650500708109));
#6418 = CARTESIAN_POINT('',(0.628269118975,65.829622224434));
#6419 = CARTESIAN_POINT('',(0.597070823684,66.008743740759));
#6420 = CARTESIAN_POINT('',(0.565872528392,66.187865257084));
#6421 = CARTESIAN_POINT('',(0.534674233101,66.366986773409));
#6422 = CARTESIAN_POINT('',(0.503475937809,66.546108289734));
#6423 = CARTESIAN_POINT('',(0.472277642518,66.725229806059));
#6424 = CARTESIAN_POINT('',(0.441079347226,66.904351322384));
#6425 = CARTESIAN_POINT('',(0.409881051934,67.083472838709));
#6426 = CARTESIAN_POINT('',(0.378682756643,67.262594355034));
#6427 = ( GEOMETRIC_REPRESENTATION_CONTEXT(2) 
PARAMETRIC_REPRESENTATION_CONTEXT() REPRESENTATION_CONTEXT('2D SPACE',''
  ) );
#6428 = PCURVE('',#6429,#6526);
#6429 = ( BOUNDED_SURFACE() B_SPLINE_SURFACE(11,7,(
    (#6430,#6431,#6432,#6433,#6434,#6435,#6436,#6437)
    ,(#6438,#6439,#6440,#6441,#6442,#6443,#6444,#6445)
    ,(#6446,#6447,#6448,#6449,#6450,#6451,#6452,#6453)
    ,(#6454,#6455,#6456,#6457,#6458,#6459,#6460,#6461)
    ,(#6462,#6463,#6464,#6465,#6466,#6467,#6468,#6469)
    ,(#6470,#6471,#6472,#6473,#6474,#6475,#6476,#6477)
    ,(#6478,#6479,#6480,#6481,#6482,#6483,#6484,#6485)
    ,(#6486,#6487,#6488,#6489,#6490,#6491,#6492,#6493)
    ,(#6494,#6495,#6496,#6497,#6498,#6499,#6500,#6501)
    ,(#6502,#6503,#6504,#6505,#6506,#6507,#6508,#6509)
    ,(#6510,#6511,#6512,#6513,#6514,#6515,#6516,#6517)
    ,(#6518,#6519,#6520,#6521,#6522,#6523,#6524,#6525
)),.UNSPECIFIED.,.F.,.F.,.F.) B_SPLINE_SURFACE_WITH_KNOTS((12,12),(8,8),
  (2.,3.),(0.,1.),.PIECEWISE_BEZIER_KNOTS.) 
GEOMETRIC_REPRESENTATION_ITEM() RATIONAL_B_SPLINE_SURFACE((
    (1.,1.,1.,1.,1.,1.,1.,1.)
    ,(1.,1.,1.,1.,1.,1.,1.,1.)
    ,(1.,1.,1.,1.,1.,1.,1.,1.)
    ,(1.,1.,1.,1.,1.,1.,1.,1.)
    ,(1.,1.,1.,1.,1.,1.,1.,1.)
    ,(1.,1.,1.,1.,1.,1.,1.,1.)
    ,(1.,1.,1.,1.,1.,1.,1.,1.)
    ,(1.,1.,1.,1.,1.,1.,1.,1.)
    ,(1.,1.,1.,1.,1.,1.,1.,1.)
    ,(1.,1.,1.,1.,1.,1.,1.,1.)
    ,(1.,1.,1.,1.,1.,1.,1.,1.)
,(1.,1.,1.,1.,1.,1.,1.,1.))) REPRESENTATION_ITEM('') SURFACE() );
#6430 = CARTESIAN_POINT('',(24.4,54.074393200479,0.));
#6431 = CARTESIAN_POINT('',(16.310489621361,57.724626238379,
    10.000000000003));
#6432 = CARTESIAN_POINT('',(7.583894066615,59.962963250329,
    19.99999999999));
#6433 = CARTESIAN_POINT('',(-1.484083255247,60.656017907242,
    30.000000000016));
#6434 = CARTESIAN_POINT('',(-10.56280474759,59.747654073772,
    39.999999999985));
#6435 = CARTESIAN_POINT('',(-19.3137141434,57.271745712619,
    50.000000000008));
#6436 = CARTESIAN_POINT('',(-27.42385011577,53.348823706564,
    59.999999999998));
#6437 = CARTESIAN_POINT('',(-34.62979820584,48.16821645258,70.));
#6438 = CARTESIAN_POINT('',(24.327272727273,54.241032316659,0.));
#6439 = CARTESIAN_POINT('',(16.212833191423,57.880385383056,
    10.000000000003));
#6440 = CARTESIAN_POINT('',(7.463207417088,60.103491445592,
    19.99999999999));
#6441 = CARTESIAN_POINT('',(-1.624990028108,60.777361971148,
    30.000000000016));
#6442 = CARTESIAN_POINT('',(-10.72031412904,59.846496854407,
    39.999999999985));
#6443 = CARTESIAN_POINT('',(-19.48358948775,57.345609156846,
    50.000000000008));
#6444 = CARTESIAN_POINT('',(-27.60148522166,53.396188869089,
    59.999999999998));
#6445 = CARTESIAN_POINT('',(-34.81047555008,48.18855234494,70.));
#6446 = CARTESIAN_POINT('',(24.254545454545,54.407671432839,0.));
#6447 = CARTESIAN_POINT('',(16.115176761484,58.036144527757,
    10.000000000003));
#6448 = CARTESIAN_POINT('',(7.342520767566,60.244019640773,
    19.99999999999));
#6449 = CARTESIAN_POINT('',(-1.765896800977,60.898706035194,
    30.000000000016));
#6450 = CARTESIAN_POINT('',(-10.87782351049,59.9453396349,
    39.999999999985));
#6451 = CARTESIAN_POINT('',(-19.6534648321,57.419472601159,
    50.000000000008));
#6452 = CARTESIAN_POINT('',(-27.77912032755,53.443554031588,
    59.999999999998));
#6453 = CARTESIAN_POINT('',(-34.99115289432,48.2088882373,70.));
#6454 = CARTESIAN_POINT('',(24.181818181818,54.57431054902,0.));
#6455 = CARTESIAN_POINT('',(16.017520331545,58.191903672458,
    10.000000000003));
#6456 = CARTESIAN_POINT('',(7.221834118046,60.384547835948,
    19.99999999999));
#6457 = CARTESIAN_POINT('',(-1.906803573849,61.020050099251,
    30.000000000016));
#6458 = CARTESIAN_POINT('',(-11.03533289193,60.044182415381,
    39.999999999985));
#6459 = CARTESIAN_POINT('',(-19.82334017646,57.493336045479,
    50.000000000008));
#6460 = CARTESIAN_POINT('',(-27.95675543344,53.490919194085,
    59.999999999998));
#6461 = CARTESIAN_POINT('',(-35.17183023856,48.229224129661,70.));
#6462 = CARTESIAN_POINT('',(24.109090909091,54.7409496652,0.));
#6463 = CARTESIAN_POINT('',(15.919863901607,58.347662817143,
    10.000000000003));
#6464 = CARTESIAN_POINT('',(7.101147468518,60.525076031182,
    19.99999999999));
#6465 = CARTESIAN_POINT('',(-2.047710346709,61.141394163207,
    30.000000000016));
#6466 = CARTESIAN_POINT('',(-11.19284227339,60.143025195964,
    39.999999999985));
#6467 = CARTESIAN_POINT('',(-19.99321552081,57.567199489739,
    50.000000000008));
#6468 = CARTESIAN_POINT('',(-28.13439053933,53.5382843566,
    59.999999999998));
#6469 = CARTESIAN_POINT('',(-35.3525075828,48.249560022021,70.));
#6470 = CARTESIAN_POINT('',(24.036363636364,54.90758878138,0.));
#6471 = CARTESIAN_POINT('',(15.822207471668,58.503421961831,
    10.000000000003));
#6472 = CARTESIAN_POINT('',(6.980460818998,60.665604226405,
    19.99999999999));
#6473 = CARTESIAN_POINT('',(-2.188617119581,61.26273822718,
    30.000000000016));
#6474 = CARTESIAN_POINT('',(-11.35035165483,60.241867976532,
    39.999999999985));
#6475 = CARTESIAN_POINT('',(-20.16309086516,57.641062934006,
    50.000000000008));
#6476 = CARTESIAN_POINT('',(-28.31202564522,53.585649519113,
    59.999999999998));
#6477 = CARTESIAN_POINT('',(-35.53318492704,48.269895914381,70.));
#6478 = CARTESIAN_POINT('',(23.963636363636,55.07422789756,0.));
#6479 = CARTESIAN_POINT('',(15.724551041729,58.659181106531,
    10.000000000003));
#6480 = CARTESIAN_POINT('',(6.859774169472,60.806132421589,
    19.99999999999));
#6481 = CARTESIAN_POINT('',(-2.329523892443,61.384082291223,
    30.000000000016));
#6482 = CARTESIAN_POINT('',(-11.50786103628,60.340710757026,
    39.999999999985));
#6483 = CARTESIAN_POINT('',(-20.33296620952,57.714926378318,
    50.000000000008));
#6484 = CARTESIAN_POINT('',(-28.48966075111,53.633014681613,
    59.999999999998));
#6485 = CARTESIAN_POINT('',(-35.71386227128,48.290231806742,70.));
#6486 = CARTESIAN_POINT('',(23.890909090909,55.24086701374,0.));
#6487 = CARTESIAN_POINT('',(15.626894611792,58.814940251225,
    10.000000000003));
#6488 = CARTESIAN_POINT('',(6.739087519945,60.946660616793,
    19.99999999999));
#6489 = CARTESIAN_POINT('',(-2.470430665304,61.505426355228,
    30.000000000016));
#6490 = CARTESIAN_POINT('',(-11.66537041774,60.439553537563,
    39.999999999985));
#6491 = CARTESIAN_POINT('',(-20.50284155387,57.788789822604,
    50.000000000008));
#6492 = CARTESIAN_POINT('',(-28.667295857,53.68037984412,59.999999999998
    ));
#6493 = CARTESIAN_POINT('',(-35.89453961552,48.310567699102,70.));
#6494 = CARTESIAN_POINT('',(23.818181818182,55.407506129921,0.));
#6495 = CARTESIAN_POINT('',(15.529238181851,58.97069939591,
    10.000000000003));
#6496 = CARTESIAN_POINT('',(6.618400870428,61.087188812023,
    19.99999999999));
#6497 = CARTESIAN_POINT('',(-2.611337438183,61.626770419191,
    30.000000000016));
#6498 = CARTESIAN_POINT('',(-11.82287979917,60.53839631814,
    39.999999999985));
#6499 = CARTESIAN_POINT('',(-20.67271689823,57.862653266867,
    50.000000000008));
#6500 = CARTESIAN_POINT('',(-28.84493096289,53.727745006634,
    59.999999999998));
#6501 = CARTESIAN_POINT('',(-36.07521695976,48.330903591462,70.));
#6502 = CARTESIAN_POINT('',(23.745454545455,55.574145246101,0.));
#6503 = CARTESIAN_POINT('',(15.431581751915,59.126458540617,
    10.000000000003));
#6504 = CARTESIAN_POINT('',(6.497714220894,61.227717007183,
    19.99999999999));
#6505 = CARTESIAN_POINT('',(-2.752244211031,61.748114483274,
    30.000000000016));
#6506 = CARTESIAN_POINT('',(-11.98038918064,60.637239098595,
    39.999999999985));
#6507 = CARTESIAN_POINT('',(-20.84259224257,57.936516711202,
    50.000000000008));
#6508 = CARTESIAN_POINT('',(-29.02256606878,53.775110169127,
    59.999999999998));
#6509 = CARTESIAN_POINT('',(-36.255894304,48.351239483823,70.));
#6510 = CARTESIAN_POINT('',(23.672727272727,55.740784362281,0.));
#6511 = CARTESIAN_POINT('',(15.333925321975,59.282217685303,
    10.000000000003));
#6512 = CARTESIAN_POINT('',(6.377027571375,61.368245202413,
    19.99999999999));
#6513 = CARTESIAN_POINT('',(-2.893150983906,61.869458547238,
    30.000000000016));
#6514 = CARTESIAN_POINT('',(-12.13789856208,60.736081879169,
    39.999999999985));
#6515 = CARTESIAN_POINT('',(-21.01246758693,58.010380155467,
    50.000000000008));
#6516 = CARTESIAN_POINT('',(-29.20020117467,53.82247533164,
    59.999999999998));
#6517 = CARTESIAN_POINT('',(-36.43657164824,48.371575376183,70.));
#6518 = CARTESIAN_POINT('',(23.6,55.907423478461,0.));
#6519 = CARTESIAN_POINT('',(15.236268892037,59.43797682998,
    10.000000000003));
#6520 = CARTESIAN_POINT('',(6.256340921849,61.508773397672,
    19.99999999999));
#6521 = CARTESIAN_POINT('',(-3.034057756769,61.99080261115,
    30.000000000016));
#6522 = CARTESIAN_POINT('',(-12.29540794353,60.834924659796,
    39.999999999985));
#6523 = CARTESIAN_POINT('',(-21.18234293128,58.084243599701,
    50.000000000008));
#6524 = CARTESIAN_POINT('',(-29.37783628056,53.869840494163,
    59.999999999998));
#6525 = CARTESIAN_POINT('',(-36.61724899248,48.391911268543,70.));
#6526 = DEFINITIONAL_REPRESENTATION('',(#6527),#6531);
#6527 = LINE('',#6528,#6529);
#6528 = CARTESIAN_POINT('',(0.,1.));
#6529 = VECTOR('',#6530,1.);
#6530 = DIRECTION('',(1.,0.));
#6531 = ( GEOMETRIC_REPRESENTATION_CONTEXT(2) 
PARAMETRIC_REPRESENTATION_CONTEXT() REPRESENTATION_CONTEXT('2D SPACE',''
  ) );
#6532 = ORIENTED_EDGE('',*,*,#6533,.F.);
#6533 = EDGE_CURVE('',#6534,#6396,#6536,.T.);
#6534 = VERTEX_POINT('',#6535);
#6535 = CARTESIAN_POINT('',(-16.97725181882,-0.879159075708,70.));
#6536 = SURFACE_CURVE('',#6537,(#6550,#6566),.PCURVE_S1.);
#6537 = B_SPLINE_CURVE_WITH_KNOTS('',11,(#6538,#6539,#6540,#6541,#6542,
    #6543,#6544,#6545,#6546,#6547,#6548,#6549),.UNSPECIFIED.,.F.,.F.,(12
    ,12),(1.,2.),.PIECEWISE_BEZIER_KNOTS.);
#6538 = CARTESIAN_POINT('',(-5.5,-9.526279441629,70.));
#6539 = CARTESIAN_POINT('',(-10.88490575848,-6.417302652405,70.));
#6540 = CARTESIAN_POINT('',(-15.9093942967,-2.684064645985,70.));
#6541 = CARTESIAN_POINT('',(-20.49305484321,1.627008893727,70.));
#6542 = CARTESIAN_POINT('',(-24.56220542938,6.45784233406,70.));
#6543 = CARTESIAN_POINT('',(-28.05181943143,11.739819071578,70.));
#6544 = CARTESIAN_POINT('',(-30.90724282979,17.395272376428,70.));
#6545 = CARTESIAN_POINT('',(-33.08560662051,23.339295873549,70.));
#6546 = CARTESIAN_POINT('',(-34.55686437158,29.481798527274,70.));
#6547 = CARTESIAN_POINT('',(-35.30441047418,35.729716091947,70.));
#6548 = CARTESIAN_POINT('',(-35.32526019654,41.989278087196,70.));
#6549 = CARTESIAN_POINT('',(-34.62979820584,48.16821645258,70.));
#6550 = PCURVE('',#1848,#6551);
#6551 = DEFINITIONAL_REPRESENTATION('',(#6552),#6565);
#6552 = B_SPLINE_CURVE_WITH_KNOTS('',11,(#6553,#6554,#6555,#6556,#6557,
    #6558,#6559,#6560,#6561,#6562,#6563,#6564),.UNSPECIFIED.,.F.,.F.,(12
    ,12),(1.,2.),.PIECEWISE_BEZIER_KNOTS.);
#6553 = CARTESIAN_POINT('',(60.068552272456,39.695957324282));
#6554 = CARTESIAN_POINT('',(56.640390885034,44.883505512541));
#6555 = CARTESIAN_POINT('',(52.61084753403,49.673634056293));
#6556 = CARTESIAN_POINT('',(48.031114165934,53.988879280797));
#6557 = CARTESIAN_POINT('',(42.963605540719,57.759196847592));
#6558 = CARTESIAN_POINT('',(37.480736054068,60.923817888315));
#6559 = CARTESIAN_POINT('',(31.663328013787,63.4328732006));
#6560 = CARTESIAN_POINT('',(25.598719251581,65.248693869171));
#6561 = CARTESIAN_POINT('',(19.378649290029,66.346722964646));
#6562 = CARTESIAN_POINT('',(13.097014623271,66.71599926207));
#6563 = CARTESIAN_POINT('',(6.847595008605,66.359200210633));
#6564 = CARTESIAN_POINT('',(0.72186400485,65.292257675459));
#6565 = ( GEOMETRIC_REPRESENTATION_CONTEXT(2) 
PARAMETRIC_REPRESENTATION_CONTEXT() REPRESENTATION_CONTEXT('2D SPACE',''
  ) );
#6566 = PCURVE('',#4769,#6567);
#6567 = DEFINITIONAL_REPRESENTATION('',(#6568),#6572);
#6568 = LINE('',#6569,#6570);
#6569 = CARTESIAN_POINT('',(0.,1.));
#6570 = VECTOR('',#6571,1.);
#6571 = DIRECTION('',(1.,0.));
#6572 = ( GEOMETRIC_REPRESENTATION_CONTEXT(2) 
PARAMETRIC_REPRESENTATION_CONTEXT() REPRESENTATION_CONTEXT('2D SPACE',''
  ) );
#6573 = ORIENTED_EDGE('',*,*,#6574,.F.);
#6574 = EDGE_CURVE('',#1792,#6534,#6575,.T.);
#6575 = SURFACE_CURVE('',#6576,(#6581,#6592),.PCURVE_S1.);
#6576 = CIRCLE('',#6577,17.);
#6577 = AXIS2_PLACEMENT_3D('',#6578,#6579,#6580);
#6578 = CARTESIAN_POINT('',(0.,0.,70.));
#6579 = DIRECTION('',(0.,0.,1.));
#6580 = DIRECTION('',(1.,0.,0.));
#6581 = PCURVE('',#1848,#6582);
#6582 = DEFINITIONAL_REPRESENTATION('',(#6583),#6591);
#6583 = ( BOUNDED_CURVE() B_SPLINE_CURVE(2,(#6584,#6585,#6586,#6587,
#6588,#6589,#6590),.UNSPECIFIED.,.T.,.F.) B_SPLINE_CURVE_WITH_KNOTS((1,2
    ,2,2,2,1),(-2.094395102393,0.,2.094395102393,4.188790204786,
6.28318530718,8.377580409573),.UNSPECIFIED.) CURVE() 
GEOMETRIC_REPRESENTATION_ITEM() RATIONAL_B_SPLINE_CURVE((1.,0.5,1.,0.5,
1.,0.5,1.)) REPRESENTATION_ITEM('') );
#6584 = CARTESIAN_POINT('',(51.916944740281,16.662258215338));
#6585 = CARTESIAN_POINT('',(22.525707102171,14.885983996606));
#6586 = CARTESIAN_POINT('',(35.683027323717,41.227679549241));
#6587 = CARTESIAN_POINT('',(48.840347545263,67.569375101875));
#6588 = CARTESIAN_POINT('',(65.074264961827,43.003953767972));
#6589 = CARTESIAN_POINT('',(81.308182378391,18.43853243407));
#6590 = CARTESIAN_POINT('',(51.916944740281,16.662258215338));
#6591 = ( GEOMETRIC_REPRESENTATION_CONTEXT(2) 
PARAMETRIC_REPRESENTATION_CONTEXT() REPRESENTATION_CONTEXT('2D SPACE',''
  ) );
#6592 = PCURVE('',#1811,#6593);
#6593 = DEFINITIONAL_REPRESENTATION('',(#6594),#6598);
#6594 = LINE('',#6595,#6596);
#6595 = CARTESIAN_POINT('',(-0.,-3.5));
#6596 = VECTOR('',#6597,1.);
#6597 = DIRECTION('',(-1.,0.));
#6598 = ( GEOMETRIC_REPRESENTATION_CONTEXT(2) 
PARAMETRIC_REPRESENTATION_CONTEXT() REPRESENTATION_CONTEXT('2D SPACE',''
  ) );
#6599 = ORIENTED_EDGE('',*,*,#1825,.F.);
#6600 = ORIENTED_EDGE('',*,*,#5962,.F.);
#6601 = FACE_BOUND('',#6602,.F.);
#6602 = EDGE_LOOP('',(#6603));
#6603 = ORIENTED_EDGE('',*,*,#6604,.F.);
#6604 = EDGE_CURVE('',#6605,#6605,#6607,.T.);
#6605 = VERTEX_POINT('',#6606);
#6606 = CARTESIAN_POINT('',(12.3,0.,70.));
#6607 = SURFACE_CURVE('',#6608,(#6613,#6620),.PCURVE_S1.);
#6608 = CIRCLE('',#6609,12.3);
#6609 = AXIS2_PLACEMENT_3D('',#6610,#6611,#6612);
#6610 = CARTESIAN_POINT('',(0.,0.,70.));
#6611 = DIRECTION('',(0.,0.,-1.));
#6612 = DIRECTION('',(1.,0.,0.));
#6613 = PCURVE('',#1848,#6614);
#6614 = DEFINITIONAL_REPRESENTATION('',(#6615),#6619);
#6615 = CIRCLE('',#6616,12.3);
#6616 = AXIS2_PLACEMENT_2D('',#6617,#6618);
#6617 = CARTESIAN_POINT('',(50.891412341942,33.631297177517));
#6618 = DIRECTION('',(6.032543519644E-02,-0.998178762481));
#6619 = ( GEOMETRIC_REPRESENTATION_CONTEXT(2) 
PARAMETRIC_REPRESENTATION_CONTEXT() REPRESENTATION_CONTEXT('2D SPACE',''
  ) );
#6620 = PCURVE('',#6621,#6626);
#6621 = CYLINDRICAL_SURFACE('',#6622,12.3);
#6622 = AXIS2_PLACEMENT_3D('',#6623,#6624,#6625);
#6623 = CARTESIAN_POINT('',(0.,0.,69.5));
#6624 = DIRECTION('',(-0.,-0.,-1.));
#6625 = DIRECTION('',(1.,0.,0.));
#6626 = DEFINITIONAL_REPRESENTATION('',(#6627),#6631);
#6627 = LINE('',#6628,#6629);
#6628 = CARTESIAN_POINT('',(-6.28318530718,-0.5));
#6629 = VECTOR('',#6630,1.);
#6630 = DIRECTION('',(1.,-0.));
#6631 = ( GEOMETRIC_REPRESENTATION_CONTEXT(2) 
PARAMETRIC_REPRESENTATION_CONTEXT() REPRESENTATION_CONTEXT('2D SPACE',''
  ) );
#6632 = ADVANCED_FACE('',(#6633),#1811,.T.);
#6633 = FACE_BOUND('',#6634,.F.);
#6634 = EDGE_LOOP('',(#6635,#6659,#6660,#6661));
#6635 = ORIENTED_EDGE('',*,*,#6636,.F.);
#6636 = EDGE_CURVE('',#1752,#6637,#6639,.T.);
#6637 = VERTEX_POINT('',#6638);
#6638 = CARTESIAN_POINT('',(-16.99999671617,1.056646020994E-02,66.5));
#6639 = SURFACE_CURVE('',#6640,(#6645,#6652),.PCURVE_S1.);
#6640 = CIRCLE('',#6641,17.);
#6641 = AXIS2_PLACEMENT_3D('',#6642,#6643,#6644);
#6642 = CARTESIAN_POINT('',(0.,0.,66.5));
#6643 = DIRECTION('',(0.,0.,1.));
#6644 = DIRECTION('',(1.,0.,0.));
#6645 = PCURVE('',#1811,#6646);
#6646 = DEFINITIONAL_REPRESENTATION('',(#6647),#6651);
#6647 = LINE('',#6648,#6649);
#6648 = CARTESIAN_POINT('',(-0.,0.));
#6649 = VECTOR('',#6650,1.);
#6650 = DIRECTION('',(-1.,0.));
#6651 = ( GEOMETRIC_REPRESENTATION_CONTEXT(2) 
PARAMETRIC_REPRESENTATION_CONTEXT() REPRESENTATION_CONTEXT('2D SPACE',''
  ) );
#6652 = PCURVE('',#1775,#6653);
#6653 = DEFINITIONAL_REPRESENTATION('',(#6654),#6658);
#6654 = CIRCLE('',#6655,17.);
#6655 = AXIS2_PLACEMENT_2D('',#6656,#6657);
#6656 = CARTESIAN_POINT('',(1.608753097105E-15,6.939665195168E-16));
#6657 = DIRECTION('',(1.,0.));
#6658 = ( GEOMETRIC_REPRESENTATION_CONTEXT(2) 
PARAMETRIC_REPRESENTATION_CONTEXT() REPRESENTATION_CONTEXT('2D SPACE',''
  ) );
#6659 = ORIENTED_EDGE('',*,*,#1791,.T.);
#6660 = ORIENTED_EDGE('',*,*,#6574,.T.);
#6661 = ORIENTED_EDGE('',*,*,#6662,.F.);
#6662 = EDGE_CURVE('',#6637,#6534,#6663,.T.);
#6663 = SURFACE_CURVE('',#6664,(#6670,#6679),.PCURVE_S1.);
#6664 = B_SPLINE_CURVE_WITH_KNOTS('',4,(#6665,#6666,#6667,#6668,#6669),
  .UNSPECIFIED.,.F.,.F.,(5,5),(0.,1.),.PIECEWISE_BEZIER_KNOTS.);
#6665 = CARTESIAN_POINT('',(-16.99999671607,1.056661280156E-02,
    66.4999994));
#6666 = CARTESIAN_POINT('',(-17.00013503274,-0.211962863097,
    67.374999548754));
#6667 = CARTESIAN_POINT('',(-16.99638947658,-0.434494754262,
    68.2499996983));
#6668 = CARTESIAN_POINT('',(-16.98875998517,-0.656927350409,
    69.12499984858));
#6669 = CARTESIAN_POINT('',(-16.97725181881,-0.87915907571,70.));
#6670 = PCURVE('',#1811,#6671);
#6671 = DEFINITIONAL_REPRESENTATION('',(#6672),#6678);
#6672 = B_SPLINE_CURVE_WITH_KNOTS('',4,(#6673,#6674,#6675,#6676,#6677),
  .UNSPECIFIED.,.F.,.F.,(5,5),(0.,1.),.PIECEWISE_BEZIER_KNOTS.);
#6673 = CARTESIAN_POINT('',(-3.140971088091,5.999999999062E-07));
#6674 = CARTESIAN_POINT('',(-3.15406105979,-0.874999548754));
#6675 = CARTESIAN_POINT('',(-3.167151031285,-1.7499996983));
#6676 = CARTESIAN_POINT('',(-3.18024100241,-2.62499984858));
#6677 = CARTESIAN_POINT('',(-3.1933309729,-3.5));
#6678 = ( GEOMETRIC_REPRESENTATION_CONTEXT(2) 
PARAMETRIC_REPRESENTATION_CONTEXT() REPRESENTATION_CONTEXT('2D SPACE',''
  ) );
#6679 = PCURVE('',#4769,#6680);
#6680 = DEFINITIONAL_REPRESENTATION('',(#6681),#6687);
#6681 = B_SPLINE_CURVE_WITH_KNOTS('',4,(#6682,#6683,#6684,#6685,#6686),
  .UNSPECIFIED.,.F.,.F.,(5,5),(0.,1.),.PIECEWISE_BEZIER_KNOTS.);
#6682 = CARTESIAN_POINT('',(1.21061981116,0.949999991429));
#6683 = CARTESIAN_POINT('',(1.210619811088,0.962499993554));
#6684 = CARTESIAN_POINT('',(1.21061981114,0.97499999569));
#6685 = CARTESIAN_POINT('',(1.210619811422,0.987499997837));
#6686 = CARTESIAN_POINT('',(1.210619812176,1.));
#6687 = ( GEOMETRIC_REPRESENTATION_CONTEXT(2) 
PARAMETRIC_REPRESENTATION_CONTEXT() REPRESENTATION_CONTEXT('2D SPACE',''
  ) );
#6688 = ADVANCED_FACE('',(#6689,#6785),#1775,.F.);
#6689 = FACE_BOUND('',#6690,.F.);
#6690 = EDGE_LOOP('',(#6691,#6714,#6715,#6716,#6717,#6752));
#6691 = ORIENTED_EDGE('',*,*,#6692,.T.);
#6692 = EDGE_CURVE('',#6693,#3123,#6695,.T.);
#6693 = VERTEX_POINT('',#6694);
#6694 = CARTESIAN_POINT('',(1.582929241202,-16.92614353647,66.5));
#6695 = SURFACE_CURVE('',#6696,(#6701,#6708),.PCURVE_S1.);
#6696 = CIRCLE('',#6697,17.);
#6697 = AXIS2_PLACEMENT_3D('',#6698,#6699,#6700);
#6698 = CARTESIAN_POINT('',(0.,0.,66.5));
#6699 = DIRECTION('',(0.,0.,1.));
#6700 = DIRECTION('',(1.,0.,0.));
#6701 = PCURVE('',#1775,#6702);
#6702 = DEFINITIONAL_REPRESENTATION('',(#6703),#6707);
#6703 = CIRCLE('',#6704,17.);
#6704 = AXIS2_PLACEMENT_2D('',#6705,#6706);
#6705 = CARTESIAN_POINT('',(1.608753097105E-15,6.939665195168E-16));
#6706 = DIRECTION('',(1.,0.));
#6707 = ( GEOMETRIC_REPRESENTATION_CONTEXT(2) 
PARAMETRIC_REPRESENTATION_CONTEXT() REPRESENTATION_CONTEXT('2D SPACE',''
  ) );
#6708 = PCURVE('',#3108,#6709);
#6709 = DEFINITIONAL_REPRESENTATION('',(#6710),#6713);
#6710 = B_SPLINE_CURVE_WITH_KNOTS('',1,(#6711,#6712),.UNSPECIFIED.,.F.,
  .F.,(2,2),(4.805637543708,6.282563750657),.PIECEWISE_BEZIER_KNOTS.);
#6711 = CARTESIAN_POINT('',(-4.805637543708,0.));
#6712 = CARTESIAN_POINT('',(-6.282563750657,0.));
#6713 = ( GEOMETRIC_REPRESENTATION_CONTEXT(2) 
PARAMETRIC_REPRESENTATION_CONTEXT() REPRESENTATION_CONTEXT('2D SPACE',''
  ) );
#6714 = ORIENTED_EDGE('',*,*,#3142,.T.);
#6715 = ORIENTED_EDGE('',*,*,#1751,.T.);
#6716 = ORIENTED_EDGE('',*,*,#6636,.T.);
#6717 = ORIENTED_EDGE('',*,*,#6718,.T.);
#6718 = EDGE_CURVE('',#6637,#6719,#6721,.T.);
#6719 = VERTEX_POINT('',#6720);
#6720 = CARTESIAN_POINT('',(-5.991029413512,-9.225376265588,66.5));
#6721 = SURFACE_CURVE('',#6722,(#6730,#6741),.PCURVE_S1.);
#6722 = B_SPLINE_CURVE_WITH_KNOTS('',6,(#6723,#6724,#6725,#6726,#6727,
    #6728,#6729),.UNSPECIFIED.,.F.,.F.,(7,7),(0.,1.),
  .PIECEWISE_BEZIER_KNOTS.);
#6723 = CARTESIAN_POINT('',(-17.,1.056998042014E-02,66.5));
#6724 = CARTESIAN_POINT('',(-15.36222666553,-1.745097476671,66.5));
#6725 = CARTESIAN_POINT('',(-13.63870376761,-3.420802472249,66.5));
#6726 = CARTESIAN_POINT('',(-11.83434204498,-5.011275154111,66.5));
#6727 = CARTESIAN_POINT('',(-9.954439798953,-6.5117057992,66.5));
#6728 = CARTESIAN_POINT('',(-8.004654517928,-7.917712829318,66.5));
#6729 = CARTESIAN_POINT('',(-5.991029413512,-9.225376265588,66.5));
#6730 = PCURVE('',#1775,#6731);
#6731 = DEFINITIONAL_REPRESENTATION('',(#6732),#6740);
#6732 = B_SPLINE_CURVE_WITH_KNOTS('',6,(#6733,#6734,#6735,#6736,#6737,
    #6738,#6739),.UNSPECIFIED.,.F.,.F.,(7,7),(0.,1.),
  .PIECEWISE_BEZIER_KNOTS.);
#6733 = CARTESIAN_POINT('',(-17.,1.056998042014E-02));
#6734 = CARTESIAN_POINT('',(-15.36222666553,-1.745097476671));
#6735 = CARTESIAN_POINT('',(-13.63870376761,-3.420802472249));
#6736 = CARTESIAN_POINT('',(-11.83434204498,-5.011275154111));
#6737 = CARTESIAN_POINT('',(-9.954439798953,-6.5117057992));
#6738 = CARTESIAN_POINT('',(-8.004654517928,-7.917712829318));
#6739 = CARTESIAN_POINT('',(-5.991029413512,-9.225376265588));
#6740 = ( GEOMETRIC_REPRESENTATION_CONTEXT(2) 
PARAMETRIC_REPRESENTATION_CONTEXT() REPRESENTATION_CONTEXT('2D SPACE',''
  ) );
#6741 = PCURVE('',#4769,#6742);
#6742 = DEFINITIONAL_REPRESENTATION('',(#6743),#6751);
#6743 = B_SPLINE_CURVE_WITH_KNOTS('',6,(#6744,#6745,#6746,#6747,#6748,
    #6749,#6750),.UNSPECIFIED.,.F.,.F.,(7,7),(0.,1.),
  .PIECEWISE_BEZIER_KNOTS.);
#6744 = CARTESIAN_POINT('',(1.210619881544,0.95));
#6745 = CARTESIAN_POINT('',(1.175516653653,0.95));
#6746 = CARTESIAN_POINT('',(1.140413117117,0.95));
#6747 = CARTESIAN_POINT('',(1.105309940547,0.95));
#6748 = CARTESIAN_POINT('',(1.070206763957,0.95));
#6749 = CARTESIAN_POINT('',(1.035103227877,0.95));
#6750 = CARTESIAN_POINT('',(1.,0.95));
#6751 = ( GEOMETRIC_REPRESENTATION_CONTEXT(2) 
PARAMETRIC_REPRESENTATION_CONTEXT() REPRESENTATION_CONTEXT('2D SPACE',''
  ) );
#6752 = ORIENTED_EDGE('',*,*,#6753,.T.);
#6753 = EDGE_CURVE('',#6719,#6693,#6754,.T.);
#6754 = SURFACE_CURVE('',#6755,(#6763,#6774),.PCURVE_S1.);
#6755 = B_SPLINE_CURVE_WITH_KNOTS('',6,(#6756,#6757,#6758,#6759,#6760,
    #6761,#6762),.UNSPECIFIED.,.F.,.F.,(7,7),(0.,1.),
  .PIECEWISE_BEZIER_KNOTS.);
#6756 = CARTESIAN_POINT('',(-5.991029413512,-9.225376265588,66.5));
#6757 = CARTESIAN_POINT('',(-4.457125202311,-10.22150531032,66.5));
#6758 = CARTESIAN_POINT('',(-3.010532341998,-11.35238755783,66.5));
#6759 = CARTESIAN_POINT('',(-1.666367173791,-12.60826920175,66.5));
#6760 = CARTESIAN_POINT('',(-0.437734568889,-13.97738594139,66.5));
#6761 = CARTESIAN_POINT('',(0.663866722255,-15.44639928595,66.5));
#6762 = CARTESIAN_POINT('',(1.628988444609,-17.,66.5));
#6763 = PCURVE('',#1775,#6764);
#6764 = DEFINITIONAL_REPRESENTATION('',(#6765),#6773);
#6765 = B_SPLINE_CURVE_WITH_KNOTS('',6,(#6766,#6767,#6768,#6769,#6770,
    #6771,#6772),.UNSPECIFIED.,.F.,.F.,(7,7),(0.,1.),
  .PIECEWISE_BEZIER_KNOTS.);
#6766 = CARTESIAN_POINT('',(-5.991029413512,-9.225376265588));
#6767 = CARTESIAN_POINT('',(-4.457125202311,-10.22150531032));
#6768 = CARTESIAN_POINT('',(-3.010532341998,-11.35238755783));
#6769 = CARTESIAN_POINT('',(-1.666367173791,-12.60826920175));
#6770 = CARTESIAN_POINT('',(-0.437734568889,-13.97738594139));
#6771 = CARTESIAN_POINT('',(0.663866722255,-15.44639928595));
#6772 = CARTESIAN_POINT('',(1.628988444609,-17.));
#6773 = ( GEOMETRIC_REPRESENTATION_CONTEXT(2) 
PARAMETRIC_REPRESENTATION_CONTEXT() REPRESENTATION_CONTEXT('2D SPACE',''
  ) );
#6774 = PCURVE('',#4330,#6775);
#6775 = DEFINITIONAL_REPRESENTATION('',(#6776),#6784);
#6776 = B_SPLINE_CURVE_WITH_KNOTS('',6,(#6777,#6778,#6779,#6780,#6781,
    #6782,#6783),.UNSPECIFIED.,.F.,.F.,(7,7),(0.,1.),
  .PIECEWISE_BEZIER_KNOTS.);
#6777 = CARTESIAN_POINT('',(1.,0.95));
#6778 = CARTESIAN_POINT('',(0.976712817042,0.95));
#6779 = CARTESIAN_POINT('',(0.953423539367,0.95));
#6780 = CARTESIAN_POINT('',(0.930136706682,0.95));
#6781 = CARTESIAN_POINT('',(0.906849873606,0.95));
#6782 = CARTESIAN_POINT('',(0.883560596318,0.95));
#6783 = CARTESIAN_POINT('',(0.860273413651,0.95));
#6784 = ( GEOMETRIC_REPRESENTATION_CONTEXT(2) 
PARAMETRIC_REPRESENTATION_CONTEXT() REPRESENTATION_CONTEXT('2D SPACE',''
  ) );
#6785 = FACE_BOUND('',#6786,.F.);
#6786 = EDGE_LOOP('',(#6787));
#6787 = ORIENTED_EDGE('',*,*,#6788,.T.);
#6788 = EDGE_CURVE('',#6789,#6789,#6791,.T.);
#6789 = VERTEX_POINT('',#6790);
#6790 = CARTESIAN_POINT('',(4.4,0.,66.5));
#6791 = SURFACE_CURVE('',#6792,(#6797,#6808),.PCURVE_S1.);
#6792 = CIRCLE('',#6793,4.4);
#6793 = AXIS2_PLACEMENT_3D('',#6794,#6795,#6796);
#6794 = CARTESIAN_POINT('',(0.,0.,66.5));
#6795 = DIRECTION('',(0.,0.,-1.));
#6796 = DIRECTION('',(1.,0.,0.));
#6797 = PCURVE('',#1775,#6798);
#6798 = DEFINITIONAL_REPRESENTATION('',(#6799),#6807);
#6799 = ( BOUNDED_CURVE() B_SPLINE_CURVE(2,(#6800,#6801,#6802,#6803,
#6804,#6805,#6806),.UNSPECIFIED.,.T.,.F.) B_SPLINE_CURVE_WITH_KNOTS((1,2
    ,2,2,2,1),(-2.094395102393,0.,2.094395102393,4.188790204786,
6.28318530718,8.377580409573),.UNSPECIFIED.) CURVE() 
GEOMETRIC_REPRESENTATION_ITEM() RATIONAL_B_SPLINE_CURVE((1.,0.5,1.,0.5,
1.,0.5,1.)) REPRESENTATION_ITEM('') );
#6800 = CARTESIAN_POINT('',(4.4,6.939665195168E-16));
#6801 = CARTESIAN_POINT('',(4.4,-7.621023553303));
#6802 = CARTESIAN_POINT('',(-2.2,-3.810511776652));
#6803 = CARTESIAN_POINT('',(-8.8,-3.837226637328E-16));
#6804 = CARTESIAN_POINT('',(-2.2,3.810511776652));
#6805 = CARTESIAN_POINT('',(4.4,7.621023553303));
#6806 = CARTESIAN_POINT('',(4.4,6.939665195168E-16));
#6807 = ( GEOMETRIC_REPRESENTATION_CONTEXT(2) 
PARAMETRIC_REPRESENTATION_CONTEXT() REPRESENTATION_CONTEXT('2D SPACE',''
  ) );
#6808 = PCURVE('',#6809,#6814);
#6809 = CYLINDRICAL_SURFACE('',#6810,4.4);
#6810 = AXIS2_PLACEMENT_3D('',#6811,#6812,#6813);
#6811 = CARTESIAN_POINT('',(0.,0.,-14.7));
#6812 = DIRECTION('',(-0.,-0.,-1.));
#6813 = DIRECTION('',(1.,0.,0.));
#6814 = DEFINITIONAL_REPRESENTATION('',(#6815),#6819);
#6815 = LINE('',#6816,#6817);
#6816 = CARTESIAN_POINT('',(-6.28318530718,-81.2));
#6817 = VECTOR('',#6818,1.);
#6818 = DIRECTION('',(1.,-0.));
#6819 = ( GEOMETRIC_REPRESENTATION_CONTEXT(2) 
PARAMETRIC_REPRESENTATION_CONTEXT() REPRESENTATION_CONTEXT('2D SPACE',''
  ) );
#6820 = ADVANCED_FACE('',(#6821,#6899),#1632,.F.);
#6821 = FACE_BOUND('',#6822,.F.);
#6822 = EDGE_LOOP('',(#6823,#6824,#6847,#6875,#6897,#6898));
#6823 = ORIENTED_EDGE('',*,*,#1607,.T.);
#6824 = ORIENTED_EDGE('',*,*,#6825,.T.);
#6825 = EDGE_CURVE('',#1608,#6826,#6828,.T.);
#6826 = VERTEX_POINT('',#6827);
#6827 = CARTESIAN_POINT('',(13.986936947552,9.778322699993,0.));
#6828 = SURFACE_CURVE('',#6829,(#6833,#6840),.PCURVE_S1.);
#6829 = LINE('',#6830,#6831);
#6830 = CARTESIAN_POINT('',(12.058574118493,12.07645602935,0.));
#6831 = VECTOR('',#6832,1.);
#6832 = DIRECTION('',(0.642787609687,-0.766044443119,0.));
#6833 = PCURVE('',#1632,#6834);
#6834 = DEFINITIONAL_REPRESENTATION('',(#6835),#6839);
#6835 = LINE('',#6836,#6837);
#6836 = CARTESIAN_POINT('',(12.058574118493,12.07645602935));
#6837 = VECTOR('',#6838,1.);
#6838 = DIRECTION('',(0.642787609687,-0.766044443119));
#6839 = ( GEOMETRIC_REPRESENTATION_CONTEXT(2) 
PARAMETRIC_REPRESENTATION_CONTEXT() REPRESENTATION_CONTEXT('2D SPACE',''
  ) );
#6840 = PCURVE('',#5760,#6841);
#6841 = DEFINITIONAL_REPRESENTATION('',(#6842),#6846);
#6842 = LINE('',#6843,#6844);
#6843 = CARTESIAN_POINT('',(10.45,-3.));
#6844 = VECTOR('',#6845,1.);
#6845 = DIRECTION('',(0.,1.));
#6846 = ( GEOMETRIC_REPRESENTATION_CONTEXT(2) 
PARAMETRIC_REPRESENTATION_CONTEXT() REPRESENTATION_CONTEXT('2D SPACE',''
  ) );
#6847 = ORIENTED_EDGE('',*,*,#6848,.F.);
#6848 = EDGE_CURVE('',#6849,#6826,#6851,.T.);
#6849 = VERTEX_POINT('',#6850);
#6850 = CARTESIAN_POINT('',(13.936143774674,9.735702167364,0.));
#6851 = SURFACE_CURVE('',#6852,(#6856,#6863),.PCURVE_S1.);
#6852 = LINE('',#6853,#6854);
#6853 = CARTESIAN_POINT('',(4.794403630125,2.064871383754,0.));
#6854 = VECTOR('',#6855,1.);
#6855 = DIRECTION('',(0.766044443119,0.642787609687,0.));
#6856 = PCURVE('',#1632,#6857);
#6857 = DEFINITIONAL_REPRESENTATION('',(#6858),#6862);
#6858 = LINE('',#6859,#6860);
#6859 = CARTESIAN_POINT('',(4.794403630125,2.064871383754));
#6860 = VECTOR('',#6861,1.);
#6861 = DIRECTION('',(0.766044443119,0.642787609687));
#6862 = ( GEOMETRIC_REPRESENTATION_CONTEXT(2) 
PARAMETRIC_REPRESENTATION_CONTEXT() REPRESENTATION_CONTEXT('2D SPACE',''
  ) );
#6863 = PCURVE('',#6864,#6869);
#6864 = PLANE('',#6865);
#6865 = AXIS2_PLACEMENT_3D('',#6866,#6867,#6868);
#6866 = CARTESIAN_POINT('',(4.794403630125,2.064871383754,-10.45));
#6867 = DIRECTION('',(-0.642787609687,0.766044443119,0.));
#6868 = DIRECTION('',(0.,0.,1.));
#6869 = DEFINITIONAL_REPRESENTATION('',(#6870),#6874);
#6870 = LINE('',#6871,#6872);
#6871 = CARTESIAN_POINT('',(10.45,0.));
#6872 = VECTOR('',#6873,1.);
#6873 = DIRECTION('',(0.,1.));
#6874 = ( GEOMETRIC_REPRESENTATION_CONTEXT(2) 
PARAMETRIC_REPRESENTATION_CONTEXT() REPRESENTATION_CONTEXT('2D SPACE',''
  ) );
#6875 = ORIENTED_EDGE('',*,*,#6876,.F.);
#6876 = EDGE_CURVE('',#2075,#6849,#6877,.T.);
#6877 = SURFACE_CURVE('',#6878,(#6883,#6890),.PCURVE_S1.);
#6878 = CIRCLE('',#6879,17.);
#6879 = AXIS2_PLACEMENT_3D('',#6880,#6881,#6882);
#6880 = CARTESIAN_POINT('',(0.,0.,0.));
#6881 = DIRECTION('',(0.,-0.,1.));
#6882 = DIRECTION('',(0.766044443119,0.642787609687,0.));
#6883 = PCURVE('',#1632,#6884);
#6884 = DEFINITIONAL_REPRESENTATION('',(#6885),#6889);
#6885 = CIRCLE('',#6886,17.);
#6886 = AXIS2_PLACEMENT_2D('',#6887,#6888);
#6887 = CARTESIAN_POINT('',(4.558133775131E-16,1.70226710729E-17));
#6888 = DIRECTION('',(0.766044443119,0.642787609687));
#6889 = ( GEOMETRIC_REPRESENTATION_CONTEXT(2) 
PARAMETRIC_REPRESENTATION_CONTEXT() REPRESENTATION_CONTEXT('2D SPACE',''
  ) );
#6890 = PCURVE('',#3560,#6891);
#6891 = DEFINITIONAL_REPRESENTATION('',(#6892),#6896);
#6892 = LINE('',#6893,#6894);
#6893 = CARTESIAN_POINT('',(-0.,-10.45));
#6894 = VECTOR('',#6895,1.);
#6895 = DIRECTION('',(-1.,0.));
#6896 = ( GEOMETRIC_REPRESENTATION_CONTEXT(2) 
PARAMETRIC_REPRESENTATION_CONTEXT() REPRESENTATION_CONTEXT('2D SPACE',''
  ) );
#6897 = ORIENTED_EDGE('',*,*,#2115,.T.);
#6898 = ORIENTED_EDGE('',*,*,#5922,.T.);
#6899 = FACE_BOUND('',#6900,.F.);
#6900 = EDGE_LOOP('',(#6901,#6931,#6964,#6997,#7030,#7059,#7092,#7121));
#6901 = ORIENTED_EDGE('',*,*,#6902,.F.);
#6902 = EDGE_CURVE('',#6903,#6905,#6907,.T.);
#6903 = VERTEX_POINT('',#6904);
#6904 = CARTESIAN_POINT('',(59.452459873683,1.283997055735,0.));
#6905 = VERTEX_POINT('',#6906);
#6906 = CARTESIAN_POINT('',(60.490732717838,1.300307548939,0.));
#6907 = SURFACE_CURVE('',#6908,(#6912,#6919),.PCURVE_S1.);
#6908 = LINE('',#6909,#6910);
#6909 = CARTESIAN_POINT('',(58.987223755359,1.276688542766,0.));
#6910 = VECTOR('',#6911,1.);
#6911 = DIRECTION('',(0.999876632482,1.570731731182E-02,-0.));
#6912 = PCURVE('',#1632,#6913);
#6913 = DEFINITIONAL_REPRESENTATION('',(#6914),#6918);
#6914 = LINE('',#6915,#6916);
#6915 = CARTESIAN_POINT('',(58.987223755359,1.276688542766));
#6916 = VECTOR('',#6917,1.);
#6917 = DIRECTION('',(0.999876632482,1.570731731182E-02));
#6918 = ( GEOMETRIC_REPRESENTATION_CONTEXT(2) 
PARAMETRIC_REPRESENTATION_CONTEXT() REPRESENTATION_CONTEXT('2D SPACE',''
  ) );
#6919 = PCURVE('',#6920,#6925);
#6920 = PLANE('',#6921);
#6921 = AXIS2_PLACEMENT_3D('',#6922,#6923,#6924);
#6922 = CARTESIAN_POINT('',(59.452459873683,1.283997055735,0.));
#6923 = DIRECTION('',(-1.570731731182E-02,0.999876632482,0.));
#6924 = DIRECTION('',(0.999876632482,1.570731731182E-02,-0.));
#6925 = DEFINITIONAL_REPRESENTATION('',(#6926),#6930);
#6926 = LINE('',#6927,#6928);
#6927 = CARTESIAN_POINT('',(-0.465293520431,0.));
#6928 = VECTOR('',#6929,1.);
#6929 = DIRECTION('',(1.,0.));
#6930 = ( GEOMETRIC_REPRESENTATION_CONTEXT(2) 
PARAMETRIC_REPRESENTATION_CONTEXT() REPRESENTATION_CONTEXT('2D SPACE',''
  ) );
#6931 = ORIENTED_EDGE('',*,*,#6932,.T.);
#6932 = EDGE_CURVE('',#6903,#6933,#6935,.T.);
#6933 = VERTEX_POINT('',#6934);
#6934 = CARTESIAN_POINT('',(59.330651606294,1.399694980247,0.));
#6935 = SURFACE_CURVE('',#6936,(#6941,#6952),.PCURVE_S1.);
#6936 = CIRCLE('',#6937,0.12);
#6937 = AXIS2_PLACEMENT_3D('',#6938,#6939,#6940);
#6938 = CARTESIAN_POINT('',(59.450574995606,1.403982251632,0.));
#6939 = DIRECTION('',(0.,0.,-1.));
#6940 = DIRECTION('',(0.999876632482,1.570731731182E-02,0.));
#6941 = PCURVE('',#1632,#6942);
#6942 = DEFINITIONAL_REPRESENTATION('',(#6943),#6951);
#6943 = ( BOUNDED_CURVE() B_SPLINE_CURVE(2,(#6944,#6945,#6946,#6947,
#6948,#6949,#6950),.UNSPECIFIED.,.T.,.F.) B_SPLINE_CURVE_WITH_KNOTS((1,2
    ,2,2,2,1),(-2.094395102393,0.,2.094395102393,4.188790204786,
6.28318530718,8.377580409573),.UNSPECIFIED.) CURVE() 
GEOMETRIC_REPRESENTATION_ITEM() RATIONAL_B_SPLINE_CURVE((1.,0.5,1.,0.5,
1.,0.5,1.)) REPRESENTATION_ITEM('') );
#6944 = CARTESIAN_POINT('',(59.570560191504,1.40586712971));
#6945 = CARTESIAN_POINT('',(59.5738248961,1.198046674259));
#6946 = CARTESIAN_POINT('',(59.392214749955,1.299129584868));
#6947 = CARTESIAN_POINT('',(59.21060460381,1.400212495478));
#6948 = CARTESIAN_POINT('',(59.388950045359,1.506950040319));
#6949 = CARTESIAN_POINT('',(59.567295486908,1.613687585161));
#6950 = CARTESIAN_POINT('',(59.570560191504,1.40586712971));
#6951 = ( GEOMETRIC_REPRESENTATION_CONTEXT(2) 
PARAMETRIC_REPRESENTATION_CONTEXT() REPRESENTATION_CONTEXT('2D SPACE',''
  ) );
#6952 = PCURVE('',#6953,#6958);
#6953 = CYLINDRICAL_SURFACE('',#6954,0.12);
#6954 = AXIS2_PLACEMENT_3D('',#6955,#6956,#6957);
#6955 = CARTESIAN_POINT('',(59.450574995606,1.403982251632,0.));
#6956 = DIRECTION('',(0.,0.,-1.));
#6957 = DIRECTION('',(0.999876632482,1.570731731182E-02,0.));
#6958 = DEFINITIONAL_REPRESENTATION('',(#6959),#6963);
#6959 = LINE('',#6960,#6961);
#6960 = CARTESIAN_POINT('',(0.,0.));
#6961 = VECTOR('',#6962,1.);
#6962 = DIRECTION('',(1.,0.));
#6963 = ( GEOMETRIC_REPRESENTATION_CONTEXT(2) 
PARAMETRIC_REPRESENTATION_CONTEXT() REPRESENTATION_CONTEXT('2D SPACE',''
  ) );
#6964 = ORIENTED_EDGE('',*,*,#6965,.F.);
#6965 = EDGE_CURVE('',#6966,#6933,#6968,.T.);
#6966 = VERTEX_POINT('',#6967);
#6967 = CARTESIAN_POINT('',(20.625128308432,18.143073256374,0.));
#6968 = SURFACE_CURVE('',#6969,(#6974,#6985),.PCURVE_S1.);
#6969 = CIRCLE('',#6970,23.35);
#6970 = AXIS2_PLACEMENT_3D('',#6971,#6972,#6973);
#6971 = CARTESIAN_POINT('',(35.99555876934,0.565463423226,0.));
#6972 = DIRECTION('',(-0.,0.,-1.));
#6973 = DIRECTION('',(-0.999876632482,-1.570731731182E-02,0.));
#6974 = PCURVE('',#1632,#6975);
#6975 = DEFINITIONAL_REPRESENTATION('',(#6976),#6984);
#6976 = ( BOUNDED_CURVE() B_SPLINE_CURVE(2,(#6977,#6978,#6979,#6980,
#6981,#6982,#6983),.UNSPECIFIED.,.T.,.F.) B_SPLINE_CURVE_WITH_KNOTS((1,2
    ,2,2,2,1),(-2.094395102393,0.,2.094395102393,4.188790204786,
6.28318530718,8.377580409573),.UNSPECIFIED.) CURVE() 
GEOMETRIC_REPRESENTATION_ITEM() RATIONAL_B_SPLINE_CURVE((1.,0.5,1.,0.5,
1.,0.5,1.)) REPRESENTATION_ITEM('') );
#6977 = CARTESIAN_POINT('',(12.648439400893,0.198697563995));
#6978 = CARTESIAN_POINT('',(12.013182298223,40.63709452052));
#6979 = CARTESIAN_POINT('',(47.351489902228,20.968044831104));
#6980 = CARTESIAN_POINT('',(82.689797506233,1.298995141688));
#6981 = CARTESIAN_POINT('',(47.986747004898,-19.47035212542));
#6982 = CARTESIAN_POINT('',(13.283696503563,-40.23969939253));
#6983 = CARTESIAN_POINT('',(12.648439400893,0.198697563995));
#6984 = ( GEOMETRIC_REPRESENTATION_CONTEXT(2) 
PARAMETRIC_REPRESENTATION_CONTEXT() REPRESENTATION_CONTEXT('2D SPACE',''
  ) );
#6985 = PCURVE('',#6986,#6991);
#6986 = CYLINDRICAL_SURFACE('',#6987,23.35);
#6987 = AXIS2_PLACEMENT_3D('',#6988,#6989,#6990);
#6988 = CARTESIAN_POINT('',(35.99555876934,0.565463423226,0.));
#6989 = DIRECTION('',(-0.,0.,-1.));
#6990 = DIRECTION('',(-0.999876632482,-1.570731731182E-02,0.));
#6991 = DEFINITIONAL_REPRESENTATION('',(#6992),#6996);
#6992 = LINE('',#6993,#6994);
#6993 = CARTESIAN_POINT('',(0.,0.));
#6994 = VECTOR('',#6995,1.);
#6995 = DIRECTION('',(1.,0.));
#6996 = ( GEOMETRIC_REPRESENTATION_CONTEXT(2) 
PARAMETRIC_REPRESENTATION_CONTEXT() REPRESENTATION_CONTEXT('2D SPACE',''
  ) );
#6997 = ORIENTED_EDGE('',*,*,#6998,.T.);
#6998 = EDGE_CURVE('',#6966,#6999,#7001,.T.);
#6999 = VERTEX_POINT('',#7000);
#7000 = CARTESIAN_POINT('',(20.456383019948,18.153757014491,0.));
#7001 = SURFACE_CURVE('',#7002,(#7007,#7018),.PCURVE_S1.);
#7002 = CIRCLE('',#7003,0.12);
#7003 = AXIS2_PLACEMENT_3D('',#7004,#7005,#7006);
#7004 = CARTESIAN_POINT('',(20.546136802851,18.233407867936,0.));
#7005 = DIRECTION('',(0.,0.,-1.));
#7006 = DIRECTION('',(0.752788429685,0.658262546506,0.));
#7007 = PCURVE('',#1632,#7008);
#7008 = DEFINITIONAL_REPRESENTATION('',(#7009),#7017);
#7009 = ( BOUNDED_CURVE() B_SPLINE_CURVE(2,(#7010,#7011,#7012,#7013,
#7014,#7015,#7016),.UNSPECIFIED.,.T.,.F.) B_SPLINE_CURVE_WITH_KNOTS((1,2
    ,2,2,2,1),(-2.094395102393,0.,2.094395102393,4.188790204786,
6.28318530718,8.377580409573),.UNSPECIFIED.) CURVE() 
GEOMETRIC_REPRESENTATION_ITEM() RATIONAL_B_SPLINE_CURVE((1.,0.5,1.,0.5,
1.,0.5,1.)) REPRESENTATION_ITEM('') );
#7010 = CARTESIAN_POINT('',(20.636471414414,18.312399373517));
#7011 = CARTESIAN_POINT('',(20.773288715446,18.155935236609));
#7012 = CARTESIAN_POINT('',(20.569378147586,18.115680046692));
#7013 = CARTESIAN_POINT('',(20.365467579727,18.075424856775));
#7014 = CARTESIAN_POINT('',(20.432560846554,18.2721441836));
#7015 = CARTESIAN_POINT('',(20.499654113381,18.468863510425));
#7016 = CARTESIAN_POINT('',(20.636471414414,18.312399373517));
#7017 = ( GEOMETRIC_REPRESENTATION_CONTEXT(2) 
PARAMETRIC_REPRESENTATION_CONTEXT() REPRESENTATION_CONTEXT('2D SPACE',''
  ) );
#7018 = PCURVE('',#7019,#7024);
#7019 = CYLINDRICAL_SURFACE('',#7020,0.12);
#7020 = AXIS2_PLACEMENT_3D('',#7021,#7022,#7023);
#7021 = CARTESIAN_POINT('',(20.546136802851,18.233407867936,0.));
#7022 = DIRECTION('',(0.,0.,-1.));
#7023 = DIRECTION('',(0.752788429685,0.658262546506,0.));
#7024 = DEFINITIONAL_REPRESENTATION('',(#7025),#7029);
#7025 = LINE('',#7026,#7027);
#7026 = CARTESIAN_POINT('',(0.,0.));
#7027 = VECTOR('',#7028,1.);
#7028 = DIRECTION('',(1.,0.));
#7029 = ( GEOMETRIC_REPRESENTATION_CONTEXT(2) 
PARAMETRIC_REPRESENTATION_CONTEXT() REPRESENTATION_CONTEXT('2D SPACE',''
  ) );
#7030 = ORIENTED_EDGE('',*,*,#7031,.T.);
#7031 = EDGE_CURVE('',#6999,#7032,#7034,.T.);
#7032 = VERTEX_POINT('',#7033);
#7033 = CARTESIAN_POINT('',(20.035426525907,18.617308718635,0.));
#7034 = SURFACE_CURVE('',#7035,(#7040,#7047),.PCURVE_S1.);
#7035 = CIRCLE('',#7036,27.35);
#7036 = AXIS2_PLACEMENT_3D('',#7037,#7038,#7039);
#7037 = CARTESIAN_POINT('',(0.,0.,0.));
#7038 = DIRECTION('',(0.,-0.,1.));
#7039 = DIRECTION('',(1.,0.,0.));
#7040 = PCURVE('',#1632,#7041);
#7041 = DEFINITIONAL_REPRESENTATION('',(#7042),#7046);
#7042 = CIRCLE('',#7043,27.35);
#7043 = AXIS2_PLACEMENT_2D('',#7044,#7045);
#7044 = CARTESIAN_POINT('',(4.558133775131E-16,1.70226710729E-17));
#7045 = DIRECTION('',(1.,0.));
#7046 = ( GEOMETRIC_REPRESENTATION_CONTEXT(2) 
PARAMETRIC_REPRESENTATION_CONTEXT() REPRESENTATION_CONTEXT('2D SPACE',''
  ) );
#7047 = PCURVE('',#7048,#7053);
#7048 = CYLINDRICAL_SURFACE('',#7049,27.35);
#7049 = AXIS2_PLACEMENT_3D('',#7050,#7051,#7052);
#7050 = CARTESIAN_POINT('',(0.,0.,0.));
#7051 = DIRECTION('',(-0.,0.,-1.));
#7052 = DIRECTION('',(1.,0.,0.));
#7053 = DEFINITIONAL_REPRESENTATION('',(#7054),#7058);
#7054 = LINE('',#7055,#7056);
#7055 = CARTESIAN_POINT('',(-0.,0.));
#7056 = VECTOR('',#7057,1.);
#7057 = DIRECTION('',(-1.,0.));
#7058 = ( GEOMETRIC_REPRESENTATION_CONTEXT(2) 
PARAMETRIC_REPRESENTATION_CONTEXT() REPRESENTATION_CONTEXT('2D SPACE',''
  ) );
#7059 = ORIENTED_EDGE('',*,*,#7060,.T.);
#7060 = EDGE_CURVE('',#7032,#7061,#7063,.T.);
#7061 = VERTEX_POINT('',#7062);
#7062 = CARTESIAN_POINT('',(20.045665171898,18.790468333515,0.));
#7063 = SURFACE_CURVE('',#7064,(#7069,#7080),.PCURVE_S1.);
#7064 = CIRCLE('',#7065,0.12);
#7065 = AXIS2_PLACEMENT_3D('',#7066,#7067,#7068);
#7066 = CARTESIAN_POINT('',(20.123333333333,18.698993436962,0.));
#7067 = DIRECTION('',(-0.,0.,-1.));
#7068 = DIRECTION('',(0.680705986056,-0.732556728552,-0.));
#7069 = PCURVE('',#1632,#7070);
#7070 = DEFINITIONAL_REPRESENTATION('',(#7071),#7079);
#7071 = ( BOUNDED_CURVE() B_SPLINE_CURVE(2,(#7072,#7073,#7074,#7075,
#7076,#7077,#7078),.UNSPECIFIED.,.T.,.F.) B_SPLINE_CURVE_WITH_KNOTS((1,2
    ,2,2,2,1),(-2.094395102393,0.,2.094395102393,4.188790204786,
6.28318530718,8.377580409573),.UNSPECIFIED.) CURVE() 
GEOMETRIC_REPRESENTATION_ITEM() RATIONAL_B_SPLINE_CURVE((1.,0.5,1.,0.5,
1.,0.5,1.)) REPRESENTATION_ITEM('') );
#7072 = CARTESIAN_POINT('',(20.20501805166,18.611086629536));
#7073 = CARTESIAN_POINT('',(20.052758994867,18.469604547192));
#7074 = CARTESIAN_POINT('',(20.006361445773,18.672205799503));
#7075 = CARTESIAN_POINT('',(19.95996389668,18.874807051815));
#7076 = CARTESIAN_POINT('',(20.158620502567,18.813687881847));
#7077 = CARTESIAN_POINT('',(20.357277108454,18.75256871188));
#7078 = CARTESIAN_POINT('',(20.20501805166,18.611086629536));
#7079 = ( GEOMETRIC_REPRESENTATION_CONTEXT(2) 
PARAMETRIC_REPRESENTATION_CONTEXT() REPRESENTATION_CONTEXT('2D SPACE',''
  ) );
#7080 = PCURVE('',#7081,#7086);
#7081 = CYLINDRICAL_SURFACE('',#7082,0.12);
#7082 = AXIS2_PLACEMENT_3D('',#7083,#7084,#7085);
#7083 = CARTESIAN_POINT('',(20.123333333333,18.698993436962,0.));
#7084 = DIRECTION('',(-0.,0.,-1.));
#7085 = DIRECTION('',(0.680705986056,-0.732556728552,-0.));
#7086 = DEFINITIONAL_REPRESENTATION('',(#7087),#7091);
#7087 = LINE('',#7088,#7089);
#7088 = CARTESIAN_POINT('',(0.,0.));
#7089 = VECTOR('',#7090,1.);
#7090 = DIRECTION('',(1.,0.));
#7091 = ( GEOMETRIC_REPRESENTATION_CONTEXT(2) 
PARAMETRIC_REPRESENTATION_CONTEXT() REPRESENTATION_CONTEXT('2D SPACE',''
  ) );
#7092 = ORIENTED_EDGE('',*,*,#7093,.F.);
#7093 = EDGE_CURVE('',#7094,#7061,#7096,.T.);
#7094 = VERTEX_POINT('',#7095);
#7095 = CARTESIAN_POINT('',(60.608646524668,1.42724077294,0.));
#7096 = SURFACE_CURVE('',#7097,(#7102,#7109),.PCURVE_S1.);
#7097 = CIRCLE('',#7098,24.65);
#7098 = AXIS2_PLACEMENT_3D('',#7099,#7100,#7101);
#7099 = CARTESIAN_POINT('',(36.,-2.6645352591E-15,0.));
#7100 = DIRECTION('',(0.,0.,1.));
#7101 = DIRECTION('',(1.,6.938893903907E-17,-0.));
#7102 = PCURVE('',#1632,#7103);
#7103 = DEFINITIONAL_REPRESENTATION('',(#7104),#7108);
#7104 = CIRCLE('',#7105,24.65);
#7105 = AXIS2_PLACEMENT_2D('',#7106,#7107);
#7106 = CARTESIAN_POINT('',(36.,-2.647512588027E-15));
#7107 = DIRECTION('',(1.,6.938893903907E-17));
#7108 = ( GEOMETRIC_REPRESENTATION_CONTEXT(2) 
PARAMETRIC_REPRESENTATION_CONTEXT() REPRESENTATION_CONTEXT('2D SPACE',''
  ) );
#7109 = PCURVE('',#7110,#7115);
#7110 = CYLINDRICAL_SURFACE('',#7111,24.65);
#7111 = AXIS2_PLACEMENT_3D('',#7112,#7113,#7114);
#7112 = CARTESIAN_POINT('',(36.,-2.6645352591E-15,0.));
#7113 = DIRECTION('',(-0.,-0.,-1.));
#7114 = DIRECTION('',(1.,6.938893903907E-17,-0.));
#7115 = DEFINITIONAL_REPRESENTATION('',(#7116),#7120);
#7116 = LINE('',#7117,#7118);
#7117 = CARTESIAN_POINT('',(-0.,0.));
#7118 = VECTOR('',#7119,1.);
#7119 = DIRECTION('',(-1.,0.));
#7120 = ( GEOMETRIC_REPRESENTATION_CONTEXT(2) 
PARAMETRIC_REPRESENTATION_CONTEXT() REPRESENTATION_CONTEXT('2D SPACE',''
  ) );
#7121 = ORIENTED_EDGE('',*,*,#7122,.T.);
#7122 = EDGE_CURVE('',#7094,#6905,#7123,.T.);
#7123 = SURFACE_CURVE('',#7124,(#7129,#7140),.PCURVE_S1.);
#7124 = CIRCLE('',#7125,0.12);
#7125 = AXIS2_PLACEMENT_3D('',#7126,#7127,#7128);
#7126 = CARTESIAN_POINT('',(60.488847839761,1.420292744837,0.));
#7127 = DIRECTION('',(0.,0.,-1.));
#7128 = DIRECTION('',(-5.790023419636E-02,0.998322374226,0.));
#7129 = PCURVE('',#1632,#7130);
#7130 = DEFINITIONAL_REPRESENTATION('',(#7131),#7139);
#7131 = ( BOUNDED_CURVE() B_SPLINE_CURVE(2,(#7132,#7133,#7134,#7135,
#7136,#7137,#7138),.UNSPECIFIED.,.T.,.F.) B_SPLINE_CURVE_WITH_KNOTS((1,2
    ,2,2,2,1),(-2.094395102393,0.,2.094395102393,4.188790204786,
6.28318530718,8.377580409573),.UNSPECIFIED.) CURVE() 
GEOMETRIC_REPRESENTATION_ITEM() RATIONAL_B_SPLINE_CURVE((1.,0.5,1.,0.5,
1.,0.5,1.)) REPRESENTATION_ITEM('') );
#7132 = CARTESIAN_POINT('',(60.481899811657,1.540091429744));
#7133 = CARTESIAN_POINT('',(60.689397220596,1.552125767432));
#7134 = CARTESIAN_POINT('',(60.596070558282,1.366410571227));
#7135 = CARTESIAN_POINT('',(60.502743895968,1.180695375023));
#7136 = CARTESIAN_POINT('',(60.388573149343,1.354376233539));
#7137 = CARTESIAN_POINT('',(60.274402402718,1.528057092056));
#7138 = CARTESIAN_POINT('',(60.481899811657,1.540091429744));
#7139 = ( GEOMETRIC_REPRESENTATION_CONTEXT(2) 
PARAMETRIC_REPRESENTATION_CONTEXT() REPRESENTATION_CONTEXT('2D SPACE',''
  ) );
#7140 = PCURVE('',#7141,#7146);
#7141 = CYLINDRICAL_SURFACE('',#7142,0.12);
#7142 = AXIS2_PLACEMENT_3D('',#7143,#7144,#7145);
#7143 = CARTESIAN_POINT('',(60.488847839761,1.420292744837,0.));
#7144 = DIRECTION('',(0.,0.,-1.));
#7145 = DIRECTION('',(-5.790023419636E-02,0.998322374226,0.));
#7146 = DEFINITIONAL_REPRESENTATION('',(#7147),#7151);
#7147 = LINE('',#7148,#7149);
#7148 = CARTESIAN_POINT('',(0.,0.));
#7149 = VECTOR('',#7150,1.);
#7150 = DIRECTION('',(1.,0.));
#7151 = ( GEOMETRIC_REPRESENTATION_CONTEXT(2) 
PARAMETRIC_REPRESENTATION_CONTEXT() REPRESENTATION_CONTEXT('2D SPACE',''
  ) );
#7152 = ADVANCED_FACE('',(#7153),#1959,.T.);
#7153 = FACE_BOUND('',#7154,.T.);
#7154 = EDGE_LOOP('',(#7155,#7156,#7157,#7158,#7177,#7196,#7197,#7198,
    #7199));
#7155 = ORIENTED_EDGE('',*,*,#2074,.F.);
#7156 = ORIENTED_EDGE('',*,*,#1973,.F.);
#7157 = ORIENTED_EDGE('',*,*,#2406,.F.);
#7158 = ORIENTED_EDGE('',*,*,#7159,.F.);
#7159 = EDGE_CURVE('',#452,#2363,#7160,.T.);
#7160 = SURFACE_CURVE('',#7161,(#7164,#7170),.PCURVE_S1.);
#7161 = B_SPLINE_CURVE_WITH_KNOTS('',1,(#7162,#7163),.UNSPECIFIED.,.F.,
  .F.,(2,2),(1.,2.),.PIECEWISE_BEZIER_KNOTS.);
#7162 = CARTESIAN_POINT('',(14.,-1.5,0.));
#7163 = CARTESIAN_POINT('',(14.,1.5,0.));
#7164 = PCURVE('',#1959,#7165);
#7165 = DEFINITIONAL_REPRESENTATION('',(#7166),#7169);
#7166 = B_SPLINE_CURVE_WITH_KNOTS('',1,(#7167,#7168),.UNSPECIFIED.,.F.,
  .F.,(2,2),(1.,2.),.PIECEWISE_BEZIER_KNOTS.);
#7167 = CARTESIAN_POINT('',(4.760440789136,-8.64809320029));
#7168 = CARTESIAN_POINT('',(6.688803618196,-6.349959870933));
#7169 = ( GEOMETRIC_REPRESENTATION_CONTEXT(2) 
PARAMETRIC_REPRESENTATION_CONTEXT() REPRESENTATION_CONTEXT('2D SPACE',''
  ) );
#7170 = PCURVE('',#2384,#7171);
#7171 = DEFINITIONAL_REPRESENTATION('',(#7172),#7176);
#7172 = LINE('',#7173,#7174);
#7173 = CARTESIAN_POINT('',(0.,0.));
#7174 = VECTOR('',#7175,1.);
#7175 = DIRECTION('',(1.,0.));
#7176 = ( GEOMETRIC_REPRESENTATION_CONTEXT(2) 
PARAMETRIC_REPRESENTATION_CONTEXT() REPRESENTATION_CONTEXT('2D SPACE',''
  ) );
#7177 = ORIENTED_EDGE('',*,*,#7178,.F.);
#7178 = EDGE_CURVE('',#2488,#452,#7179,.T.);
#7179 = SURFACE_CURVE('',#7180,(#7183,#7189),.PCURVE_S1.);
#7180 = B_SPLINE_CURVE_WITH_KNOTS('',1,(#7181,#7182),.UNSPECIFIED.,.F.,
  .F.,(2,2),(1.,2.),.PIECEWISE_BEZIER_KNOTS.);
#7181 = CARTESIAN_POINT('',(14.,-1.5,0.));
#7182 = CARTESIAN_POINT('',(14.,1.5,0.));
#7183 = PCURVE('',#1959,#7184);
#7184 = DEFINITIONAL_REPRESENTATION('',(#7185),#7188);
#7185 = B_SPLINE_CURVE_WITH_KNOTS('',1,(#7186,#7187),.UNSPECIFIED.,.F.,
  .F.,(2,2),(1.,2.),.PIECEWISE_BEZIER_KNOTS.);
#7186 = CARTESIAN_POINT('',(4.760440789136,-8.64809320029));
#7187 = CARTESIAN_POINT('',(6.688803618196,-6.349959870933));
#7188 = ( GEOMETRIC_REPRESENTATION_CONTEXT(2) 
PARAMETRIC_REPRESENTATION_CONTEXT() REPRESENTATION_CONTEXT('2D SPACE',''
  ) );
#7189 = PCURVE('',#2384,#7190);
#7190 = DEFINITIONAL_REPRESENTATION('',(#7191),#7195);
#7191 = LINE('',#7192,#7193);
#7192 = CARTESIAN_POINT('',(0.,0.));
#7193 = VECTOR('',#7194,1.);
#7194 = DIRECTION('',(1.,0.));
#7195 = ( GEOMETRIC_REPRESENTATION_CONTEXT(2) 
PARAMETRIC_REPRESENTATION_CONTEXT() REPRESENTATION_CONTEXT('2D SPACE',''
  ) );
#7196 = ORIENTED_EDGE('',*,*,#2487,.F.);
#7197 = ORIENTED_EDGE('',*,*,#1944,.F.);
#7198 = ORIENTED_EDGE('',*,*,#2738,.F.);
#7199 = ORIENTED_EDGE('',*,*,#7200,.T.);
#7200 = EDGE_CURVE('',#2693,#2075,#7201,.T.);
#7201 = SURFACE_CURVE('',#7202,(#7207,#7214),.PCURVE_S1.);
#7202 = CIRCLE('',#7203,17.);
#7203 = AXIS2_PLACEMENT_3D('',#7204,#7205,#7206);
#7204 = CARTESIAN_POINT('',(0.,0.,0.));
#7205 = DIRECTION('',(0.,-0.,1.));
#7206 = DIRECTION('',(0.766044443119,0.642787609687,0.));
#7207 = PCURVE('',#1959,#7208);
#7208 = DEFINITIONAL_REPRESENTATION('',(#7209),#7213);
#7209 = CIRCLE('',#7210,17.);
#7210 = AXIS2_PLACEMENT_2D('',#7211,#7212);
#7211 = CARTESIAN_POINT('',(-5.,1.5));
#7212 = DIRECTION('',(1.,0.));
#7213 = ( GEOMETRIC_REPRESENTATION_CONTEXT(2) 
PARAMETRIC_REPRESENTATION_CONTEXT() REPRESENTATION_CONTEXT('2D SPACE',''
  ) );
#7214 = PCURVE('',#3560,#7215);
#7215 = DEFINITIONAL_REPRESENTATION('',(#7216),#7220);
#7216 = LINE('',#7217,#7218);
#7217 = CARTESIAN_POINT('',(-0.,-10.45));
#7218 = VECTOR('',#7219,1.);
#7219 = DIRECTION('',(-1.,0.));
#7220 = ( GEOMETRIC_REPRESENTATION_CONTEXT(2) 
PARAMETRIC_REPRESENTATION_CONTEXT() REPRESENTATION_CONTEXT('2D SPACE',''
  ) );
#7221 = ADVANCED_FACE('',(#7222),#2345,.T.);
#7222 = FACE_BOUND('',#7223,.T.);
#7223 = EDGE_LOOP('',(#7224,#7225,#7226,#7253,#7254));
#7224 = ORIENTED_EDGE('',*,*,#2779,.T.);
#7225 = ORIENTED_EDGE('',*,*,#2535,.F.);
#7226 = ORIENTED_EDGE('',*,*,#7227,.F.);
#7227 = EDGE_CURVE('',#2365,#2509,#7228,.T.);
#7228 = SURFACE_CURVE('',#7229,(#7235,#7244),.PCURVE_S1.);
#7229 = B_SPLINE_CURVE_WITH_KNOTS('',4,(#7230,#7231,#7232,#7233,#7234),
  .UNSPECIFIED.,.F.,.F.,(5,5),(0.,1.),.PIECEWISE_BEZIER_KNOTS.);
#7230 = CARTESIAN_POINT('',(13.918605171776,2.126598004619,3.));
#7231 = CARTESIAN_POINT('',(13.952253838764,1.377353227525,3.));
#7232 = CARTESIAN_POINT('',(13.985902505751,0.628108450431,3.));
#7233 = CARTESIAN_POINT('',(14.019551172739,-0.121136326662,3.));
#7234 = CARTESIAN_POINT('',(14.053199839726,-0.870381103756,3.));
#7235 = PCURVE('',#2345,#7236);
#7236 = DEFINITIONAL_REPRESENTATION('',(#7237),#7243);
#7237 = B_SPLINE_CURVE_WITH_KNOTS('',4,(#7238,#7239,#7240,#7241,#7242),
  .UNSPECIFIED.,.F.,.F.,(5,5),(0.,1.),.PIECEWISE_BEZIER_KNOTS.);
#7238 = CARTESIAN_POINT('',(13.918605171776,2.126598004619));
#7239 = CARTESIAN_POINT('',(13.952253838764,1.377353227525));
#7240 = CARTESIAN_POINT('',(13.985902505751,0.628108450431));
#7241 = CARTESIAN_POINT('',(14.019551172739,-0.121136326662));
#7242 = CARTESIAN_POINT('',(14.053199839726,-0.870381103756));
#7243 = ( GEOMETRIC_REPRESENTATION_CONTEXT(2) 
PARAMETRIC_REPRESENTATION_CONTEXT() REPRESENTATION_CONTEXT('2D SPACE',''
  ) );
#7244 = PCURVE('',#2384,#7245);
#7245 = DEFINITIONAL_REPRESENTATION('',(#7246),#7252);
#7246 = B_SPLINE_CURVE_WITH_KNOTS('',4,(#7247,#7248,#7249,#7250,#7251),
  .UNSPECIFIED.,.F.,.F.,(5,5),(0.,1.),.PIECEWISE_BEZIER_KNOTS.);
#7247 = CARTESIAN_POINT('',(2.,4.285714285714E-02));
#7248 = CARTESIAN_POINT('',(1.75,4.285714285714E-02));
#7249 = CARTESIAN_POINT('',(1.5,4.285714285714E-02));
#7250 = CARTESIAN_POINT('',(1.25,4.285714285714E-02));
#7251 = CARTESIAN_POINT('',(1.,4.285714285714E-02));
#7252 = ( GEOMETRIC_REPRESENTATION_CONTEXT(2) 
PARAMETRIC_REPRESENTATION_CONTEXT() REPRESENTATION_CONTEXT('2D SPACE',''
  ) );
#7253 = ORIENTED_EDGE('',*,*,#2427,.F.);
#7254 = ORIENTED_EDGE('',*,*,#2327,.T.);
#7255 = ADVANCED_FACE('',(#7256),#2283,.F.);
#7256 = FACE_BOUND('',#7257,.F.);
#7257 = EDGE_LOOP('',(#7258,#7259,#7281));
#7258 = ORIENTED_EDGE('',*,*,#2807,.T.);
#7259 = ORIENTED_EDGE('',*,*,#7260,.T.);
#7260 = EDGE_CURVE('',#2808,#2226,#7261,.T.);
#7261 = SURFACE_CURVE('',#7262,(#7267,#7274),.PCURVE_S1.);
#7262 = CIRCLE('',#7263,17.);
#7263 = AXIS2_PLACEMENT_3D('',#7264,#7265,#7266);
#7264 = CARTESIAN_POINT('',(0.,0.,66.5));
#7265 = DIRECTION('',(0.,0.,1.));
#7266 = DIRECTION('',(1.,0.,0.));
#7267 = PCURVE('',#2283,#7268);
#7268 = DEFINITIONAL_REPRESENTATION('',(#7269),#7273);
#7269 = CIRCLE('',#7270,17.);
#7270 = AXIS2_PLACEMENT_2D('',#7271,#7272);
#7271 = CARTESIAN_POINT('',(1.608753097105E-15,6.939665195168E-16));
#7272 = DIRECTION('',(1.,0.));
#7273 = ( GEOMETRIC_REPRESENTATION_CONTEXT(2) 
PARAMETRIC_REPRESENTATION_CONTEXT() REPRESENTATION_CONTEXT('2D SPACE',''
  ) );
#7274 = PCURVE('',#2245,#7275);
#7275 = DEFINITIONAL_REPRESENTATION('',(#7276),#7280);
#7276 = LINE('',#7277,#7278);
#7277 = CARTESIAN_POINT('',(-0.,0.));
#7278 = VECTOR('',#7279,1.);
#7279 = DIRECTION('',(-1.,0.));
#7280 = ( GEOMETRIC_REPRESENTATION_CONTEXT(2) 
PARAMETRIC_REPRESENTATION_CONTEXT() REPRESENTATION_CONTEXT('2D SPACE',''
  ) );
#7281 = ORIENTED_EDGE('',*,*,#2259,.T.);
#7282 = ADVANCED_FACE('',(#7283),#2245,.T.);
#7283 = FACE_BOUND('',#7284,.F.);
#7284 = EDGE_LOOP('',(#7285,#7286,#7287,#7288));
#7285 = ORIENTED_EDGE('',*,*,#7260,.F.);
#7286 = ORIENTED_EDGE('',*,*,#2836,.T.);
#7287 = ORIENTED_EDGE('',*,*,#6006,.T.);
#7288 = ORIENTED_EDGE('',*,*,#2225,.F.);
#7289 = ADVANCED_FACE('',(#7290),#2384,.T.);
#7290 = FACE_BOUND('',#7291,.T.);
#7291 = EDGE_LOOP('',(#7292,#7293,#7294,#7295,#7296));
#7292 = ORIENTED_EDGE('',*,*,#2508,.F.);
#7293 = ORIENTED_EDGE('',*,*,#7178,.T.);
#7294 = ORIENTED_EDGE('',*,*,#7159,.T.);
#7295 = ORIENTED_EDGE('',*,*,#2362,.T.);
#7296 = ORIENTED_EDGE('',*,*,#7227,.T.);
#7297 = ADVANCED_FACE('',(#7298),#2588,.T.);
#7298 = FACE_BOUND('',#7299,.T.);
#7299 = EDGE_LOOP('',(#7300,#7339,#7340,#7341));
#7300 = ORIENTED_EDGE('',*,*,#7301,.T.);
#7301 = EDGE_CURVE('',#2979,#2566,#7302,.T.);
#7302 = SURFACE_CURVE('',#7303,(#7316,#7323),.PCURVE_S1.);
#7303 = B_SPLINE_CURVE_WITH_KNOTS('',11,(#7304,#7305,#7306,#7307,#7308,
    #7309,#7310,#7311,#7312,#7313,#7314,#7315),.UNSPECIFIED.,.F.,.F.,(12
    ,12),(2.,3.),.PIECEWISE_BEZIER_KNOTS.);
#7304 = CARTESIAN_POINT('',(-24.4,-54.07439320047,0.));
#7305 = CARTESIAN_POINT('',(-24.32727272727,-54.24103231665,0.));
#7306 = CARTESIAN_POINT('',(-24.25454545454,-54.40767143283,0.));
#7307 = CARTESIAN_POINT('',(-24.18181818181,-54.57431054902,0.));
#7308 = CARTESIAN_POINT('',(-24.10909090909,-54.7409496652,0.));
#7309 = CARTESIAN_POINT('',(-24.03636363636,-54.90758878138,0.));
#7310 = CARTESIAN_POINT('',(-23.96363636363,-55.07422789756,0.));
#7311 = CARTESIAN_POINT('',(-23.8909090909,-55.24086701374,0.));
#7312 = CARTESIAN_POINT('',(-23.81818181818,-55.40750612992,0.));
#7313 = CARTESIAN_POINT('',(-23.74545454545,-55.5741452461,0.));
#7314 = CARTESIAN_POINT('',(-23.67272727272,-55.74078436228,0.));
#7315 = CARTESIAN_POINT('',(-23.6,-55.90742347846,0.));
#7316 = PCURVE('',#2588,#7317);
#7317 = DEFINITIONAL_REPRESENTATION('',(#7318),#7322);
#7318 = LINE('',#7319,#7320);
#7319 = CARTESIAN_POINT('',(0.,0.));
#7320 = VECTOR('',#7321,1.);
#7321 = DIRECTION('',(1.,0.));
#7322 = ( GEOMETRIC_REPRESENTATION_CONTEXT(2) 
PARAMETRIC_REPRESENTATION_CONTEXT() REPRESENTATION_CONTEXT('2D SPACE',''
  ) );
#7323 = PCURVE('',#2717,#7324);
#7324 = DEFINITIONAL_REPRESENTATION('',(#7325),#7338);
#7325 = B_SPLINE_CURVE_WITH_KNOTS('',11,(#7326,#7327,#7328,#7329,#7330,
    #7331,#7332,#7333,#7334,#7335,#7336,#7337),.UNSPECIFIED.,.F.,.F.,(12
    ,12),(2.,3.),.PIECEWISE_BEZIER_KNOTS.);
#7326 = CARTESIAN_POINT('',(-24.4,-54.07439320047));
#7327 = CARTESIAN_POINT('',(-24.32727272727,-54.24103231665));
#7328 = CARTESIAN_POINT('',(-24.25454545454,-54.40767143283));
#7329 = CARTESIAN_POINT('',(-24.18181818181,-54.57431054902));
#7330 = CARTESIAN_POINT('',(-24.10909090909,-54.7409496652));
#7331 = CARTESIAN_POINT('',(-24.03636363636,-54.90758878138));
#7332 = CARTESIAN_POINT('',(-23.96363636363,-55.07422789756));
#7333 = CARTESIAN_POINT('',(-23.8909090909,-55.24086701374));
#7334 = CARTESIAN_POINT('',(-23.81818181818,-55.40750612992));
#7335 = CARTESIAN_POINT('',(-23.74545454545,-55.5741452461));
#7336 = CARTESIAN_POINT('',(-23.67272727272,-55.74078436228));
#7337 = CARTESIAN_POINT('',(-23.6,-55.90742347846));
#7338 = ( GEOMETRIC_REPRESENTATION_CONTEXT(2) 
PARAMETRIC_REPRESENTATION_CONTEXT() REPRESENTATION_CONTEXT('2D SPACE',''
  ) );
#7339 = ORIENTED_EDGE('',*,*,#2565,.T.);
#7340 = ORIENTED_EDGE('',*,*,#6033,.F.);
#7341 = ORIENTED_EDGE('',*,*,#3019,.F.);
#7342 = ADVANCED_FACE('',(#7343),#2717,.F.);
#7343 = FACE_BOUND('',#7344,.F.);
#7344 = EDGE_LOOP('',(#7345,#7367,#7368,#7369));
#7345 = ORIENTED_EDGE('',*,*,#7346,.F.);
#7346 = EDGE_CURVE('',#2938,#2693,#7347,.T.);
#7347 = SURFACE_CURVE('',#7348,(#7353,#7360),.PCURVE_S1.);
#7348 = CIRCLE('',#7349,17.);
#7349 = AXIS2_PLACEMENT_3D('',#7350,#7351,#7352);
#7350 = CARTESIAN_POINT('',(0.,0.,0.));
#7351 = DIRECTION('',(0.,-0.,1.));
#7352 = DIRECTION('',(0.766044443119,0.642787609687,0.));
#7353 = PCURVE('',#2717,#7354);
#7354 = DEFINITIONAL_REPRESENTATION('',(#7355),#7359);
#7355 = CIRCLE('',#7356,17.);
#7356 = AXIS2_PLACEMENT_2D('',#7357,#7358);
#7357 = CARTESIAN_POINT('',(4.558133775131E-16,1.70226710729E-17));
#7358 = DIRECTION('',(0.766044443119,0.642787609687));
#7359 = ( GEOMETRIC_REPRESENTATION_CONTEXT(2) 
PARAMETRIC_REPRESENTATION_CONTEXT() REPRESENTATION_CONTEXT('2D SPACE',''
  ) );
#7360 = PCURVE('',#3560,#7361);
#7361 = DEFINITIONAL_REPRESENTATION('',(#7362),#7366);
#7362 = LINE('',#7363,#7364);
#7363 = CARTESIAN_POINT('',(-0.,-10.45));
#7364 = VECTOR('',#7365,1.);
#7365 = DIRECTION('',(-1.,0.));
#7366 = ( GEOMETRIC_REPRESENTATION_CONTEXT(2) 
PARAMETRIC_REPRESENTATION_CONTEXT() REPRESENTATION_CONTEXT('2D SPACE',''
  ) );
#7367 = ORIENTED_EDGE('',*,*,#2978,.T.);
#7368 = ORIENTED_EDGE('',*,*,#7301,.T.);
#7369 = ORIENTED_EDGE('',*,*,#2692,.T.);
#7370 = ADVANCED_FACE('',(#7371),#3108,.T.);
#7371 = FACE_BOUND('',#7372,.F.);
#7372 = EDGE_LOOP('',(#7373,#7374,#7375,#7376,#7377));
#7373 = ORIENTED_EDGE('',*,*,#6073,.T.);
#7374 = ORIENTED_EDGE('',*,*,#3088,.F.);
#7375 = ORIENTED_EDGE('',*,*,#3122,.F.);
#7376 = ORIENTED_EDGE('',*,*,#6692,.F.);
#7377 = ORIENTED_EDGE('',*,*,#7378,.T.);
#7378 = EDGE_CURVE('',#6693,#6074,#7379,.T.);
#7379 = SURFACE_CURVE('',#7380,(#7386,#7395),.PCURVE_S1.);
#7380 = B_SPLINE_CURVE_WITH_KNOTS('',4,(#7381,#7382,#7383,#7384,#7385),
  .UNSPECIFIED.,.F.,.F.,(5,5),(0.,1.),.PIECEWISE_BEZIER_KNOTS.);
#7381 = CARTESIAN_POINT('',(1.582929089273,-16.92614355068,66.4999994));
#7382 = CARTESIAN_POINT('',(1.80449182483,-16.90542305412,
    67.374999551712));
#7383 = CARTESIAN_POINT('',(2.025692929337,-16.88083555666,
    68.249999703095));
#7384 = CARTESIAN_POINT('',(2.246431142025,-16.85239052852,
    69.124999853123));
#7385 = CARTESIAN_POINT('',(2.466605843993,-16.82010272294,70.));
#7386 = PCURVE('',#3108,#7387);
#7387 = DEFINITIONAL_REPRESENTATION('',(#7388),#7394);
#7388 = B_SPLINE_CURVE_WITH_KNOTS('',4,(#7389,#7390,#7391,#7392,#7393),
  .UNSPECIFIED.,.F.,.F.,(5,5),(1.714285480508E-07,1.),
  .PIECEWISE_BEZIER_KNOTS.);
#7389 = CARTESIAN_POINT('',(-4.805637543708,-2.220766240939E-14));
#7390 = CARTESIAN_POINT('',(-4.818727512898,-0.875000001712));
#7391 = CARTESIAN_POINT('',(-4.831817482399,-1.750000003095));
#7392 = CARTESIAN_POINT('',(-4.844907452495,-2.625000003123));
#7393 = CARTESIAN_POINT('',(-4.857997423932,-3.5));
#7394 = ( GEOMETRIC_REPRESENTATION_CONTEXT(2) 
PARAMETRIC_REPRESENTATION_CONTEXT() REPRESENTATION_CONTEXT('2D SPACE',''
  ) );
#7395 = PCURVE('',#4330,#7396);
#7396 = DEFINITIONAL_REPRESENTATION('',(#7397),#7403);
#7397 = B_SPLINE_CURVE_WITH_KNOTS('',4,(#7398,#7399,#7400,#7401,#7402),
  .UNSPECIFIED.,.F.,.F.,(5,5),(0.,1.),.PIECEWISE_BEZIER_KNOTS.);
#7398 = CARTESIAN_POINT('',(0.86138166135,0.949999991429));
#7399 = CARTESIAN_POINT('',(0.861381661398,0.962499993596));
#7400 = CARTESIAN_POINT('',(0.861381661364,0.974999995758));
#7401 = CARTESIAN_POINT('',(0.861381661176,0.987499997902));
#7402 = CARTESIAN_POINT('',(0.861381660674,1.));
#7403 = ( GEOMETRIC_REPRESENTATION_CONTEXT(2) 
PARAMETRIC_REPRESENTATION_CONTEXT() REPRESENTATION_CONTEXT('2D SPACE',''
  ) );
#7404 = ADVANCED_FACE('',(#7405),#3257,.T.);
#7405 = FACE_BOUND('',#7406,.T.);
#7406 = EDGE_LOOP('',(#7407,#7408,#7431,#7459));
#7407 = ORIENTED_EDGE('',*,*,#3239,.F.);
#7408 = ORIENTED_EDGE('',*,*,#7409,.F.);
#7409 = EDGE_CURVE('',#7410,#3240,#7412,.T.);
#7410 = VERTEX_POINT('',#7411);
#7411 = CARTESIAN_POINT('',(-17.96636160257,2.282509751495,-7.25));
#7412 = SURFACE_CURVE('',#7413,(#7417,#7424),.PCURVE_S1.);
#7413 = LINE('',#7414,#7415);
#7414 = CARTESIAN_POINT('',(-17.96636160257,2.282509751495,-7.25));
#7415 = VECTOR('',#7416,1.);
#7416 = DIRECTION('',(0.,-0.,-1.));
#7417 = PCURVE('',#3257,#7418);
#7418 = DEFINITIONAL_REPRESENTATION('',(#7419),#7423);
#7419 = LINE('',#7420,#7421);
#7420 = CARTESIAN_POINT('',(3.2,3.663521732656));
#7421 = VECTOR('',#7422,1.);
#7422 = DIRECTION('',(-1.,0.));
#7423 = ( GEOMETRIC_REPRESENTATION_CONTEXT(2) 
PARAMETRIC_REPRESENTATION_CONTEXT() REPRESENTATION_CONTEXT('2D SPACE',''
  ) );
#7424 = PCURVE('',#3290,#7425);
#7425 = DEFINITIONAL_REPRESENTATION('',(#7426),#7430);
#7426 = LINE('',#7427,#7428);
#7427 = CARTESIAN_POINT('',(0.,0.));
#7428 = VECTOR('',#7429,1.);
#7429 = DIRECTION('',(0.,1.));
#7430 = ( GEOMETRIC_REPRESENTATION_CONTEXT(2) 
PARAMETRIC_REPRESENTATION_CONTEXT() REPRESENTATION_CONTEXT('2D SPACE',''
  ) );
#7431 = ORIENTED_EDGE('',*,*,#7432,.T.);
#7432 = EDGE_CURVE('',#7410,#7433,#7435,.T.);
#7433 = VERTEX_POINT('',#7434);
#7434 = CARTESIAN_POINT('',(-19.69208667862,2.910622311707,-7.25));
#7435 = SURFACE_CURVE('',#7436,(#7440,#7447),.PCURVE_S1.);
#7436 = LINE('',#7437,#7438);
#7437 = CARTESIAN_POINT('',(-14.5237772643,1.029511523416,-7.25));
#7438 = VECTOR('',#7439,1.);
#7439 = DIRECTION('',(-0.939692620786,0.342020143326,0.));
#7440 = PCURVE('',#3257,#7441);
#7441 = DEFINITIONAL_REPRESENTATION('',(#7442),#7446);
#7442 = LINE('',#7443,#7444);
#7443 = CARTESIAN_POINT('',(3.2,0.));
#7444 = VECTOR('',#7445,1.);
#7445 = DIRECTION('',(0.,1.));
#7446 = ( GEOMETRIC_REPRESENTATION_CONTEXT(2) 
PARAMETRIC_REPRESENTATION_CONTEXT() REPRESENTATION_CONTEXT('2D SPACE',''
  ) );
#7447 = PCURVE('',#7448,#7453);
#7448 = PLANE('',#7449);
#7449 = AXIS2_PLACEMENT_3D('',#7450,#7451,#7452);
#7450 = CARTESIAN_POINT('',(-11.7876161177,8.547052489703,-7.25));
#7451 = DIRECTION('',(0.,0.,1.));
#7452 = DIRECTION('',(-0.939692620786,0.342020143326,0.));
#7453 = DEFINITIONAL_REPRESENTATION('',(#7454),#7458);
#7454 = LINE('',#7455,#7456);
#7455 = CARTESIAN_POINT('',(-1.7763568394E-15,8.));
#7456 = VECTOR('',#7457,1.);
#7457 = DIRECTION('',(1.,0.));
#7458 = ( GEOMETRIC_REPRESENTATION_CONTEXT(2) 
PARAMETRIC_REPRESENTATION_CONTEXT() REPRESENTATION_CONTEXT('2D SPACE',''
  ) );
#7459 = ORIENTED_EDGE('',*,*,#7460,.F.);
#7460 = EDGE_CURVE('',#3242,#7433,#7461,.T.);
#7461 = SURFACE_CURVE('',#7462,(#7466,#7473),.PCURVE_S1.);
#7462 = LINE('',#7463,#7464);
#7463 = CARTESIAN_POINT('',(-19.69208667862,2.910622311707,-10.45));
#7464 = VECTOR('',#7465,1.);
#7465 = DIRECTION('',(0.,0.,1.));
#7466 = PCURVE('',#3257,#7467);
#7467 = DEFINITIONAL_REPRESENTATION('',(#7468),#7472);
#7468 = LINE('',#7469,#7470);
#7469 = CARTESIAN_POINT('',(0.,5.5));
#7470 = VECTOR('',#7471,1.);
#7471 = DIRECTION('',(1.,0.));
#7472 = ( GEOMETRIC_REPRESENTATION_CONTEXT(2) 
PARAMETRIC_REPRESENTATION_CONTEXT() REPRESENTATION_CONTEXT('2D SPACE',''
  ) );
#7473 = PCURVE('',#3950,#7474);
#7474 = DEFINITIONAL_REPRESENTATION('',(#7475),#7479);
#7475 = LINE('',#7476,#7477);
#7476 = CARTESIAN_POINT('',(1.570796326795,0.));
#7477 = VECTOR('',#7478,1.);
#7478 = DIRECTION('',(0.,1.));
#7479 = ( GEOMETRIC_REPRESENTATION_CONTEXT(2) 
PARAMETRIC_REPRESENTATION_CONTEXT() REPRESENTATION_CONTEXT('2D SPACE',''
  ) );
#7480 = ADVANCED_FACE('',(#7481),#3290,.F.);
#7481 = FACE_BOUND('',#7482,.F.);
#7482 = EDGE_LOOP('',(#7483,#7511,#7532,#7533));
#7483 = ORIENTED_EDGE('',*,*,#7484,.T.);
#7484 = EDGE_CURVE('',#7410,#7485,#7487,.T.);
#7485 = VERTEX_POINT('',#7486);
#7486 = CARTESIAN_POINT('',(-16.98106275127,0.802189402453,-7.25));
#7487 = SURFACE_CURVE('',#7488,(#7493,#7500),.PCURVE_S1.);
#7488 = CIRCLE('',#7489,1.5);
#7489 = AXIS2_PLACEMENT_3D('',#7490,#7491,#7492);
#7490 = CARTESIAN_POINT('',(-18.47939181755,0.872970820316,-7.25));
#7491 = DIRECTION('',(0.,0.,-1.));
#7492 = DIRECTION('',(-0.642787609687,0.766044443119,0.));
#7493 = PCURVE('',#3290,#7494);
#7494 = DEFINITIONAL_REPRESENTATION('',(#7495),#7499);
#7495 = LINE('',#7496,#7497);
#7496 = CARTESIAN_POINT('',(-1.047197551197,0.));
#7497 = VECTOR('',#7498,1.);
#7498 = DIRECTION('',(1.,0.));
#7499 = ( GEOMETRIC_REPRESENTATION_CONTEXT(2) 
PARAMETRIC_REPRESENTATION_CONTEXT() REPRESENTATION_CONTEXT('2D SPACE',''
  ) );
#7500 = PCURVE('',#7448,#7501);
#7501 = DEFINITIONAL_REPRESENTATION('',(#7502),#7510);
#7502 = ( BOUNDED_CURVE() B_SPLINE_CURVE(2,(#7503,#7504,#7505,#7506,
#7507,#7508,#7509),.UNSPECIFIED.,.T.,.F.) B_SPLINE_CURVE_WITH_KNOTS((1,2
    ,2,2,2,1),(-2.094395102393,0.,2.094395102393,4.188790204786,
6.28318530718,8.377580409573),.UNSPECIFIED.) CURVE() 
GEOMETRIC_REPRESENTATION_ITEM() RATIONAL_B_SPLINE_CURVE((1.,0.5,1.,0.5,
1.,0.5,1.)) REPRESENTATION_ITEM('') );
#7503 = CARTESIAN_POINT('',(4.962559838332,8.75));
#7504 = CARTESIAN_POINT('',(3.663521732656,6.5));
#7505 = CARTESIAN_POINT('',(2.364483626979,8.75));
#7506 = CARTESIAN_POINT('',(1.065445521302,11.));
#7507 = CARTESIAN_POINT('',(3.663521732656,11.));
#7508 = CARTESIAN_POINT('',(6.261597944009,11.));
#7509 = CARTESIAN_POINT('',(4.962559838332,8.75));
#7510 = ( GEOMETRIC_REPRESENTATION_CONTEXT(2) 
PARAMETRIC_REPRESENTATION_CONTEXT() REPRESENTATION_CONTEXT('2D SPACE',''
  ) );
#7511 = ORIENTED_EDGE('',*,*,#7512,.T.);
#7512 = EDGE_CURVE('',#7485,#3270,#7513,.T.);
#7513 = SURFACE_CURVE('',#7514,(#7518,#7525),.PCURVE_S1.);
#7514 = LINE('',#7515,#7516);
#7515 = CARTESIAN_POINT('',(-16.98106275127,0.802189402453,-7.25));
#7516 = VECTOR('',#7517,1.);
#7517 = DIRECTION('',(0.,-0.,-1.));
#7518 = PCURVE('',#3290,#7519);
#7519 = DEFINITIONAL_REPRESENTATION('',(#7520),#7524);
#7520 = LINE('',#7521,#7522);
#7521 = CARTESIAN_POINT('',(1.268935617754,0.));
#7522 = VECTOR('',#7523,1.);
#7523 = DIRECTION('',(0.,1.));
#7524 = ( GEOMETRIC_REPRESENTATION_CONTEXT(2) 
PARAMETRIC_REPRESENTATION_CONTEXT() REPRESENTATION_CONTEXT('2D SPACE',''
  ) );
#7525 = PCURVE('',#3319,#7526);
#7526 = DEFINITIONAL_REPRESENTATION('',(#7527),#7531);
#7527 = LINE('',#7528,#7529);
#7528 = CARTESIAN_POINT('',(-2.396255811434,-3.2));
#7529 = VECTOR('',#7530,1.);
#7530 = DIRECTION('',(-0.,1.));
#7531 = ( GEOMETRIC_REPRESENTATION_CONTEXT(2) 
PARAMETRIC_REPRESENTATION_CONTEXT() REPRESENTATION_CONTEXT('2D SPACE',''
  ) );
#7532 = ORIENTED_EDGE('',*,*,#3269,.F.);
#7533 = ORIENTED_EDGE('',*,*,#7409,.F.);
#7534 = ADVANCED_FACE('',(#7535),#3319,.T.);
#7535 = FACE_BOUND('',#7536,.F.);
#7536 = EDGE_LOOP('',(#7537,#7538,#7539,#7563,#7591,#7615,#7642,#7643,
    #7666,#7695));
#7537 = ORIENTED_EDGE('',*,*,#3302,.F.);
#7538 = ORIENTED_EDGE('',*,*,#7512,.F.);
#7539 = ORIENTED_EDGE('',*,*,#7540,.F.);
#7540 = EDGE_CURVE('',#7541,#7485,#7543,.T.);
#7541 = VERTEX_POINT('',#7542);
#7542 = CARTESIAN_POINT('',(-16.42549771793,4.38212559362,-7.25));
#7543 = SURFACE_CURVE('',#7544,(#7549,#7556),.PCURVE_S1.);
#7544 = CIRCLE('',#7545,17.);
#7545 = AXIS2_PLACEMENT_3D('',#7546,#7547,#7548);
#7546 = CARTESIAN_POINT('',(0.,0.,-7.25));
#7547 = DIRECTION('',(0.,0.,1.));
#7548 = DIRECTION('',(-0.966205748114,0.257772093742,0.));
#7549 = PCURVE('',#3319,#7550);
#7550 = DEFINITIONAL_REPRESENTATION('',(#7551),#7555);
#7551 = LINE('',#7552,#7553);
#7552 = CARTESIAN_POINT('',(-2.182745291662,-3.2));
#7553 = VECTOR('',#7554,1.);
#7554 = DIRECTION('',(-1.,-0.));
#7555 = ( GEOMETRIC_REPRESENTATION_CONTEXT(2) 
PARAMETRIC_REPRESENTATION_CONTEXT() REPRESENTATION_CONTEXT('2D SPACE',''
  ) );
#7556 = PCURVE('',#7448,#7557);
#7557 = DEFINITIONAL_REPRESENTATION('',(#7558),#7562);
#7558 = CIRCLE('',#7559,17.);
#7559 = AXIS2_PLACEMENT_2D('',#7560,#7561);
#7560 = CARTESIAN_POINT('',(-14.,4.));
#7561 = DIRECTION('',(0.99609966011,8.823529411765E-02));
#7562 = ( GEOMETRIC_REPRESENTATION_CONTEXT(2) 
PARAMETRIC_REPRESENTATION_CONTEXT() REPRESENTATION_CONTEXT('2D SPACE',''
  ) );
#7563 = ORIENTED_EDGE('',*,*,#7564,.F.);
#7564 = EDGE_CURVE('',#7565,#7541,#7567,.T.);
#7565 = VERTEX_POINT('',#7566);
#7566 = CARTESIAN_POINT('',(-16.42549771793,4.38212559362,0.));
#7567 = SURFACE_CURVE('',#7568,(#7572,#7579),.PCURVE_S1.);
#7568 = LINE('',#7569,#7570);
#7569 = CARTESIAN_POINT('',(-16.42549771793,4.38212559362,-10.45));
#7570 = VECTOR('',#7571,1.);
#7571 = DIRECTION('',(0.,-0.,-1.));
#7572 = PCURVE('',#3319,#7573);
#7573 = DEFINITIONAL_REPRESENTATION('',(#7574),#7578);
#7574 = LINE('',#7575,#7576);
#7575 = CARTESIAN_POINT('',(-2.182745291662,0.));
#7576 = VECTOR('',#7577,1.);
#7577 = DIRECTION('',(-0.,1.));
#7578 = ( GEOMETRIC_REPRESENTATION_CONTEXT(2) 
PARAMETRIC_REPRESENTATION_CONTEXT() REPRESENTATION_CONTEXT('2D SPACE',''
  ) );
#7579 = PCURVE('',#7580,#7585);
#7580 = PLANE('',#7581);
#7581 = AXIS2_PLACEMENT_3D('',#7582,#7583,#7584);
#7582 = CARTESIAN_POINT('',(-5.211493318918,0.300561785449,-10.45));
#7583 = DIRECTION('',(-0.342020143326,-0.939692620786,0.));
#7584 = DIRECTION('',(0.,0.,1.));
#7585 = DEFINITIONAL_REPRESENTATION('',(#7586),#7590);
#7586 = LINE('',#7587,#7588);
#7587 = CARTESIAN_POINT('',(0.,11.933694221876));
#7588 = VECTOR('',#7589,1.);
#7589 = DIRECTION('',(-1.,0.));
#7590 = ( GEOMETRIC_REPRESENTATION_CONTEXT(2) 
PARAMETRIC_REPRESENTATION_CONTEXT() REPRESENTATION_CONTEXT('2D SPACE',''
  ) );
#7591 = ORIENTED_EDGE('',*,*,#7592,.T.);
#7592 = EDGE_CURVE('',#7565,#7593,#7595,.T.);
#7593 = VERTEX_POINT('',#7594);
#7594 = CARTESIAN_POINT('',(-14.66666666454,-8.595864642432,0.));
#7595 = SURFACE_CURVE('',#7596,(#7601,#7608),.PCURVE_S1.);
#7596 = CIRCLE('',#7597,17.);
#7597 = AXIS2_PLACEMENT_3D('',#7598,#7599,#7600);
#7598 = CARTESIAN_POINT('',(0.,0.,0.));
#7599 = DIRECTION('',(0.,-0.,1.));
#7600 = DIRECTION('',(0.766044443119,0.642787609687,0.));
#7601 = PCURVE('',#3319,#7602);
#7602 = DEFINITIONAL_REPRESENTATION('',(#7603),#7607);
#7603 = LINE('',#7604,#7605);
#7604 = CARTESIAN_POINT('',(-0.,-10.45));
#7605 = VECTOR('',#7606,1.);
#7606 = DIRECTION('',(-1.,0.));
#7607 = ( GEOMETRIC_REPRESENTATION_CONTEXT(2) 
PARAMETRIC_REPRESENTATION_CONTEXT() REPRESENTATION_CONTEXT('2D SPACE',''
  ) );
#7608 = PCURVE('',#4657,#7609);
#7609 = DEFINITIONAL_REPRESENTATION('',(#7610),#7614);
#7610 = CIRCLE('',#7611,17.);
#7611 = AXIS2_PLACEMENT_2D('',#7612,#7613);
#7612 = CARTESIAN_POINT('',(-5.,1.5));
#7613 = DIRECTION('',(1.,0.));
#7614 = ( GEOMETRIC_REPRESENTATION_CONTEXT(2) 
PARAMETRIC_REPRESENTATION_CONTEXT() REPRESENTATION_CONTEXT('2D SPACE',''
  ) );
#7615 = ORIENTED_EDGE('',*,*,#7616,.T.);
#7616 = EDGE_CURVE('',#7593,#4297,#7617,.T.);
#7617 = SURFACE_CURVE('',#7618,(#7623,#7630),.PCURVE_S1.);
#7618 = CIRCLE('',#7619,17.);
#7619 = AXIS2_PLACEMENT_3D('',#7620,#7621,#7622);
#7620 = CARTESIAN_POINT('',(0.,0.,0.));
#7621 = DIRECTION('',(0.,-0.,1.));
#7622 = DIRECTION('',(0.766044443119,0.642787609687,0.));
#7623 = PCURVE('',#3319,#7624);
#7624 = DEFINITIONAL_REPRESENTATION('',(#7625),#7629);
#7625 = LINE('',#7626,#7627);
#7626 = CARTESIAN_POINT('',(-0.,-10.45));
#7627 = VECTOR('',#7628,1.);
#7628 = DIRECTION('',(-1.,0.));
#7629 = ( GEOMETRIC_REPRESENTATION_CONTEXT(2) 
PARAMETRIC_REPRESENTATION_CONTEXT() REPRESENTATION_CONTEXT('2D SPACE',''
  ) );
#7630 = PCURVE('',#7631,#7636);
#7631 = PLANE('',#7632);
#7632 = AXIS2_PLACEMENT_3D('',#7633,#7634,#7635);
#7633 = CARTESIAN_POINT('',(-4.558133775131E-16,-1.70226710729E-17,0.));
#7634 = DIRECTION('',(0.,0.,1.));
#7635 = DIRECTION('',(1.,0.,-0.));
#7636 = DEFINITIONAL_REPRESENTATION('',(#7637),#7641);
#7637 = CIRCLE('',#7638,17.);
#7638 = AXIS2_PLACEMENT_2D('',#7639,#7640);
#7639 = CARTESIAN_POINT('',(4.558133775131E-16,1.70226710729E-17));
#7640 = DIRECTION('',(0.766044443119,0.642787609687));
#7641 = ( GEOMETRIC_REPRESENTATION_CONTEXT(2) 
PARAMETRIC_REPRESENTATION_CONTEXT() REPRESENTATION_CONTEXT('2D SPACE',''
  ) );
#7642 = ORIENTED_EDGE('',*,*,#4434,.T.);
#7643 = ORIENTED_EDGE('',*,*,#7644,.T.);
#7644 = EDGE_CURVE('',#4435,#7645,#7647,.T.);
#7645 = VERTEX_POINT('',#7646);
#7646 = CARTESIAN_POINT('',(1.463293513279,-16.93690562334,-7.25));
#7647 = SURFACE_CURVE('',#7648,(#7652,#7659),.PCURVE_S1.);
#7648 = LINE('',#7649,#7650);
#7649 = CARTESIAN_POINT('',(1.463293513279,-16.93690562334,-10.45));
#7650 = VECTOR('',#7651,1.);
#7651 = DIRECTION('',(0.,-0.,-1.));
#7652 = PCURVE('',#3319,#7653);
#7653 = DEFINITIONAL_REPRESENTATION('',(#7654),#7658);
#7654 = LINE('',#7655,#7656);
#7655 = CARTESIAN_POINT('',(-4.100440015518,0.));
#7656 = VECTOR('',#7657,1.);
#7657 = DIRECTION('',(-0.,1.));
#7658 = ( GEOMETRIC_REPRESENTATION_CONTEXT(2) 
PARAMETRIC_REPRESENTATION_CONTEXT() REPRESENTATION_CONTEXT('2D SPACE',''
  ) );
#7659 = PCURVE('',#4474,#7660);
#7660 = DEFINITIONAL_REPRESENTATION('',(#7661),#7665);
#7661 = LINE('',#7662,#7663);
#7662 = CARTESIAN_POINT('',(0.,11.933694221876));
#7663 = VECTOR('',#7664,1.);
#7664 = DIRECTION('',(-1.,0.));
#7665 = ( GEOMETRIC_REPRESENTATION_CONTEXT(2) 
PARAMETRIC_REPRESENTATION_CONTEXT() REPRESENTATION_CONTEXT('2D SPACE',''
  ) );
#7666 = ORIENTED_EDGE('',*,*,#7667,.F.);
#7667 = EDGE_CURVE('',#7668,#7645,#7670,.T.);
#7668 = VERTEX_POINT('',#7669);
#7669 = CARTESIAN_POINT('',(-2.158728258686,-16.86238097971,-7.25));
#7670 = SURFACE_CURVE('',#7671,(#7676,#7683),.PCURVE_S1.);
#7671 = CIRCLE('',#7672,17.);
#7672 = AXIS2_PLACEMENT_3D('',#7673,#7674,#7675);
#7673 = CARTESIAN_POINT('',(0.,0.,-7.25));
#7674 = DIRECTION('',(0.,0.,1.));
#7675 = DIRECTION('',(-0.126984015217,-0.991904763513,0.));
#7676 = PCURVE('',#3319,#7677);
#7677 = DEFINITIONAL_REPRESENTATION('',(#7678),#7682);
#7678 = LINE('',#7679,#7680);
#7679 = CARTESIAN_POINT('',(-3.886929495746,-3.2));
#7680 = VECTOR('',#7681,1.);
#7681 = DIRECTION('',(-1.,-0.));
#7682 = ( GEOMETRIC_REPRESENTATION_CONTEXT(2) 
PARAMETRIC_REPRESENTATION_CONTEXT() REPRESENTATION_CONTEXT('2D SPACE',''
  ) );
#7683 = PCURVE('',#7684,#7689);
#7684 = PLANE('',#7685);
#7685 = AXIS2_PLACEMENT_3D('',#7686,#7687,#7688);
#7686 = CARTESIAN_POINT('',(-1.508156524712,-14.48190125283,-7.25));
#7687 = DIRECTION('',(0.,0.,1.));
#7688 = DIRECTION('',(0.173648177667,-0.984807753012,0.));
#7689 = DEFINITIONAL_REPRESENTATION('',(#7690),#7694);
#7690 = CIRCLE('',#7691,17.);
#7691 = AXIS2_PLACEMENT_2D('',#7692,#7693);
#7692 = CARTESIAN_POINT('',(-14.,4.));
#7693 = DIRECTION('',(0.954784958522,-0.297297297297));
#7694 = ( GEOMETRIC_REPRESENTATION_CONTEXT(2) 
PARAMETRIC_REPRESENTATION_CONTEXT() REPRESENTATION_CONTEXT('2D SPACE',''
  ) );
#7695 = ORIENTED_EDGE('',*,*,#7696,.T.);
#7696 = EDGE_CURVE('',#7668,#3303,#7697,.T.);
#7697 = SURFACE_CURVE('',#7698,(#7702,#7709),.PCURVE_S1.);
#7698 = LINE('',#7699,#7700);
#7699 = CARTESIAN_POINT('',(-2.158728258686,-16.86238097971,-7.25));
#7700 = VECTOR('',#7701,1.);
#7701 = DIRECTION('',(0.,-0.,-1.));
#7702 = PCURVE('',#3319,#7703);
#7703 = DEFINITIONAL_REPRESENTATION('',(#7704),#7708);
#7704 = LINE('',#7705,#7706);
#7705 = CARTESIAN_POINT('',(-3.886929495746,-3.2));
#7706 = VECTOR('',#7707,1.);
#7707 = DIRECTION('',(-0.,1.));
#7708 = ( GEOMETRIC_REPRESENTATION_CONTEXT(2) 
PARAMETRIC_REPRESENTATION_CONTEXT() REPRESENTATION_CONTEXT('2D SPACE',''
  ) );
#7709 = PCURVE('',#3352,#7710);
#7710 = DEFINITIONAL_REPRESENTATION('',(#7711),#7715);
#7711 = LINE('',#7712,#7713);
#7712 = CARTESIAN_POINT('',(0.,0.));
#7713 = VECTOR('',#7714,1.);
#7714 = DIRECTION('',(0.,1.));
#7715 = ( GEOMETRIC_REPRESENTATION_CONTEXT(2) 
PARAMETRIC_REPRESENTATION_CONTEXT() REPRESENTATION_CONTEXT('2D SPACE',''
  ) );
#7716 = ADVANCED_FACE('',(#7717),#3352,.F.);
#7717 = FACE_BOUND('',#7718,.F.);
#7718 = EDGE_LOOP('',(#7719,#7747,#7768,#7769));
#7719 = ORIENTED_EDGE('',*,*,#7720,.T.);
#7720 = EDGE_CURVE('',#7668,#7721,#7723,.T.);
#7721 = VERTEX_POINT('',#7722);
#7722 = CARTESIAN_POINT('',(-0.871992651993,-18.08976585848,-7.25));
#7723 = SURFACE_CURVE('',#7724,(#7729,#7736),.PCURVE_S1.);
#7724 = CIRCLE('',#7725,1.5);
#7725 = AXIS2_PLACEMENT_3D('',#7726,#7727,#7728);
#7726 = CARTESIAN_POINT('',(-2.349204281511,-18.35023812498,-7.25));
#7727 = DIRECTION('',(0.,0.,-1.));
#7728 = DIRECTION('',(-0.642787609687,0.766044443119,0.));
#7729 = PCURVE('',#3352,#7730);
#7730 = DEFINITIONAL_REPRESENTATION('',(#7731),#7735);
#7731 = LINE('',#7732,#7733);
#7732 = CARTESIAN_POINT('',(-0.825459484639,0.));
#7733 = VECTOR('',#7734,1.);
#7734 = DIRECTION('',(1.,0.));
#7735 = ( GEOMETRIC_REPRESENTATION_CONTEXT(2) 
PARAMETRIC_REPRESENTATION_CONTEXT() REPRESENTATION_CONTEXT('2D SPACE',''
  ) );
#7736 = PCURVE('',#7684,#7737);
#7737 = DEFINITIONAL_REPRESENTATION('',(#7738),#7746);
#7738 = ( BOUNDED_CURVE() B_SPLINE_CURVE(2,(#7739,#7740,#7741,#7742,
#7743,#7744,#7745),.UNSPECIFIED.,.T.,.F.) B_SPLINE_CURVE_WITH_KNOTS((1,2
    ,2,2,2,1),(-2.094395102393,0.,2.094395102393,4.188790204786,
6.28318530718,8.377580409573),.UNSPECIFIED.) CURVE() 
GEOMETRIC_REPRESENTATION_ITEM() RATIONAL_B_SPLINE_CURVE((1.,0.5,1.,0.5,
1.,0.5,1.)) REPRESENTATION_ITEM('') );
#7739 = CARTESIAN_POINT('',(2.364483626979,-2.25));
#7740 = CARTESIAN_POINT('',(1.065445521302,6.661338147751E-16));
#7741 = CARTESIAN_POINT('',(3.663521732656,2.886579864025E-15));
#7742 = CARTESIAN_POINT('',(6.261597944009,3.774758283726E-15));
#7743 = CARTESIAN_POINT('',(4.962559838332,-2.25));
#7744 = CARTESIAN_POINT('',(3.663521732656,-4.5));
#7745 = CARTESIAN_POINT('',(2.364483626979,-2.25));
#7746 = ( GEOMETRIC_REPRESENTATION_CONTEXT(2) 
PARAMETRIC_REPRESENTATION_CONTEXT() REPRESENTATION_CONTEXT('2D SPACE',''
  ) );
#7747 = ORIENTED_EDGE('',*,*,#7748,.T.);
#7748 = EDGE_CURVE('',#7721,#3332,#7749,.T.);
#7749 = SURFACE_CURVE('',#7750,(#7754,#7761),.PCURVE_S1.);
#7750 = LINE('',#7751,#7752);
#7751 = CARTESIAN_POINT('',(-0.871992651993,-18.08976585848,-7.25));
#7752 = VECTOR('',#7753,1.);
#7753 = DIRECTION('',(0.,-0.,-1.));
#7754 = PCURVE('',#3352,#7755);
#7755 = DEFINITIONAL_REPRESENTATION('',(#7756),#7760);
#7756 = LINE('',#7757,#7758);
#7757 = CARTESIAN_POINT('',(1.268935617754,0.));
#7758 = VECTOR('',#7759,1.);
#7759 = DIRECTION('',(0.,1.));
#7760 = ( GEOMETRIC_REPRESENTATION_CONTEXT(2) 
PARAMETRIC_REPRESENTATION_CONTEXT() REPRESENTATION_CONTEXT('2D SPACE',''
  ) );
#7761 = PCURVE('',#3380,#7762);
#7762 = DEFINITIONAL_REPRESENTATION('',(#7763),#7767);
#7763 = LINE('',#7764,#7765);
#7764 = CARTESIAN_POINT('',(3.2,3.663521732656));
#7765 = VECTOR('',#7766,1.);
#7766 = DIRECTION('',(-1.,0.));
#7767 = ( GEOMETRIC_REPRESENTATION_CONTEXT(2) 
PARAMETRIC_REPRESENTATION_CONTEXT() REPRESENTATION_CONTEXT('2D SPACE',''
  ) );
#7768 = ORIENTED_EDGE('',*,*,#3331,.F.);
#7769 = ORIENTED_EDGE('',*,*,#7696,.F.);
#7770 = ADVANCED_FACE('',(#7771),#3380,.F.);
#7771 = FACE_BOUND('',#7772,.F.);
#7772 = EDGE_LOOP('',(#7773,#7774,#7775,#7798));
#7773 = ORIENTED_EDGE('',*,*,#3364,.F.);
#7774 = ORIENTED_EDGE('',*,*,#7748,.F.);
#7775 = ORIENTED_EDGE('',*,*,#7776,.T.);
#7776 = EDGE_CURVE('',#7721,#7777,#7779,.T.);
#7777 = VERTEX_POINT('',#7778);
#7778 = CARTESIAN_POINT('',(-0.553091547544,-19.8983438944,-7.25));
#7779 = SURFACE_CURVE('',#7780,(#7784,#7791),.PCURVE_S1.);
#7780 = LINE('',#7781,#7782);
#7781 = CARTESIAN_POINT('',(-1.508156524712,-14.48190125283,-7.25));
#7782 = VECTOR('',#7783,1.);
#7783 = DIRECTION('',(0.173648177667,-0.984807753012,0.));
#7784 = PCURVE('',#3380,#7785);
#7785 = DEFINITIONAL_REPRESENTATION('',(#7786),#7790);
#7786 = LINE('',#7787,#7788);
#7787 = CARTESIAN_POINT('',(3.2,0.));
#7788 = VECTOR('',#7789,1.);
#7789 = DIRECTION('',(0.,1.));
#7790 = ( GEOMETRIC_REPRESENTATION_CONTEXT(2) 
PARAMETRIC_REPRESENTATION_CONTEXT() REPRESENTATION_CONTEXT('2D SPACE',''
  ) );
#7791 = PCURVE('',#7684,#7792);
#7792 = DEFINITIONAL_REPRESENTATION('',(#7793),#7797);
#7793 = LINE('',#7794,#7795);
#7794 = CARTESIAN_POINT('',(0.,0.));
#7795 = VECTOR('',#7796,1.);
#7796 = DIRECTION('',(1.,0.));
#7797 = ( GEOMETRIC_REPRESENTATION_CONTEXT(2) 
PARAMETRIC_REPRESENTATION_CONTEXT() REPRESENTATION_CONTEXT('2D SPACE',''
  ) );
#7798 = ORIENTED_EDGE('',*,*,#7799,.F.);
#7799 = EDGE_CURVE('',#3365,#7777,#7800,.T.);
#7800 = SURFACE_CURVE('',#7801,(#7805,#7812),.PCURVE_S1.);
#7801 = LINE('',#7802,#7803);
#7802 = CARTESIAN_POINT('',(-0.553091547544,-19.8983438944,-10.45));
#7803 = VECTOR('',#7804,1.);
#7804 = DIRECTION('',(0.,0.,1.));
#7805 = PCURVE('',#3380,#7806);
#7806 = DEFINITIONAL_REPRESENTATION('',(#7807),#7811);
#7807 = LINE('',#7808,#7809);
#7808 = CARTESIAN_POINT('',(0.,5.5));
#7809 = VECTOR('',#7810,1.);
#7810 = DIRECTION('',(1.,0.));
#7811 = ( GEOMETRIC_REPRESENTATION_CONTEXT(2) 
PARAMETRIC_REPRESENTATION_CONTEXT() REPRESENTATION_CONTEXT('2D SPACE',''
  ) );
#7812 = PCURVE('',#3413,#7813);
#7813 = DEFINITIONAL_REPRESENTATION('',(#7814),#7818);
#7814 = LINE('',#7815,#7816);
#7815 = CARTESIAN_POINT('',(-1.570796326795,0.));
#7816 = VECTOR('',#7817,1.);
#7817 = DIRECTION('',(-0.,1.));
#7818 = ( GEOMETRIC_REPRESENTATION_CONTEXT(2) 
PARAMETRIC_REPRESENTATION_CONTEXT() REPRESENTATION_CONTEXT('2D SPACE',''
  ) );
#7819 = ADVANCED_FACE('',(#7820,#7873),#3413,.T.);
#7820 = FACE_BOUND('',#7821,.F.);
#7821 = EDGE_LOOP('',(#7822,#7823,#7824,#7852));
#7822 = ORIENTED_EDGE('',*,*,#3392,.T.);
#7823 = ORIENTED_EDGE('',*,*,#7799,.T.);
#7824 = ORIENTED_EDGE('',*,*,#7825,.F.);
#7825 = EDGE_CURVE('',#7826,#7777,#7828,.T.);
#7826 = VERTEX_POINT('',#7827);
#7827 = CARTESIAN_POINT('',(1.184592348475,-21.11508325742,-7.25));
#7828 = SURFACE_CURVE('',#7829,(#7834,#7841),.PCURVE_S1.);
#7829 = CIRCLE('',#7830,1.5);
#7830 = AXIS2_PLACEMENT_3D('',#7831,#7832,#7833);
#7831 = CARTESIAN_POINT('',(0.924120081975,-19.6378716279,-7.25));
#7832 = DIRECTION('',(-0.,0.,-1.));
#7833 = DIRECTION('',(-0.984807753012,-0.173648177667,0.));
#7834 = PCURVE('',#3413,#7835);
#7835 = DEFINITIONAL_REPRESENTATION('',(#7836),#7840);
#7836 = LINE('',#7837,#7838);
#7837 = CARTESIAN_POINT('',(4.712388980385,3.2));
#7838 = VECTOR('',#7839,1.);
#7839 = DIRECTION('',(-1.,0.));
#7840 = ( GEOMETRIC_REPRESENTATION_CONTEXT(2) 
PARAMETRIC_REPRESENTATION_CONTEXT() REPRESENTATION_CONTEXT('2D SPACE',''
  ) );
#7841 = PCURVE('',#7684,#7842);
#7842 = DEFINITIONAL_REPRESENTATION('',(#7843),#7851);
#7843 = ( BOUNDED_CURVE() B_SPLINE_CURVE(2,(#7844,#7845,#7846,#7847,
#7848,#7849,#7850),.UNSPECIFIED.,.T.,.F.) B_SPLINE_CURVE_WITH_KNOTS((1,2
    ,2,2,2,1),(-2.094395102393,0.,2.094395102393,4.188790204786,
6.28318530718,8.377580409573),.UNSPECIFIED.) CURVE() 
GEOMETRIC_REPRESENTATION_ITEM() RATIONAL_B_SPLINE_CURVE((1.,0.5,1.,0.5,
1.,0.5,1.)) REPRESENTATION_ITEM('') );
#7844 = CARTESIAN_POINT('',(5.5,6.661338147751E-16));
#7845 = CARTESIAN_POINT('',(2.901923788647,6.661338147751E-16));
#7846 = CARTESIAN_POINT('',(4.200961894323,2.25));
#7847 = CARTESIAN_POINT('',(5.5,4.5));
#7848 = CARTESIAN_POINT('',(6.799038105677,2.25));
#7849 = CARTESIAN_POINT('',(8.098076211353,2.886579864025E-15));
#7850 = CARTESIAN_POINT('',(5.5,6.661338147751E-16));
#7851 = ( GEOMETRIC_REPRESENTATION_CONTEXT(2) 
PARAMETRIC_REPRESENTATION_CONTEXT() REPRESENTATION_CONTEXT('2D SPACE',''
  ) );
#7852 = ORIENTED_EDGE('',*,*,#7853,.F.);
#7853 = EDGE_CURVE('',#3393,#7826,#7854,.T.);
#7854 = SURFACE_CURVE('',#7855,(#7859,#7866),.PCURVE_S1.);
#7855 = LINE('',#7856,#7857);
#7856 = CARTESIAN_POINT('',(1.184592348475,-21.11508325742,-10.45));
#7857 = VECTOR('',#7858,1.);
#7858 = DIRECTION('',(0.,0.,1.));
#7859 = PCURVE('',#3413,#7860);
#7860 = DEFINITIONAL_REPRESENTATION('',(#7861),#7865);
#7861 = LINE('',#7862,#7863);
#7862 = CARTESIAN_POINT('',(-0.,0.));
#7863 = VECTOR('',#7864,1.);
#7864 = DIRECTION('',(-0.,1.));
#7865 = ( GEOMETRIC_REPRESENTATION_CONTEXT(2) 
PARAMETRIC_REPRESENTATION_CONTEXT() REPRESENTATION_CONTEXT('2D SPACE',''
  ) );
#7866 = PCURVE('',#3441,#7867);
#7867 = DEFINITIONAL_REPRESENTATION('',(#7868),#7872);
#7868 = LINE('',#7869,#7870);
#7869 = CARTESIAN_POINT('',(0.,-1.5));
#7870 = VECTOR('',#7871,1.);
#7871 = DIRECTION('',(1.,0.));
#7872 = ( GEOMETRIC_REPRESENTATION_CONTEXT(2) 
PARAMETRIC_REPRESENTATION_CONTEXT() REPRESENTATION_CONTEXT('2D SPACE',''
  ) );
#7873 = FACE_BOUND('',#7874,.F.);
#7874 = EDGE_LOOP('',(#7875,#7905,#7938,#7966));
#7875 = ORIENTED_EDGE('',*,*,#7876,.F.);
#7876 = EDGE_CURVE('',#7877,#7879,#7881,.T.);
#7877 = VERTEX_POINT('',#7878);
#7878 = CARTESIAN_POINT('',(0.329850260979,-21.01513100066,-9.85));
#7879 = VERTEX_POINT('',#7880);
#7880 = CARTESIAN_POINT('',(0.329850260979,-21.01513100066,-7.85));
#7881 = SURFACE_CURVE('',#7882,(#7886,#7893),.PCURVE_S1.);
#7882 = LINE('',#7883,#7884);
#7883 = CARTESIAN_POINT('',(0.329850260979,-21.01513100066,-10.45));
#7884 = VECTOR('',#7885,1.);
#7885 = DIRECTION('',(0.,0.,1.));
#7886 = PCURVE('',#3413,#7887);
#7887 = DEFINITIONAL_REPRESENTATION('',(#7888),#7892);
#7888 = LINE('',#7889,#7890);
#7889 = CARTESIAN_POINT('',(-0.581885451554,0.));
#7890 = VECTOR('',#7891,1.);
#7891 = DIRECTION('',(-0.,1.));
#7892 = ( GEOMETRIC_REPRESENTATION_CONTEXT(2) 
PARAMETRIC_REPRESENTATION_CONTEXT() REPRESENTATION_CONTEXT('2D SPACE',''
  ) );
#7893 = PCURVE('',#7894,#7899);
#7894 = PLANE('',#7895);
#7895 = AXIS2_PLACEMENT_3D('',#7896,#7897,#7898);
#7896 = CARTESIAN_POINT('',(-8.245366881361E-02,-21.7036483672,-9.85));
#7897 = DIRECTION('',(-0.857935962093,0.513756639809,0.));
#7898 = DIRECTION('',(0.513756639809,0.857935962093,0.));
#7899 = DEFINITIONAL_REPRESENTATION('',(#7900),#7904);
#7900 = LINE('',#7901,#7902);
#7901 = CARTESIAN_POINT('',(0.802527690826,0.6));
#7902 = VECTOR('',#7903,1.);
#7903 = DIRECTION('',(0.,-1.));
#7904 = ( GEOMETRIC_REPRESENTATION_CONTEXT(2) 
PARAMETRIC_REPRESENTATION_CONTEXT() REPRESENTATION_CONTEXT('2D SPACE',''
  ) );
#7905 = ORIENTED_EDGE('',*,*,#7906,.T.);
#7906 = EDGE_CURVE('',#7877,#7907,#7909,.T.);
#7907 = VERTEX_POINT('',#7908);
#7908 = CARTESIAN_POINT('',(0.769308128998,-21.12986132599,-9.85));
#7909 = SURFACE_CURVE('',#7910,(#7915,#7922),.PCURVE_S1.);
#7910 = CIRCLE('',#7911,1.5);
#7911 = AXIS2_PLACEMENT_3D('',#7912,#7913,#7914);
#7912 = CARTESIAN_POINT('',(0.924120081975,-19.6378716279,-9.85));
#7913 = DIRECTION('',(-0.,0.,1.));
#7914 = DIRECTION('',(0.173648177667,-0.984807753012,0.));
#7915 = PCURVE('',#3413,#7916);
#7916 = DEFINITIONAL_REPRESENTATION('',(#7917),#7921);
#7917 = LINE('',#7918,#7919);
#7918 = CARTESIAN_POINT('',(-6.28318530718,0.6));
#7919 = VECTOR('',#7920,1.);
#7920 = DIRECTION('',(1.,-0.));
#7921 = ( GEOMETRIC_REPRESENTATION_CONTEXT(2) 
PARAMETRIC_REPRESENTATION_CONTEXT() REPRESENTATION_CONTEXT('2D SPACE',''
  ) );
#7922 = PCURVE('',#7923,#7928);
#7923 = PLANE('',#7924);
#7924 = AXIS2_PLACEMENT_3D('',#7925,#7926,#7927);
#7925 = CARTESIAN_POINT('',(0.518323455361,-21.36762393513,-9.85));
#7926 = DIRECTION('',(0.,0.,-1.));
#7927 = DIRECTION('',(-0.173648177667,0.984807753012,0.));
#7928 = DEFINITIONAL_REPRESENTATION('',(#7929),#7937);
#7929 = ( BOUNDED_CURVE() B_SPLINE_CURVE(2,(#7930,#7931,#7932,#7933,
#7934,#7935,#7936),.UNSPECIFIED.,.T.,.F.) B_SPLINE_CURVE_WITH_KNOTS((1,2
    ,2,2,2,1),(-2.094395102393,0.,2.094395102393,4.188790204786,
6.28318530718,8.377580409573),.UNSPECIFIED.) CURVE() 
GEOMETRIC_REPRESENTATION_ITEM() RATIONAL_B_SPLINE_CURVE((1.,0.5,1.,0.5,
1.,0.5,1.)) REPRESENTATION_ITEM('') );
#7930 = CARTESIAN_POINT('',(0.133007638232,0.7));
#7931 = CARTESIAN_POINT('',(0.133007638232,3.298076211353));
#7932 = CARTESIAN_POINT('',(2.383007638232,1.999038105677));
#7933 = CARTESIAN_POINT('',(4.633007638232,0.7));
#7934 = CARTESIAN_POINT('',(2.383007638232,-0.599038105677));
#7935 = CARTESIAN_POINT('',(0.133007638232,-1.898076211353));
#7936 = CARTESIAN_POINT('',(0.133007638232,0.7));
#7937 = ( GEOMETRIC_REPRESENTATION_CONTEXT(2) 
PARAMETRIC_REPRESENTATION_CONTEXT() REPRESENTATION_CONTEXT('2D SPACE',''
  ) );
#7938 = ORIENTED_EDGE('',*,*,#7939,.T.);
#7939 = EDGE_CURVE('',#7907,#7940,#7942,.T.);
#7940 = VERTEX_POINT('',#7941);
#7941 = CARTESIAN_POINT('',(0.769308128998,-21.12986132599,-7.85));
#7942 = SURFACE_CURVE('',#7943,(#7947,#7954),.PCURVE_S1.);
#7943 = LINE('',#7944,#7945);
#7944 = CARTESIAN_POINT('',(0.769308128997,-21.12986132599,-10.45));
#7945 = VECTOR('',#7946,1.);
#7946 = DIRECTION('',(0.,0.,1.));
#7947 = PCURVE('',#3413,#7948);
#7948 = DEFINITIONAL_REPRESENTATION('',(#7949),#7953);
#7949 = LINE('',#7950,#7951);
#7950 = CARTESIAN_POINT('',(-0.277925004294,0.));
#7951 = VECTOR('',#7952,1.);
#7952 = DIRECTION('',(-0.,1.));
#7953 = ( GEOMETRIC_REPRESENTATION_CONTEXT(2) 
PARAMETRIC_REPRESENTATION_CONTEXT() REPRESENTATION_CONTEXT('2D SPACE',''
  ) );
#7954 = PCURVE('',#7955,#7960);
#7955 = PLANE('',#7956);
#7956 = AXIS2_PLACEMENT_3D('',#7957,#7958,#7959);
#7957 = CARTESIAN_POINT('',(0.427435237394,-20.85217123695,-9.85));
#7958 = DIRECTION('',(0.630480973103,0.776204704028,0.));
#7959 = DIRECTION('',(0.776204704028,-0.630480973103,0.));
#7960 = DEFINITIONAL_REPRESENTATION('',(#7961),#7965);
#7961 = LINE('',#7962,#7963);
#7962 = CARTESIAN_POINT('',(0.440441664202,0.6));
#7963 = VECTOR('',#7964,1.);
#7964 = DIRECTION('',(0.,-1.));
#7965 = ( GEOMETRIC_REPRESENTATION_CONTEXT(2) 
PARAMETRIC_REPRESENTATION_CONTEXT() REPRESENTATION_CONTEXT('2D SPACE',''
  ) );
#7966 = ORIENTED_EDGE('',*,*,#7967,.F.);
#7967 = EDGE_CURVE('',#7879,#7940,#7968,.T.);
#7968 = SURFACE_CURVE('',#7969,(#7974,#7981),.PCURVE_S1.);
#7969 = CIRCLE('',#7970,1.5);
#7970 = AXIS2_PLACEMENT_3D('',#7971,#7972,#7973);
#7971 = CARTESIAN_POINT('',(0.924120081975,-19.6378716279,-7.85));
#7972 = DIRECTION('',(-0.,0.,1.));
#7973 = DIRECTION('',(0.173648177667,-0.984807753012,0.));
#7974 = PCURVE('',#3413,#7975);
#7975 = DEFINITIONAL_REPRESENTATION('',(#7976),#7980);
#7976 = LINE('',#7977,#7978);
#7977 = CARTESIAN_POINT('',(-6.28318530718,2.6));
#7978 = VECTOR('',#7979,1.);
#7979 = DIRECTION('',(1.,-0.));
#7980 = ( GEOMETRIC_REPRESENTATION_CONTEXT(2) 
PARAMETRIC_REPRESENTATION_CONTEXT() REPRESENTATION_CONTEXT('2D SPACE',''
  ) );
#7981 = PCURVE('',#7982,#7987);
#7982 = PLANE('',#7983);
#7983 = AXIS2_PLACEMENT_3D('',#7984,#7985,#7986);
#7984 = CARTESIAN_POINT('',(0.518323455361,-21.36762393513,-7.85));
#7985 = DIRECTION('',(0.,0.,-1.));
#7986 = DIRECTION('',(-0.173648177667,0.984807753012,0.));
#7987 = DEFINITIONAL_REPRESENTATION('',(#7988),#7996);
#7988 = ( BOUNDED_CURVE() B_SPLINE_CURVE(2,(#7989,#7990,#7991,#7992,
#7993,#7994,#7995),.UNSPECIFIED.,.T.,.F.) B_SPLINE_CURVE_WITH_KNOTS((1,2
    ,2,2,2,1),(-2.094395102393,0.,2.094395102393,4.188790204786,
6.28318530718,8.377580409573),.UNSPECIFIED.) CURVE() 
GEOMETRIC_REPRESENTATION_ITEM() RATIONAL_B_SPLINE_CURVE((1.,0.5,1.,0.5,
1.,0.5,1.)) REPRESENTATION_ITEM('') );
#7989 = CARTESIAN_POINT('',(0.133007638232,0.7));
#7990 = CARTESIAN_POINT('',(0.133007638232,3.298076211353));
#7991 = CARTESIAN_POINT('',(2.383007638232,1.999038105677));
#7992 = CARTESIAN_POINT('',(4.633007638232,0.7));
#7993 = CARTESIAN_POINT('',(2.383007638232,-0.599038105677));
#7994 = CARTESIAN_POINT('',(0.133007638232,-1.898076211353));
#7995 = CARTESIAN_POINT('',(0.133007638232,0.7));
#7996 = ( GEOMETRIC_REPRESENTATION_CONTEXT(2) 
PARAMETRIC_REPRESENTATION_CONTEXT() REPRESENTATION_CONTEXT('2D SPACE',''
  ) );
#7997 = ADVANCED_FACE('',(#7998,#8046),#3441,.T.);
#7998 = FACE_BOUND('',#7999,.T.);
#7999 = EDGE_LOOP('',(#8000,#8023,#8024,#8025));
#8000 = ORIENTED_EDGE('',*,*,#8001,.F.);
#8001 = EDGE_CURVE('',#7826,#8002,#8004,.T.);
#8002 = VERTEX_POINT('',#8003);
#8003 = CARTESIAN_POINT('',(6.108631113536,-20.24684236908,-7.25));
#8004 = SURFACE_CURVE('',#8005,(#8009,#8016),.PCURVE_S1.);
#8005 = LINE('',#8006,#8007);
#8006 = CARTESIAN_POINT('',(-0.292619281043,-21.37555552392,-7.25));
#8007 = VECTOR('',#8008,1.);
#8008 = DIRECTION('',(0.984807753012,0.173648177667,0.));
#8009 = PCURVE('',#3441,#8010);
#8010 = DEFINITIONAL_REPRESENTATION('',(#8011),#8015);
#8011 = LINE('',#8012,#8013);
#8012 = CARTESIAN_POINT('',(3.2,0.));
#8013 = VECTOR('',#8014,1.);
#8014 = DIRECTION('',(0.,-1.));
#8015 = ( GEOMETRIC_REPRESENTATION_CONTEXT(2) 
PARAMETRIC_REPRESENTATION_CONTEXT() REPRESENTATION_CONTEXT('2D SPACE',''
  ) );
#8016 = PCURVE('',#7684,#8017);
#8017 = DEFINITIONAL_REPRESENTATION('',(#8018),#8022);
#8018 = LINE('',#8019,#8020);
#8019 = CARTESIAN_POINT('',(7.,8.881784197001E-16));
#8020 = VECTOR('',#8021,1.);
#8021 = DIRECTION('',(0.,1.));
#8022 = ( GEOMETRIC_REPRESENTATION_CONTEXT(2) 
PARAMETRIC_REPRESENTATION_CONTEXT() REPRESENTATION_CONTEXT('2D SPACE',''
  ) );
#8023 = ORIENTED_EDGE('',*,*,#7853,.F.);
#8024 = ORIENTED_EDGE('',*,*,#3425,.T.);
#8025 = ORIENTED_EDGE('',*,*,#8026,.T.);
#8026 = EDGE_CURVE('',#3426,#8002,#8027,.T.);
#8027 = SURFACE_CURVE('',#8028,(#8032,#8039),.PCURVE_S1.);
#8028 = LINE('',#8029,#8030);
#8029 = CARTESIAN_POINT('',(6.108631113536,-20.24684236908,-10.45));
#8030 = VECTOR('',#8031,1.);
#8031 = DIRECTION('',(0.,0.,1.));
#8032 = PCURVE('',#3441,#8033);
#8033 = DEFINITIONAL_REPRESENTATION('',(#8034),#8038);
#8034 = LINE('',#8035,#8036);
#8035 = CARTESIAN_POINT('',(0.,-6.5));
#8036 = VECTOR('',#8037,1.);
#8037 = DIRECTION('',(1.,0.));
#8038 = ( GEOMETRIC_REPRESENTATION_CONTEXT(2) 
PARAMETRIC_REPRESENTATION_CONTEXT() REPRESENTATION_CONTEXT('2D SPACE',''
  ) );
#8039 = PCURVE('',#3470,#8040);
#8040 = DEFINITIONAL_REPRESENTATION('',(#8041),#8045);
#8041 = LINE('',#8042,#8043);
#8042 = CARTESIAN_POINT('',(0.,0.));
#8043 = VECTOR('',#8044,1.);
#8044 = DIRECTION('',(0.,1.));
#8045 = ( GEOMETRIC_REPRESENTATION_CONTEXT(2) 
PARAMETRIC_REPRESENTATION_CONTEXT() REPRESENTATION_CONTEXT('2D SPACE',''
  ) );
#8046 = FACE_BOUND('',#8047,.T.);
#8047 = EDGE_LOOP('',(#8048,#8078,#8106,#8134));
#8048 = ORIENTED_EDGE('',*,*,#8049,.T.);
#8049 = EDGE_CURVE('',#8050,#8052,#8054,.T.);
#8050 = VERTEX_POINT('',#8051);
#8051 = CARTESIAN_POINT('',(4.099232576232,-20.60115354621,-9.65));
#8052 = VERTEX_POINT('',#8053);
#8053 = CARTESIAN_POINT('',(3.193990885779,-20.7607720803,-9.65));
#8054 = SURFACE_CURVE('',#8055,(#8059,#8066),.PCURVE_S1.);
#8055 = LINE('',#8056,#8057);
#8056 = CARTESIAN_POINT('',(1.676996224981,-21.02825916859,-9.65));
#8057 = VECTOR('',#8058,1.);
#8058 = DIRECTION('',(-0.984807753012,-0.173648177667,0.));
#8059 = PCURVE('',#3441,#8060);
#8060 = DEFINITIONAL_REPRESENTATION('',(#8061),#8065);
#8061 = LINE('',#8062,#8063);
#8062 = CARTESIAN_POINT('',(0.8,-2.));
#8063 = VECTOR('',#8064,1.);
#8064 = DIRECTION('',(0.,1.));
#8065 = ( GEOMETRIC_REPRESENTATION_CONTEXT(2) 
PARAMETRIC_REPRESENTATION_CONTEXT() REPRESENTATION_CONTEXT('2D SPACE',''
  ) );
#8066 = PCURVE('',#8067,#8072);
#8067 = PLANE('',#8068);
#8068 = AXIS2_PLACEMENT_3D('',#8069,#8070,#8071);
#8069 = CARTESIAN_POINT('',(3.603633194081,-20.43721941816,-9.65));
#8070 = DIRECTION('',(0.,0.,1.));
#8071 = DIRECTION('',(0.173648177667,-0.984807753012,0.));
#8072 = DEFINITIONAL_REPRESENTATION('',(#8073),#8077);
#8073 = LINE('',#8074,#8075);
#8074 = CARTESIAN_POINT('',(0.247503529849,-2.));
#8075 = VECTOR('',#8076,1.);
#8076 = DIRECTION('',(0.,-1.));
#8077 = ( GEOMETRIC_REPRESENTATION_CONTEXT(2) 
PARAMETRIC_REPRESENTATION_CONTEXT() REPRESENTATION_CONTEXT('2D SPACE',''
  ) );
#8078 = ORIENTED_EDGE('',*,*,#8079,.T.);
#8079 = EDGE_CURVE('',#8052,#8080,#8082,.T.);
#8080 = VERTEX_POINT('',#8081);
#8081 = CARTESIAN_POINT('',(3.193990885779,-20.7607720803,-8.05));
#8082 = SURFACE_CURVE('',#8083,(#8087,#8094),.PCURVE_S1.);
#8083 = LINE('',#8084,#8085);
#8084 = CARTESIAN_POINT('',(3.193990885779,-20.7607720803,-10.05));
#8085 = VECTOR('',#8086,1.);
#8086 = DIRECTION('',(0.,0.,1.));
#8087 = PCURVE('',#3441,#8088);
#8088 = DEFINITIONAL_REPRESENTATION('',(#8089),#8093);
#8089 = LINE('',#8090,#8091);
#8090 = CARTESIAN_POINT('',(0.4,-3.540396748662));
#8091 = VECTOR('',#8092,1.);
#8092 = DIRECTION('',(1.,0.));
#8093 = ( GEOMETRIC_REPRESENTATION_CONTEXT(2) 
PARAMETRIC_REPRESENTATION_CONTEXT() REPRESENTATION_CONTEXT('2D SPACE',''
  ) );
#8094 = PCURVE('',#8095,#8100);
#8095 = PLANE('',#8096);
#8096 = AXIS2_PLACEMENT_3D('',#8097,#8098,#8099);
#8097 = CARTESIAN_POINT('',(2.567965067371,-20.32242408313,-9.65));
#8098 = DIRECTION('',(0.573576436351,0.819152044289,0.));
#8099 = DIRECTION('',(0.819152044289,-0.573576436351,0.));
#8100 = DEFINITIONAL_REPRESENTATION('',(#8101),#8105);
#8101 = LINE('',#8102,#8103);
#8102 = CARTESIAN_POINT('',(0.764236411021,0.4));
#8103 = VECTOR('',#8104,1.);
#8104 = DIRECTION('',(0.,-1.));
#8105 = ( GEOMETRIC_REPRESENTATION_CONTEXT(2) 
PARAMETRIC_REPRESENTATION_CONTEXT() REPRESENTATION_CONTEXT('2D SPACE',''
  ) );
#8106 = ORIENTED_EDGE('',*,*,#8107,.F.);
#8107 = EDGE_CURVE('',#8108,#8080,#8110,.T.);
#8108 = VERTEX_POINT('',#8109);
#8109 = CARTESIAN_POINT('',(4.099232576232,-20.60115354621,-8.05));
#8110 = SURFACE_CURVE('',#8111,(#8115,#8122),.PCURVE_S1.);
#8111 = LINE('',#8112,#8113);
#8112 = CARTESIAN_POINT('',(1.676996224981,-21.02825916859,-8.05));
#8113 = VECTOR('',#8114,1.);
#8114 = DIRECTION('',(-0.984807753012,-0.173648177667,0.));
#8115 = PCURVE('',#3441,#8116);
#8116 = DEFINITIONAL_REPRESENTATION('',(#8117),#8121);
#8117 = LINE('',#8118,#8119);
#8118 = CARTESIAN_POINT('',(2.4,-2.));
#8119 = VECTOR('',#8120,1.);
#8120 = DIRECTION('',(0.,1.));
#8121 = ( GEOMETRIC_REPRESENTATION_CONTEXT(2) 
PARAMETRIC_REPRESENTATION_CONTEXT() REPRESENTATION_CONTEXT('2D SPACE',''
  ) );
#8122 = PCURVE('',#8123,#8128);
#8123 = PLANE('',#8124);
#8124 = AXIS2_PLACEMENT_3D('',#8125,#8126,#8127);
#8125 = CARTESIAN_POINT('',(3.603633194081,-20.43721941816,-8.05));
#8126 = DIRECTION('',(0.,0.,1.));
#8127 = DIRECTION('',(0.173648177667,-0.984807753012,0.));
#8128 = DEFINITIONAL_REPRESENTATION('',(#8129),#8133);
#8129 = LINE('',#8130,#8131);
#8130 = CARTESIAN_POINT('',(0.247503529849,-2.));
#8131 = VECTOR('',#8132,1.);
#8132 = DIRECTION('',(0.,-1.));
#8133 = ( GEOMETRIC_REPRESENTATION_CONTEXT(2) 
PARAMETRIC_REPRESENTATION_CONTEXT() REPRESENTATION_CONTEXT('2D SPACE',''
  ) );
#8134 = ORIENTED_EDGE('',*,*,#8135,.T.);
#8135 = EDGE_CURVE('',#8108,#8050,#8136,.T.);
#8136 = SURFACE_CURVE('',#8137,(#8141,#8148),.PCURVE_S1.);
#8137 = LINE('',#8138,#8139);
#8138 = CARTESIAN_POINT('',(4.099232576232,-20.60115354621,-10.05));
#8139 = VECTOR('',#8140,1.);
#8140 = DIRECTION('',(-0.,0.,-1.));
#8141 = PCURVE('',#3441,#8142);
#8142 = DEFINITIONAL_REPRESENTATION('',(#8143),#8147);
#8143 = LINE('',#8144,#8145);
#8144 = CARTESIAN_POINT('',(0.4,-4.459603251338));
#8145 = VECTOR('',#8146,1.);
#8146 = DIRECTION('',(-1.,-0.));
#8147 = ( GEOMETRIC_REPRESENTATION_CONTEXT(2) 
PARAMETRIC_REPRESENTATION_CONTEXT() REPRESENTATION_CONTEXT('2D SPACE',''
  ) );
#8148 = PCURVE('',#8149,#8154);
#8149 = PLANE('',#8150);
#8150 = AXIS2_PLACEMENT_3D('',#8151,#8152,#8153);
#8151 = CARTESIAN_POINT('',(3.72642099805,-21.13358365848,-9.65));
#8152 = DIRECTION('',(-0.819152044289,0.573576436351,0.));
#8153 = DIRECTION('',(0.573576436351,0.819152044289,0.));
#8154 = DEFINITIONAL_REPRESENTATION('',(#8155),#8159);
#8155 = LINE('',#8156,#8157);
#8156 = CARTESIAN_POINT('',(0.649977151352,0.4));
#8157 = VECTOR('',#8158,1.);
#8158 = DIRECTION('',(0.,1.));
#8159 = ( GEOMETRIC_REPRESENTATION_CONTEXT(2) 
PARAMETRIC_REPRESENTATION_CONTEXT() REPRESENTATION_CONTEXT('2D SPACE',''
  ) );
#8160 = ADVANCED_FACE('',(#8161),#3470,.T.);
#8161 = FACE_BOUND('',#8162,.T.);
#8162 = EDGE_LOOP('',(#8163,#8164,#8187,#8209));
#8163 = ORIENTED_EDGE('',*,*,#3453,.T.);
#8164 = ORIENTED_EDGE('',*,*,#8165,.T.);
#8165 = EDGE_CURVE('',#3454,#8166,#8168,.T.);
#8166 = VERTEX_POINT('',#8167);
#8167 = CARTESIAN_POINT('',(7.325370476554,-18.50915847307,-7.25));
#8168 = SURFACE_CURVE('',#8169,(#8173,#8180),.PCURVE_S1.);
#8169 = LINE('',#8170,#8171);
#8170 = CARTESIAN_POINT('',(7.325370476554,-18.50915847307,-10.45));
#8171 = VECTOR('',#8172,1.);
#8172 = DIRECTION('',(0.,0.,1.));
#8173 = PCURVE('',#3470,#8174);
#8174 = DEFINITIONAL_REPRESENTATION('',(#8175),#8179);
#8175 = LINE('',#8176,#8177);
#8176 = CARTESIAN_POINT('',(1.570796326795,0.));
#8177 = VECTOR('',#8178,1.);
#8178 = DIRECTION('',(0.,1.));
#8179 = ( GEOMETRIC_REPRESENTATION_CONTEXT(2) 
PARAMETRIC_REPRESENTATION_CONTEXT() REPRESENTATION_CONTEXT('2D SPACE',''
  ) );
#8180 = PCURVE('',#3498,#8181);
#8181 = DEFINITIONAL_REPRESENTATION('',(#8182),#8186);
#8182 = LINE('',#8183,#8184);
#8183 = CARTESIAN_POINT('',(0.,5.5));
#8184 = VECTOR('',#8185,1.);
#8185 = DIRECTION('',(1.,0.));
#8186 = ( GEOMETRIC_REPRESENTATION_CONTEXT(2) 
PARAMETRIC_REPRESENTATION_CONTEXT() REPRESENTATION_CONTEXT('2D SPACE',''
  ) );
#8187 = ORIENTED_EDGE('',*,*,#8188,.F.);
#8188 = EDGE_CURVE('',#8002,#8166,#8189,.T.);
#8189 = SURFACE_CURVE('',#8190,(#8195,#8202),.PCURVE_S1.);
#8190 = CIRCLE('',#8191,1.5);
#8191 = AXIS2_PLACEMENT_3D('',#8192,#8193,#8194);
#8192 = CARTESIAN_POINT('',(5.848158847036,-18.76963073957,-7.25));
#8193 = DIRECTION('',(0.,0.,1.));
#8194 = DIRECTION('',(-0.984807753012,-0.173648177667,0.));
#8195 = PCURVE('',#3470,#8196);
#8196 = DEFINITIONAL_REPRESENTATION('',(#8197),#8201);
#8197 = LINE('',#8198,#8199);
#8198 = CARTESIAN_POINT('',(-1.570796326795,3.2));
#8199 = VECTOR('',#8200,1.);
#8200 = DIRECTION('',(1.,0.));
#8201 = ( GEOMETRIC_REPRESENTATION_CONTEXT(2) 
PARAMETRIC_REPRESENTATION_CONTEXT() REPRESENTATION_CONTEXT('2D SPACE',''
  ) );
#8202 = PCURVE('',#7684,#8203);
#8203 = DEFINITIONAL_REPRESENTATION('',(#8204),#8208);
#8204 = CIRCLE('',#8205,1.5);
#8205 = AXIS2_PLACEMENT_2D('',#8206,#8207);
#8206 = CARTESIAN_POINT('',(5.5,6.5));
#8207 = DIRECTION('',(0.,-1.));
#8208 = ( GEOMETRIC_REPRESENTATION_CONTEXT(2) 
PARAMETRIC_REPRESENTATION_CONTEXT() REPRESENTATION_CONTEXT('2D SPACE',''
  ) );
#8209 = ORIENTED_EDGE('',*,*,#8026,.F.);
#8210 = ADVANCED_FACE('',(#8211),#3498,.T.);
#8211 = FACE_BOUND('',#8212,.T.);
#8212 = EDGE_LOOP('',(#8213,#8214,#8237,#8258));
#8213 = ORIENTED_EDGE('',*,*,#3482,.F.);
#8214 = ORIENTED_EDGE('',*,*,#8215,.F.);
#8215 = EDGE_CURVE('',#8216,#3483,#8218,.T.);
#8216 = VERTEX_POINT('',#8217);
#8217 = CARTESIAN_POINT('',(7.006469372105,-16.70058043715,-7.25));
#8218 = SURFACE_CURVE('',#8219,(#8223,#8230),.PCURVE_S1.);
#8219 = LINE('',#8220,#8221);
#8220 = CARTESIAN_POINT('',(7.006469372105,-16.70058043715,-7.25));
#8221 = VECTOR('',#8222,1.);
#8222 = DIRECTION('',(0.,-0.,-1.));
#8223 = PCURVE('',#3498,#8224);
#8224 = DEFINITIONAL_REPRESENTATION('',(#8225),#8229);
#8225 = LINE('',#8226,#8227);
#8226 = CARTESIAN_POINT('',(3.2,3.663521732656));
#8227 = VECTOR('',#8228,1.);
#8228 = DIRECTION('',(-1.,0.));
#8229 = ( GEOMETRIC_REPRESENTATION_CONTEXT(2) 
PARAMETRIC_REPRESENTATION_CONTEXT() REPRESENTATION_CONTEXT('2D SPACE',''
  ) );
#8230 = PCURVE('',#3531,#8231);
#8231 = DEFINITIONAL_REPRESENTATION('',(#8232),#8236);
#8232 = LINE('',#8233,#8234);
#8233 = CARTESIAN_POINT('',(0.,0.));
#8234 = VECTOR('',#8235,1.);
#8235 = DIRECTION('',(0.,1.));
#8236 = ( GEOMETRIC_REPRESENTATION_CONTEXT(2) 
PARAMETRIC_REPRESENTATION_CONTEXT() REPRESENTATION_CONTEXT('2D SPACE',''
  ) );
#8237 = ORIENTED_EDGE('',*,*,#8238,.T.);
#8238 = EDGE_CURVE('',#8216,#8166,#8239,.T.);
#8239 = SURFACE_CURVE('',#8240,(#8244,#8251),.PCURVE_S1.);
#8240 = LINE('',#8241,#8242);
#8241 = CARTESIAN_POINT('',(6.370305499386,-13.0927158315,-7.25));
#8242 = VECTOR('',#8243,1.);
#8243 = DIRECTION('',(0.173648177667,-0.984807753012,0.));
#8244 = PCURVE('',#3498,#8245);
#8245 = DEFINITIONAL_REPRESENTATION('',(#8246),#8250);
#8246 = LINE('',#8247,#8248);
#8247 = CARTESIAN_POINT('',(3.2,0.));
#8248 = VECTOR('',#8249,1.);
#8249 = DIRECTION('',(0.,1.));
#8250 = ( GEOMETRIC_REPRESENTATION_CONTEXT(2) 
PARAMETRIC_REPRESENTATION_CONTEXT() REPRESENTATION_CONTEXT('2D SPACE',''
  ) );
#8251 = PCURVE('',#7684,#8252);
#8252 = DEFINITIONAL_REPRESENTATION('',(#8253),#8257);
#8253 = LINE('',#8254,#8255);
#8254 = CARTESIAN_POINT('',(-2.22044604925E-16,8.));
#8255 = VECTOR('',#8256,1.);
#8256 = DIRECTION('',(1.,0.));
#8257 = ( GEOMETRIC_REPRESENTATION_CONTEXT(2) 
PARAMETRIC_REPRESENTATION_CONTEXT() REPRESENTATION_CONTEXT('2D SPACE',''
  ) );
#8258 = ORIENTED_EDGE('',*,*,#8165,.F.);
#8259 = ADVANCED_FACE('',(#8260),#3531,.F.);
#8260 = FACE_BOUND('',#8261,.F.);
#8261 = EDGE_LOOP('',(#8262,#8290,#8311,#8312));
#8262 = ORIENTED_EDGE('',*,*,#8263,.T.);
#8263 = EDGE_CURVE('',#8216,#8264,#8266,.T.);
#8264 = VERTEX_POINT('',#8265);
#8265 = CARTESIAN_POINT('',(7.795814974464,-15.10712642708,-7.25));
#8266 = SURFACE_CURVE('',#8267,(#8272,#8279),.PCURVE_S1.);
#8267 = CIRCLE('',#8268,1.5);
#8268 = AXIS2_PLACEMENT_3D('',#8269,#8270,#8271);
#8269 = CARTESIAN_POINT('',(8.483681001623,-16.44010817065,-7.25));
#8270 = DIRECTION('',(0.,0.,-1.));
#8271 = DIRECTION('',(-0.642787609687,0.766044443119,0.));
#8272 = PCURVE('',#3531,#8273);
#8273 = DEFINITIONAL_REPRESENTATION('',(#8274),#8278);
#8274 = LINE('',#8275,#8276);
#8275 = CARTESIAN_POINT('',(-5.235987755983,0.));
#8276 = VECTOR('',#8277,1.);
#8277 = DIRECTION('',(1.,0.));
#8278 = ( GEOMETRIC_REPRESENTATION_CONTEXT(2) 
PARAMETRIC_REPRESENTATION_CONTEXT() REPRESENTATION_CONTEXT('2D SPACE',''
  ) );
#8279 = PCURVE('',#7684,#8280);
#8280 = DEFINITIONAL_REPRESENTATION('',(#8281),#8289);
#8281 = ( BOUNDED_CURVE() B_SPLINE_CURVE(2,(#8282,#8283,#8284,#8285,
#8286,#8287,#8288),.UNSPECIFIED.,.T.,.F.) B_SPLINE_CURVE_WITH_KNOTS((1,2
    ,2,2,2,1),(-2.094395102393,0.,2.094395102393,4.188790204786,
6.28318530718,8.377580409573),.UNSPECIFIED.) CURVE() 
GEOMETRIC_REPRESENTATION_ITEM() RATIONAL_B_SPLINE_CURVE((1.,0.5,1.,0.5,
1.,0.5,1.)) REPRESENTATION_ITEM('') );
#8282 = CARTESIAN_POINT('',(2.364483626979,8.75));
#8283 = CARTESIAN_POINT('',(1.065445521302,11.));
#8284 = CARTESIAN_POINT('',(3.663521732656,11.));
#8285 = CARTESIAN_POINT('',(6.261597944009,11.));
#8286 = CARTESIAN_POINT('',(4.962559838332,8.75));
#8287 = CARTESIAN_POINT('',(3.663521732656,6.5));
#8288 = CARTESIAN_POINT('',(2.364483626979,8.75));
#8289 = ( GEOMETRIC_REPRESENTATION_CONTEXT(2) 
PARAMETRIC_REPRESENTATION_CONTEXT() REPRESENTATION_CONTEXT('2D SPACE',''
  ) );
#8290 = ORIENTED_EDGE('',*,*,#8291,.T.);
#8291 = EDGE_CURVE('',#8264,#3511,#8292,.T.);
#8292 = SURFACE_CURVE('',#8293,(#8297,#8304),.PCURVE_S1.);
#8293 = LINE('',#8294,#8295);
#8294 = CARTESIAN_POINT('',(7.795814974464,-15.10712642708,-7.25));
#8295 = VECTOR('',#8296,1.);
#8296 = DIRECTION('',(0.,-0.,-1.));
#8297 = PCURVE('',#3531,#8298);
#8298 = DEFINITIONAL_REPRESENTATION('',(#8299),#8303);
#8299 = LINE('',#8300,#8301);
#8300 = CARTESIAN_POINT('',(1.268935617754,0.));
#8301 = VECTOR('',#8302,1.);
#8302 = DIRECTION('',(0.,1.));
#8303 = ( GEOMETRIC_REPRESENTATION_CONTEXT(2) 
PARAMETRIC_REPRESENTATION_CONTEXT() REPRESENTATION_CONTEXT('2D SPACE',''
  ) );
#8304 = PCURVE('',#3560,#8305);
#8305 = DEFINITIONAL_REPRESENTATION('',(#8306),#8310);
#8306 = LINE('',#8307,#8308);
#8307 = CARTESIAN_POINT('',(-4.490650913827,-3.2));
#8308 = VECTOR('',#8309,1.);
#8309 = DIRECTION('',(-0.,1.));
#8310 = ( GEOMETRIC_REPRESENTATION_CONTEXT(2) 
PARAMETRIC_REPRESENTATION_CONTEXT() REPRESENTATION_CONTEXT('2D SPACE',''
  ) );
#8311 = ORIENTED_EDGE('',*,*,#3510,.F.);
#8312 = ORIENTED_EDGE('',*,*,#8215,.F.);
#8313 = ADVANCED_FACE('',(#8314),#3560,.T.);
#8314 = FACE_BOUND('',#8315,.F.);
#8315 = EDGE_LOOP('',(#8316,#8317,#8318,#8342,#8363,#8364,#8365,#8366,
    #8367,#8390,#8419));
#8316 = ORIENTED_EDGE('',*,*,#3543,.F.);
#8317 = ORIENTED_EDGE('',*,*,#8291,.F.);
#8318 = ORIENTED_EDGE('',*,*,#8319,.F.);
#8319 = EDGE_CURVE('',#8320,#8264,#8322,.T.);
#8320 = VERTEX_POINT('',#8321);
#8321 = CARTESIAN_POINT('',(4.417716772316,-16.41596109034,-7.25));
#8322 = SURFACE_CURVE('',#8323,(#8328,#8335),.PCURVE_S1.);
#8323 = CIRCLE('',#8324,17.);
#8324 = AXIS2_PLACEMENT_3D('',#8325,#8326,#8327);
#8325 = CARTESIAN_POINT('',(0.,0.,-7.25));
#8326 = DIRECTION('',(-0.,0.,1.));
#8327 = DIRECTION('',(0.259865692489,-0.96564477002,0.));
#8328 = PCURVE('',#3560,#8329);
#8329 = DEFINITIONAL_REPRESENTATION('',(#8330),#8334);
#8330 = LINE('',#8331,#8332);
#8331 = CARTESIAN_POINT('',(-4.277140394055,-3.2));
#8332 = VECTOR('',#8333,1.);
#8333 = DIRECTION('',(-1.,-0.));
#8334 = ( GEOMETRIC_REPRESENTATION_CONTEXT(2) 
PARAMETRIC_REPRESENTATION_CONTEXT() REPRESENTATION_CONTEXT('2D SPACE',''
  ) );
#8335 = PCURVE('',#7684,#8336);
#8336 = DEFINITIONAL_REPRESENTATION('',(#8337),#8341);
#8337 = CIRCLE('',#8338,17.);
#8338 = AXIS2_PLACEMENT_2D('',#8339,#8340);
#8339 = CARTESIAN_POINT('',(-14.,4.));
#8340 = DIRECTION('',(0.99609966011,8.823529411765E-02));
#8341 = ( GEOMETRIC_REPRESENTATION_CONTEXT(2) 
PARAMETRIC_REPRESENTATION_CONTEXT() REPRESENTATION_CONTEXT('2D SPACE',''
  ) );
#8342 = ORIENTED_EDGE('',*,*,#8343,.F.);
#8343 = EDGE_CURVE('',#4222,#8320,#8344,.T.);
#8344 = SURFACE_CURVE('',#8345,(#8349,#8356),.PCURVE_S1.);
#8345 = LINE('',#8346,#8347);
#8346 = CARTESIAN_POINT('',(4.417716772316,-16.41596109034,-10.45));
#8347 = VECTOR('',#8348,1.);
#8348 = DIRECTION('',(0.,-0.,-1.));
#8349 = PCURVE('',#3560,#8350);
#8350 = DEFINITIONAL_REPRESENTATION('',(#8351),#8355);
#8351 = LINE('',#8352,#8353);
#8352 = CARTESIAN_POINT('',(-4.277140394055,0.));
#8353 = VECTOR('',#8354,1.);
#8354 = DIRECTION('',(-0.,1.));
#8355 = ( GEOMETRIC_REPRESENTATION_CONTEXT(2) 
PARAMETRIC_REPRESENTATION_CONTEXT() REPRESENTATION_CONTEXT('2D SPACE',''
  ) );
#8356 = PCURVE('',#4528,#8357);
#8357 = DEFINITIONAL_REPRESENTATION('',(#8358),#8362);
#8358 = LINE('',#8359,#8360);
#8359 = CARTESIAN_POINT('',(0.,11.933694221876));
#8360 = VECTOR('',#8361,1.);
#8361 = DIRECTION('',(-1.,0.));
#8362 = ( GEOMETRIC_REPRESENTATION_CONTEXT(2) 
PARAMETRIC_REPRESENTATION_CONTEXT() REPRESENTATION_CONTEXT('2D SPACE',''
  ) );
#8363 = ORIENTED_EDGE('',*,*,#4221,.T.);
#8364 = ORIENTED_EDGE('',*,*,#7346,.T.);
#8365 = ORIENTED_EDGE('',*,*,#7200,.T.);
#8366 = ORIENTED_EDGE('',*,*,#6876,.T.);
#8367 = ORIENTED_EDGE('',*,*,#8368,.T.);
#8368 = EDGE_CURVE('',#6849,#8369,#8371,.T.);
#8369 = VERTEX_POINT('',#8370);
#8370 = CARTESIAN_POINT('',(13.936143774674,9.735702167364,-7.25));
#8371 = SURFACE_CURVE('',#8372,(#8376,#8383),.PCURVE_S1.);
#8372 = LINE('',#8373,#8374);
#8373 = CARTESIAN_POINT('',(13.936143774674,9.735702167364,-10.45));
#8374 = VECTOR('',#8375,1.);
#8375 = DIRECTION('',(0.,-0.,-1.));
#8376 = PCURVE('',#3560,#8377);
#8377 = DEFINITIONAL_REPRESENTATION('',(#8378),#8382);
#8378 = LINE('',#8379,#8380);
#8379 = CARTESIAN_POINT('',(-6.194835117911,0.));
#8380 = VECTOR('',#8381,1.);
#8381 = DIRECTION('',(-0.,1.));
#8382 = ( GEOMETRIC_REPRESENTATION_CONTEXT(2) 
PARAMETRIC_REPRESENTATION_CONTEXT() REPRESENTATION_CONTEXT('2D SPACE',''
  ) );
#8383 = PCURVE('',#6864,#8384);
#8384 = DEFINITIONAL_REPRESENTATION('',(#8385),#8389);
#8385 = LINE('',#8386,#8387);
#8386 = CARTESIAN_POINT('',(0.,11.933694221876));
#8387 = VECTOR('',#8388,1.);
#8388 = DIRECTION('',(-1.,0.));
#8389 = ( GEOMETRIC_REPRESENTATION_CONTEXT(2) 
PARAMETRIC_REPRESENTATION_CONTEXT() REPRESENTATION_CONTEXT('2D SPACE',''
  ) );
#8390 = ORIENTED_EDGE('',*,*,#8391,.F.);
#8391 = EDGE_CURVE('',#8392,#8369,#8394,.T.);
#8392 = VERTEX_POINT('',#8393);
#8393 = CARTESIAN_POINT('',(15.68261442607,6.561676977969,-7.25));
#8394 = SURFACE_CURVE('',#8395,(#8400,#8407),.PCURVE_S1.);
#8395 = CIRCLE('',#8396,17.);
#8396 = AXIS2_PLACEMENT_3D('',#8397,#8398,#8399);
#8397 = CARTESIAN_POINT('',(0.,0.,-7.25));
#8398 = DIRECTION('',(0.,-0.,1.));
#8399 = DIRECTION('',(0.922506730945,0.385980998704,0.));
#8400 = PCURVE('',#3560,#8401);
#8401 = DEFINITIONAL_REPRESENTATION('',(#8402),#8406);
#8402 = LINE('',#8403,#8404);
#8403 = CARTESIAN_POINT('',(-5.981324598139,-3.2));
#8404 = VECTOR('',#8405,1.);
#8405 = DIRECTION('',(-1.,-0.));
#8406 = ( GEOMETRIC_REPRESENTATION_CONTEXT(2) 
PARAMETRIC_REPRESENTATION_CONTEXT() REPRESENTATION_CONTEXT('2D SPACE',''
  ) );
#8407 = PCURVE('',#8408,#8413);
#8408 = PLANE('',#8409);
#8409 = AXIS2_PLACEMENT_3D('',#8410,#8411,#8412);
#8410 = CARTESIAN_POINT('',(13.295772642412,5.934848763136,-7.25));
#8411 = DIRECTION('',(0.,0.,1.));
#8412 = DIRECTION('',(0.766044443119,0.642787609687,0.));
#8413 = DEFINITIONAL_REPRESENTATION('',(#8414),#8418);
#8414 = CIRCLE('',#8415,17.);
#8415 = AXIS2_PLACEMENT_2D('',#8416,#8417);
#8416 = CARTESIAN_POINT('',(-14.,4.));
#8417 = DIRECTION('',(0.954784958522,-0.297297297297));
#8418 = ( GEOMETRIC_REPRESENTATION_CONTEXT(2) 
PARAMETRIC_REPRESENTATION_CONTEXT() REPRESENTATION_CONTEXT('2D SPACE',''
  ) );
#8419 = ORIENTED_EDGE('',*,*,#8420,.T.);
#8420 = EDGE_CURVE('',#8392,#3544,#8421,.T.);
#8421 = SURFACE_CURVE('',#8422,(#8426,#8433),.PCURVE_S1.);
#8422 = LINE('',#8423,#8424);
#8423 = CARTESIAN_POINT('',(15.68261442607,6.561676977969,-7.25));
#8424 = VECTOR('',#8425,1.);
#8425 = DIRECTION('',(0.,-0.,-1.));
#8426 = PCURVE('',#3560,#8427);
#8427 = DEFINITIONAL_REPRESENTATION('',(#8428),#8432);
#8428 = LINE('',#8429,#8430);
#8429 = CARTESIAN_POINT('',(-5.981324598139,-3.2));
#8430 = VECTOR('',#8431,1.);
#8431 = DIRECTION('',(-0.,1.));
#8432 = ( GEOMETRIC_REPRESENTATION_CONTEXT(2) 
PARAMETRIC_REPRESENTATION_CONTEXT() REPRESENTATION_CONTEXT('2D SPACE',''
  ) );
#8433 = PCURVE('',#3593,#8434);
#8434 = DEFINITIONAL_REPRESENTATION('',(#8435),#8439);
#8435 = LINE('',#8436,#8437);
#8436 = CARTESIAN_POINT('',(0.,0.));
#8437 = VECTOR('',#8438,1.);
#8438 = DIRECTION('',(0.,1.));
#8439 = ( GEOMETRIC_REPRESENTATION_CONTEXT(2) 
PARAMETRIC_REPRESENTATION_CONTEXT() REPRESENTATION_CONTEXT('2D SPACE',''
  ) );
#8440 = ADVANCED_FACE('',(#8441),#3593,.F.);
#8441 = FACE_BOUND('',#8442,.F.);
#8442 = EDGE_LOOP('',(#8443,#8471,#8492,#8493));
#8443 = ORIENTED_EDGE('',*,*,#8444,.T.);
#8444 = EDGE_CURVE('',#8392,#8445,#8447,.T.);
#8445 = VERTEX_POINT('',#8446);
#8446 = CARTESIAN_POINT('',(16.102193107958,8.289715140704,-7.25));
#8447 = SURFACE_CURVE('',#8448,(#8453,#8460),.PCURVE_S1.);
#8448 = CIRCLE('',#8449,1.5);
#8449 = AXIS2_PLACEMENT_3D('',#8450,#8451,#8452);
#8450 = CARTESIAN_POINT('',(17.066374522488,7.140648476026,-7.25));
#8451 = DIRECTION('',(0.,0.,-1.));
#8452 = DIRECTION('',(-0.642787609687,0.766044443119,0.));
#8453 = PCURVE('',#3593,#8454);
#8454 = DEFINITIONAL_REPRESENTATION('',(#8455),#8459);
#8455 = LINE('',#8456,#8457);
#8456 = CARTESIAN_POINT('',(-5.014249689425,0.));
#8457 = VECTOR('',#8458,1.);
#8458 = DIRECTION('',(1.,0.));
#8459 = ( GEOMETRIC_REPRESENTATION_CONTEXT(2) 
PARAMETRIC_REPRESENTATION_CONTEXT() REPRESENTATION_CONTEXT('2D SPACE',''
  ) );
#8460 = PCURVE('',#8408,#8461);
#8461 = DEFINITIONAL_REPRESENTATION('',(#8462),#8470);
#8462 = ( BOUNDED_CURVE() B_SPLINE_CURVE(2,(#8463,#8464,#8465,#8466,
#8467,#8468,#8469),.UNSPECIFIED.,.T.,.F.) B_SPLINE_CURVE_WITH_KNOTS((1,2
    ,2,2,2,1),(-2.094395102393,0.,2.094395102393,4.188790204786,
6.28318530718,8.377580409573),.UNSPECIFIED.) CURVE() 
GEOMETRIC_REPRESENTATION_ITEM() RATIONAL_B_SPLINE_CURVE((1.,0.5,1.,0.5,
1.,0.5,1.)) REPRESENTATION_ITEM('') );
#8463 = CARTESIAN_POINT('',(3.663521732656,-8.881784197001E-16));
#8464 = CARTESIAN_POINT('',(6.261597944009,-8.881784197001E-16));
#8465 = CARTESIAN_POINT('',(4.962559838332,-2.25));
#8466 = CARTESIAN_POINT('',(3.663521732656,-4.5));
#8467 = CARTESIAN_POINT('',(2.364483626979,-2.25));
#8468 = CARTESIAN_POINT('',(1.065445521302,-3.10862446895E-15));
#8469 = CARTESIAN_POINT('',(3.663521732656,-8.881784197001E-16));
#8470 = ( GEOMETRIC_REPRESENTATION_CONTEXT(2) 
PARAMETRIC_REPRESENTATION_CONTEXT() REPRESENTATION_CONTEXT('2D SPACE',''
  ) );
#8471 = ORIENTED_EDGE('',*,*,#8472,.T.);
#8472 = EDGE_CURVE('',#8445,#3573,#8473,.T.);
#8473 = SURFACE_CURVE('',#8474,(#8478,#8485),.PCURVE_S1.);
#8474 = LINE('',#8475,#8476);
#8475 = CARTESIAN_POINT('',(16.102193107958,8.289715140704,-7.25));
#8476 = VECTOR('',#8477,1.);
#8477 = DIRECTION('',(0.,-0.,-1.));
#8478 = PCURVE('',#3593,#8479);
#8479 = DEFINITIONAL_REPRESENTATION('',(#8480),#8484);
#8480 = LINE('',#8481,#8482);
#8481 = CARTESIAN_POINT('',(1.268935617754,0.));
#8482 = VECTOR('',#8483,1.);
#8483 = DIRECTION('',(0.,1.));
#8484 = ( GEOMETRIC_REPRESENTATION_CONTEXT(2) 
PARAMETRIC_REPRESENTATION_CONTEXT() REPRESENTATION_CONTEXT('2D SPACE',''
  ) );
#8485 = PCURVE('',#3621,#8486);
#8486 = DEFINITIONAL_REPRESENTATION('',(#8487),#8491);
#8487 = LINE('',#8488,#8489);
#8488 = CARTESIAN_POINT('',(3.2,3.663521732656));
#8489 = VECTOR('',#8490,1.);
#8490 = DIRECTION('',(-1.,0.));
#8491 = ( GEOMETRIC_REPRESENTATION_CONTEXT(2) 
PARAMETRIC_REPRESENTATION_CONTEXT() REPRESENTATION_CONTEXT('2D SPACE',''
  ) );
#8492 = ORIENTED_EDGE('',*,*,#3572,.F.);
#8493 = ORIENTED_EDGE('',*,*,#8420,.F.);
#8494 = ADVANCED_FACE('',(#8495),#3621,.F.);
#8495 = FACE_BOUND('',#8496,.F.);
#8496 = EDGE_LOOP('',(#8497,#8498,#8499,#8522));
#8497 = ORIENTED_EDGE('',*,*,#3605,.F.);
#8498 = ORIENTED_EDGE('',*,*,#8472,.F.);
#8499 = ORIENTED_EDGE('',*,*,#8500,.T.);
#8500 = EDGE_CURVE('',#8445,#8501,#8503,.T.);
#8501 = VERTEX_POINT('',#8502);
#8502 = CARTESIAN_POINT('',(17.509017079566,9.470180616412,-7.25));
#8503 = SURFACE_CURVE('',#8504,(#8508,#8515),.PCURVE_S1.);
#8504 = LINE('',#8505,#8506);
#8505 = CARTESIAN_POINT('',(13.295772642412,5.934848763136,-7.25));
#8506 = VECTOR('',#8507,1.);
#8507 = DIRECTION('',(0.766044443119,0.642787609687,0.));
#8508 = PCURVE('',#3621,#8509);
#8509 = DEFINITIONAL_REPRESENTATION('',(#8510),#8514);
#8510 = LINE('',#8511,#8512);
#8511 = CARTESIAN_POINT('',(3.2,0.));
#8512 = VECTOR('',#8513,1.);
#8513 = DIRECTION('',(0.,1.));
#8514 = ( GEOMETRIC_REPRESENTATION_CONTEXT(2) 
PARAMETRIC_REPRESENTATION_CONTEXT() REPRESENTATION_CONTEXT('2D SPACE',''
  ) );
#8515 = PCURVE('',#8408,#8516);
#8516 = DEFINITIONAL_REPRESENTATION('',(#8517),#8521);
#8517 = LINE('',#8518,#8519);
#8518 = CARTESIAN_POINT('',(0.,0.));
#8519 = VECTOR('',#8520,1.);
#8520 = DIRECTION('',(1.,0.));
#8521 = ( GEOMETRIC_REPRESENTATION_CONTEXT(2) 
PARAMETRIC_REPRESENTATION_CONTEXT() REPRESENTATION_CONTEXT('2D SPACE',''
  ) );
#8522 = ORIENTED_EDGE('',*,*,#8523,.F.);
#8523 = EDGE_CURVE('',#3606,#8501,#8524,.T.);
#8524 = SURFACE_CURVE('',#8525,(#8529,#8536),.PCURVE_S1.);
#8525 = LINE('',#8526,#8527);
#8526 = CARTESIAN_POINT('',(17.509017079566,9.470180616412,-10.45));
#8527 = VECTOR('',#8528,1.);
#8528 = DIRECTION('',(0.,0.,1.));
#8529 = PCURVE('',#3621,#8530);
#8530 = DEFINITIONAL_REPRESENTATION('',(#8531),#8535);
#8531 = LINE('',#8532,#8533);
#8532 = CARTESIAN_POINT('',(0.,5.5));
#8533 = VECTOR('',#8534,1.);
#8534 = DIRECTION('',(1.,0.));
#8535 = ( GEOMETRIC_REPRESENTATION_CONTEXT(2) 
PARAMETRIC_REPRESENTATION_CONTEXT() REPRESENTATION_CONTEXT('2D SPACE',''
  ) );
#8536 = PCURVE('',#3654,#8537);
#8537 = DEFINITIONAL_REPRESENTATION('',(#8538),#8542);
#8538 = LINE('',#8539,#8540);
#8539 = CARTESIAN_POINT('',(-1.570796326795,0.));
#8540 = VECTOR('',#8541,1.);
#8541 = DIRECTION('',(-0.,1.));
#8542 = ( GEOMETRIC_REPRESENTATION_CONTEXT(2) 
PARAMETRIC_REPRESENTATION_CONTEXT() REPRESENTATION_CONTEXT('2D SPACE',''
  ) );
#8543 = ADVANCED_FACE('',(#8544,#8597),#3654,.T.);
#8544 = FACE_BOUND('',#8545,.F.);
#8545 = EDGE_LOOP('',(#8546,#8547,#8548,#8576));
#8546 = ORIENTED_EDGE('',*,*,#3633,.T.);
#8547 = ORIENTED_EDGE('',*,*,#8523,.T.);
#8548 = ORIENTED_EDGE('',*,*,#8549,.F.);
#8549 = EDGE_CURVE('',#8550,#8501,#8552,.T.);
#8550 = VERTEX_POINT('',#8551);
#8551 = CARTESIAN_POINT('',(17.693902329715,11.58342869562,-7.25));
#8552 = SURFACE_CURVE('',#8553,(#8558,#8565),.PCURVE_S1.);
#8553 = CIRCLE('',#8554,1.5);
#8554 = AXIS2_PLACEMENT_3D('',#8555,#8556,#8557);
#8555 = CARTESIAN_POINT('',(16.544835665036,10.61924728109,-7.25));
#8556 = DIRECTION('',(0.,-0.,-1.));
#8557 = DIRECTION('',(0.642787609687,-0.766044443119,0.));
#8558 = PCURVE('',#3654,#8559);
#8559 = DEFINITIONAL_REPRESENTATION('',(#8560),#8564);
#8560 = LINE('',#8561,#8562);
#8561 = CARTESIAN_POINT('',(4.712388980385,3.2));
#8562 = VECTOR('',#8563,1.);
#8563 = DIRECTION('',(-1.,0.));
#8564 = ( GEOMETRIC_REPRESENTATION_CONTEXT(2) 
PARAMETRIC_REPRESENTATION_CONTEXT() REPRESENTATION_CONTEXT('2D SPACE',''
  ) );
#8565 = PCURVE('',#8408,#8566);
#8566 = DEFINITIONAL_REPRESENTATION('',(#8567),#8575);
#8567 = ( BOUNDED_CURVE() B_SPLINE_CURVE(2,(#8568,#8569,#8570,#8571,
#8572,#8573,#8574),.UNSPECIFIED.,.T.,.F.) B_SPLINE_CURVE_WITH_KNOTS((1,2
    ,2,2,2,1),(-2.094395102393,0.,2.094395102393,4.188790204786,
6.28318530718,8.377580409573),.UNSPECIFIED.) CURVE() 
GEOMETRIC_REPRESENTATION_ITEM() RATIONAL_B_SPLINE_CURVE((1.,0.5,1.,0.5,
1.,0.5,1.)) REPRESENTATION_ITEM('') );
#8568 = CARTESIAN_POINT('',(5.5,1.110223024625E-15));
#8569 = CARTESIAN_POINT('',(2.901923788647,1.110223024625E-15));
#8570 = CARTESIAN_POINT('',(4.200961894323,2.25));
#8571 = CARTESIAN_POINT('',(5.5,4.5));
#8572 = CARTESIAN_POINT('',(6.799038105677,2.25));
#8573 = CARTESIAN_POINT('',(8.098076211353,3.330669073875E-15));
#8574 = CARTESIAN_POINT('',(5.5,1.110223024625E-15));
#8575 = ( GEOMETRIC_REPRESENTATION_CONTEXT(2) 
PARAMETRIC_REPRESENTATION_CONTEXT() REPRESENTATION_CONTEXT('2D SPACE',''
  ) );
#8576 = ORIENTED_EDGE('',*,*,#8577,.F.);
#8577 = EDGE_CURVE('',#3634,#8550,#8578,.T.);
#8578 = SURFACE_CURVE('',#8579,(#8583,#8590),.PCURVE_S1.);
#8579 = LINE('',#8580,#8581);
#8580 = CARTESIAN_POINT('',(17.693902329715,11.58342869562,-10.45));
#8581 = VECTOR('',#8582,1.);
#8582 = DIRECTION('',(0.,0.,1.));
#8583 = PCURVE('',#3654,#8584);
#8584 = DEFINITIONAL_REPRESENTATION('',(#8585),#8589);
#8585 = LINE('',#8586,#8587);
#8586 = CARTESIAN_POINT('',(-0.,0.));
#8587 = VECTOR('',#8588,1.);
#8588 = DIRECTION('',(-0.,1.));
#8589 = ( GEOMETRIC_REPRESENTATION_CONTEXT(2) 
PARAMETRIC_REPRESENTATION_CONTEXT() REPRESENTATION_CONTEXT('2D SPACE',''
  ) );
#8590 = PCURVE('',#3682,#8591);
#8591 = DEFINITIONAL_REPRESENTATION('',(#8592),#8596);
#8592 = LINE('',#8593,#8594);
#8593 = CARTESIAN_POINT('',(0.,-1.5));
#8594 = VECTOR('',#8595,1.);
#8595 = DIRECTION('',(1.,0.));
#8596 = ( GEOMETRIC_REPRESENTATION_CONTEXT(2) 
PARAMETRIC_REPRESENTATION_CONTEXT() REPRESENTATION_CONTEXT('2D SPACE',''
  ) );
#8597 = FACE_BOUND('',#8598,.F.);
#8598 = EDGE_LOOP('',(#8599,#8629,#8662,#8690));
#8599 = ORIENTED_EDGE('',*,*,#8600,.F.);
#8600 = EDGE_CURVE('',#8601,#8603,#8605,.T.);
#8601 = VERTEX_POINT('',#8602);
#8602 = CARTESIAN_POINT('',(18.034712179944,10.793224205785,-9.85));
#8603 = VERTEX_POINT('',#8604);
#8604 = CARTESIAN_POINT('',(18.034712179944,10.793224205785,-7.85));
#8605 = SURFACE_CURVE('',#8606,(#8610,#8617),.PCURVE_S1.);
#8606 = LINE('',#8607,#8608);
#8607 = CARTESIAN_POINT('',(18.034712179944,10.793224205785,-10.45));
#8608 = VECTOR('',#8609,1.);
#8609 = DIRECTION('',(0.,0.,1.));
#8610 = PCURVE('',#3654,#8611);
#8611 = DEFINITIONAL_REPRESENTATION('',(#8612),#8616);
#8612 = LINE('',#8613,#8614);
#8613 = CARTESIAN_POINT('',(-0.581885451554,0.));
#8614 = VECTOR('',#8615,1.);
#8615 = DIRECTION('',(-0.,1.));
#8616 = ( GEOMETRIC_REPRESENTATION_CONTEXT(2) 
PARAMETRIC_REPRESENTATION_CONTEXT() REPRESENTATION_CONTEXT('2D SPACE',''
  ) );
#8617 = PCURVE('',#8618,#8623);
#8618 = PLANE('',#8619);
#8619 = AXIS2_PLACEMENT_3D('',#8620,#8621,#8622);
#8620 = CARTESIAN_POINT('',(18.837137675206,10.780417211772,-9.85));
#8621 = DIRECTION('',(-1.595832039123E-02,-0.999872657897,0.));
#8622 = DIRECTION('',(-0.999872657897,1.595832039123E-02,0.));
#8623 = DEFINITIONAL_REPRESENTATION('',(#8624),#8628);
#8624 = LINE('',#8625,#8626);
#8625 = CARTESIAN_POINT('',(0.802527690826,0.6));
#8626 = VECTOR('',#8627,1.);
#8627 = DIRECTION('',(0.,-1.));
#8628 = ( GEOMETRIC_REPRESENTATION_CONTEXT(2) 
PARAMETRIC_REPRESENTATION_CONTEXT() REPRESENTATION_CONTEXT('2D SPACE',''
  ) );
#8629 = ORIENTED_EDGE('',*,*,#8630,.T.);
#8630 = EDGE_CURVE('',#8601,#8631,#8633,.T.);
#8631 = VERTEX_POINT('',#8632);
#8632 = CARTESIAN_POINT('',(17.914342622258,11.231171046049,-9.85));
#8633 = SURFACE_CURVE('',#8634,(#8639,#8646),.PCURVE_S1.);
#8634 = CIRCLE('',#8635,1.5);
#8635 = AXIS2_PLACEMENT_3D('',#8636,#8637,#8638);
#8636 = CARTESIAN_POINT('',(16.544835665036,10.61924728109,-9.85));
#8637 = DIRECTION('',(0.,-0.,1.));
#8638 = DIRECTION('',(0.766044443119,0.642787609687,0.));
#8639 = PCURVE('',#3654,#8640);
#8640 = DEFINITIONAL_REPRESENTATION('',(#8641),#8645);
#8641 = LINE('',#8642,#8643);
#8642 = CARTESIAN_POINT('',(-6.28318530718,0.6));
#8643 = VECTOR('',#8644,1.);
#8644 = DIRECTION('',(1.,-0.));
#8645 = ( GEOMETRIC_REPRESENTATION_CONTEXT(2) 
PARAMETRIC_REPRESENTATION_CONTEXT() REPRESENTATION_CONTEXT('2D SPACE',''
  ) );
#8646 = PCURVE('',#8647,#8652);
#8647 = PLANE('',#8648);
#8648 = AXIS2_PLACEMENT_3D('',#8649,#8650,#8651);
#8649 = CARTESIAN_POINT('',(18.245743418655,11.132693247286,-9.85));
#8650 = DIRECTION('',(0.,-0.,-1.));
#8651 = DIRECTION('',(-0.766044443119,-0.642787609687,0.));
#8652 = DEFINITIONAL_REPRESENTATION('',(#8653),#8661);
#8653 = ( BOUNDED_CURVE() B_SPLINE_CURVE(2,(#8654,#8655,#8656,#8657,
#8658,#8659,#8660),.UNSPECIFIED.,.T.,.F.) B_SPLINE_CURVE_WITH_KNOTS((1,2
    ,2,2,2,1),(-2.094395102393,0.,2.094395102393,4.188790204786,
6.28318530718,8.377580409573),.UNSPECIFIED.) CURVE() 
GEOMETRIC_REPRESENTATION_ITEM() RATIONAL_B_SPLINE_CURVE((1.,0.5,1.,0.5,
1.,0.5,1.)) REPRESENTATION_ITEM('') );
#8654 = CARTESIAN_POINT('',(0.133007638232,0.7));
#8655 = CARTESIAN_POINT('',(0.133007638232,3.298076211353));
#8656 = CARTESIAN_POINT('',(2.383007638232,1.999038105677));
#8657 = CARTESIAN_POINT('',(4.633007638232,0.7));
#8658 = CARTESIAN_POINT('',(2.383007638232,-0.599038105677));
#8659 = CARTESIAN_POINT('',(0.133007638232,-1.898076211353));
#8660 = CARTESIAN_POINT('',(0.133007638232,0.7));
#8661 = ( GEOMETRIC_REPRESENTATION_CONTEXT(2) 
PARAMETRIC_REPRESENTATION_CONTEXT() REPRESENTATION_CONTEXT('2D SPACE',''
  ) );
#8662 = ORIENTED_EDGE('',*,*,#8663,.T.);
#8663 = EDGE_CURVE('',#8631,#8664,#8666,.T.);
#8664 = VERTEX_POINT('',#8665);
#8665 = CARTESIAN_POINT('',(17.914342622258,11.231171046049,-7.85));
#8666 = SURFACE_CURVE('',#8667,(#8671,#8678),.PCURVE_S1.);
#8667 = LINE('',#8668,#8669);
#8668 = CARTESIAN_POINT('',(17.914342622258,11.231171046049,-10.45));
#8669 = VECTOR('',#8670,1.);
#8670 = DIRECTION('',(0.,0.,1.));
#8671 = PCURVE('',#3654,#8672);
#8672 = DEFINITIONAL_REPRESENTATION('',(#8673),#8677);
#8673 = LINE('',#8674,#8675);
#8674 = CARTESIAN_POINT('',(-0.277925004294,0.));
#8675 = VECTOR('',#8676,1.);
#8676 = DIRECTION('',(-0.,1.));
#8677 = ( GEOMETRIC_REPRESENTATION_CONTEXT(2) 
PARAMETRIC_REPRESENTATION_CONTEXT() REPRESENTATION_CONTEXT('2D SPACE',''
  ) );
#8678 = PCURVE('',#8679,#8684);
#8679 = PLANE('',#8680);
#8680 = AXIS2_PLACEMENT_3D('',#8681,#8682,#8683);
#8681 = CARTESIAN_POINT('',(17.844792396571,10.796255392534,-9.85));
#8682 = DIRECTION('',(-0.987453478777,0.157910187296,0.));
#8683 = DIRECTION('',(0.157910187296,0.987453478777,0.));
#8684 = DEFINITIONAL_REPRESENTATION('',(#8685),#8689);
#8685 = LINE('',#8686,#8687);
#8686 = CARTESIAN_POINT('',(0.440441664202,0.6));
#8687 = VECTOR('',#8688,1.);
#8688 = DIRECTION('',(0.,-1.));
#8689 = ( GEOMETRIC_REPRESENTATION_CONTEXT(2) 
PARAMETRIC_REPRESENTATION_CONTEXT() REPRESENTATION_CONTEXT('2D SPACE',''
  ) );
#8690 = ORIENTED_EDGE('',*,*,#8691,.F.);
#8691 = EDGE_CURVE('',#8603,#8664,#8692,.T.);
#8692 = SURFACE_CURVE('',#8693,(#8698,#8705),.PCURVE_S1.);
#8693 = CIRCLE('',#8694,1.5);
#8694 = AXIS2_PLACEMENT_3D('',#8695,#8696,#8697);
#8695 = CARTESIAN_POINT('',(16.544835665036,10.61924728109,-7.85));
#8696 = DIRECTION('',(0.,-0.,1.));
#8697 = DIRECTION('',(0.766044443119,0.642787609687,0.));
#8698 = PCURVE('',#3654,#8699);
#8699 = DEFINITIONAL_REPRESENTATION('',(#8700),#8704);
#8700 = LINE('',#8701,#8702);
#8701 = CARTESIAN_POINT('',(-6.28318530718,2.6));
#8702 = VECTOR('',#8703,1.);
#8703 = DIRECTION('',(1.,-0.));
#8704 = ( GEOMETRIC_REPRESENTATION_CONTEXT(2) 
PARAMETRIC_REPRESENTATION_CONTEXT() REPRESENTATION_CONTEXT('2D SPACE',''
  ) );
#8705 = PCURVE('',#8706,#8711);
#8706 = PLANE('',#8707);
#8707 = AXIS2_PLACEMENT_3D('',#8708,#8709,#8710);
#8708 = CARTESIAN_POINT('',(18.245743418655,11.132693247286,-7.85));
#8709 = DIRECTION('',(0.,-0.,-1.));
#8710 = DIRECTION('',(-0.766044443119,-0.642787609687,0.));
#8711 = DEFINITIONAL_REPRESENTATION('',(#8712),#8720);
#8712 = ( BOUNDED_CURVE() B_SPLINE_CURVE(2,(#8713,#8714,#8715,#8716,
#8717,#8718,#8719),.UNSPECIFIED.,.T.,.F.) B_SPLINE_CURVE_WITH_KNOTS((1,2
    ,2,2,2,1),(-2.094395102393,0.,2.094395102393,4.188790204786,
6.28318530718,8.377580409573),.UNSPECIFIED.) CURVE() 
GEOMETRIC_REPRESENTATION_ITEM() RATIONAL_B_SPLINE_CURVE((1.,0.5,1.,0.5,
1.,0.5,1.)) REPRESENTATION_ITEM('') );
#8713 = CARTESIAN_POINT('',(0.133007638232,0.7));
#8714 = CARTESIAN_POINT('',(0.133007638232,3.298076211353));
#8715 = CARTESIAN_POINT('',(2.383007638232,1.999038105677));
#8716 = CARTESIAN_POINT('',(4.633007638232,0.7));
#8717 = CARTESIAN_POINT('',(2.383007638232,-0.599038105677));
#8718 = CARTESIAN_POINT('',(0.133007638232,-1.898076211353));
#8719 = CARTESIAN_POINT('',(0.133007638232,0.7));
#8720 = ( GEOMETRIC_REPRESENTATION_CONTEXT(2) 
PARAMETRIC_REPRESENTATION_CONTEXT() REPRESENTATION_CONTEXT('2D SPACE',''
  ) );
#8721 = ADVANCED_FACE('',(#8722,#8770),#3682,.T.);
#8722 = FACE_BOUND('',#8723,.T.);
#8723 = EDGE_LOOP('',(#8724,#8747,#8748,#8749));
#8724 = ORIENTED_EDGE('',*,*,#8725,.F.);
#8725 = EDGE_CURVE('',#8550,#8726,#8728,.T.);
#8726 = VERTEX_POINT('',#8727);
#8727 = CARTESIAN_POINT('',(14.479964281282,15.413650911215,-7.25));
#8728 = SURFACE_CURVE('',#8729,(#8733,#8740),.PCURVE_S1.);
#8729 = LINE('',#8730,#8731);
#8730 = CARTESIAN_POINT('',(18.658083744245,10.434362030941,-7.25));
#8731 = VECTOR('',#8732,1.);
#8732 = DIRECTION('',(-0.642787609687,0.766044443119,0.));
#8733 = PCURVE('',#3682,#8734);
#8734 = DEFINITIONAL_REPRESENTATION('',(#8735),#8739);
#8735 = LINE('',#8736,#8737);
#8736 = CARTESIAN_POINT('',(3.2,0.));
#8737 = VECTOR('',#8738,1.);
#8738 = DIRECTION('',(0.,-1.));
#8739 = ( GEOMETRIC_REPRESENTATION_CONTEXT(2) 
PARAMETRIC_REPRESENTATION_CONTEXT() REPRESENTATION_CONTEXT('2D SPACE',''
  ) );
#8740 = PCURVE('',#8408,#8741);
#8741 = DEFINITIONAL_REPRESENTATION('',(#8742),#8746);
#8742 = LINE('',#8743,#8744);
#8743 = CARTESIAN_POINT('',(7.,3.10862446895E-15));
#8744 = VECTOR('',#8745,1.);
#8745 = DIRECTION('',(0.,1.));
#8746 = ( GEOMETRIC_REPRESENTATION_CONTEXT(2) 
PARAMETRIC_REPRESENTATION_CONTEXT() REPRESENTATION_CONTEXT('2D SPACE',''
  ) );
#8747 = ORIENTED_EDGE('',*,*,#8577,.F.);
#8748 = ORIENTED_EDGE('',*,*,#3666,.T.);
#8749 = ORIENTED_EDGE('',*,*,#8750,.T.);
#8750 = EDGE_CURVE('',#3667,#8726,#8751,.T.);
#8751 = SURFACE_CURVE('',#8752,(#8756,#8763),.PCURVE_S1.);
#8752 = LINE('',#8753,#8754);
#8753 = CARTESIAN_POINT('',(14.479964281282,15.413650911215,-10.45));
#8754 = VECTOR('',#8755,1.);
#8755 = DIRECTION('',(0.,0.,1.));
#8756 = PCURVE('',#3682,#8757);
#8757 = DEFINITIONAL_REPRESENTATION('',(#8758),#8762);
#8758 = LINE('',#8759,#8760);
#8759 = CARTESIAN_POINT('',(0.,-6.5));
#8760 = VECTOR('',#8761,1.);
#8761 = DIRECTION('',(1.,0.));
#8762 = ( GEOMETRIC_REPRESENTATION_CONTEXT(2) 
PARAMETRIC_REPRESENTATION_CONTEXT() REPRESENTATION_CONTEXT('2D SPACE',''
  ) );
#8763 = PCURVE('',#3711,#8764);
#8764 = DEFINITIONAL_REPRESENTATION('',(#8765),#8769);
#8765 = LINE('',#8766,#8767);
#8766 = CARTESIAN_POINT('',(0.,0.));
#8767 = VECTOR('',#8768,1.);
#8768 = DIRECTION('',(0.,1.));
#8769 = ( GEOMETRIC_REPRESENTATION_CONTEXT(2) 
PARAMETRIC_REPRESENTATION_CONTEXT() REPRESENTATION_CONTEXT('2D SPACE',''
  ) );
#8770 = FACE_BOUND('',#8771,.T.);
#8771 = EDGE_LOOP('',(#8772,#8802,#8830,#8858));
#8772 = ORIENTED_EDGE('',*,*,#8773,.T.);
#8773 = EDGE_CURVE('',#8774,#8776,#8778,.T.);
#8774 = VERTEX_POINT('',#8775);
#8775 = CARTESIAN_POINT('',(15.791506030167,13.850616320144,-9.65));
#8776 = VERTEX_POINT('',#8777);
#8777 = CARTESIAN_POINT('',(16.38236058083,13.146463286691,-9.65));
#8778 = SURFACE_CURVE('',#8779,(#8783,#8790),.PCURVE_S1.);
#8779 = LINE('',#8780,#8781);
#8780 = CARTESIAN_POINT('',(17.372508524872,11.966450917179,-9.65));
#8781 = VECTOR('',#8782,1.);
#8782 = DIRECTION('',(0.642787609687,-0.766044443119,0.));
#8783 = PCURVE('',#3682,#8784);
#8784 = DEFINITIONAL_REPRESENTATION('',(#8785),#8789);
#8785 = LINE('',#8786,#8787);
#8786 = CARTESIAN_POINT('',(0.8,-2.));
#8787 = VECTOR('',#8788,1.);
#8788 = DIRECTION('',(0.,1.));
#8789 = ( GEOMETRIC_REPRESENTATION_CONTEXT(2) 
PARAMETRIC_REPRESENTATION_CONTEXT() REPRESENTATION_CONTEXT('2D SPACE',''
  ) );
#8790 = PCURVE('',#8791,#8796);
#8791 = PLANE('',#8792);
#8792 = AXIS2_PLACEMENT_3D('',#8793,#8794,#8795);
#8793 = CARTESIAN_POINT('',(15.897334601805,13.339447601077,-9.65));
#8794 = DIRECTION('',(0.,0.,1.));
#8795 = DIRECTION('',(0.766044443119,0.642787609687,0.));
#8796 = DEFINITIONAL_REPRESENTATION('',(#8797),#8801);
#8797 = LINE('',#8798,#8799);
#8798 = CARTESIAN_POINT('',(0.247503529849,-2.));
#8799 = VECTOR('',#8800,1.);
#8800 = DIRECTION('',(0.,-1.));
#8801 = ( GEOMETRIC_REPRESENTATION_CONTEXT(2) 
PARAMETRIC_REPRESENTATION_CONTEXT() REPRESENTATION_CONTEXT('2D SPACE',''
  ) );
#8802 = ORIENTED_EDGE('',*,*,#8803,.T.);
#8803 = EDGE_CURVE('',#8776,#8804,#8806,.T.);
#8804 = VERTEX_POINT('',#8805);
#8805 = CARTESIAN_POINT('',(16.38236058083,13.146463286691,-8.05));
#8806 = SURFACE_CURVE('',#8807,(#8811,#8818),.PCURVE_S1.);
#8807 = LINE('',#8808,#8809);
#8808 = CARTESIAN_POINT('',(16.38236058083,13.146463286691,-10.05));
#8809 = VECTOR('',#8810,1.);
#8810 = DIRECTION('',(0.,0.,1.));
#8811 = PCURVE('',#3682,#8812);
#8812 = DEFINITIONAL_REPRESENTATION('',(#8813),#8817);
#8813 = LINE('',#8814,#8815);
#8814 = CARTESIAN_POINT('',(0.4,-3.540396748662));
#8815 = VECTOR('',#8816,1.);
#8816 = DIRECTION('',(1.,0.));
#8817 = ( GEOMETRIC_REPRESENTATION_CONTEXT(2) 
PARAMETRIC_REPRESENTATION_CONTEXT() REPRESENTATION_CONTEXT('2D SPACE',''
  ) );
#8818 = PCURVE('',#8819,#8824);
#8819 = PLANE('',#8820);
#8820 = AXIS2_PLACEMENT_3D('',#8821,#8822,#8823);
#8821 = CARTESIAN_POINT('',(16.315752988793,12.385135025943,-9.65));
#8822 = DIRECTION('',(-0.996194698092,8.715574274766E-02,0.));
#8823 = DIRECTION('',(8.715574274766E-02,0.996194698092,0.));
#8824 = DEFINITIONAL_REPRESENTATION('',(#8825),#8829);
#8825 = LINE('',#8826,#8827);
#8826 = CARTESIAN_POINT('',(0.764236411021,0.4));
#8827 = VECTOR('',#8828,1.);
#8828 = DIRECTION('',(0.,-1.));
#8829 = ( GEOMETRIC_REPRESENTATION_CONTEXT(2) 
PARAMETRIC_REPRESENTATION_CONTEXT() REPRESENTATION_CONTEXT('2D SPACE',''
  ) );
#8830 = ORIENTED_EDGE('',*,*,#8831,.F.);
#8831 = EDGE_CURVE('',#8832,#8804,#8834,.T.);
#8832 = VERTEX_POINT('',#8833);
#8833 = CARTESIAN_POINT('',(15.791506030167,13.850616320144,-8.05));
#8834 = SURFACE_CURVE('',#8835,(#8839,#8846),.PCURVE_S1.);
#8835 = LINE('',#8836,#8837);
#8836 = CARTESIAN_POINT('',(17.372508524872,11.966450917179,-8.05));
#8837 = VECTOR('',#8838,1.);
#8838 = DIRECTION('',(0.642787609687,-0.766044443119,0.));
#8839 = PCURVE('',#3682,#8840);
#8840 = DEFINITIONAL_REPRESENTATION('',(#8841),#8845);
#8841 = LINE('',#8842,#8843);
#8842 = CARTESIAN_POINT('',(2.4,-2.));
#8843 = VECTOR('',#8844,1.);
#8844 = DIRECTION('',(0.,1.));
#8845 = ( GEOMETRIC_REPRESENTATION_CONTEXT(2) 
PARAMETRIC_REPRESENTATION_CONTEXT() REPRESENTATION_CONTEXT('2D SPACE',''
  ) );
#8846 = PCURVE('',#8847,#8852);
#8847 = PLANE('',#8848);
#8848 = AXIS2_PLACEMENT_3D('',#8849,#8850,#8851);
#8849 = CARTESIAN_POINT('',(15.897334601805,13.339447601077,-8.05));
#8850 = DIRECTION('',(0.,0.,1.));
#8851 = DIRECTION('',(0.766044443119,0.642787609687,0.));
#8852 = DEFINITIONAL_REPRESENTATION('',(#8853),#8857);
#8853 = LINE('',#8854,#8855);
#8854 = CARTESIAN_POINT('',(0.247503529849,-2.));
#8855 = VECTOR('',#8856,1.);
#8856 = DIRECTION('',(0.,-1.));
#8857 = ( GEOMETRIC_REPRESENTATION_CONTEXT(2) 
PARAMETRIC_REPRESENTATION_CONTEXT() REPRESENTATION_CONTEXT('2D SPACE',''
  ) );
#8858 = ORIENTED_EDGE('',*,*,#8859,.T.);
#8859 = EDGE_CURVE('',#8832,#8774,#8860,.T.);
#8860 = SURFACE_CURVE('',#8861,(#8865,#8872),.PCURVE_S1.);
#8861 = LINE('',#8862,#8863);
#8862 = CARTESIAN_POINT('',(15.791506030167,13.850616320144,-10.05));
#8863 = VECTOR('',#8864,1.);
#8864 = DIRECTION('',(0.,0.,-1.));
#8865 = PCURVE('',#3682,#8866);
#8866 = DEFINITIONAL_REPRESENTATION('',(#8867),#8871);
#8867 = LINE('',#8868,#8869);
#8868 = CARTESIAN_POINT('',(0.4,-4.459603251338));
#8869 = VECTOR('',#8870,1.);
#8870 = DIRECTION('',(-1.,0.));
#8871 = ( GEOMETRIC_REPRESENTATION_CONTEXT(2) 
PARAMETRIC_REPRESENTATION_CONTEXT() REPRESENTATION_CONTEXT('2D SPACE',''
  ) );
#8872 = PCURVE('',#8873,#8878);
#8873 = PLANE('',#8874);
#8874 = AXIS2_PLACEMENT_3D('',#8875,#8876,#8877);
#8875 = CARTESIAN_POINT('',(16.439009822225,13.793967078749,-9.65));
#8876 = DIRECTION('',(-8.715574274766E-02,-0.996194698092,0.));
#8877 = DIRECTION('',(-0.996194698092,8.715574274766E-02,0.));
#8878 = DEFINITIONAL_REPRESENTATION('',(#8879),#8883);
#8879 = LINE('',#8880,#8881);
#8880 = CARTESIAN_POINT('',(0.649977151352,0.4));
#8881 = VECTOR('',#8882,1.);
#8882 = DIRECTION('',(0.,1.));
#8883 = ( GEOMETRIC_REPRESENTATION_CONTEXT(2) 
PARAMETRIC_REPRESENTATION_CONTEXT() REPRESENTATION_CONTEXT('2D SPACE',''
  ) );
#8884 = ADVANCED_FACE('',(#8885),#3711,.T.);
#8885 = FACE_BOUND('',#8886,.T.);
#8886 = EDGE_LOOP('',(#8887,#8888,#8911,#8933));
#8887 = ORIENTED_EDGE('',*,*,#3694,.T.);
#8888 = ORIENTED_EDGE('',*,*,#8889,.T.);
#8889 = EDGE_CURVE('',#3695,#8890,#8892,.T.);
#8890 = VERTEX_POINT('',#8891);
#8891 = CARTESIAN_POINT('',(12.366716202074,15.598536161363,-7.25));
#8892 = SURFACE_CURVE('',#8893,(#8897,#8904),.PCURVE_S1.);
#8893 = LINE('',#8894,#8895);
#8894 = CARTESIAN_POINT('',(12.366716202074,15.598536161363,-10.45));
#8895 = VECTOR('',#8896,1.);
#8896 = DIRECTION('',(0.,0.,1.));
#8897 = PCURVE('',#3711,#8898);
#8898 = DEFINITIONAL_REPRESENTATION('',(#8899),#8903);
#8899 = LINE('',#8900,#8901);
#8900 = CARTESIAN_POINT('',(1.570796326795,0.));
#8901 = VECTOR('',#8902,1.);
#8902 = DIRECTION('',(0.,1.));
#8903 = ( GEOMETRIC_REPRESENTATION_CONTEXT(2) 
PARAMETRIC_REPRESENTATION_CONTEXT() REPRESENTATION_CONTEXT('2D SPACE',''
  ) );
#8904 = PCURVE('',#3739,#8905);
#8905 = DEFINITIONAL_REPRESENTATION('',(#8906),#8910);
#8906 = LINE('',#8907,#8908);
#8907 = CARTESIAN_POINT('',(0.,5.5));
#8908 = VECTOR('',#8909,1.);
#8909 = DIRECTION('',(1.,0.));
#8910 = ( GEOMETRIC_REPRESENTATION_CONTEXT(2) 
PARAMETRIC_REPRESENTATION_CONTEXT() REPRESENTATION_CONTEXT('2D SPACE',''
  ) );
#8911 = ORIENTED_EDGE('',*,*,#8912,.F.);
#8912 = EDGE_CURVE('',#8726,#8890,#8913,.T.);
#8913 = SURFACE_CURVE('',#8914,(#8919,#8926),.PCURVE_S1.);
#8914 = CIRCLE('',#8915,1.5);
#8915 = AXIS2_PLACEMENT_3D('',#8916,#8917,#8918);
#8916 = CARTESIAN_POINT('',(13.330897616604,14.449469496685,-7.25));
#8917 = DIRECTION('',(-0.,0.,1.));
#8918 = DIRECTION('',(0.642787609687,-0.766044443119,0.));
#8919 = PCURVE('',#3711,#8920);
#8920 = DEFINITIONAL_REPRESENTATION('',(#8921),#8925);
#8921 = LINE('',#8922,#8923);
#8922 = CARTESIAN_POINT('',(-1.570796326795,3.2));
#8923 = VECTOR('',#8924,1.);
#8924 = DIRECTION('',(1.,0.));
#8925 = ( GEOMETRIC_REPRESENTATION_CONTEXT(2) 
PARAMETRIC_REPRESENTATION_CONTEXT() REPRESENTATION_CONTEXT('2D SPACE',''
  ) );
#8926 = PCURVE('',#8408,#8927);
#8927 = DEFINITIONAL_REPRESENTATION('',(#8928),#8932);
#8928 = CIRCLE('',#8929,1.5);
#8929 = AXIS2_PLACEMENT_2D('',#8930,#8931);
#8930 = CARTESIAN_POINT('',(5.5,6.5));
#8931 = DIRECTION('',(0.,-1.));
#8932 = ( GEOMETRIC_REPRESENTATION_CONTEXT(2) 
PARAMETRIC_REPRESENTATION_CONTEXT() REPRESENTATION_CONTEXT('2D SPACE',''
  ) );
#8933 = ORIENTED_EDGE('',*,*,#8750,.F.);
#8934 = ADVANCED_FACE('',(#8935),#3739,.T.);
#8935 = FACE_BOUND('',#8936,.T.);
#8936 = EDGE_LOOP('',(#8937,#8938,#8961,#8982));
#8937 = ORIENTED_EDGE('',*,*,#3723,.F.);
#8938 = ORIENTED_EDGE('',*,*,#8939,.F.);
#8939 = EDGE_CURVE('',#8940,#3724,#8942,.T.);
#8940 = VERTEX_POINT('',#8941);
#8941 = CARTESIAN_POINT('',(10.959892230466,14.418070685656,-7.25));
#8942 = SURFACE_CURVE('',#8943,(#8947,#8954),.PCURVE_S1.);
#8943 = LINE('',#8944,#8945);
#8944 = CARTESIAN_POINT('',(10.959892230466,14.418070685656,-7.25));
#8945 = VECTOR('',#8946,1.);
#8946 = DIRECTION('',(0.,-0.,-1.));
#8947 = PCURVE('',#3739,#8948);
#8948 = DEFINITIONAL_REPRESENTATION('',(#8949),#8953);
#8949 = LINE('',#8950,#8951);
#8950 = CARTESIAN_POINT('',(3.2,3.663521732656));
#8951 = VECTOR('',#8952,1.);
#8952 = DIRECTION('',(-1.,0.));
#8953 = ( GEOMETRIC_REPRESENTATION_CONTEXT(2) 
PARAMETRIC_REPRESENTATION_CONTEXT() REPRESENTATION_CONTEXT('2D SPACE',''
  ) );
#8954 = PCURVE('',#3772,#8955);
#8955 = DEFINITIONAL_REPRESENTATION('',(#8956),#8960);
#8956 = LINE('',#8957,#8958);
#8957 = CARTESIAN_POINT('',(0.,0.));
#8958 = VECTOR('',#8959,1.);
#8959 = DIRECTION('',(0.,1.));
#8960 = ( GEOMETRIC_REPRESENTATION_CONTEXT(2) 
PARAMETRIC_REPRESENTATION_CONTEXT() REPRESENTATION_CONTEXT('2D SPACE',''
  ) );
#8961 = ORIENTED_EDGE('',*,*,#8962,.T.);
#8962 = EDGE_CURVE('',#8940,#8890,#8963,.T.);
#8963 = SURFACE_CURVE('',#8964,(#8968,#8975),.PCURVE_S1.);
#8964 = LINE('',#8965,#8966);
#8965 = CARTESIAN_POINT('',(8.15347176492,12.063204308087,-7.25));
#8966 = VECTOR('',#8967,1.);
#8967 = DIRECTION('',(0.766044443119,0.642787609687,0.));
#8968 = PCURVE('',#3739,#8969);
#8969 = DEFINITIONAL_REPRESENTATION('',(#8970),#8974);
#8970 = LINE('',#8971,#8972);
#8971 = CARTESIAN_POINT('',(3.2,0.));
#8972 = VECTOR('',#8973,1.);
#8973 = DIRECTION('',(0.,1.));
#8974 = ( GEOMETRIC_REPRESENTATION_CONTEXT(2) 
PARAMETRIC_REPRESENTATION_CONTEXT() REPRESENTATION_CONTEXT('2D SPACE',''
  ) );
#8975 = PCURVE('',#8408,#8976);
#8976 = DEFINITIONAL_REPRESENTATION('',(#8977),#8981);
#8977 = LINE('',#8978,#8979);
#8978 = CARTESIAN_POINT('',(-4.440892098501E-16,8.));
#8979 = VECTOR('',#8980,1.);
#8980 = DIRECTION('',(1.,0.));
#8981 = ( GEOMETRIC_REPRESENTATION_CONTEXT(2) 
PARAMETRIC_REPRESENTATION_CONTEXT() REPRESENTATION_CONTEXT('2D SPACE',''
  ) );
#8982 = ORIENTED_EDGE('',*,*,#8889,.F.);
#8983 = ADVANCED_FACE('',(#8984),#3772,.F.);
#8984 = FACE_BOUND('',#8985,.F.);
#8985 = EDGE_LOOP('',(#8986,#9014,#9035,#9036));
#8986 = ORIENTED_EDGE('',*,*,#8987,.T.);
#8987 = EDGE_CURVE('',#8940,#8988,#8990,.T.);
#8988 = VERTEX_POINT('',#8989);
#8989 = CARTESIAN_POINT('',(9.185247776806,14.304937024632,-7.25));
#8990 = SURFACE_CURVE('',#8991,(#8996,#9003),.PCURVE_S1.);
#8991 = CIRCLE('',#8992,1.5);
#8992 = AXIS2_PLACEMENT_3D('',#8993,#8994,#8995);
#8993 = CARTESIAN_POINT('',(9.995710815936,15.567137350334,-7.25));
#8994 = DIRECTION('',(0.,0.,-1.));
#8995 = DIRECTION('',(-0.642787609687,0.766044443119,0.));
#8996 = PCURVE('',#3772,#8997);
#8997 = DEFINITIONAL_REPRESENTATION('',(#8998),#9002);
#8998 = LINE('',#8999,#9000);
#8999 = CARTESIAN_POINT('',(-3.14159265359,0.));
#9000 = VECTOR('',#9001,1.);
#9001 = DIRECTION('',(1.,0.));
#9002 = ( GEOMETRIC_REPRESENTATION_CONTEXT(2) 
PARAMETRIC_REPRESENTATION_CONTEXT() REPRESENTATION_CONTEXT('2D SPACE',''
  ) );
#9003 = PCURVE('',#8408,#9004);
#9004 = DEFINITIONAL_REPRESENTATION('',(#9005),#9013);
#9005 = ( BOUNDED_CURVE() B_SPLINE_CURVE(2,(#9006,#9007,#9008,#9009,
#9010,#9011,#9012),.UNSPECIFIED.,.T.,.F.) B_SPLINE_CURVE_WITH_KNOTS((1,2
    ,2,2,2,1),(-2.094395102393,0.,2.094395102393,4.188790204786,
6.28318530718,8.377580409573),.UNSPECIFIED.) CURVE() 
GEOMETRIC_REPRESENTATION_ITEM() RATIONAL_B_SPLINE_CURVE((1.,0.5,1.,0.5,
1.,0.5,1.)) REPRESENTATION_ITEM('') );
#9006 = CARTESIAN_POINT('',(3.663521732656,11.));
#9007 = CARTESIAN_POINT('',(6.261597944009,11.));
#9008 = CARTESIAN_POINT('',(4.962559838332,8.75));
#9009 = CARTESIAN_POINT('',(3.663521732656,6.5));
#9010 = CARTESIAN_POINT('',(2.364483626979,8.75));
#9011 = CARTESIAN_POINT('',(1.065445521302,11.));
#9012 = CARTESIAN_POINT('',(3.663521732656,11.));
#9013 = ( GEOMETRIC_REPRESENTATION_CONTEXT(2) 
PARAMETRIC_REPRESENTATION_CONTEXT() REPRESENTATION_CONTEXT('2D SPACE',''
  ) );
#9014 = ORIENTED_EDGE('',*,*,#9015,.T.);
#9015 = EDGE_CURVE('',#8988,#3752,#9016,.T.);
#9016 = SURFACE_CURVE('',#9017,(#9021,#9028),.PCURVE_S1.);
#9017 = LINE('',#9018,#9019);
#9018 = CARTESIAN_POINT('',(9.185247776806,14.304937024632,-7.25));
#9019 = VECTOR('',#9020,1.);
#9020 = DIRECTION('',(0.,-0.,-1.));
#9021 = PCURVE('',#3772,#9022);
#9022 = DEFINITIONAL_REPRESENTATION('',(#9023),#9027);
#9023 = LINE('',#9024,#9025);
#9024 = CARTESIAN_POINT('',(1.268935617754,0.));
#9025 = VECTOR('',#9026,1.);
#9026 = DIRECTION('',(0.,1.));
#9027 = ( GEOMETRIC_REPRESENTATION_CONTEXT(2) 
PARAMETRIC_REPRESENTATION_CONTEXT() REPRESENTATION_CONTEXT('2D SPACE',''
  ) );
#9028 = PCURVE('',#3801,#9029);
#9029 = DEFINITIONAL_REPRESENTATION('',(#9030),#9034);
#9030 = LINE('',#9031,#9032);
#9031 = CARTESIAN_POINT('',(-0.301860709041,-3.2));
#9032 = VECTOR('',#9033,1.);
#9033 = DIRECTION('',(-0.,1.));
#9034 = ( GEOMETRIC_REPRESENTATION_CONTEXT(2) 
PARAMETRIC_REPRESENTATION_CONTEXT() REPRESENTATION_CONTEXT('2D SPACE',''
  ) );
#9035 = ORIENTED_EDGE('',*,*,#3751,.F.);
#9036 = ORIENTED_EDGE('',*,*,#8939,.F.);
#9037 = ADVANCED_FACE('',(#9038),#3801,.T.);
#9038 = FACE_BOUND('',#9039,.F.);
#9039 = EDGE_LOOP('',(#9040,#9041,#9042,#9066,#9087,#9088,#9117,#9141,
    #9169,#9193));
#9040 = ORIENTED_EDGE('',*,*,#3784,.F.);
#9041 = ORIENTED_EDGE('',*,*,#9015,.F.);
#9042 = ORIENTED_EDGE('',*,*,#9043,.F.);
#9043 = EDGE_CURVE('',#9044,#8988,#9046,.T.);
#9044 = VERTEX_POINT('',#9045);
#9045 = CARTESIAN_POINT('',(12.007780945614,12.033835496721,-7.25));
#9046 = SURFACE_CURVE('',#9047,(#9052,#9059),.PCURVE_S1.);
#9047 = CIRCLE('',#9048,17.);
#9048 = AXIS2_PLACEMENT_3D('',#9049,#9050,#9051);
#9049 = CARTESIAN_POINT('',(0.,0.,-7.25));
#9050 = DIRECTION('',(0.,-0.,1.));
#9051 = DIRECTION('',(0.706340055624,0.707872676278,0.));
#9052 = PCURVE('',#3801,#9053);
#9053 = DEFINITIONAL_REPRESENTATION('',(#9054),#9058);
#9054 = LINE('',#9055,#9056);
#9055 = CARTESIAN_POINT('',(-8.835018926881E-02,-3.2));
#9056 = VECTOR('',#9057,1.);
#9057 = DIRECTION('',(-1.,-0.));
#9058 = ( GEOMETRIC_REPRESENTATION_CONTEXT(2) 
PARAMETRIC_REPRESENTATION_CONTEXT() REPRESENTATION_CONTEXT('2D SPACE',''
  ) );
#9059 = PCURVE('',#8408,#9060);
#9060 = DEFINITIONAL_REPRESENTATION('',(#9061),#9065);
#9061 = CIRCLE('',#9062,17.);
#9062 = AXIS2_PLACEMENT_2D('',#9063,#9064);
#9063 = CARTESIAN_POINT('',(-14.,4.));
#9064 = DIRECTION('',(0.99609966011,8.823529411765E-02));
#9065 = ( GEOMETRIC_REPRESENTATION_CONTEXT(2) 
PARAMETRIC_REPRESENTATION_CONTEXT() REPRESENTATION_CONTEXT('2D SPACE',''
  ) );
#9066 = ORIENTED_EDGE('',*,*,#9067,.F.);
#9067 = EDGE_CURVE('',#5773,#9044,#9068,.T.);
#9068 = SURFACE_CURVE('',#9069,(#9073,#9080),.PCURVE_S1.);
#9069 = LINE('',#9070,#9071);
#9070 = CARTESIAN_POINT('',(12.007780945614,12.033835496721,-10.45));
#9071 = VECTOR('',#9072,1.);
#9072 = DIRECTION('',(0.,-0.,-1.));
#9073 = PCURVE('',#3801,#9074);
#9074 = DEFINITIONAL_REPRESENTATION('',(#9075),#9079);
#9075 = LINE('',#9076,#9077);
#9076 = CARTESIAN_POINT('',(-8.835018926881E-02,0.));
#9077 = VECTOR('',#9078,1.);
#9078 = DIRECTION('',(-0.,1.));
#9079 = ( GEOMETRIC_REPRESENTATION_CONTEXT(2) 
PARAMETRIC_REPRESENTATION_CONTEXT() REPRESENTATION_CONTEXT('2D SPACE',''
  ) );
#9080 = PCURVE('',#5788,#9081);
#9081 = DEFINITIONAL_REPRESENTATION('',(#9082),#9086);
#9082 = LINE('',#9083,#9084);
#9083 = CARTESIAN_POINT('',(0.,11.933694221876));
#9084 = VECTOR('',#9085,1.);
#9085 = DIRECTION('',(-1.,0.));
#9086 = ( GEOMETRIC_REPRESENTATION_CONTEXT(2) 
PARAMETRIC_REPRESENTATION_CONTEXT() REPRESENTATION_CONTEXT('2D SPACE',''
  ) );
#9087 = ORIENTED_EDGE('',*,*,#5800,.T.);
#9088 = ORIENTED_EDGE('',*,*,#9089,.T.);
#9089 = EDGE_CURVE('',#5801,#9090,#9092,.T.);
#9090 = VERTEX_POINT('',#9091);
#9091 = CARTESIAN_POINT('',(-11.75000000111,12.285662374239,0.));
#9092 = SURFACE_CURVE('',#9093,(#9098,#9105),.PCURVE_S1.);
#9093 = CIRCLE('',#9094,17.);
#9094 = AXIS2_PLACEMENT_3D('',#9095,#9096,#9097);
#9095 = CARTESIAN_POINT('',(0.,0.,0.));
#9096 = DIRECTION('',(0.,-0.,1.));
#9097 = DIRECTION('',(0.766044443119,0.642787609687,0.));
#9098 = PCURVE('',#3801,#9099);
#9099 = DEFINITIONAL_REPRESENTATION('',(#9100),#9104);
#9100 = LINE('',#9101,#9102);
#9101 = CARTESIAN_POINT('',(-0.,-10.45));
#9102 = VECTOR('',#9103,1.);
#9103 = DIRECTION('',(-1.,0.));
#9104 = ( GEOMETRIC_REPRESENTATION_CONTEXT(2) 
PARAMETRIC_REPRESENTATION_CONTEXT() REPRESENTATION_CONTEXT('2D SPACE',''
  ) );
#9105 = PCURVE('',#9106,#9111);
#9106 = PLANE('',#9107);
#9107 = AXIS2_PLACEMENT_3D('',#9108,#9109,#9110);
#9108 = CARTESIAN_POINT('',(-4.558133775131E-16,-1.70226710729E-17,0.));
#9109 = DIRECTION('',(0.,0.,1.));
#9110 = DIRECTION('',(1.,0.,-0.));
#9111 = DEFINITIONAL_REPRESENTATION('',(#9112),#9116);
#9112 = CIRCLE('',#9113,17.);
#9113 = AXIS2_PLACEMENT_2D('',#9114,#9115);
#9114 = CARTESIAN_POINT('',(4.558133775131E-16,1.70226710729E-17));
#9115 = DIRECTION('',(0.766044443119,0.642787609687));
#9116 = ( GEOMETRIC_REPRESENTATION_CONTEXT(2) 
PARAMETRIC_REPRESENTATION_CONTEXT() REPRESENTATION_CONTEXT('2D SPACE',''
  ) );
#9117 = ORIENTED_EDGE('',*,*,#9118,.T.);
#9118 = EDGE_CURVE('',#9090,#9119,#9121,.T.);
#9119 = VERTEX_POINT('',#9120);
#9120 = CARTESIAN_POINT('',(-15.39943728795,7.201203455978,0.));
#9121 = SURFACE_CURVE('',#9122,(#9127,#9134),.PCURVE_S1.);
#9122 = CIRCLE('',#9123,17.);
#9123 = AXIS2_PLACEMENT_3D('',#9124,#9125,#9126);
#9124 = CARTESIAN_POINT('',(0.,0.,0.));
#9125 = DIRECTION('',(0.,-0.,1.));
#9126 = DIRECTION('',(0.766044443119,0.642787609687,0.));
#9127 = PCURVE('',#3801,#9128);
#9128 = DEFINITIONAL_REPRESENTATION('',(#9129),#9133);
#9129 = LINE('',#9130,#9131);
#9130 = CARTESIAN_POINT('',(-0.,-10.45));
#9131 = VECTOR('',#9132,1.);
#9132 = DIRECTION('',(-1.,0.));
#9133 = ( GEOMETRIC_REPRESENTATION_CONTEXT(2) 
PARAMETRIC_REPRESENTATION_CONTEXT() REPRESENTATION_CONTEXT('2D SPACE',''
  ) );
#9134 = PCURVE('',#4657,#9135);
#9135 = DEFINITIONAL_REPRESENTATION('',(#9136),#9140);
#9136 = CIRCLE('',#9137,17.);
#9137 = AXIS2_PLACEMENT_2D('',#9138,#9139);
#9138 = CARTESIAN_POINT('',(-5.,1.5));
#9139 = DIRECTION('',(1.,0.));
#9140 = ( GEOMETRIC_REPRESENTATION_CONTEXT(2) 
PARAMETRIC_REPRESENTATION_CONTEXT() REPRESENTATION_CONTEXT('2D SPACE',''
  ) );
#9141 = ORIENTED_EDGE('',*,*,#9142,.T.);
#9142 = EDGE_CURVE('',#9119,#9143,#9145,.T.);
#9143 = VERTEX_POINT('',#9144);
#9144 = CARTESIAN_POINT('',(-15.39943728795,7.201203455978,-7.25));
#9145 = SURFACE_CURVE('',#9146,(#9150,#9157),.PCURVE_S1.);
#9146 = LINE('',#9147,#9148);
#9147 = CARTESIAN_POINT('',(-15.39943728795,7.201203455978,-10.45));
#9148 = VECTOR('',#9149,1.);
#9149 = DIRECTION('',(0.,-0.,-1.));
#9150 = PCURVE('',#3801,#9151);
#9151 = DEFINITIONAL_REPRESENTATION('',(#9152),#9156);
#9152 = LINE('',#9153,#9154);
#9153 = CARTESIAN_POINT('',(-2.006044913124,0.));
#9154 = VECTOR('',#9155,1.);
#9155 = DIRECTION('',(-0.,1.));
#9156 = ( GEOMETRIC_REPRESENTATION_CONTEXT(2) 
PARAMETRIC_REPRESENTATION_CONTEXT() REPRESENTATION_CONTEXT('2D SPACE',''
  ) );
#9157 = PCURVE('',#9158,#9163);
#9158 = PLANE('',#9159);
#9159 = AXIS2_PLACEMENT_3D('',#9160,#9161,#9162);
#9160 = CARTESIAN_POINT('',(-4.185432888941,3.119639647807,-10.45));
#9161 = DIRECTION('',(-0.342020143326,-0.939692620786,0.));
#9162 = DIRECTION('',(0.,0.,1.));
#9163 = DEFINITIONAL_REPRESENTATION('',(#9164),#9168);
#9164 = LINE('',#9165,#9166);
#9165 = CARTESIAN_POINT('',(0.,11.933694221876));
#9166 = VECTOR('',#9167,1.);
#9167 = DIRECTION('',(-1.,0.));
#9168 = ( GEOMETRIC_REPRESENTATION_CONTEXT(2) 
PARAMETRIC_REPRESENTATION_CONTEXT() REPRESENTATION_CONTEXT('2D SPACE',''
  ) );
#9169 = ORIENTED_EDGE('',*,*,#9170,.F.);
#9170 = EDGE_CURVE('',#9171,#9143,#9173,.T.);
#9171 = VERTEX_POINT('',#9172);
#9172 = CARTESIAN_POINT('',(-13.52388616738,10.300704001748,-7.25));
#9173 = SURFACE_CURVE('',#9174,(#9179,#9186),.PCURVE_S1.);
#9174 = CIRCLE('',#9175,17.);
#9175 = AXIS2_PLACEMENT_3D('',#9176,#9177,#9178);
#9176 = CARTESIAN_POINT('',(0.,0.,-7.25));
#9177 = DIRECTION('',(0.,0.,1.));
#9178 = DIRECTION('',(-0.795522715728,0.605923764809,0.));
#9179 = PCURVE('',#3801,#9180);
#9180 = DEFINITIONAL_REPRESENTATION('',(#9181),#9185);
#9181 = LINE('',#9182,#9183);
#9182 = CARTESIAN_POINT('',(-1.792534393352,-3.2));
#9183 = VECTOR('',#9184,1.);
#9184 = DIRECTION('',(-1.,-0.));
#9185 = ( GEOMETRIC_REPRESENTATION_CONTEXT(2) 
PARAMETRIC_REPRESENTATION_CONTEXT() REPRESENTATION_CONTEXT('2D SPACE',''
  ) );
#9186 = PCURVE('',#7448,#9187);
#9187 = DEFINITIONAL_REPRESENTATION('',(#9188),#9192);
#9188 = CIRCLE('',#9189,17.);
#9189 = AXIS2_PLACEMENT_2D('',#9190,#9191);
#9190 = CARTESIAN_POINT('',(-14.,4.));
#9191 = DIRECTION('',(0.954784958522,-0.297297297297));
#9192 = ( GEOMETRIC_REPRESENTATION_CONTEXT(2) 
PARAMETRIC_REPRESENTATION_CONTEXT() REPRESENTATION_CONTEXT('2D SPACE',''
  ) );
#9193 = ORIENTED_EDGE('',*,*,#9194,.T.);
#9194 = EDGE_CURVE('',#9171,#3785,#9195,.T.);
#9195 = SURFACE_CURVE('',#9196,(#9200,#9207),.PCURVE_S1.);
#9196 = LINE('',#9197,#9198);
#9197 = CARTESIAN_POINT('',(-13.52388616738,10.300704001748,-7.25));
#9198 = VECTOR('',#9199,1.);
#9199 = DIRECTION('',(0.,-0.,-1.));
#9200 = PCURVE('',#3801,#9201);
#9201 = DEFINITIONAL_REPRESENTATION('',(#9202),#9206);
#9202 = LINE('',#9203,#9204);
#9203 = CARTESIAN_POINT('',(-1.792534393352,-3.2));
#9204 = VECTOR('',#9205,1.);
#9205 = DIRECTION('',(-0.,1.));
#9206 = ( GEOMETRIC_REPRESENTATION_CONTEXT(2) 
PARAMETRIC_REPRESENTATION_CONTEXT() REPRESENTATION_CONTEXT('2D SPACE',''
  ) );
#9207 = PCURVE('',#3834,#9208);
#9208 = DEFINITIONAL_REPRESENTATION('',(#9209),#9213);
#9209 = LINE('',#9210,#9211);
#9210 = CARTESIAN_POINT('',(0.,0.));
#9211 = VECTOR('',#9212,1.);
#9212 = DIRECTION('',(0.,1.));
#9213 = ( GEOMETRIC_REPRESENTATION_CONTEXT(2) 
PARAMETRIC_REPRESENTATION_CONTEXT() REPRESENTATION_CONTEXT('2D SPACE',''
  ) );
#9214 = ADVANCED_FACE('',(#9215),#3834,.F.);
#9215 = FACE_BOUND('',#9216,.F.);
#9216 = EDGE_LOOP('',(#9217,#9245,#9266,#9267));
#9217 = ORIENTED_EDGE('',*,*,#9218,.T.);
#9218 = EDGE_CURVE('',#9171,#9219,#9221,.T.);
#9219 = VERTEX_POINT('',#9220);
#9220 = CARTESIAN_POINT('',(-15.23020045596,9.800050717783,-7.25));
#9221 = SURFACE_CURVE('',#9222,(#9227,#9234),.PCURVE_S1.);
#9222 = CIRCLE('',#9223,1.5);
#9223 = AXIS2_PLACEMENT_3D('',#9224,#9225,#9226);
#9224 = CARTESIAN_POINT('',(-14.71717024097,11.209589648961,-7.25));
#9225 = DIRECTION('',(0.,0.,-1.));
#9226 = DIRECTION('',(-0.642787609687,0.766044443119,0.));
#9227 = PCURVE('',#3834,#9228);
#9228 = DEFINITIONAL_REPRESENTATION('',(#9229),#9233);
#9229 = LINE('',#9230,#9231);
#9230 = CARTESIAN_POINT('',(-2.919854587032,0.));
#9231 = VECTOR('',#9232,1.);
#9232 = DIRECTION('',(1.,0.));
#9233 = ( GEOMETRIC_REPRESENTATION_CONTEXT(2) 
PARAMETRIC_REPRESENTATION_CONTEXT() REPRESENTATION_CONTEXT('2D SPACE',''
  ) );
#9234 = PCURVE('',#7448,#9235);
#9235 = DEFINITIONAL_REPRESENTATION('',(#9236),#9244);
#9236 = ( BOUNDED_CURVE() B_SPLINE_CURVE(2,(#9237,#9238,#9239,#9240,
#9241,#9242,#9243),.UNSPECIFIED.,.T.,.F.) B_SPLINE_CURVE_WITH_KNOTS((1,2
    ,2,2,2,1),(-2.094395102393,0.,2.094395102393,4.188790204786,
6.28318530718,8.377580409573),.UNSPECIFIED.) CURVE() 
GEOMETRIC_REPRESENTATION_ITEM() RATIONAL_B_SPLINE_CURVE((1.,0.5,1.,0.5,
1.,0.5,1.)) REPRESENTATION_ITEM('') );
#9237 = CARTESIAN_POINT('',(4.962559838332,-2.25));
#9238 = CARTESIAN_POINT('',(3.663521732656,-4.5));
#9239 = CARTESIAN_POINT('',(2.364483626979,-2.25));
#9240 = CARTESIAN_POINT('',(1.065445521302,-1.554312234475E-15));
#9241 = CARTESIAN_POINT('',(3.663521732656,-2.22044604925E-16));
#9242 = CARTESIAN_POINT('',(6.261597944009,1.7763568394E-15));
#9243 = CARTESIAN_POINT('',(4.962559838332,-2.25));
#9244 = ( GEOMETRIC_REPRESENTATION_CONTEXT(2) 
PARAMETRIC_REPRESENTATION_CONTEXT() REPRESENTATION_CONTEXT('2D SPACE',''
  ) );
#9245 = ORIENTED_EDGE('',*,*,#9246,.T.);
#9246 = EDGE_CURVE('',#9219,#3814,#9247,.T.);
#9247 = SURFACE_CURVE('',#9248,(#9252,#9259),.PCURVE_S1.);
#9248 = LINE('',#9249,#9250);
#9249 = CARTESIAN_POINT('',(-15.23020045596,9.800050717783,-7.25));
#9250 = VECTOR('',#9251,1.);
#9251 = DIRECTION('',(0.,-0.,-1.));
#9252 = PCURVE('',#3834,#9253);
#9253 = DEFINITIONAL_REPRESENTATION('',(#9254),#9258);
#9254 = LINE('',#9255,#9256);
#9255 = CARTESIAN_POINT('',(1.268935617754,0.));
#9256 = VECTOR('',#9257,1.);
#9257 = DIRECTION('',(0.,1.));
#9258 = ( GEOMETRIC_REPRESENTATION_CONTEXT(2) 
PARAMETRIC_REPRESENTATION_CONTEXT() REPRESENTATION_CONTEXT('2D SPACE',''
  ) );
#9259 = PCURVE('',#3862,#9260);
#9260 = DEFINITIONAL_REPRESENTATION('',(#9261),#9265);
#9261 = LINE('',#9262,#9263);
#9262 = CARTESIAN_POINT('',(3.2,3.663521732656));
#9263 = VECTOR('',#9264,1.);
#9264 = DIRECTION('',(-1.,0.));
#9265 = ( GEOMETRIC_REPRESENTATION_CONTEXT(2) 
PARAMETRIC_REPRESENTATION_CONTEXT() REPRESENTATION_CONTEXT('2D SPACE',''
  ) );
#9266 = ORIENTED_EDGE('',*,*,#3813,.F.);
#9267 = ORIENTED_EDGE('',*,*,#9194,.F.);
#9268 = ADVANCED_FACE('',(#9269),#3862,.F.);
#9269 = FACE_BOUND('',#9270,.F.);
#9270 = EDGE_LOOP('',(#9271,#9272,#9273,#9296));
#9271 = ORIENTED_EDGE('',*,*,#3846,.F.);
#9272 = ORIENTED_EDGE('',*,*,#9246,.F.);
#9273 = ORIENTED_EDGE('',*,*,#9274,.T.);
#9274 = EDGE_CURVE('',#9219,#9275,#9277,.T.);
#9275 = VERTEX_POINT('',#9276);
#9276 = CARTESIAN_POINT('',(-16.95592553202,10.428163277994,-7.25));
#9277 = SURFACE_CURVE('',#9278,(#9282,#9289),.PCURVE_S1.);
#9278 = LINE('',#9279,#9280);
#9279 = CARTESIAN_POINT('',(-11.7876161177,8.547052489703,-7.25));
#9280 = VECTOR('',#9281,1.);
#9281 = DIRECTION('',(-0.939692620786,0.342020143326,0.));
#9282 = PCURVE('',#3862,#9283);
#9283 = DEFINITIONAL_REPRESENTATION('',(#9284),#9288);
#9284 = LINE('',#9285,#9286);
#9285 = CARTESIAN_POINT('',(3.2,0.));
#9286 = VECTOR('',#9287,1.);
#9287 = DIRECTION('',(0.,1.));
#9288 = ( GEOMETRIC_REPRESENTATION_CONTEXT(2) 
PARAMETRIC_REPRESENTATION_CONTEXT() REPRESENTATION_CONTEXT('2D SPACE',''
  ) );
#9289 = PCURVE('',#7448,#9290);
#9290 = DEFINITIONAL_REPRESENTATION('',(#9291),#9295);
#9291 = LINE('',#9292,#9293);
#9292 = CARTESIAN_POINT('',(0.,0.));
#9293 = VECTOR('',#9294,1.);
#9294 = DIRECTION('',(1.,0.));
#9295 = ( GEOMETRIC_REPRESENTATION_CONTEXT(2) 
PARAMETRIC_REPRESENTATION_CONTEXT() REPRESENTATION_CONTEXT('2D SPACE',''
  ) );
#9296 = ORIENTED_EDGE('',*,*,#9297,.F.);
#9297 = EDGE_CURVE('',#3847,#9275,#9298,.T.);
#9298 = SURFACE_CURVE('',#9299,(#9303,#9310),.PCURVE_S1.);
#9299 = LINE('',#9300,#9301);
#9300 = CARTESIAN_POINT('',(-16.95592553202,10.428163277994,-10.45));
#9301 = VECTOR('',#9302,1.);
#9302 = DIRECTION('',(0.,0.,1.));
#9303 = PCURVE('',#3862,#9304);
#9304 = DEFINITIONAL_REPRESENTATION('',(#9305),#9309);
#9305 = LINE('',#9306,#9307);
#9306 = CARTESIAN_POINT('',(0.,5.5));
#9307 = VECTOR('',#9308,1.);
#9308 = DIRECTION('',(1.,0.));
#9309 = ( GEOMETRIC_REPRESENTATION_CONTEXT(2) 
PARAMETRIC_REPRESENTATION_CONTEXT() REPRESENTATION_CONTEXT('2D SPACE',''
  ) );
#9310 = PCURVE('',#3895,#9311);
#9311 = DEFINITIONAL_REPRESENTATION('',(#9312),#9316);
#9312 = LINE('',#9313,#9314);
#9313 = CARTESIAN_POINT('',(-1.570796326795,0.));
#9314 = VECTOR('',#9315,1.);
#9315 = DIRECTION('',(-0.,1.));
#9316 = ( GEOMETRIC_REPRESENTATION_CONTEXT(2) 
PARAMETRIC_REPRESENTATION_CONTEXT() REPRESENTATION_CONTEXT('2D SPACE',''
  ) );
#9317 = ADVANCED_FACE('',(#9318,#9371),#3895,.T.);
#9318 = FACE_BOUND('',#9319,.F.);
#9319 = EDGE_LOOP('',(#9320,#9321,#9322,#9350));
#9320 = ORIENTED_EDGE('',*,*,#3874,.T.);
#9321 = ORIENTED_EDGE('',*,*,#9297,.T.);
#9322 = ORIENTED_EDGE('',*,*,#9323,.F.);
#9323 = EDGE_CURVE('',#9324,#9275,#9326,.T.);
#9324 = VERTEX_POINT('',#9325);
#9325 = CARTESIAN_POINT('',(-18.87849467819,9.531654561804,-7.25));
#9326 = SURFACE_CURVE('',#9327,(#9332,#9339),.PCURVE_S1.);
#9327 = CIRCLE('',#9328,1.5);
#9328 = AXIS2_PLACEMENT_3D('',#9329,#9330,#9331);
#9329 = CARTESIAN_POINT('',(-17.46895574701,9.018624346815,-7.25));
#9330 = DIRECTION('',(0.,0.,-1.));
#9331 = DIRECTION('',(0.342020143326,0.939692620786,0.));
#9332 = PCURVE('',#3895,#9333);
#9333 = DEFINITIONAL_REPRESENTATION('',(#9334),#9338);
#9334 = LINE('',#9335,#9336);
#9335 = CARTESIAN_POINT('',(4.712388980385,3.2));
#9336 = VECTOR('',#9337,1.);
#9337 = DIRECTION('',(-1.,0.));
#9338 = ( GEOMETRIC_REPRESENTATION_CONTEXT(2) 
PARAMETRIC_REPRESENTATION_CONTEXT() REPRESENTATION_CONTEXT('2D SPACE',''
  ) );
#9339 = PCURVE('',#7448,#9340);
#9340 = DEFINITIONAL_REPRESENTATION('',(#9341),#9349);
#9341 = ( BOUNDED_CURVE() B_SPLINE_CURVE(2,(#9342,#9343,#9344,#9345,
#9346,#9347,#9348),.UNSPECIFIED.,.T.,.F.) B_SPLINE_CURVE_WITH_KNOTS((1,2
    ,2,2,2,1),(-2.094395102393,0.,2.094395102393,4.188790204786,
6.28318530718,8.377580409573),.UNSPECIFIED.) CURVE() 
GEOMETRIC_REPRESENTATION_ITEM() RATIONAL_B_SPLINE_CURVE((1.,0.5,1.,0.5,
1.,0.5,1.)) REPRESENTATION_ITEM('') );
#9342 = CARTESIAN_POINT('',(5.5,2.886579864025E-15));
#9343 = CARTESIAN_POINT('',(2.901923788647,2.886579864025E-15));
#9344 = CARTESIAN_POINT('',(4.200961894323,2.25));
#9345 = CARTESIAN_POINT('',(5.5,4.5));
#9346 = CARTESIAN_POINT('',(6.799038105677,2.25));
#9347 = CARTESIAN_POINT('',(8.098076211353,5.329070518201E-15));
#9348 = CARTESIAN_POINT('',(5.5,2.886579864025E-15));
#9349 = ( GEOMETRIC_REPRESENTATION_CONTEXT(2) 
PARAMETRIC_REPRESENTATION_CONTEXT() REPRESENTATION_CONTEXT('2D SPACE',''
  ) );
#9350 = ORIENTED_EDGE('',*,*,#9351,.F.);
#9351 = EDGE_CURVE('',#3875,#9324,#9352,.T.);
#9352 = SURFACE_CURVE('',#9353,(#9357,#9364),.PCURVE_S1.);
#9353 = LINE('',#9354,#9355);
#9354 = CARTESIAN_POINT('',(-18.87849467819,9.531654561804,-10.45));
#9355 = VECTOR('',#9356,1.);
#9356 = DIRECTION('',(0.,0.,1.));
#9357 = PCURVE('',#3895,#9358);
#9358 = DEFINITIONAL_REPRESENTATION('',(#9359),#9363);
#9359 = LINE('',#9360,#9361);
#9360 = CARTESIAN_POINT('',(-0.,0.));
#9361 = VECTOR('',#9362,1.);
#9362 = DIRECTION('',(-0.,1.));
#9363 = ( GEOMETRIC_REPRESENTATION_CONTEXT(2) 
PARAMETRIC_REPRESENTATION_CONTEXT() REPRESENTATION_CONTEXT('2D SPACE',''
  ) );
#9364 = PCURVE('',#3923,#9365);
#9365 = DEFINITIONAL_REPRESENTATION('',(#9366),#9370);
#9366 = LINE('',#9367,#9368);
#9367 = CARTESIAN_POINT('',(0.,-1.5));
#9368 = VECTOR('',#9369,1.);
#9369 = DIRECTION('',(1.,0.));
#9370 = ( GEOMETRIC_REPRESENTATION_CONTEXT(2) 
PARAMETRIC_REPRESENTATION_CONTEXT() REPRESENTATION_CONTEXT('2D SPACE',''
  ) );
#9371 = FACE_BOUND('',#9372,.F.);
#9372 = EDGE_LOOP('',(#9373,#9403,#9436,#9464));
#9373 = ORIENTED_EDGE('',*,*,#9374,.F.);
#9374 = EDGE_CURVE('',#9375,#9377,#9379,.T.);
#9375 = VERTEX_POINT('',#9376);
#9376 = CARTESIAN_POINT('',(-18.36456244092,10.22190679488,-9.85));
#9377 = VERTEX_POINT('',#9378);
#9378 = CARTESIAN_POINT('',(-18.36456244092,10.22190679488,-7.85));
#9379 = SURFACE_CURVE('',#9380,(#9384,#9391),.PCURVE_S1.);
#9380 = LINE('',#9381,#9382);
#9381 = CARTESIAN_POINT('',(-18.36456244092,10.22190679488,-10.45));
#9382 = VECTOR('',#9383,1.);
#9383 = DIRECTION('',(0.,0.,1.));
#9384 = PCURVE('',#3895,#9385);
#9385 = DEFINITIONAL_REPRESENTATION('',(#9386),#9390);
#9386 = LINE('',#9387,#9388);
#9387 = CARTESIAN_POINT('',(-0.581885451554,0.));
#9388 = VECTOR('',#9389,1.);
#9389 = DIRECTION('',(-0.,1.));
#9390 = ( GEOMETRIC_REPRESENTATION_CONTEXT(2) 
PARAMETRIC_REPRESENTATION_CONTEXT() REPRESENTATION_CONTEXT('2D SPACE',''
  ) );
#9391 = PCURVE('',#9392,#9397);
#9392 = PLANE('',#9393);
#9393 = AXIS2_PLACEMENT_3D('',#9394,#9395,#9396);
#9394 = CARTESIAN_POINT('',(-18.75468400639,10.923231155428,-9.85));
#9395 = DIRECTION('',(0.873894282484,0.486116018088,0.));
#9396 = DIRECTION('',(0.486116018088,-0.873894282484,0.));
#9397 = DEFINITIONAL_REPRESENTATION('',(#9398),#9402);
#9398 = LINE('',#9399,#9400);
#9399 = CARTESIAN_POINT('',(0.802527690826,0.6));
#9400 = VECTOR('',#9401,1.);
#9401 = DIRECTION('',(0.,-1.));
#9402 = ( GEOMETRIC_REPRESENTATION_CONTEXT(2) 
PARAMETRIC_REPRESENTATION_CONTEXT() REPRESENTATION_CONTEXT('2D SPACE',''
  ) );
#9403 = ORIENTED_EDGE('',*,*,#9404,.T.);
#9404 = EDGE_CURVE('',#9375,#9405,#9407,.T.);
#9405 = VERTEX_POINT('',#9406);
#9406 = CARTESIAN_POINT('',(-18.68365075125,9.898690279949,-9.85));
#9407 = SURFACE_CURVE('',#9408,(#9413,#9420),.PCURVE_S1.);
#9408 = CIRCLE('',#9409,1.5);
#9409 = AXIS2_PLACEMENT_3D('',#9410,#9411,#9412);
#9410 = CARTESIAN_POINT('',(-17.46895574701,9.018624346815,-9.85));
#9411 = DIRECTION('',(0.,0.,1.));
#9412 = DIRECTION('',(-0.939692620786,0.342020143326,0.));
#9413 = PCURVE('',#3895,#9414);
#9414 = DEFINITIONAL_REPRESENTATION('',(#9415),#9419);
#9415 = LINE('',#9416,#9417);
#9416 = CARTESIAN_POINT('',(-6.28318530718,0.6));
#9417 = VECTOR('',#9418,1.);
#9418 = DIRECTION('',(1.,-0.));
#9419 = ( GEOMETRIC_REPRESENTATION_CONTEXT(2) 
PARAMETRIC_REPRESENTATION_CONTEXT() REPRESENTATION_CONTEXT('2D SPACE',''
  ) );
#9420 = PCURVE('',#9421,#9426);
#9421 = PLANE('',#9422);
#9422 = AXIS2_PLACEMENT_3D('',#9423,#9424,#9425);
#9423 = CARTESIAN_POINT('',(-18.76406687401,10.234930687845,-9.85));
#9424 = DIRECTION('',(0.,0.,-1.));
#9425 = DIRECTION('',(0.939692620786,-0.342020143326,0.));
#9426 = DEFINITIONAL_REPRESENTATION('',(#9427),#9435);
#9427 = ( BOUNDED_CURVE() B_SPLINE_CURVE(2,(#9428,#9429,#9430,#9431,
#9432,#9433,#9434),.UNSPECIFIED.,.T.,.F.) B_SPLINE_CURVE_WITH_KNOTS((1,2
    ,2,2,2,1),(-2.094395102393,0.,2.094395102393,4.188790204786,
6.28318530718,8.377580409573),.UNSPECIFIED.) CURVE() 
GEOMETRIC_REPRESENTATION_ITEM() RATIONAL_B_SPLINE_CURVE((1.,0.5,1.,0.5,
1.,0.5,1.)) REPRESENTATION_ITEM('') );
#9428 = CARTESIAN_POINT('',(0.133007638232,0.7));
#9429 = CARTESIAN_POINT('',(0.133007638232,3.298076211353));
#9430 = CARTESIAN_POINT('',(2.383007638232,1.999038105677));
#9431 = CARTESIAN_POINT('',(4.633007638232,0.7));
#9432 = CARTESIAN_POINT('',(2.383007638232,-0.599038105677));
#9433 = CARTESIAN_POINT('',(0.133007638232,-1.898076211353));
#9434 = CARTESIAN_POINT('',(0.133007638232,0.7));
#9435 = ( GEOMETRIC_REPRESENTATION_CONTEXT(2) 
PARAMETRIC_REPRESENTATION_CONTEXT() REPRESENTATION_CONTEXT('2D SPACE',''
  ) );
#9436 = ORIENTED_EDGE('',*,*,#9437,.T.);
#9437 = EDGE_CURVE('',#9405,#9438,#9440,.T.);
#9438 = VERTEX_POINT('',#9439);
#9439 = CARTESIAN_POINT('',(-18.68365075125,9.898690279949,-7.85));
#9440 = SURFACE_CURVE('',#9441,(#9445,#9452),.PCURVE_S1.);
#9441 = LINE('',#9442,#9443);
#9442 = CARTESIAN_POINT('',(-18.68365075125,9.898690279949,-10.45));
#9443 = VECTOR('',#9444,1.);
#9444 = DIRECTION('',(0.,0.,1.));
#9445 = PCURVE('',#3895,#9446);
#9446 = DEFINITIONAL_REPRESENTATION('',(#9447),#9451);
#9447 = LINE('',#9448,#9449);
#9448 = CARTESIAN_POINT('',(-0.277925004294,0.));
#9449 = VECTOR('',#9450,1.);
#9450 = DIRECTION('',(-0.,1.));
#9451 = ( GEOMETRIC_REPRESENTATION_CONTEXT(2) 
PARAMETRIC_REPRESENTATION_CONTEXT() REPRESENTATION_CONTEXT('2D SPACE',''
  ) );
#9452 = PCURVE('',#9453,#9458);
#9453 = PLANE('',#9454);
#9454 = AXIS2_PLACEMENT_3D('',#9455,#9456,#9457);
#9455 = CARTESIAN_POINT('',(-18.27222763396,10.055915844423,-9.85));
#9456 = DIRECTION('',(0.356972505673,-0.934114891324,0.));
#9457 = DIRECTION('',(-0.934114891324,-0.356972505673,0.));
#9458 = DEFINITIONAL_REPRESENTATION('',(#9459),#9463);
#9459 = LINE('',#9460,#9461);
#9460 = CARTESIAN_POINT('',(0.440441664202,0.6));
#9461 = VECTOR('',#9462,1.);
#9462 = DIRECTION('',(0.,-1.));
#9463 = ( GEOMETRIC_REPRESENTATION_CONTEXT(2) 
PARAMETRIC_REPRESENTATION_CONTEXT() REPRESENTATION_CONTEXT('2D SPACE',''
  ) );
#9464 = ORIENTED_EDGE('',*,*,#9465,.F.);
#9465 = EDGE_CURVE('',#9377,#9438,#9466,.T.);
#9466 = SURFACE_CURVE('',#9467,(#9472,#9479),.PCURVE_S1.);
#9467 = CIRCLE('',#9468,1.5);
#9468 = AXIS2_PLACEMENT_3D('',#9469,#9470,#9471);
#9469 = CARTESIAN_POINT('',(-17.46895574701,9.018624346815,-7.85));
#9470 = DIRECTION('',(0.,0.,1.));
#9471 = DIRECTION('',(-0.939692620786,0.342020143326,0.));
#9472 = PCURVE('',#3895,#9473);
#9473 = DEFINITIONAL_REPRESENTATION('',(#9474),#9478);
#9474 = LINE('',#9475,#9476);
#9475 = CARTESIAN_POINT('',(-6.28318530718,2.6));
#9476 = VECTOR('',#9477,1.);
#9477 = DIRECTION('',(1.,-0.));
#9478 = ( GEOMETRIC_REPRESENTATION_CONTEXT(2) 
PARAMETRIC_REPRESENTATION_CONTEXT() REPRESENTATION_CONTEXT('2D SPACE',''
  ) );
#9479 = PCURVE('',#9480,#9485);
#9480 = PLANE('',#9481);
#9481 = AXIS2_PLACEMENT_3D('',#9482,#9483,#9484);
#9482 = CARTESIAN_POINT('',(-18.76406687401,10.234930687845,-7.85));
#9483 = DIRECTION('',(0.,0.,-1.));
#9484 = DIRECTION('',(0.939692620786,-0.342020143326,0.));
#9485 = DEFINITIONAL_REPRESENTATION('',(#9486),#9494);
#9486 = ( BOUNDED_CURVE() B_SPLINE_CURVE(2,(#9487,#9488,#9489,#9490,
#9491,#9492,#9493),.UNSPECIFIED.,.T.,.F.) B_SPLINE_CURVE_WITH_KNOTS((1,2
    ,2,2,2,1),(-2.094395102393,0.,2.094395102393,4.188790204786,
6.28318530718,8.377580409573),.UNSPECIFIED.) CURVE() 
GEOMETRIC_REPRESENTATION_ITEM() RATIONAL_B_SPLINE_CURVE((1.,0.5,1.,0.5,
1.,0.5,1.)) REPRESENTATION_ITEM('') );
#9487 = CARTESIAN_POINT('',(0.133007638232,0.7));
#9488 = CARTESIAN_POINT('',(0.133007638232,3.298076211353));
#9489 = CARTESIAN_POINT('',(2.383007638232,1.999038105677));
#9490 = CARTESIAN_POINT('',(4.633007638232,0.7));
#9491 = CARTESIAN_POINT('',(2.383007638232,-0.599038105677));
#9492 = CARTESIAN_POINT('',(0.133007638232,-1.898076211353));
#9493 = CARTESIAN_POINT('',(0.133007638232,0.7));
#9494 = ( GEOMETRIC_REPRESENTATION_CONTEXT(2) 
PARAMETRIC_REPRESENTATION_CONTEXT() REPRESENTATION_CONTEXT('2D SPACE',''
  ) );
#9495 = ADVANCED_FACE('',(#9496,#9544),#3923,.T.);
#9496 = FACE_BOUND('',#9497,.T.);
#9497 = EDGE_LOOP('',(#9498,#9521,#9522,#9523));
#9498 = ORIENTED_EDGE('',*,*,#9499,.F.);
#9499 = EDGE_CURVE('',#9324,#9500,#9502,.T.);
#9500 = VERTEX_POINT('',#9501);
#9501 = CARTESIAN_POINT('',(-20.58859539481,4.833191457874,-7.25));
#9502 = SURFACE_CURVE('',#9503,(#9507,#9514),.PCURVE_S1.);
#9503 = LINE('',#9504,#9505);
#9504 = CARTESIAN_POINT('',(-18.3654644632,10.941193492983,-7.25));
#9505 = VECTOR('',#9506,1.);
#9506 = DIRECTION('',(-0.342020143326,-0.939692620786,0.));
#9507 = PCURVE('',#3923,#9508);
#9508 = DEFINITIONAL_REPRESENTATION('',(#9509),#9513);
#9509 = LINE('',#9510,#9511);
#9510 = CARTESIAN_POINT('',(3.2,0.));
#9511 = VECTOR('',#9512,1.);
#9512 = DIRECTION('',(0.,-1.));
#9513 = ( GEOMETRIC_REPRESENTATION_CONTEXT(2) 
PARAMETRIC_REPRESENTATION_CONTEXT() REPRESENTATION_CONTEXT('2D SPACE',''
  ) );
#9514 = PCURVE('',#7448,#9515);
#9515 = DEFINITIONAL_REPRESENTATION('',(#9516),#9520);
#9516 = LINE('',#9517,#9518);
#9517 = CARTESIAN_POINT('',(7.,2.22044604925E-15));
#9518 = VECTOR('',#9519,1.);
#9519 = DIRECTION('',(0.,1.));
#9520 = ( GEOMETRIC_REPRESENTATION_CONTEXT(2) 
PARAMETRIC_REPRESENTATION_CONTEXT() REPRESENTATION_CONTEXT('2D SPACE',''
  ) );
#9521 = ORIENTED_EDGE('',*,*,#9351,.F.);
#9522 = ORIENTED_EDGE('',*,*,#3907,.T.);
#9523 = ORIENTED_EDGE('',*,*,#9524,.T.);
#9524 = EDGE_CURVE('',#3908,#9500,#9525,.T.);
#9525 = SURFACE_CURVE('',#9526,(#9530,#9537),.PCURVE_S1.);
#9526 = LINE('',#9527,#9528);
#9527 = CARTESIAN_POINT('',(-20.58859539481,4.833191457874,-10.45));
#9528 = VECTOR('',#9529,1.);
#9529 = DIRECTION('',(0.,0.,1.));
#9530 = PCURVE('',#3923,#9531);
#9531 = DEFINITIONAL_REPRESENTATION('',(#9532),#9536);
#9532 = LINE('',#9533,#9534);
#9533 = CARTESIAN_POINT('',(0.,-6.5));
#9534 = VECTOR('',#9535,1.);
#9535 = DIRECTION('',(1.,0.));
#9536 = ( GEOMETRIC_REPRESENTATION_CONTEXT(2) 
PARAMETRIC_REPRESENTATION_CONTEXT() REPRESENTATION_CONTEXT('2D SPACE',''
  ) );
#9537 = PCURVE('',#3950,#9538);
#9538 = DEFINITIONAL_REPRESENTATION('',(#9539),#9543);
#9539 = LINE('',#9540,#9541);
#9540 = CARTESIAN_POINT('',(0.,0.));
#9541 = VECTOR('',#9542,1.);
#9542 = DIRECTION('',(0.,1.));
#9543 = ( GEOMETRIC_REPRESENTATION_CONTEXT(2) 
PARAMETRIC_REPRESENTATION_CONTEXT() REPRESENTATION_CONTEXT('2D SPACE',''
  ) );
#9544 = FACE_BOUND('',#9545,.T.);
#9545 = EDGE_LOOP('',(#9546,#9576,#9604,#9632));
#9546 = ORIENTED_EDGE('',*,*,#9547,.T.);
#9547 = EDGE_CURVE('',#9548,#9550,#9552,.T.);
#9548 = VERTEX_POINT('',#9549);
#9549 = CARTESIAN_POINT('',(-19.89073860639,6.750537226068,-9.65));
#9550 = VERTEX_POINT('',#9551);
#9551 = CARTESIAN_POINT('',(-19.5763514666,7.61430879361,-9.65));
#9552 = SURFACE_CURVE('',#9553,(#9557,#9564),.PCURVE_S1.);
#9553 = LINE('',#9554,#9555);
#9554 = CARTESIAN_POINT('',(-19.04950474985,9.061808251411,-9.65));
#9555 = VECTOR('',#9556,1.);
#9556 = DIRECTION('',(0.342020143326,0.939692620786,0.));
#9557 = PCURVE('',#3923,#9558);
#9558 = DEFINITIONAL_REPRESENTATION('',(#9559),#9563);
#9559 = LINE('',#9560,#9561);
#9560 = CARTESIAN_POINT('',(0.8,-2.));
#9561 = VECTOR('',#9562,1.);
#9562 = DIRECTION('',(0.,1.));
#9563 = ( GEOMETRIC_REPRESENTATION_CONTEXT(2) 
PARAMETRIC_REPRESENTATION_CONTEXT() REPRESENTATION_CONTEXT('2D SPACE',''
  ) );
#9564 = PCURVE('',#9565,#9570);
#9565 = PLANE('',#9566);
#9566 = AXIS2_PLACEMENT_3D('',#9567,#9568,#9569);
#9567 = CARTESIAN_POINT('',(-19.50096779588,7.097771817086,-9.65));
#9568 = DIRECTION('',(0.,0.,1.));
#9569 = DIRECTION('',(-0.939692620786,0.342020143326,0.));
#9570 = DEFINITIONAL_REPRESENTATION('',(#9571),#9575);
#9571 = LINE('',#9572,#9573);
#9572 = CARTESIAN_POINT('',(0.247503529849,-2.));
#9573 = VECTOR('',#9574,1.);
#9574 = DIRECTION('',(0.,-1.));
#9575 = ( GEOMETRIC_REPRESENTATION_CONTEXT(2) 
PARAMETRIC_REPRESENTATION_CONTEXT() REPRESENTATION_CONTEXT('2D SPACE',''
  ) );
#9576 = ORIENTED_EDGE('',*,*,#9577,.T.);
#9577 = EDGE_CURVE('',#9550,#9578,#9580,.T.);
#9578 = VERTEX_POINT('',#9579);
#9579 = CARTESIAN_POINT('',(-19.5763514666,7.61430879361,-8.05));
#9580 = SURFACE_CURVE('',#9581,(#9585,#9592),.PCURVE_S1.);
#9581 = LINE('',#9582,#9583);
#9582 = CARTESIAN_POINT('',(-19.5763514666,7.61430879361,-10.05));
#9583 = VECTOR('',#9584,1.);
#9584 = DIRECTION('',(0.,0.,1.));
#9585 = PCURVE('',#3923,#9586);
#9586 = DEFINITIONAL_REPRESENTATION('',(#9587),#9591);
#9587 = LINE('',#9588,#9589);
#9588 = CARTESIAN_POINT('',(0.4,-3.540396748662));
#9589 = VECTOR('',#9590,1.);
#9590 = DIRECTION('',(1.,0.));
#9591 = ( GEOMETRIC_REPRESENTATION_CONTEXT(2) 
PARAMETRIC_REPRESENTATION_CONTEXT() REPRESENTATION_CONTEXT('2D SPACE',''
  ) );
#9592 = PCURVE('',#9593,#9598);
#9593 = PLANE('',#9594);
#9594 = AXIS2_PLACEMENT_3D('',#9595,#9596,#9597);
#9595 = CARTESIAN_POINT('',(-18.88371805616,7.937289057195,-9.65));
#9596 = DIRECTION('',(0.422618261741,-0.906307787037,0.));
#9597 = DIRECTION('',(-0.906307787037,-0.422618261741,0.));
#9598 = DEFINITIONAL_REPRESENTATION('',(#9599),#9603);
#9599 = LINE('',#9600,#9601);
#9600 = CARTESIAN_POINT('',(0.764236411021,0.4));
#9601 = VECTOR('',#9602,1.);
#9602 = DIRECTION('',(0.,-1.));
#9603 = ( GEOMETRIC_REPRESENTATION_CONTEXT(2) 
PARAMETRIC_REPRESENTATION_CONTEXT() REPRESENTATION_CONTEXT('2D SPACE',''
  ) );
#9604 = ORIENTED_EDGE('',*,*,#9605,.F.);
#9605 = EDGE_CURVE('',#9606,#9578,#9608,.T.);
#9606 = VERTEX_POINT('',#9607);
#9607 = CARTESIAN_POINT('',(-19.89073860639,6.750537226068,-8.05));
#9608 = SURFACE_CURVE('',#9609,(#9613,#9620),.PCURVE_S1.);
#9609 = LINE('',#9610,#9611);
#9610 = CARTESIAN_POINT('',(-19.04950474985,9.061808251411,-8.05));
#9611 = VECTOR('',#9612,1.);
#9612 = DIRECTION('',(0.342020143326,0.939692620786,0.));
#9613 = PCURVE('',#3923,#9614);
#9614 = DEFINITIONAL_REPRESENTATION('',(#9615),#9619);
#9615 = LINE('',#9616,#9617);
#9616 = CARTESIAN_POINT('',(2.4,-2.));
#9617 = VECTOR('',#9618,1.);
#9618 = DIRECTION('',(0.,1.));
#9619 = ( GEOMETRIC_REPRESENTATION_CONTEXT(2) 
PARAMETRIC_REPRESENTATION_CONTEXT() REPRESENTATION_CONTEXT('2D SPACE',''
  ) );
#9620 = PCURVE('',#9621,#9626);
#9621 = PLANE('',#9622);
#9622 = AXIS2_PLACEMENT_3D('',#9623,#9624,#9625);
#9623 = CARTESIAN_POINT('',(-19.50096779588,7.097771817086,-8.05));
#9624 = DIRECTION('',(0.,0.,1.));
#9625 = DIRECTION('',(-0.939692620786,0.342020143326,0.));
#9626 = DEFINITIONAL_REPRESENTATION('',(#9627),#9631);
#9627 = LINE('',#9628,#9629);
#9628 = CARTESIAN_POINT('',(0.247503529849,-2.));
#9629 = VECTOR('',#9630,1.);
#9630 = DIRECTION('',(0.,-1.));
#9631 = ( GEOMETRIC_REPRESENTATION_CONTEXT(2) 
PARAMETRIC_REPRESENTATION_CONTEXT() REPRESENTATION_CONTEXT('2D SPACE',''
  ) );
#9632 = ORIENTED_EDGE('',*,*,#9633,.T.);
#9633 = EDGE_CURVE('',#9606,#9548,#9634,.T.);
#9634 = SURFACE_CURVE('',#9635,(#9639,#9646),.PCURVE_S1.);
#9635 = LINE('',#9636,#9637);
#9636 = CARTESIAN_POINT('',(-19.89073860639,6.750537226068,-10.05));
#9637 = VECTOR('',#9638,1.);
#9638 = DIRECTION('',(0.,0.,-1.));
#9639 = PCURVE('',#3923,#9640);
#9640 = DEFINITIONAL_REPRESENTATION('',(#9641),#9645);
#9641 = LINE('',#9642,#9643);
#9642 = CARTESIAN_POINT('',(0.4,-4.459603251337));
#9643 = VECTOR('',#9644,1.);
#9644 = DIRECTION('',(-1.,0.));
#9645 = ( GEOMETRIC_REPRESENTATION_CONTEXT(2) 
PARAMETRIC_REPRESENTATION_CONTEXT() REPRESENTATION_CONTEXT('2D SPACE',''
  ) );
#9646 = PCURVE('',#9647,#9652);
#9647 = PLANE('',#9648);
#9648 = AXIS2_PLACEMENT_3D('',#9649,#9650,#9651);
#9649 = CARTESIAN_POINT('',(-20.16543082027,7.339616579734,-9.65));
#9650 = DIRECTION('',(0.906307787037,0.422618261741,0.));
#9651 = DIRECTION('',(0.422618261741,-0.906307787037,0.));
#9652 = DEFINITIONAL_REPRESENTATION('',(#9653),#9657);
#9653 = LINE('',#9654,#9655);
#9654 = CARTESIAN_POINT('',(0.649977151352,0.4));
#9655 = VECTOR('',#9656,1.);
#9656 = DIRECTION('',(0.,1.));
#9657 = ( GEOMETRIC_REPRESENTATION_CONTEXT(2) 
PARAMETRIC_REPRESENTATION_CONTEXT() REPRESENTATION_CONTEXT('2D SPACE',''
  ) );
#9658 = ADVANCED_FACE('',(#9659),#3950,.T.);
#9659 = FACE_BOUND('',#9660,.T.);
#9660 = EDGE_LOOP('',(#9661,#9662,#9663,#9685));
#9661 = ORIENTED_EDGE('',*,*,#3935,.T.);
#9662 = ORIENTED_EDGE('',*,*,#7460,.T.);
#9663 = ORIENTED_EDGE('',*,*,#9664,.F.);
#9664 = EDGE_CURVE('',#9500,#7433,#9665,.T.);
#9665 = SURFACE_CURVE('',#9666,(#9671,#9678),.PCURVE_S1.);
#9666 = CIRCLE('',#9667,1.5);
#9667 = AXIS2_PLACEMENT_3D('',#9668,#9669,#9670);
#9668 = CARTESIAN_POINT('',(-19.17905646363,4.320161242886,-7.25));
#9669 = DIRECTION('',(0.,-0.,1.));
#9670 = DIRECTION('',(0.342020143326,0.939692620786,0.));
#9671 = PCURVE('',#3950,#9672);
#9672 = DEFINITIONAL_REPRESENTATION('',(#9673),#9677);
#9673 = LINE('',#9674,#9675);
#9674 = CARTESIAN_POINT('',(-1.570796326795,3.2));
#9675 = VECTOR('',#9676,1.);
#9676 = DIRECTION('',(1.,0.));
#9677 = ( GEOMETRIC_REPRESENTATION_CONTEXT(2) 
PARAMETRIC_REPRESENTATION_CONTEXT() REPRESENTATION_CONTEXT('2D SPACE',''
  ) );
#9678 = PCURVE('',#7448,#9679);
#9679 = DEFINITIONAL_REPRESENTATION('',(#9680),#9684);
#9680 = CIRCLE('',#9681,1.5);
#9681 = AXIS2_PLACEMENT_2D('',#9682,#9683);
#9682 = CARTESIAN_POINT('',(5.5,6.5));
#9683 = DIRECTION('',(0.,-1.));
#9684 = ( GEOMETRIC_REPRESENTATION_CONTEXT(2) 
PARAMETRIC_REPRESENTATION_CONTEXT() REPRESENTATION_CONTEXT('2D SPACE',''
  ) );
#9685 = ORIENTED_EDGE('',*,*,#9524,.F.);
#9686 = ADVANCED_FACE('',(#9687),#4051,.F.);
#9687 = FACE_BOUND('',#9688,.T.);
#9688 = EDGE_LOOP('',(#9689,#9690,#9691,#9713,#9714,#9715,#9737,#9738,
    #9739));
#9689 = ORIENTED_EDGE('',*,*,#4034,.F.);
#9690 = ORIENTED_EDGE('',*,*,#4669,.F.);
#9691 = ORIENTED_EDGE('',*,*,#9692,.T.);
#9692 = EDGE_CURVE('',#4642,#5013,#9693,.T.);
#9693 = SURFACE_CURVE('',#9694,(#9699,#9706),.PCURVE_S1.);
#9694 = CIRCLE('',#9695,14.);
#9695 = AXIS2_PLACEMENT_3D('',#9696,#9697,#9698);
#9696 = CARTESIAN_POINT('',(6.157774285068E-14,5.276109386373E-14,0.));
#9697 = DIRECTION('',(0.,-0.,1.));
#9698 = DIRECTION('',(0.766044443119,0.642787609687,0.));
#9699 = PCURVE('',#4051,#9700);
#9700 = DEFINITIONAL_REPRESENTATION('',(#9701),#9705);
#9701 = LINE('',#9702,#9703);
#9702 = CARTESIAN_POINT('',(-0.,-10.45));
#9703 = VECTOR('',#9704,1.);
#9704 = DIRECTION('',(-1.,0.));
#9705 = ( GEOMETRIC_REPRESENTATION_CONTEXT(2) 
PARAMETRIC_REPRESENTATION_CONTEXT() REPRESENTATION_CONTEXT('2D SPACE',''
  ) );
#9706 = PCURVE('',#4657,#9707);
#9707 = DEFINITIONAL_REPRESENTATION('',(#9708),#9712);
#9708 = CIRCLE('',#9709,14.);
#9709 = AXIS2_PLACEMENT_2D('',#9710,#9711);
#9710 = CARTESIAN_POINT('',(-5.,1.5));
#9711 = DIRECTION('',(1.,0.));
#9712 = ( GEOMETRIC_REPRESENTATION_CONTEXT(2) 
PARAMETRIC_REPRESENTATION_CONTEXT() REPRESENTATION_CONTEXT('2D SPACE',''
  ) );
#9713 = ORIENTED_EDGE('',*,*,#5048,.T.);
#9714 = ORIENTED_EDGE('',*,*,#5072,.T.);
#9715 = ORIENTED_EDGE('',*,*,#9716,.T.);
#9716 = EDGE_CURVE('',#5073,#5133,#9717,.T.);
#9717 = SURFACE_CURVE('',#9718,(#9723,#9730),.PCURVE_S1.);
#9718 = CIRCLE('',#9719,14.);
#9719 = AXIS2_PLACEMENT_3D('',#9720,#9721,#9722);
#9720 = CARTESIAN_POINT('',(6.157774285068E-14,5.276109386373E-14,0.));
#9721 = DIRECTION('',(0.,-0.,1.));
#9722 = DIRECTION('',(0.766044443119,0.642787609687,0.));
#9723 = PCURVE('',#4051,#9724);
#9724 = DEFINITIONAL_REPRESENTATION('',(#9725),#9729);
#9725 = LINE('',#9726,#9727);
#9726 = CARTESIAN_POINT('',(-0.,-10.45));
#9727 = VECTOR('',#9728,1.);
#9728 = DIRECTION('',(-1.,0.));
#9729 = ( GEOMETRIC_REPRESENTATION_CONTEXT(2) 
PARAMETRIC_REPRESENTATION_CONTEXT() REPRESENTATION_CONTEXT('2D SPACE',''
  ) );
#9730 = PCURVE('',#4657,#9731);
#9731 = DEFINITIONAL_REPRESENTATION('',(#9732),#9736);
#9732 = CIRCLE('',#9733,14.);
#9733 = AXIS2_PLACEMENT_2D('',#9734,#9735);
#9734 = CARTESIAN_POINT('',(-5.,1.5));
#9735 = DIRECTION('',(1.,0.));
#9736 = ( GEOMETRIC_REPRESENTATION_CONTEXT(2) 
PARAMETRIC_REPRESENTATION_CONTEXT() REPRESENTATION_CONTEXT('2D SPACE',''
  ) );
#9737 = ORIENTED_EDGE('',*,*,#5270,.T.);
#9738 = ORIENTED_EDGE('',*,*,#4272,.T.);
#9739 = ORIENTED_EDGE('',*,*,#4546,.T.);
#9740 = ADVANCED_FACE('',(#9741),#4103,.F.);
#9741 = FACE_BOUND('',#9742,.T.);
#9742 = EDGE_LOOP('',(#9743,#9744,#9767,#9791,#9812,#9813,#9814,#9815));
#9743 = ORIENTED_EDGE('',*,*,#4086,.F.);
#9744 = ORIENTED_EDGE('',*,*,#9745,.T.);
#9745 = EDGE_CURVE('',#4087,#9746,#9748,.T.);
#9746 = VERTEX_POINT('',#9747);
#9747 = CARTESIAN_POINT('',(3.370595549724,2.828265482621,0.));
#9748 = SEAM_CURVE('',#9749,(#9753,#9760),.PCURVE_S1.);
#9749 = LINE('',#9750,#9751);
#9750 = CARTESIAN_POINT('',(3.370595549724,2.828265482621,-10.45));
#9751 = VECTOR('',#9752,1.);
#9752 = DIRECTION('',(0.,0.,1.));
#9753 = PCURVE('',#4103,#9754);
#9754 = DEFINITIONAL_REPRESENTATION('',(#9755),#9759);
#9755 = LINE('',#9756,#9757);
#9756 = CARTESIAN_POINT('',(-0.,0.));
#9757 = VECTOR('',#9758,1.);
#9758 = DIRECTION('',(-0.,-1.));
#9759 = ( GEOMETRIC_REPRESENTATION_CONTEXT(2) 
PARAMETRIC_REPRESENTATION_CONTEXT() REPRESENTATION_CONTEXT('2D SPACE',''
  ) );
#9760 = PCURVE('',#4103,#9761);
#9761 = DEFINITIONAL_REPRESENTATION('',(#9762),#9766);
#9762 = LINE('',#9763,#9764);
#9763 = CARTESIAN_POINT('',(-6.28318530718,0.));
#9764 = VECTOR('',#9765,1.);
#9765 = DIRECTION('',(-0.,-1.));
#9766 = ( GEOMETRIC_REPRESENTATION_CONTEXT(2) 
PARAMETRIC_REPRESENTATION_CONTEXT() REPRESENTATION_CONTEXT('2D SPACE',''
  ) );
#9767 = ORIENTED_EDGE('',*,*,#9768,.T.);
#9768 = EDGE_CURVE('',#9746,#9769,#9771,.T.);
#9769 = VERTEX_POINT('',#9770);
#9770 = CARTESIAN_POINT('',(4.4,8.083136949486E-14,0.));
#9771 = SEAM_CURVE('',#9772,(#9777,#9784),.PCURVE_S1.);
#9772 = CIRCLE('',#9773,4.4);
#9773 = AXIS2_PLACEMENT_3D('',#9774,#9775,#9776);
#9774 = CARTESIAN_POINT('',(2.84217094304E-14,5.181040781584E-16,0.));
#9775 = DIRECTION('',(0.,0.,-1.));
#9776 = DIRECTION('',(0.766044443119,0.642787609687,0.));
#9777 = PCURVE('',#4103,#9778);
#9778 = DEFINITIONAL_REPRESENTATION('',(#9779),#9783);
#9779 = LINE('',#9780,#9781);
#9780 = CARTESIAN_POINT('',(-4.218847493576E-15,-10.45));
#9781 = VECTOR('',#9782,1.);
#9782 = DIRECTION('',(1.,-0.));
#9783 = ( GEOMETRIC_REPRESENTATION_CONTEXT(2) 
PARAMETRIC_REPRESENTATION_CONTEXT() REPRESENTATION_CONTEXT('2D SPACE',''
  ) );
#9784 = PCURVE('',#4103,#9785);
#9785 = DEFINITIONAL_REPRESENTATION('',(#9786),#9790);
#9786 = LINE('',#9787,#9788);
#9787 = CARTESIAN_POINT('',(-6.28318530718,-10.45));
#9788 = VECTOR('',#9789,1.);
#9789 = DIRECTION('',(1.,-0.));
#9790 = ( GEOMETRIC_REPRESENTATION_CONTEXT(2) 
PARAMETRIC_REPRESENTATION_CONTEXT() REPRESENTATION_CONTEXT('2D SPACE',''
  ) );
#9791 = ORIENTED_EDGE('',*,*,#9792,.T.);
#9792 = EDGE_CURVE('',#9769,#5490,#9793,.T.);
#9793 = SEAM_CURVE('',#9794,(#9798,#9805),.PCURVE_S1.);
#9794 = LINE('',#9795,#9796);
#9795 = CARTESIAN_POINT('',(4.4,0.,-14.7));
#9796 = VECTOR('',#9797,1.);
#9797 = DIRECTION('',(0.,0.,1.));
#9798 = PCURVE('',#4103,#9799);
#9799 = DEFINITIONAL_REPRESENTATION('',(#9800),#9804);
#9800 = LINE('',#9801,#9802);
#9801 = CARTESIAN_POINT('',(0.698131700798,4.25));
#9802 = VECTOR('',#9803,1.);
#9803 = DIRECTION('',(-0.,-1.));
#9804 = ( GEOMETRIC_REPRESENTATION_CONTEXT(2) 
PARAMETRIC_REPRESENTATION_CONTEXT() REPRESENTATION_CONTEXT('2D SPACE',''
  ) );
#9805 = PCURVE('',#4103,#9806);
#9806 = DEFINITIONAL_REPRESENTATION('',(#9807),#9811);
#9807 = LINE('',#9808,#9809);
#9808 = CARTESIAN_POINT('',(-5.585053606382,4.25));
#9809 = VECTOR('',#9810,1.);
#9810 = DIRECTION('',(-0.,-1.));
#9811 = ( GEOMETRIC_REPRESENTATION_CONTEXT(2) 
PARAMETRIC_REPRESENTATION_CONTEXT() REPRESENTATION_CONTEXT('2D SPACE',''
  ) );
#9812 = ORIENTED_EDGE('',*,*,#5489,.F.);
#9813 = ORIENTED_EDGE('',*,*,#9792,.F.);
#9814 = ORIENTED_EDGE('',*,*,#9768,.F.);
#9815 = ORIENTED_EDGE('',*,*,#9745,.F.);
#9816 = ADVANCED_FACE('',(#9817),#4158,.F.);
#9817 = FACE_BOUND('',#9818,.T.);
#9818 = EDGE_LOOP('',(#9819,#9820,#9821,#9822,#9844));
#9819 = ORIENTED_EDGE('',*,*,#4141,.F.);
#9820 = ORIENTED_EDGE('',*,*,#5720,.F.);
#9821 = ORIENTED_EDGE('',*,*,#5865,.T.);
#9822 = ORIENTED_EDGE('',*,*,#9823,.T.);
#9823 = EDGE_CURVE('',#5825,#5644,#9824,.T.);
#9824 = SURFACE_CURVE('',#9825,(#9830,#9837),.PCURVE_S1.);
#9825 = CIRCLE('',#9826,14.);
#9826 = AXIS2_PLACEMENT_3D('',#9827,#9828,#9829);
#9827 = CARTESIAN_POINT('',(6.157774285068E-14,5.276109386373E-14,0.));
#9828 = DIRECTION('',(0.,-0.,1.));
#9829 = DIRECTION('',(0.766044443119,0.642787609687,0.));
#9830 = PCURVE('',#4158,#9831);
#9831 = DEFINITIONAL_REPRESENTATION('',(#9832),#9836);
#9832 = LINE('',#9833,#9834);
#9833 = CARTESIAN_POINT('',(-0.,-10.45));
#9834 = VECTOR('',#9835,1.);
#9835 = DIRECTION('',(-1.,0.));
#9836 = ( GEOMETRIC_REPRESENTATION_CONTEXT(2) 
PARAMETRIC_REPRESENTATION_CONTEXT() REPRESENTATION_CONTEXT('2D SPACE',''
  ) );
#9837 = PCURVE('',#5659,#9838);
#9838 = DEFINITIONAL_REPRESENTATION('',(#9839),#9843);
#9839 = CIRCLE('',#9840,14.);
#9840 = AXIS2_PLACEMENT_2D('',#9841,#9842);
#9841 = CARTESIAN_POINT('',(6.203355622819E-14,5.27781165348E-14));
#9842 = DIRECTION('',(0.766044443119,0.642787609687));
#9843 = ( GEOMETRIC_REPRESENTATION_CONTEXT(2) 
PARAMETRIC_REPRESENTATION_CONTEXT() REPRESENTATION_CONTEXT('2D SPACE',''
  ) );
#9844 = ORIENTED_EDGE('',*,*,#5671,.T.);
#9845 = ADVANCED_FACE('',(#9846),#4528,.T.);
#9846 = FACE_BOUND('',#9847,.T.);
#9847 = EDGE_LOOP('',(#9848,#9871,#9872,#9873));
#9848 = ORIENTED_EDGE('',*,*,#9849,.F.);
#9849 = EDGE_CURVE('',#8320,#9850,#9852,.T.);
#9850 = VERTEX_POINT('',#9851);
#9851 = CARTESIAN_POINT('',(4.429230649856,-16.4812595347,-7.25));
#9852 = SURFACE_CURVE('',#9853,(#9857,#9864),.PCURVE_S1.);
#9853 = LINE('',#9854,#9855);
#9854 = CARTESIAN_POINT('',(3.126869317354,-9.095201387116,-7.25));
#9855 = VECTOR('',#9856,1.);
#9856 = DIRECTION('',(0.173648177667,-0.984807753012,0.));
#9857 = PCURVE('',#4528,#9858);
#9858 = DEFINITIONAL_REPRESENTATION('',(#9859),#9863);
#9859 = LINE('',#9860,#9861);
#9860 = CARTESIAN_POINT('',(3.2,4.5));
#9861 = VECTOR('',#9862,1.);
#9862 = DIRECTION('',(0.,1.));
#9863 = ( GEOMETRIC_REPRESENTATION_CONTEXT(2) 
PARAMETRIC_REPRESENTATION_CONTEXT() REPRESENTATION_CONTEXT('2D SPACE',''
  ) );
#9864 = PCURVE('',#7684,#9865);
#9865 = DEFINITIONAL_REPRESENTATION('',(#9866),#9870);
#9866 = LINE('',#9867,#9868);
#9867 = CARTESIAN_POINT('',(-4.5,5.5));
#9868 = VECTOR('',#9869,1.);
#9869 = DIRECTION('',(1.,0.));
#9870 = ( GEOMETRIC_REPRESENTATION_CONTEXT(2) 
PARAMETRIC_REPRESENTATION_CONTEXT() REPRESENTATION_CONTEXT('2D SPACE',''
  ) );
#9871 = ORIENTED_EDGE('',*,*,#8343,.F.);
#9872 = ORIENTED_EDGE('',*,*,#4514,.T.);
#9873 = ORIENTED_EDGE('',*,*,#9874,.F.);
#9874 = EDGE_CURVE('',#9850,#4487,#9875,.T.);
#9875 = SURFACE_CURVE('',#9876,(#9880,#9887),.PCURVE_S1.);
#9876 = LINE('',#9877,#9878);
#9877 = CARTESIAN_POINT('',(4.429230649856,-16.4812595347,-10.45));
#9878 = VECTOR('',#9879,1.);
#9879 = DIRECTION('',(0.,0.,1.));
#9880 = PCURVE('',#4528,#9881);
#9881 = DEFINITIONAL_REPRESENTATION('',(#9882),#9886);
#9882 = LINE('',#9883,#9884);
#9883 = CARTESIAN_POINT('',(0.,12.));
#9884 = VECTOR('',#9885,1.);
#9885 = DIRECTION('',(1.,0.));
#9886 = ( GEOMETRIC_REPRESENTATION_CONTEXT(2) 
PARAMETRIC_REPRESENTATION_CONTEXT() REPRESENTATION_CONTEXT('2D SPACE',''
  ) );
#9887 = PCURVE('',#4502,#9888);
#9888 = DEFINITIONAL_REPRESENTATION('',(#9889),#9893);
#9889 = LINE('',#9890,#9891);
#9890 = CARTESIAN_POINT('',(0.,-3.));
#9891 = VECTOR('',#9892,1.);
#9892 = DIRECTION('',(1.,0.));
#9893 = ( GEOMETRIC_REPRESENTATION_CONTEXT(2) 
PARAMETRIC_REPRESENTATION_CONTEXT() REPRESENTATION_CONTEXT('2D SPACE',''
  ) );
#9894 = ADVANCED_FACE('',(#9895),#4502,.T.);
#9895 = FACE_BOUND('',#9896,.T.);
#9896 = EDGE_LOOP('',(#9897,#9898,#9921,#9942));
#9897 = ORIENTED_EDGE('',*,*,#4486,.F.);
#9898 = ORIENTED_EDGE('',*,*,#9899,.F.);
#9899 = EDGE_CURVE('',#9900,#4459,#9902,.T.);
#9900 = VERTEX_POINT('',#9901);
#9901 = CARTESIAN_POINT('',(1.474807390819,-17.0022040677,-7.25));
#9902 = SURFACE_CURVE('',#9903,(#9907,#9914),.PCURVE_S1.);
#9903 = LINE('',#9904,#9905);
#9904 = CARTESIAN_POINT('',(1.474807390819,-17.0022040677,-10.45));
#9905 = VECTOR('',#9906,1.);
#9906 = DIRECTION('',(0.,0.,1.));
#9907 = PCURVE('',#4502,#9908);
#9908 = DEFINITIONAL_REPRESENTATION('',(#9909),#9913);
#9909 = LINE('',#9910,#9911);
#9910 = CARTESIAN_POINT('',(0.,0.));
#9911 = VECTOR('',#9912,1.);
#9912 = DIRECTION('',(1.,0.));
#9913 = ( GEOMETRIC_REPRESENTATION_CONTEXT(2) 
PARAMETRIC_REPRESENTATION_CONTEXT() REPRESENTATION_CONTEXT('2D SPACE',''
  ) );
#9914 = PCURVE('',#4474,#9915);
#9915 = DEFINITIONAL_REPRESENTATION('',(#9916),#9920);
#9916 = LINE('',#9917,#9918);
#9917 = CARTESIAN_POINT('',(0.,12.));
#9918 = VECTOR('',#9919,1.);
#9919 = DIRECTION('',(1.,0.));
#9920 = ( GEOMETRIC_REPRESENTATION_CONTEXT(2) 
PARAMETRIC_REPRESENTATION_CONTEXT() REPRESENTATION_CONTEXT('2D SPACE',''
  ) );
#9921 = ORIENTED_EDGE('',*,*,#9922,.F.);
#9922 = EDGE_CURVE('',#9850,#9900,#9923,.T.);
#9923 = SURFACE_CURVE('',#9924,(#9928,#9935),.PCURVE_S1.);
#9924 = LINE('',#9925,#9926);
#9925 = CARTESIAN_POINT('',(0.243797699554,-17.21926428979,-7.25));
#9926 = VECTOR('',#9927,1.);
#9927 = DIRECTION('',(-0.984807753012,-0.173648177667,0.));
#9928 = PCURVE('',#4502,#9929);
#9929 = DEFINITIONAL_REPRESENTATION('',(#9930),#9934);
#9930 = LINE('',#9931,#9932);
#9931 = CARTESIAN_POINT('',(3.2,1.25));
#9932 = VECTOR('',#9933,1.);
#9933 = DIRECTION('',(0.,1.));
#9934 = ( GEOMETRIC_REPRESENTATION_CONTEXT(2) 
PARAMETRIC_REPRESENTATION_CONTEXT() REPRESENTATION_CONTEXT('2D SPACE',''
  ) );
#9935 = PCURVE('',#7684,#9936);
#9936 = DEFINITIONAL_REPRESENTATION('',(#9937),#9941);
#9937 = LINE('',#9938,#9939);
#9938 = CARTESIAN_POINT('',(3.,1.25));
#9939 = VECTOR('',#9940,1.);
#9940 = DIRECTION('',(0.,-1.));
#9941 = ( GEOMETRIC_REPRESENTATION_CONTEXT(2) 
PARAMETRIC_REPRESENTATION_CONTEXT() REPRESENTATION_CONTEXT('2D SPACE',''
  ) );
#9942 = ORIENTED_EDGE('',*,*,#9874,.T.);
#9943 = ADVANCED_FACE('',(#9944),#4474,.F.);
#9944 = FACE_BOUND('',#9945,.F.);
#9945 = EDGE_LOOP('',(#9946,#9967,#9968,#9969));
#9946 = ORIENTED_EDGE('',*,*,#9947,.F.);
#9947 = EDGE_CURVE('',#7645,#9900,#9948,.T.);
#9948 = SURFACE_CURVE('',#9949,(#9953,#9960),.PCURVE_S1.);
#9949 = LINE('',#9950,#9951);
#9950 = CARTESIAN_POINT('',(0.172446058318,-9.616145920116,-7.25));
#9951 = VECTOR('',#9952,1.);
#9952 = DIRECTION('',(0.173648177667,-0.984807753012,0.));
#9953 = PCURVE('',#4474,#9954);
#9954 = DEFINITIONAL_REPRESENTATION('',(#9955),#9959);
#9955 = LINE('',#9956,#9957);
#9956 = CARTESIAN_POINT('',(3.2,4.5));
#9957 = VECTOR('',#9958,1.);
#9958 = DIRECTION('',(0.,1.));
#9959 = ( GEOMETRIC_REPRESENTATION_CONTEXT(2) 
PARAMETRIC_REPRESENTATION_CONTEXT() REPRESENTATION_CONTEXT('2D SPACE',''
  ) );
#9960 = PCURVE('',#7684,#9961);
#9961 = DEFINITIONAL_REPRESENTATION('',(#9962),#9966);
#9962 = LINE('',#9963,#9964);
#9963 = CARTESIAN_POINT('',(-4.5,2.5));
#9964 = VECTOR('',#9965,1.);
#9965 = DIRECTION('',(1.,0.));
#9966 = ( GEOMETRIC_REPRESENTATION_CONTEXT(2) 
PARAMETRIC_REPRESENTATION_CONTEXT() REPRESENTATION_CONTEXT('2D SPACE',''
  ) );
#9967 = ORIENTED_EDGE('',*,*,#7644,.F.);
#9968 = ORIENTED_EDGE('',*,*,#4458,.T.);
#9969 = ORIENTED_EDGE('',*,*,#9899,.F.);
#9970 = ADVANCED_FACE('',(#9971),#4330,.T.);
#9971 = FACE_BOUND('',#9972,.T.);
#9972 = EDGE_LOOP('',(#9973,#10001,#10040,#10041,#10042,#10043,#10044,
    #10070,#10071,#10072));
#9973 = ORIENTED_EDGE('',*,*,#9974,.F.);
#9974 = EDGE_CURVE('',#9975,#6102,#9977,.T.);
#9975 = VERTEX_POINT('',#9976);
#9976 = CARTESIAN_POINT('',(-61.,7.470345474799E-15,0.));
#9977 = SURFACE_CURVE('',#9978,(#9987,#9994),.PCURVE_S1.);
#9978 = ( BOUNDED_CURVE() B_SPLINE_CURVE(7,(#9979,#9980,#9981,#9982,
    #9983,#9984,#9985,#9986),.UNSPECIFIED.,.F.,.F.) 
B_SPLINE_CURVE_WITH_KNOTS((8,8),(0.,1.),.PIECEWISE_BEZIER_KNOTS.) CURVE(
) GEOMETRIC_REPRESENTATION_ITEM() RATIONAL_B_SPLINE_CURVE((1.,1.,1.,1.,
1.,1.,1.,1.)) REPRESENTATION_ITEM('') );
#9979 = CARTESIAN_POINT('',(-61.,1.45757728324E-14,0.));
#9980 = CARTESIAN_POINT('',(-61.00000144423,-9.125579394057,
    10.000000000003));
#9981 = CARTESIAN_POINT('',(-59.40727962635,-18.25115413057,
    19.99999999999));
#9982 = CARTESIAN_POINT('',(-56.22187576929,-27.04316702953,
    30.000000000016));
#9983 = CARTESIAN_POINT('',(-51.53100753099,-35.16798914984,
    39.999999999985));
#9984 = CARTESIAN_POINT('',(-45.50960293865,-42.32263626086,
    50.000000000008));
#9985 = CARTESIAN_POINT('',(-38.40298430162,-48.26476118456,
    59.999999999998));
#9986 = CARTESIAN_POINT('',(-30.5,-52.82754963085,70.));
#9987 = PCURVE('',#4330,#9988);
#9988 = DEFINITIONAL_REPRESENTATION('',(#9989),#9993);
#9989 = LINE('',#9990,#9991);
#9990 = CARTESIAN_POINT('',(0.,0.));
#9991 = VECTOR('',#9992,1.);
#9992 = DIRECTION('',(0.,1.));
#9993 = ( GEOMETRIC_REPRESENTATION_CONTEXT(2) 
PARAMETRIC_REPRESENTATION_CONTEXT() REPRESENTATION_CONTEXT('2D SPACE',''
  ) );
#9994 = PCURVE('',#6176,#9995);
#9995 = DEFINITIONAL_REPRESENTATION('',(#9996),#10000);
#9996 = LINE('',#9997,#9998);
#9997 = CARTESIAN_POINT('',(6.,0.));
#9998 = VECTOR('',#9999,1.);
#9999 = DIRECTION('',(0.,1.));
#10000 = ( GEOMETRIC_REPRESENTATION_CONTEXT(2) 
PARAMETRIC_REPRESENTATION_CONTEXT() REPRESENTATION_CONTEXT('2D SPACE',''
  ) );
#10001 = ORIENTED_EDGE('',*,*,#10002,.T.);
#10002 = EDGE_CURVE('',#9975,#4297,#10003,.T.);
#10003 = SURFACE_CURVE('',#10004,(#10017,#10024),.PCURVE_S1.);
#10004 = B_SPLINE_CURVE_WITH_KNOTS('',11,(#10005,#10006,#10007,#10008,
    #10009,#10010,#10011,#10012,#10013,#10014,#10015,#10016),
  .UNSPECIFIED.,.F.,.F.,(12,12),(0.,1.),.PIECEWISE_BEZIER_KNOTS.);
#10005 = CARTESIAN_POINT('',(-61.,1.45757728324E-14,0.));
#10006 = CARTESIAN_POINT('',(-61.,-7.139983303613,0.));
#10007 = CARTESIAN_POINT('',(-58.75690804457,-14.27996604905,0.));
#10008 = CARTESIAN_POINT('',(-54.27072466129,-20.63696687192,0.));
#10009 = CARTESIAN_POINT('',(-47.84892492625,-25.42797286055,0.));
#10010 = CARTESIAN_POINT('',(-40.1064780097,-28.00807676485,0.));
#10011 = CARTESIAN_POINT('',(-31.89352199029,-28.00807676487,0.));
#10012 = CARTESIAN_POINT('',(-24.15107507375,-25.42797286054,0.));
#10013 = CARTESIAN_POINT('',(-17.7292753387,-20.63696687192,0.));
#10014 = CARTESIAN_POINT('',(-13.24309195542,-14.27996604905,0.));
#10015 = CARTESIAN_POINT('',(-11.,-7.139983303614,0.));
#10016 = CARTESIAN_POINT('',(-11.,-5.758315878539E-15,0.));
#10017 = PCURVE('',#4330,#10018);
#10018 = DEFINITIONAL_REPRESENTATION('',(#10019),#10023);
#10019 = LINE('',#10020,#10021);
#10020 = CARTESIAN_POINT('',(0.,0.));
#10021 = VECTOR('',#10022,1.);
#10022 = DIRECTION('',(1.,0.));
#10023 = ( GEOMETRIC_REPRESENTATION_CONTEXT(2) 
PARAMETRIC_REPRESENTATION_CONTEXT() REPRESENTATION_CONTEXT('2D SPACE',''
  ) );
#10024 = PCURVE('',#7631,#10025);
#10025 = DEFINITIONAL_REPRESENTATION('',(#10026),#10039);
#10026 = B_SPLINE_CURVE_WITH_KNOTS('',11,(#10027,#10028,#10029,#10030,
    #10031,#10032,#10033,#10034,#10035,#10036,#10037,#10038),
  .UNSPECIFIED.,.F.,.F.,(12,12),(0.,1.),.PIECEWISE_BEZIER_KNOTS.);
#10027 = CARTESIAN_POINT('',(-61.,1.459279550347E-14));
#10028 = CARTESIAN_POINT('',(-61.,-7.139983303613));
#10029 = CARTESIAN_POINT('',(-58.75690804457,-14.27996604905));
#10030 = CARTESIAN_POINT('',(-54.27072466129,-20.63696687192));
#10031 = CARTESIAN_POINT('',(-47.84892492625,-25.42797286055));
#10032 = CARTESIAN_POINT('',(-40.1064780097,-28.00807676485));
#10033 = CARTESIAN_POINT('',(-31.89352199029,-28.00807676487));
#10034 = CARTESIAN_POINT('',(-24.15107507375,-25.42797286054));
#10035 = CARTESIAN_POINT('',(-17.7292753387,-20.63696687192));
#10036 = CARTESIAN_POINT('',(-13.24309195542,-14.27996604905));
#10037 = CARTESIAN_POINT('',(-11.,-7.139983303614));
#10038 = CARTESIAN_POINT('',(-11.,-5.741293207466E-15));
#10039 = ( GEOMETRIC_REPRESENTATION_CONTEXT(2) 
PARAMETRIC_REPRESENTATION_CONTEXT() REPRESENTATION_CONTEXT('2D SPACE',''
  ) );
#10040 = ORIENTED_EDGE('',*,*,#4296,.T.);
#10041 = ORIENTED_EDGE('',*,*,#5292,.T.);
#10042 = ORIENTED_EDGE('',*,*,#5334,.F.);
#10043 = ORIENTED_EDGE('',*,*,#5455,.F.);
#10044 = ORIENTED_EDGE('',*,*,#10045,.T.);
#10045 = EDGE_CURVE('',#5427,#6719,#10046,.T.);
#10046 = SURFACE_CURVE('',#10047,(#10056,#10063),.PCURVE_S1.);
#10047 = ( BOUNDED_CURVE() B_SPLINE_CURVE(7,(#10048,#10049,#10050,#10051
    ,#10052,#10053,#10054,#10055),.UNSPECIFIED.,.F.,.F.) 
B_SPLINE_CURVE_WITH_KNOTS((8,8),(0.,1.),.PIECEWISE_BEZIER_KNOTS.) CURVE(
) GEOMETRIC_REPRESENTATION_ITEM() RATIONAL_B_SPLINE_CURVE((1.,1.,1.,1.,
1.,1.,1.,1.)) REPRESENTATION_ITEM('') );
#10048 = CARTESIAN_POINT('',(-11.,-5.758315878539E-15,0.));
#10049 = CARTESIAN_POINT('',(-11.00000026043,-1.645596284175,
    10.000000000003));
#10050 = CARTESIAN_POINT('',(-10.71278812934,-3.291191728462,
    19.99999999999));
#10051 = CARTESIAN_POINT('',(-10.13837104036,-4.87663667746,
    30.000000000016));
#10052 = CARTESIAN_POINT('',(-9.292476767883,-6.341768535215,
    39.999999999985));
#10053 = CARTESIAN_POINT('',(-8.206649710249,-7.631950801142,
    50.000000000008));
#10054 = CARTESIAN_POINT('',(-6.925128316686,-8.703481525085,
    59.999999999998));
#10055 = CARTESIAN_POINT('',(-5.5,-9.526279441629,70.));
#10056 = PCURVE('',#4330,#10057);
#10057 = DEFINITIONAL_REPRESENTATION('',(#10058),#10062);
#10058 = LINE('',#10059,#10060);
#10059 = CARTESIAN_POINT('',(1.,0.));
#10060 = VECTOR('',#10061,1.);
#10061 = DIRECTION('',(0.,1.));
#10062 = ( GEOMETRIC_REPRESENTATION_CONTEXT(2) 
PARAMETRIC_REPRESENTATION_CONTEXT() REPRESENTATION_CONTEXT('2D SPACE',''
  ) );
#10063 = PCURVE('',#4769,#10064);
#10064 = DEFINITIONAL_REPRESENTATION('',(#10065),#10069);
#10065 = LINE('',#10066,#10067);
#10066 = CARTESIAN_POINT('',(1.,0.));
#10067 = VECTOR('',#10068,1.);
#10068 = DIRECTION('',(0.,1.));
#10069 = ( GEOMETRIC_REPRESENTATION_CONTEXT(2) 
PARAMETRIC_REPRESENTATION_CONTEXT() REPRESENTATION_CONTEXT('2D SPACE',''
  ) );
#10070 = ORIENTED_EDGE('',*,*,#6753,.T.);
#10071 = ORIENTED_EDGE('',*,*,#7378,.T.);
#10072 = ORIENTED_EDGE('',*,*,#6101,.F.);
#10073 = ADVANCED_FACE('',(#10074),#4657,.T.);
#10074 = FACE_BOUND('',#10075,.T.);
#10075 = EDGE_LOOP('',(#10076,#10115,#10116,#10139,#10167,#10188,#10189,
    #10228,#10229,#10250,#10284,#10305,#10324,#10325));
#10076 = ORIENTED_EDGE('',*,*,#10077,.F.);
#10077 = EDGE_CURVE('',#9090,#4619,#10078,.T.);
#10078 = SURFACE_CURVE('',#10079,(#10092,#10108),.PCURVE_S1.);
#10079 = B_SPLINE_CURVE_WITH_KNOTS('',11,(#10080,#10081,#10082,#10083,
    #10084,#10085,#10086,#10087,#10088,#10089,#10090,#10091),
  .UNSPECIFIED.,.F.,.F.,(12,12),(3.,4.),.PIECEWISE_BEZIER_KNOTS.);
#10080 = CARTESIAN_POINT('',(23.6,55.907423478461,0.));
#10081 = CARTESIAN_POINT('',(17.707970103735,53.335930812121,0.));
#10082 = CARTESIAN_POINT('',(12.114047977644,50.081387073173,0.));
#10083 = CARTESIAN_POINT('',(6.906217145303,46.182191911162,0.));
#10084 = CARTESIAN_POINT('',(2.166895070903,41.689492372125,0.));
#10085 = CARTESIAN_POINT('',(-2.029174432219,36.666266305508,0.));
#10086 = CARTESIAN_POINT('',(-5.616857932168,31.185989236155,0.));
#10087 = CARTESIAN_POINT('',(-8.542292867548,25.330937585638,0.));
#10088 = CARTESIAN_POINT('',(-10.76419118025,19.190197340281,0.));
#10089 = CARTESIAN_POINT('',(-12.25473024318,12.857463476331,0.));
#10090 = CARTESIAN_POINT('',(-13.,6.428731665852,0.));
#10091 = CARTESIAN_POINT('',(-13.,-1.960672839909E-15,0.));
#10092 = PCURVE('',#4657,#10093);
#10093 = DEFINITIONAL_REPRESENTATION('',(#10094),#10107);
#10094 = B_SPLINE_CURVE_WITH_KNOTS('',11,(#10095,#10096,#10097,#10098,
    #10099,#10100,#10101,#10102,#10103,#10104,#10105,#10106),
  .UNSPECIFIED.,.F.,.F.,(12,12),(3.,4.),.PIECEWISE_BEZIER_KNOTS.);
#10095 = CARTESIAN_POINT('',(49.015247959061,29.157783496172));
#10096 = CARTESIAN_POINT('',(42.848767574013,30.975229641823));
#10097 = CARTESIAN_POINT('',(36.471594223502,32.077808327917));
#10098 = CARTESIAN_POINT('',(29.975810015793,32.438380673794));
#10099 = CARTESIAN_POINT('',(23.457427078811,32.04315066505));
#10100 = CARTESIAN_POINT('',(17.014183876727,30.892317736178));
#10101 = CARTESIAN_POINT('',(10.743204670092,29.000300441692));
#10102 = CARTESIAN_POINT('',(4.738636839111,26.395503990046));
#10103 = CARTESIAN_POINT('',(-0.910627760532,23.119632753843));
#10104 = CARTESIAN_POINT('',(-6.123049790129,19.226577209017));
#10105 = CARTESIAN_POINT('',(-10.82626869973,14.780933094854));
#10106 = CARTESIAN_POINT('',(-14.95857776054,9.856238925925));
#10107 = ( GEOMETRIC_REPRESENTATION_CONTEXT(2) 
PARAMETRIC_REPRESENTATION_CONTEXT() REPRESENTATION_CONTEXT('2D SPACE',''
  ) );
#10108 = PCURVE('',#4908,#10109);
#10109 = DEFINITIONAL_REPRESENTATION('',(#10110),#10114);
#10110 = LINE('',#10111,#10112);
#10111 = CARTESIAN_POINT('',(0.,0.));
#10112 = VECTOR('',#10113,1.);
#10113 = DIRECTION('',(1.,0.));
#10114 = ( GEOMETRIC_REPRESENTATION_CONTEXT(2) 
PARAMETRIC_REPRESENTATION_CONTEXT() REPRESENTATION_CONTEXT('2D SPACE',''
  ) );
#10115 = ORIENTED_EDGE('',*,*,#9118,.T.);
#10116 = ORIENTED_EDGE('',*,*,#10117,.T.);
#10117 = EDGE_CURVE('',#9119,#10118,#10120,.T.);
#10118 = VERTEX_POINT('',#10119);
#10119 = CARTESIAN_POINT('',(-15.46174433837,7.223881367715,0.));
#10120 = SURFACE_CURVE('',#10121,(#10125,#10132),.PCURVE_S1.);
#10121 = LINE('',#10122,#10123);
#10122 = CARTESIAN_POINT('',(-4.185432888941,3.119639647807,0.));
#10123 = VECTOR('',#10124,1.);
#10124 = DIRECTION('',(-0.939692620786,0.342020143326,0.));
#10125 = PCURVE('',#4657,#10126);
#10126 = DEFINITIONAL_REPRESENTATION('',(#10127),#10131);
#10127 = LINE('',#10128,#10129);
#10128 = CARTESIAN_POINT('',(-6.200961894323,6.580127018922));
#10129 = VECTOR('',#10130,1.);
#10130 = DIRECTION('',(-0.5,0.866025403784));
#10131 = ( GEOMETRIC_REPRESENTATION_CONTEXT(2) 
PARAMETRIC_REPRESENTATION_CONTEXT() REPRESENTATION_CONTEXT('2D SPACE',''
  ) );
#10132 = PCURVE('',#9158,#10133);
#10133 = DEFINITIONAL_REPRESENTATION('',(#10134),#10138);
#10134 = LINE('',#10135,#10136);
#10135 = CARTESIAN_POINT('',(10.45,0.));
#10136 = VECTOR('',#10137,1.);
#10137 = DIRECTION('',(0.,1.));
#10138 = ( GEOMETRIC_REPRESENTATION_CONTEXT(2) 
PARAMETRIC_REPRESENTATION_CONTEXT() REPRESENTATION_CONTEXT('2D SPACE',''
  ) );
#10139 = ORIENTED_EDGE('',*,*,#10140,.T.);
#10140 = EDGE_CURVE('',#10118,#10141,#10143,.T.);
#10141 = VERTEX_POINT('',#10142);
#10142 = CARTESIAN_POINT('',(-16.48780476834,4.404803505358,0.));
#10143 = SURFACE_CURVE('',#10144,(#10148,#10155),.PCURVE_S1.);
#10144 = LINE('',#10145,#10146);
#10145 = CARTESIAN_POINT('',(-15.46174433837,7.223881367715,0.));
#10146 = VECTOR('',#10147,1.);
#10147 = DIRECTION('',(-0.342020143326,-0.939692620786,0.));
#10148 = PCURVE('',#4657,#10149);
#10149 = DEFINITIONAL_REPRESENTATION('',(#10150),#10154);
#10150 = LINE('',#10151,#10152);
#10151 = CARTESIAN_POINT('',(-12.20096189432,16.972431864335));
#10152 = VECTOR('',#10153,1.);
#10153 = DIRECTION('',(-0.866025403784,-0.5));
#10154 = ( GEOMETRIC_REPRESENTATION_CONTEXT(2) 
PARAMETRIC_REPRESENTATION_CONTEXT() REPRESENTATION_CONTEXT('2D SPACE',''
  ) );
#10155 = PCURVE('',#10156,#10161);
#10156 = PLANE('',#10157);
#10157 = AXIS2_PLACEMENT_3D('',#10158,#10159,#10160);
#10158 = CARTESIAN_POINT('',(-15.46174433837,7.223881367715,-10.45));
#10159 = DIRECTION('',(-0.939692620786,0.342020143326,0.));
#10160 = DIRECTION('',(0.,0.,1.));
#10161 = DEFINITIONAL_REPRESENTATION('',(#10162),#10166);
#10162 = LINE('',#10163,#10164);
#10163 = CARTESIAN_POINT('',(10.45,0.));
#10164 = VECTOR('',#10165,1.);
#10165 = DIRECTION('',(0.,-1.));
#10166 = ( GEOMETRIC_REPRESENTATION_CONTEXT(2) 
PARAMETRIC_REPRESENTATION_CONTEXT() REPRESENTATION_CONTEXT('2D SPACE',''
  ) );
#10167 = ORIENTED_EDGE('',*,*,#10168,.F.);
#10168 = EDGE_CURVE('',#7565,#10141,#10169,.T.);
#10169 = SURFACE_CURVE('',#10170,(#10174,#10181),.PCURVE_S1.);
#10170 = LINE('',#10171,#10172);
#10171 = CARTESIAN_POINT('',(-5.211493318918,0.300561785449,0.));
#10172 = VECTOR('',#10173,1.);
#10173 = DIRECTION('',(-0.939692620786,0.342020143326,0.));
#10174 = PCURVE('',#4657,#10175);
#10175 = DEFINITIONAL_REPRESENTATION('',(#10176),#10180);
#10176 = LINE('',#10177,#10178);
#10177 = CARTESIAN_POINT('',(-8.799038105677,5.080127018922));
#10178 = VECTOR('',#10179,1.);
#10179 = DIRECTION('',(-0.5,0.866025403784));
#10180 = ( GEOMETRIC_REPRESENTATION_CONTEXT(2) 
PARAMETRIC_REPRESENTATION_CONTEXT() REPRESENTATION_CONTEXT('2D SPACE',''
  ) );
#10181 = PCURVE('',#7580,#10182);
#10182 = DEFINITIONAL_REPRESENTATION('',(#10183),#10187);
#10183 = LINE('',#10184,#10185);
#10184 = CARTESIAN_POINT('',(10.45,0.));
#10185 = VECTOR('',#10186,1.);
#10186 = DIRECTION('',(0.,1.));
#10187 = ( GEOMETRIC_REPRESENTATION_CONTEXT(2) 
PARAMETRIC_REPRESENTATION_CONTEXT() REPRESENTATION_CONTEXT('2D SPACE',''
  ) );
#10188 = ORIENTED_EDGE('',*,*,#7592,.T.);
#10189 = ORIENTED_EDGE('',*,*,#10190,.F.);
#10190 = EDGE_CURVE('',#5133,#7593,#10191,.T.);
#10191 = SURFACE_CURVE('',#10192,(#10205,#10221),.PCURVE_S1.);
#10192 = B_SPLINE_CURVE_WITH_KNOTS('',11,(#10193,#10194,#10195,#10196,
    #10197,#10198,#10199,#10200,#10201,#10202,#10203,#10204),
  .UNSPECIFIED.,.F.,.F.,(12,12),(4.,5.),.PIECEWISE_BEZIER_KNOTS.);
#10193 = CARTESIAN_POINT('',(-13.,-1.960672839909E-15,0.));
#10194 = CARTESIAN_POINT('',(-12.99999999999,-6.568784639323,0.));
#10195 = CARTESIAN_POINT('',(-15.06364459899,-13.13756876513,0.));
#10196 = CARTESIAN_POINT('',(-19.1909333116,-18.98600952216,0.));
#10197 = CARTESIAN_POINT('',(-25.09898906786,-23.39373503171,0.));
#10198 = CARTESIAN_POINT('',(-32.22204023106,-25.76743062366,0.));
#10199 = CARTESIAN_POINT('',(-39.77795976893,-25.76743062368,0.));
#10200 = CARTESIAN_POINT('',(-46.90101093214,-23.39373503169,0.));
#10201 = CARTESIAN_POINT('',(-52.80906668839,-18.98600952217,0.));
#10202 = CARTESIAN_POINT('',(-56.936355401,-13.13756876513,0.));
#10203 = CARTESIAN_POINT('',(-59.,-6.568784639324,0.));
#10204 = CARTESIAN_POINT('',(-59.,6.185085316331E-15,0.));
#10205 = PCURVE('',#4657,#10206);
#10206 = DEFINITIONAL_REPRESENTATION('',(#10207),#10220);
#10207 = B_SPLINE_CURVE_WITH_KNOTS('',11,(#10208,#10209,#10210,#10211,
    #10212,#10213,#10214,#10215,#10216,#10217,#10218,#10219),
  .UNSPECIFIED.,.F.,.F.,(12,12),(4.,5.),.PIECEWISE_BEZIER_KNOTS.);
#10208 = CARTESIAN_POINT('',(-14.95857776054,9.856238925925));
#10209 = CARTESIAN_POINT('',(-19.1809111374,4.824257954926));
#10210 = CARTESIAN_POINT('',(-24.98408766181,1.118762556331));
#10211 = CARTESIAN_POINT('',(-31.90507949985,-0.70843294044));
#10212 = CARTESIAN_POINT('',(-39.26414412601,-0.287321536365));
#10213 = CARTESIAN_POINT('',(-46.24650000331,2.47293117664));
#10214 = CARTESIAN_POINT('',(-52.03467017796,7.32978263535));
#10215 = CARTESIAN_POINT('',(-55.96546182389,13.726747984126));
#10216 = CARTESIAN_POINT('',(-57.65806376118,20.900886654945));
#10217 = CARTESIAN_POINT('',(-57.06044509001,28.034022243853));
#10218 = CARTESIAN_POINT('',(-54.41895552087,34.392488000506));
#10219 = CARTESIAN_POINT('',(-50.19662214402,39.424468971506));
#10220 = ( GEOMETRIC_REPRESENTATION_CONTEXT(2) 
PARAMETRIC_REPRESENTATION_CONTEXT() REPRESENTATION_CONTEXT('2D SPACE',''
  ) );
#10221 = PCURVE('',#5166,#10222);
#10222 = DEFINITIONAL_REPRESENTATION('',(#10223),#10227);
#10223 = LINE('',#10224,#10225);
#10224 = CARTESIAN_POINT('',(0.,0.));
#10225 = VECTOR('',#10226,1.);
#10226 = DIRECTION('',(1.,0.));
#10227 = ( GEOMETRIC_REPRESENTATION_CONTEXT(2) 
PARAMETRIC_REPRESENTATION_CONTEXT() REPRESENTATION_CONTEXT('2D SPACE',''
  ) );
#10228 = ORIENTED_EDGE('',*,*,#9716,.F.);
#10229 = ORIENTED_EDGE('',*,*,#10230,.F.);
#10230 = EDGE_CURVE('',#10231,#5073,#10233,.T.);
#10231 = VERTEX_POINT('',#10232);
#10232 = CARTESIAN_POINT('',(-14.,-1.5,0.));
#10233 = SURFACE_CURVE('',#10234,(#10237,#10243),.PCURVE_S1.);
#10234 = B_SPLINE_CURVE_WITH_KNOTS('',1,(#10235,#10236),.UNSPECIFIED.,
  .F.,.F.,(2,2),(2.,3.),.PIECEWISE_BEZIER_KNOTS.);
#10235 = CARTESIAN_POINT('',(-14.,-1.5,0.));
#10236 = CARTESIAN_POINT('',(-4.,-1.5,0.));
#10237 = PCURVE('',#4657,#10238);
#10238 = DEFINITIONAL_REPRESENTATION('',(#10239),#10242);
#10239 = B_SPLINE_CURVE_WITH_KNOTS('',1,(#10240,#10241),.UNSPECIFIED.,
  .F.,.F.,(2,2),(2.,3.),.PIECEWISE_BEZIER_KNOTS.);
#10240 = CARTESIAN_POINT('',(-16.68880361819,9.349959870933));
#10241 = CARTESIAN_POINT('',(-9.028359187006,2.922083774068));
#10242 = ( GEOMETRIC_REPRESENTATION_CONTEXT(2) 
PARAMETRIC_REPRESENTATION_CONTEXT() REPRESENTATION_CONTEXT('2D SPACE',''
  ) );
#10243 = PCURVE('',#5110,#10244);
#10244 = DEFINITIONAL_REPRESENTATION('',(#10245),#10249);
#10245 = LINE('',#10246,#10247);
#10246 = CARTESIAN_POINT('',(0.,0.));
#10247 = VECTOR('',#10248,1.);
#10248 = DIRECTION('',(1.,0.));
#10249 = ( GEOMETRIC_REPRESENTATION_CONTEXT(2) 
PARAMETRIC_REPRESENTATION_CONTEXT() REPRESENTATION_CONTEXT('2D SPACE',''
  ) );
#10250 = ORIENTED_EDGE('',*,*,#10251,.F.);
#10251 = EDGE_CURVE('',#5049,#10231,#10252,.T.);
#10252 = SURFACE_CURVE('',#10253,(#10256,#10262),.PCURVE_S1.);
#10253 = B_SPLINE_CURVE_WITH_KNOTS('',1,(#10254,#10255),.UNSPECIFIED.,
  .F.,.F.,(2,2),(1.,2.),.PIECEWISE_BEZIER_KNOTS.);
#10254 = CARTESIAN_POINT('',(-14.,1.5,0.));
#10255 = CARTESIAN_POINT('',(-14.,-1.5,0.));
#10256 = PCURVE('',#4657,#10257);
#10257 = DEFINITIONAL_REPRESENTATION('',(#10258),#10261);
#10258 = B_SPLINE_CURVE_WITH_KNOTS('',1,(#10259,#10260),.UNSPECIFIED.,
  .F.,.F.,(2,2),(1.,2.),.PIECEWISE_BEZIER_KNOTS.);
#10259 = CARTESIAN_POINT('',(-14.76044078913,11.64809320029));
#10260 = CARTESIAN_POINT('',(-16.68880361819,9.349959870933));
#10261 = ( GEOMETRIC_REPRESENTATION_CONTEXT(2) 
PARAMETRIC_REPRESENTATION_CONTEXT() REPRESENTATION_CONTEXT('2D SPACE',''
  ) );
#10262 = PCURVE('',#10263,#10278);
#10263 = ( BOUNDED_SURFACE() B_SPLINE_SURFACE(1,6,(
    (#10264,#10265,#10266,#10267,#10268,#10269,#10270)
    ,(#10271,#10272,#10273,#10274,#10275,#10276,#10277
)),.UNSPECIFIED.,.F.,.F.,.F.) B_SPLINE_SURFACE_WITH_KNOTS((2,2),(7,7),(
    1.,2.),(0.,1.),.PIECEWISE_BEZIER_KNOTS.) 
GEOMETRIC_REPRESENTATION_ITEM() RATIONAL_B_SPLINE_SURFACE((
    (1.,1.,1.,1.,1.,1.,1.)
,(1.,1.,1.,1.,1.,1.,1.))) REPRESENTATION_ITEM('') SURFACE() );
#10264 = CARTESIAN_POINT('',(-14.,1.5,0.));
#10265 = CARTESIAN_POINT('',(-14.26179658662,-0.943468354449,
    11.666666666667));
#10266 = CARTESIAN_POINT('',(-14.01185360434,-3.441719577749,
    23.333333333333));
#10267 = CARTESIAN_POINT('',(-13.23574200813,-5.86098930815,
    35.000000000001));
#10268 = CARTESIAN_POINT('',(-11.96605679644,-8.061697080988,
    46.666666666666));
#10269 = CARTESIAN_POINT('',(-10.28424126781,-9.925893207141,
    58.333333333333));
#10270 = CARTESIAN_POINT('',(-8.299038105677,-11.37435565298,70.));
#10271 = CARTESIAN_POINT('',(-14.,-1.5,0.));
#10272 = CARTESIAN_POINT('',(-13.73819630654,-3.943467593002,
    11.666666666667));
#10273 = CARTESIAN_POINT('',(-12.96466286797,-6.332060628354,
    23.333333333333));
#10274 = CARTESIAN_POINT('',(-11.69363663623,-8.531994162904,
    35.000000000001));
#10275 = CARTESIAN_POINT('',(-9.986543389203,-10.41376138659,
    46.666666666666));
#10276 = CARTESIAN_POINT('',(-7.947965855932,-11.87934397039,
    58.333333333333));
#10277 = CARTESIAN_POINT('',(-5.700961894323,-12.87435565298,70.));
#10278 = DEFINITIONAL_REPRESENTATION('',(#10279),#10283);
#10279 = LINE('',#10280,#10281);
#10280 = CARTESIAN_POINT('',(0.,0.));
#10281 = VECTOR('',#10282,1.);
#10282 = DIRECTION('',(1.,0.));
#10283 = ( GEOMETRIC_REPRESENTATION_CONTEXT(2) 
PARAMETRIC_REPRESENTATION_CONTEXT() REPRESENTATION_CONTEXT('2D SPACE',''
  ) );
#10284 = ORIENTED_EDGE('',*,*,#10285,.F.);
#10285 = EDGE_CURVE('',#10286,#5049,#10288,.T.);
#10286 = VERTEX_POINT('',#10287);
#10287 = CARTESIAN_POINT('',(-14.,1.5,0.));
#10288 = SURFACE_CURVE('',#10289,(#10292,#10298),.PCURVE_S1.);
#10289 = B_SPLINE_CURVE_WITH_KNOTS('',1,(#10290,#10291),.UNSPECIFIED.,
  .F.,.F.,(2,2),(1.,2.),.PIECEWISE_BEZIER_KNOTS.);
#10290 = CARTESIAN_POINT('',(-14.,1.5,0.));
#10291 = CARTESIAN_POINT('',(-14.,-1.5,0.));
#10292 = PCURVE('',#4657,#10293);
#10293 = DEFINITIONAL_REPRESENTATION('',(#10294),#10297);
#10294 = B_SPLINE_CURVE_WITH_KNOTS('',1,(#10295,#10296),.UNSPECIFIED.,
  .F.,.F.,(2,2),(1.,2.),.PIECEWISE_BEZIER_KNOTS.);
#10295 = CARTESIAN_POINT('',(-14.76044078913,11.64809320029));
#10296 = CARTESIAN_POINT('',(-16.68880361819,9.349959870933));
#10297 = ( GEOMETRIC_REPRESENTATION_CONTEXT(2) 
PARAMETRIC_REPRESENTATION_CONTEXT() REPRESENTATION_CONTEXT('2D SPACE',''
  ) );
#10298 = PCURVE('',#10263,#10299);
#10299 = DEFINITIONAL_REPRESENTATION('',(#10300),#10304);
#10300 = LINE('',#10301,#10302);
#10301 = CARTESIAN_POINT('',(0.,0.));
#10302 = VECTOR('',#10303,1.);
#10303 = DIRECTION('',(1.,0.));
#10304 = ( GEOMETRIC_REPRESENTATION_CONTEXT(2) 
PARAMETRIC_REPRESENTATION_CONTEXT() REPRESENTATION_CONTEXT('2D SPACE',''
  ) );
#10305 = ORIENTED_EDGE('',*,*,#10306,.F.);
#10306 = EDGE_CURVE('',#5013,#10286,#10307,.T.);
#10307 = SURFACE_CURVE('',#10308,(#10311,#10317),.PCURVE_S1.);
#10308 = B_SPLINE_CURVE_WITH_KNOTS('',1,(#10309,#10310),.UNSPECIFIED.,
  .F.,.F.,(2,2),(0.,1.),.PIECEWISE_BEZIER_KNOTS.);
#10309 = CARTESIAN_POINT('',(-4.,1.5,0.));
#10310 = CARTESIAN_POINT('',(-14.,1.5,0.));
#10311 = PCURVE('',#4657,#10312);
#10312 = DEFINITIONAL_REPRESENTATION('',(#10313),#10316);
#10313 = B_SPLINE_CURVE_WITH_KNOTS('',1,(#10314,#10315),.UNSPECIFIED.,
  .F.,.F.,(2,2),(0.,1.),.PIECEWISE_BEZIER_KNOTS.);
#10314 = CARTESIAN_POINT('',(-7.099996357946,5.220217103425));
#10315 = CARTESIAN_POINT('',(-14.76044078913,11.64809320029));
#10316 = ( GEOMETRIC_REPRESENTATION_CONTEXT(2) 
PARAMETRIC_REPRESENTATION_CONTEXT() REPRESENTATION_CONTEXT('2D SPACE',''
  ) );
#10317 = PCURVE('',#5026,#10318);
#10318 = DEFINITIONAL_REPRESENTATION('',(#10319),#10323);
#10319 = LINE('',#10320,#10321);
#10320 = CARTESIAN_POINT('',(0.,0.));
#10321 = VECTOR('',#10322,1.);
#10322 = DIRECTION('',(1.,0.));
#10323 = ( GEOMETRIC_REPRESENTATION_CONTEXT(2) 
PARAMETRIC_REPRESENTATION_CONTEXT() REPRESENTATION_CONTEXT('2D SPACE',''
  ) );
#10324 = ORIENTED_EDGE('',*,*,#9692,.F.);
#10325 = ORIENTED_EDGE('',*,*,#4641,.F.);
#10326 = ADVANCED_FACE('',(#10327),#5166,.T.);
#10327 = FACE_BOUND('',#10328,.T.);
#10328 = EDGE_LOOP('',(#10329,#10358,#10359,#10360,#10401,#10427,#10428,
    #10457,#10497,#10525));
#10329 = ORIENTED_EDGE('',*,*,#10330,.F.);
#10330 = EDGE_CURVE('',#5097,#10331,#10333,.T.);
#10331 = VERTEX_POINT('',#10332);
#10332 = CARTESIAN_POINT('',(-12.96852852977,-2.08392995605,3.));
#10333 = SURFACE_CURVE('',#10334,(#10340,#10349),.PCURVE_S1.);
#10334 = B_SPLINE_CURVE_WITH_KNOTS('',4,(#10335,#10336,#10337,#10338,
    #10339),.UNSPECIFIED.,.F.,.F.,(5,5),(0.,1.),
  .PIECEWISE_BEZIER_KNOTS.);
#10335 = CARTESIAN_POINT('',(-13.04896516582,-1.5,7.88860905221E-31));
#10336 = CARTESIAN_POINT('',(-13.03213501722,-1.646411484781,
    0.750010461438));
#10337 = CARTESIAN_POINT('',(-13.01311449786,-1.792571019906,
    1.5000209552));
#10338 = CARTESIAN_POINT('',(-12.9919092792,-1.938429500555,
    2.250031470508));
#10339 = CARTESIAN_POINT('',(-12.9685272204,-2.083938104418,3.000042));
#10340 = PCURVE('',#5166,#10341);
#10341 = DEFINITIONAL_REPRESENTATION('',(#10342),#10348);
#10342 = B_SPLINE_CURVE_WITH_KNOTS('',4,(#10343,#10344,#10345,#10346,
    #10347),.UNSPECIFIED.,.F.,.F.,(5,5),(0.,1.),
  .PIECEWISE_BEZIER_KNOTS.);
#10343 = CARTESIAN_POINT('',(4.020774084708,5.250965729508E-11));
#10344 = CARTESIAN_POINT('',(4.020774090003,1.07144350659E-02));
#10345 = CARTESIAN_POINT('',(4.020774092959,2.142887087476E-02));
#10346 = CARTESIAN_POINT('',(4.020774094368,3.214330668938E-02));
#10347 = CARTESIAN_POINT('',(4.020774094742,4.285774285708E-02));
#10348 = ( GEOMETRIC_REPRESENTATION_CONTEXT(2) 
PARAMETRIC_REPRESENTATION_CONTEXT() REPRESENTATION_CONTEXT('2D SPACE',''
  ) );
#10349 = PCURVE('',#5110,#10350);
#10350 = DEFINITIONAL_REPRESENTATION('',(#10351),#10357);
#10351 = B_SPLINE_CURVE_WITH_KNOTS('',4,(#10352,#10353,#10354,#10355,
    #10356),.UNSPECIFIED.,.F.,.F.,(5,5),(0.,1.),
  .PIECEWISE_BEZIER_KNOTS.);
#10352 = CARTESIAN_POINT('',(2.095103483417,0.));
#10353 = CARTESIAN_POINT('',(2.095103452618,1.07144351634E-02));
#10354 = CARTESIAN_POINT('',(2.095103437173,2.142887078856E-02));
#10355 = CARTESIAN_POINT('',(2.095103430725,3.214330672154E-02));
#10356 = CARTESIAN_POINT('',(2.095103429918,4.285774285714E-02));
#10357 = ( GEOMETRIC_REPRESENTATION_CONTEXT(2) 
PARAMETRIC_REPRESENTATION_CONTEXT() REPRESENTATION_CONTEXT('2D SPACE',''
  ) );
#10358 = ORIENTED_EDGE('',*,*,#5132,.T.);
#10359 = ORIENTED_EDGE('',*,*,#10190,.T.);
#10360 = ORIENTED_EDGE('',*,*,#10361,.T.);
#10361 = EDGE_CURVE('',#7593,#10362,#10364,.T.);
#10362 = VERTEX_POINT('',#10363);
#10363 = CARTESIAN_POINT('',(-59.,6.185085316331E-15,0.));
#10364 = SURFACE_CURVE('',#10365,(#10378,#10385),.PCURVE_S1.);
#10365 = B_SPLINE_CURVE_WITH_KNOTS('',11,(#10366,#10367,#10368,#10369,
    #10370,#10371,#10372,#10373,#10374,#10375,#10376,#10377),
  .UNSPECIFIED.,.F.,.F.,(12,12),(4.,5.),.PIECEWISE_BEZIER_KNOTS.);
#10366 = CARTESIAN_POINT('',(-13.,-1.960672839909E-15,0.));
#10367 = CARTESIAN_POINT('',(-12.99999999999,-6.568784639323,0.));
#10368 = CARTESIAN_POINT('',(-15.06364459899,-13.13756876513,0.));
#10369 = CARTESIAN_POINT('',(-19.1909333116,-18.98600952216,0.));
#10370 = CARTESIAN_POINT('',(-25.09898906786,-23.39373503171,0.));
#10371 = CARTESIAN_POINT('',(-32.22204023106,-25.76743062366,0.));
#10372 = CARTESIAN_POINT('',(-39.77795976893,-25.76743062368,0.));
#10373 = CARTESIAN_POINT('',(-46.90101093214,-23.39373503169,0.));
#10374 = CARTESIAN_POINT('',(-52.80906668839,-18.98600952217,0.));
#10375 = CARTESIAN_POINT('',(-56.936355401,-13.13756876513,0.));
#10376 = CARTESIAN_POINT('',(-59.,-6.568784639324,0.));
#10377 = CARTESIAN_POINT('',(-59.,6.185085316331E-15,0.));
#10378 = PCURVE('',#5166,#10379);
#10379 = DEFINITIONAL_REPRESENTATION('',(#10380),#10384);
#10380 = LINE('',#10381,#10382);
#10381 = CARTESIAN_POINT('',(0.,0.));
#10382 = VECTOR('',#10383,1.);
#10383 = DIRECTION('',(1.,0.));
#10384 = ( GEOMETRIC_REPRESENTATION_CONTEXT(2) 
PARAMETRIC_REPRESENTATION_CONTEXT() REPRESENTATION_CONTEXT('2D SPACE',''
  ) );
#10385 = PCURVE('',#7631,#10386);
#10386 = DEFINITIONAL_REPRESENTATION('',(#10387),#10400);
#10387 = B_SPLINE_CURVE_WITH_KNOTS('',11,(#10388,#10389,#10390,#10391,
    #10392,#10393,#10394,#10395,#10396,#10397,#10398,#10399),
  .UNSPECIFIED.,.F.,.F.,(12,12),(4.,5.),.PIECEWISE_BEZIER_KNOTS.);
#10388 = CARTESIAN_POINT('',(-13.,-1.943650168836E-15));
#10389 = CARTESIAN_POINT('',(-12.99999999999,-6.568784639323));
#10390 = CARTESIAN_POINT('',(-15.06364459899,-13.13756876513));
#10391 = CARTESIAN_POINT('',(-19.1909333116,-18.98600952216));
#10392 = CARTESIAN_POINT('',(-25.09898906786,-23.39373503171));
#10393 = CARTESIAN_POINT('',(-32.22204023106,-25.76743062366));
#10394 = CARTESIAN_POINT('',(-39.77795976893,-25.76743062368));
#10395 = CARTESIAN_POINT('',(-46.90101093214,-23.39373503169));
#10396 = CARTESIAN_POINT('',(-52.80906668839,-18.98600952217));
#10397 = CARTESIAN_POINT('',(-56.936355401,-13.13756876513));
#10398 = CARTESIAN_POINT('',(-59.,-6.568784639324));
#10399 = CARTESIAN_POINT('',(-59.,6.202107987404E-15));
#10400 = ( GEOMETRIC_REPRESENTATION_CONTEXT(2) 
PARAMETRIC_REPRESENTATION_CONTEXT() REPRESENTATION_CONTEXT('2D SPACE',''
  ) );
#10401 = ORIENTED_EDGE('',*,*,#10402,.T.);
#10402 = EDGE_CURVE('',#10362,#6143,#10403,.T.);
#10403 = SURFACE_CURVE('',#10404,(#10413,#10420),.PCURVE_S1.);
#10404 = ( BOUNDED_CURVE() B_SPLINE_CURVE(7,(#10405,#10406,#10407,#10408
    ,#10409,#10410,#10411,#10412),.UNSPECIFIED.,.F.,.F.) 
B_SPLINE_CURVE_WITH_KNOTS((8,8),(0.,1.),.PIECEWISE_BEZIER_KNOTS.) CURVE(
) GEOMETRIC_REPRESENTATION_ITEM() RATIONAL_B_SPLINE_CURVE((1.,1.,1.,1.,
1.,1.,1.,1.)) REPRESENTATION_ITEM('') );
#10405 = CARTESIAN_POINT('',(-59.,6.185085316331E-15,0.));
#10406 = CARTESIAN_POINT('',(-59.00000139688,-8.826380069657,
    10.000000000003));
#10407 = CARTESIAN_POINT('',(-57.45949996649,-17.6527556345,
    19.99999999999));
#10408 = CARTESIAN_POINT('',(-54.37853558009,-26.15650581542,
    30.000000000016));
#10409 = CARTESIAN_POINT('',(-49.84146630051,-34.01494032529,
    39.999999999985));
#10410 = CARTESIAN_POINT('',(-44.01748480949,-40.93500884245,
    50.000000000008));
#10411 = CARTESIAN_POINT('',(-37.14387006223,-46.68230999819,
    59.999999999998));
#10412 = CARTESIAN_POINT('',(-29.5,-51.09549882328,70.));
#10413 = PCURVE('',#5166,#10414);
#10414 = DEFINITIONAL_REPRESENTATION('',(#10415),#10419);
#10415 = LINE('',#10416,#10417);
#10416 = CARTESIAN_POINT('',(5.,0.));
#10417 = VECTOR('',#10418,1.);
#10418 = DIRECTION('',(0.,1.));
#10419 = ( GEOMETRIC_REPRESENTATION_CONTEXT(2) 
PARAMETRIC_REPRESENTATION_CONTEXT() REPRESENTATION_CONTEXT('2D SPACE',''
  ) );
#10420 = PCURVE('',#6176,#10421);
#10421 = DEFINITIONAL_REPRESENTATION('',(#10422),#10426);
#10422 = LINE('',#10423,#10424);
#10423 = CARTESIAN_POINT('',(5.,0.));
#10424 = VECTOR('',#10425,1.);
#10425 = DIRECTION('',(0.,1.));
#10426 = ( GEOMETRIC_REPRESENTATION_CONTEXT(2) 
PARAMETRIC_REPRESENTATION_CONTEXT() REPRESENTATION_CONTEXT('2D SPACE',''
  ) );
#10427 = ORIENTED_EDGE('',*,*,#6280,.F.);
#10428 = ORIENTED_EDGE('',*,*,#10429,.F.);
#10429 = EDGE_CURVE('',#10430,#6281,#10432,.T.);
#10430 = VERTEX_POINT('',#10431);
#10431 = CARTESIAN_POINT('',(-0.778940555423,-16.98214508273,66.5));
#10432 = SURFACE_CURVE('',#10433,(#10439,#10448),.PCURVE_S1.);
#10433 = B_SPLINE_CURVE_WITH_KNOTS('',4,(#10434,#10435,#10436,#10437,
    #10438),.UNSPECIFIED.,.F.,.F.,(5,5),(0.,1.),
  .PIECEWISE_BEZIER_KNOTS.);
#10434 = CARTESIAN_POINT('',(-0.778940707854,-16.98214507574,66.4999994)
  );
#10435 = CARTESIAN_POINT('',(-0.556644914705,-16.99234138732,
    67.374999552218));
#10436 = CARTESIAN_POINT('',(-0.334171150877,-16.99865790518,
    68.249999703916));
#10437 = CARTESIAN_POINT('',(-0.111621010902,-17.00108996964,
    69.124999853901));
#10438 = CARTESIAN_POINT('',(0.110903815564,-16.99963824155,70.));
#10439 = PCURVE('',#5166,#10440);
#10440 = DEFINITIONAL_REPRESENTATION('',(#10441),#10447);
#10441 = B_SPLINE_CURVE_WITH_KNOTS('',4,(#10442,#10443,#10444,#10445,
    #10446),.UNSPECIFIED.,.F.,.F.,(5,5),(0.,1.),
  .PIECEWISE_BEZIER_KNOTS.);
#10442 = CARTESIAN_POINT('',(4.121922450642,0.949999991429));
#10443 = CARTESIAN_POINT('',(4.121922450583,0.962499993603));
#10444 = CARTESIAN_POINT('',(4.121922450625,0.97499999577));
#10445 = CARTESIAN_POINT('',(4.121922450855,0.987499997913));
#10446 = CARTESIAN_POINT('',(4.121922451471,1.));
#10447 = ( GEOMETRIC_REPRESENTATION_CONTEXT(2) 
PARAMETRIC_REPRESENTATION_CONTEXT() REPRESENTATION_CONTEXT('2D SPACE',''
  ) );
#10448 = PCURVE('',#6342,#10449);
#10449 = DEFINITIONAL_REPRESENTATION('',(#10450),#10456);
#10450 = B_SPLINE_CURVE_WITH_KNOTS('',4,(#10451,#10452,#10453,#10454,
    #10455),.UNSPECIFIED.,.F.,.F.,(5,5),(0.,1.),
  .PIECEWISE_BEZIER_KNOTS.);
#10451 = CARTESIAN_POINT('',(-4.666552890565,5.999999999062E-07));
#10452 = CARTESIAN_POINT('',(-4.679642861953,-0.874999552218));
#10453 = CARTESIAN_POINT('',(-4.692732833742,-1.749999703916));
#10454 = CARTESIAN_POINT('',(-4.705822806289,-2.6249998539));
#10455 = CARTESIAN_POINT('',(-4.718912780517,-3.5));
#10456 = ( GEOMETRIC_REPRESENTATION_CONTEXT(2) 
PARAMETRIC_REPRESENTATION_CONTEXT() REPRESENTATION_CONTEXT('2D SPACE',''
  ) );
#10457 = ORIENTED_EDGE('',*,*,#10458,.T.);
#10458 = EDGE_CURVE('',#10430,#10459,#10461,.T.);
#10459 = VERTEX_POINT('',#10460);
#10460 = CARTESIAN_POINT('',(-7.080307488696,-10.90271740478,66.5));
#10461 = SURFACE_CURVE('',#10462,(#10470,#10481),.PCURVE_S1.);
#10462 = B_SPLINE_CURVE_WITH_KNOTS('',6,(#10463,#10464,#10465,#10466,
    #10467,#10468,#10469),.UNSPECIFIED.,.F.,.F.,(7,7),(0.,1.),
  .PIECEWISE_BEZIER_KNOTS.);
#10463 = CARTESIAN_POINT('',(-0.766425957044,-17.,66.5));
#10464 = CARTESIAN_POINT('',(-1.610663629676,-15.79428763956,66.5));
#10465 = CARTESIAN_POINT('',(-2.547538721153,-14.6533437267,66.5));
#10466 = CARTESIAN_POINT('',(-3.570746015497,-13.58621155198,66.5));
#10467 = CARTESIAN_POINT('',(-4.67293139079,-12.60086306935,66.5));
#10468 = CARTESIAN_POINT('',(-5.845871136531,-11.70436974741,66.5));
#10469 = CARTESIAN_POINT('',(-7.080307488696,-10.90271740478,66.5));
#10470 = PCURVE('',#5166,#10471);
#10471 = DEFINITIONAL_REPRESENTATION('',(#10472),#10480);
#10472 = B_SPLINE_CURVE_WITH_KNOTS('',6,(#10473,#10474,#10475,#10476,
    #10477,#10478,#10479),.UNSPECIFIED.,.F.,.F.,(7,7),(0.,1.),
  .PIECEWISE_BEZIER_KNOTS.);
#10473 = CARTESIAN_POINT('',(4.122224208051,0.95));
#10474 = CARTESIAN_POINT('',(4.101853806707,0.95));
#10475 = CARTESIAN_POINT('',(4.081482325492,0.95));
#10476 = CARTESIAN_POINT('',(4.061112104247,0.95));
#10477 = CARTESIAN_POINT('',(4.04074188315,0.95));
#10478 = CARTESIAN_POINT('',(4.020370401577,0.95));
#10479 = CARTESIAN_POINT('',(4.,0.95));
#10480 = ( GEOMETRIC_REPRESENTATION_CONTEXT(2) 
PARAMETRIC_REPRESENTATION_CONTEXT() REPRESENTATION_CONTEXT('2D SPACE',''
  ) );
#10481 = PCURVE('',#10482,#10487);
#10482 = PLANE('',#10483);
#10483 = AXIS2_PLACEMENT_3D('',#10484,#10485,#10486);
#10484 = CARTESIAN_POINT('',(-1.608753097105E-15,-6.939665195168E-16,
    66.5));
#10485 = DIRECTION('',(0.,0.,1.));
#10486 = DIRECTION('',(1.,0.,-0.));
#10487 = DEFINITIONAL_REPRESENTATION('',(#10488),#10496);
#10488 = B_SPLINE_CURVE_WITH_KNOTS('',6,(#10489,#10490,#10491,#10492,
    #10493,#10494,#10495),.UNSPECIFIED.,.F.,.F.,(7,7),(0.,1.),
  .PIECEWISE_BEZIER_KNOTS.);
#10489 = CARTESIAN_POINT('',(-0.766425957044,-17.));
#10490 = CARTESIAN_POINT('',(-1.610663629676,-15.79428763956));
#10491 = CARTESIAN_POINT('',(-2.547538721153,-14.6533437267));
#10492 = CARTESIAN_POINT('',(-3.570746015497,-13.58621155198));
#10493 = CARTESIAN_POINT('',(-4.67293139079,-12.60086306935));
#10494 = CARTESIAN_POINT('',(-5.845871136531,-11.70436974741));
#10495 = CARTESIAN_POINT('',(-7.080307488696,-10.90271740478));
#10496 = ( GEOMETRIC_REPRESENTATION_CONTEXT(2) 
PARAMETRIC_REPRESENTATION_CONTEXT() REPRESENTATION_CONTEXT('2D SPACE',''
  ) );
#10497 = ORIENTED_EDGE('',*,*,#10498,.F.);
#10498 = EDGE_CURVE('',#10499,#10459,#10501,.T.);
#10499 = VERTEX_POINT('',#10500);
#10500 = CARTESIAN_POINT('',(-12.98690990138,-0.583242813284,3.));
#10501 = SURFACE_CURVE('',#10502,(#10511,#10518),.PCURVE_S1.);
#10502 = ( BOUNDED_CURVE() B_SPLINE_CURVE(7,(#10503,#10504,#10505,#10506
    ,#10507,#10508,#10509,#10510),.UNSPECIFIED.,.F.,.F.) 
B_SPLINE_CURVE_WITH_KNOTS((8,8),(0.,1.),.PIECEWISE_BEZIER_KNOTS.) CURVE(
) GEOMETRIC_REPRESENTATION_ITEM() RATIONAL_B_SPLINE_CURVE((1.,1.,1.,1.,
1.,1.,1.,1.)) REPRESENTATION_ITEM('') );
#10503 = CARTESIAN_POINT('',(-13.,-1.960672839909E-15,0.));
#10504 = CARTESIAN_POINT('',(-13.00000030778,-1.94479560857,
    10.000000000003));
#10505 = CARTESIAN_POINT('',(-12.66056778922,-3.889590224548,
    19.99999999999));
#10506 = CARTESIAN_POINT('',(-11.98171122951,-5.763297891541,
    30.000000000016));
#10507 = CARTESIAN_POINT('',(-10.98201799841,-7.494817359802,
    39.999999999985));
#10508 = CARTESIAN_POINT('',(-9.698767839382,-9.019578219529,
    50.000000000008));
#10509 = CARTESIAN_POINT('',(-8.184242556084,-10.28593271146,
    59.999999999998));
#10510 = CARTESIAN_POINT('',(-6.5,-11.25833024919,70.));
#10511 = PCURVE('',#5166,#10512);
#10512 = DEFINITIONAL_REPRESENTATION('',(#10513),#10517);
#10513 = LINE('',#10514,#10515);
#10514 = CARTESIAN_POINT('',(4.,0.));
#10515 = VECTOR('',#10516,1.);
#10516 = DIRECTION('',(0.,1.));
#10517 = ( GEOMETRIC_REPRESENTATION_CONTEXT(2) 
PARAMETRIC_REPRESENTATION_CONTEXT() REPRESENTATION_CONTEXT('2D SPACE',''
  ) );
#10518 = PCURVE('',#4908,#10519);
#10519 = DEFINITIONAL_REPRESENTATION('',(#10520),#10524);
#10520 = LINE('',#10521,#10522);
#10521 = CARTESIAN_POINT('',(4.,0.));
#10522 = VECTOR('',#10523,1.);
#10523 = DIRECTION('',(0.,1.));
#10524 = ( GEOMETRIC_REPRESENTATION_CONTEXT(2) 
PARAMETRIC_REPRESENTATION_CONTEXT() REPRESENTATION_CONTEXT('2D SPACE',''
  ) );
#10525 = ORIENTED_EDGE('',*,*,#10526,.F.);
#10526 = EDGE_CURVE('',#10331,#10499,#10527,.T.);
#10527 = SURFACE_CURVE('',#10528,(#10534,#10543),.PCURVE_S1.);
#10528 = B_SPLINE_CURVE_WITH_KNOTS('',4,(#10529,#10530,#10531,#10532,
    #10533),.UNSPECIFIED.,.F.,.F.,(5,5),(0.,1.),
  .PIECEWISE_BEZIER_KNOTS.);
#10529 = CARTESIAN_POINT('',(-12.96943799291,-2.126598004619,3.));
#10530 = CARTESIAN_POINT('',(-12.96085571611,-1.740757510451,3.));
#10531 = CARTESIAN_POINT('',(-12.96090588588,-1.354724910757,3.));
#10532 = CARTESIAN_POINT('',(-12.96959494934,-0.968790164977,3.));
#10533 = CARTESIAN_POINT('',(-12.98690990138,-0.583242813284,3.));
#10534 = PCURVE('',#5166,#10535);
#10535 = DEFINITIONAL_REPRESENTATION('',(#10536),#10542);
#10536 = B_SPLINE_CURVE_WITH_KNOTS('',4,(#10537,#10538,#10539,#10540,
    #10541),.UNSPECIFIED.,.F.,.F.,(5,5),(0.,1.),
  .PIECEWISE_BEZIER_KNOTS.);
#10537 = CARTESIAN_POINT('',(4.021364735983,4.285714285714E-02));
#10538 = CARTESIAN_POINT('',(4.016023552399,4.285714285714E-02));
#10539 = CARTESIAN_POINT('',(4.010682367821,4.285714285714E-02));
#10540 = CARTESIAN_POINT('',(4.005341184012,4.285714285714E-02));
#10541 = CARTESIAN_POINT('',(4.,4.285714285714E-02));
#10542 = ( GEOMETRIC_REPRESENTATION_CONTEXT(2) 
PARAMETRIC_REPRESENTATION_CONTEXT() REPRESENTATION_CONTEXT('2D SPACE',''
  ) );
#10543 = PCURVE('',#10544,#10549);
#10544 = PLANE('',#10545);
#10545 = AXIS2_PLACEMENT_3D('',#10546,#10547,#10548);
#10546 = CARTESIAN_POINT('',(-1.093952106032E-15,2.775209066E-16,3.));
#10547 = DIRECTION('',(0.,0.,1.));
#10548 = DIRECTION('',(1.,0.,-0.));
#10549 = DEFINITIONAL_REPRESENTATION('',(#10550),#10556);
#10550 = B_SPLINE_CURVE_WITH_KNOTS('',4,(#10551,#10552,#10553,#10554,
    #10555),.UNSPECIFIED.,.F.,.F.,(5,5),(0.,1.),
  .PIECEWISE_BEZIER_KNOTS.);
#10551 = CARTESIAN_POINT('',(-12.96943799291,-2.126598004619));
#10552 = CARTESIAN_POINT('',(-12.96085571611,-1.740757510451));
#10553 = CARTESIAN_POINT('',(-12.96090588588,-1.354724910757));
#10554 = CARTESIAN_POINT('',(-12.96959494934,-0.968790164977));
#10555 = CARTESIAN_POINT('',(-12.98690990138,-0.583242813284));
#10556 = ( GEOMETRIC_REPRESENTATION_CONTEXT(2) 
PARAMETRIC_REPRESENTATION_CONTEXT() REPRESENTATION_CONTEXT('2D SPACE',''
  ) );
#10557 = ADVANCED_FACE('',(#10558),#5110,.T.);
#10558 = FACE_BOUND('',#10559,.T.);
#10559 = EDGE_LOOP('',(#10560,#10587,#10588,#10589,#10590));
#10560 = ORIENTED_EDGE('',*,*,#10561,.F.);
#10561 = EDGE_CURVE('',#10231,#10562,#10564,.T.);
#10562 = VERTEX_POINT('',#10563);
#10563 = CARTESIAN_POINT('',(-13.91860517177,-2.126598004619,3.));
#10564 = SURFACE_CURVE('',#10565,(#10573,#10580),.PCURVE_S1.);
#10565 = ( BOUNDED_CURVE() B_SPLINE_CURVE(6,(#10566,#10567,#10568,#10569
    ,#10570,#10571,#10572),.UNSPECIFIED.,.F.,.F.) 
B_SPLINE_CURVE_WITH_KNOTS((7,7),(0.,1.),.PIECEWISE_BEZIER_KNOTS.) CURVE(
) GEOMETRIC_REPRESENTATION_ITEM() RATIONAL_B_SPLINE_CURVE((1.,1.,1.,1.,
1.,1.,1.)) REPRESENTATION_ITEM('') );
#10566 = CARTESIAN_POINT('',(-14.,-1.5,0.));
#10567 = CARTESIAN_POINT('',(-13.73819630654,-3.943467593002,
    11.666666666667));
#10568 = CARTESIAN_POINT('',(-12.96466286797,-6.332060628354,
    23.333333333333));
#10569 = CARTESIAN_POINT('',(-11.69363663623,-8.531994162904,
    35.000000000001));
#10570 = CARTESIAN_POINT('',(-9.986543389203,-10.41376138659,
    46.666666666666));
#10571 = CARTESIAN_POINT('',(-7.947965855932,-11.87934397039,
    58.333333333333));
#10572 = CARTESIAN_POINT('',(-5.700961894323,-12.87435565298,70.));
#10573 = PCURVE('',#5110,#10574);
#10574 = DEFINITIONAL_REPRESENTATION('',(#10575),#10579);
#10575 = LINE('',#10576,#10577);
#10576 = CARTESIAN_POINT('',(2.,0.));
#10577 = VECTOR('',#10578,1.);
#10578 = DIRECTION('',(0.,1.));
#10579 = ( GEOMETRIC_REPRESENTATION_CONTEXT(2) 
PARAMETRIC_REPRESENTATION_CONTEXT() REPRESENTATION_CONTEXT('2D SPACE',''
  ) );
#10580 = PCURVE('',#10263,#10581);
#10581 = DEFINITIONAL_REPRESENTATION('',(#10582),#10586);
#10582 = LINE('',#10583,#10584);
#10583 = CARTESIAN_POINT('',(2.,0.));
#10584 = VECTOR('',#10585,1.);
#10585 = DIRECTION('',(0.,1.));
#10586 = ( GEOMETRIC_REPRESENTATION_CONTEXT(2) 
PARAMETRIC_REPRESENTATION_CONTEXT() REPRESENTATION_CONTEXT('2D SPACE',''
  ) );
#10587 = ORIENTED_EDGE('',*,*,#10230,.T.);
#10588 = ORIENTED_EDGE('',*,*,#5096,.T.);
#10589 = ORIENTED_EDGE('',*,*,#10330,.T.);
#10590 = ORIENTED_EDGE('',*,*,#10591,.T.);
#10591 = EDGE_CURVE('',#10331,#10562,#10592,.T.);
#10592 = SURFACE_CURVE('',#10593,(#10599,#10608),.PCURVE_S1.);
#10593 = B_SPLINE_CURVE_WITH_KNOTS('',4,(#10594,#10595,#10596,#10597,
    #10598),.UNSPECIFIED.,.F.,.F.,(5,5),(0.,1.),
  .PIECEWISE_BEZIER_KNOTS.);
#10594 = CARTESIAN_POINT('',(-3.928674810526,-1.677949111454,3.));
#10595 = CARTESIAN_POINT('',(-6.426157400838,-1.790111334745,3.));
#10596 = CARTESIAN_POINT('',(-8.923639991151,-1.902273558036,3.));
#10597 = CARTESIAN_POINT('',(-11.42112258146,-2.014435781328,3.));
#10598 = CARTESIAN_POINT('',(-13.91860517177,-2.126598004619,3.));
#10599 = PCURVE('',#5110,#10600);
#10600 = DEFINITIONAL_REPRESENTATION('',(#10601),#10607);
#10601 = B_SPLINE_CURVE_WITH_KNOTS('',4,(#10602,#10603,#10604,#10605,
    #10606),.UNSPECIFIED.,.F.,.F.,(5,5),(0.,1.),
  .PIECEWISE_BEZIER_KNOTS.);
#10602 = CARTESIAN_POINT('',(3.,4.285714285714E-02));
#10603 = CARTESIAN_POINT('',(2.75,4.285714285714E-02));
#10604 = CARTESIAN_POINT('',(2.5,4.285714285714E-02));
#10605 = CARTESIAN_POINT('',(2.25,4.285714285714E-02));
#10606 = CARTESIAN_POINT('',(2.,4.285714285714E-02));
#10607 = ( GEOMETRIC_REPRESENTATION_CONTEXT(2) 
PARAMETRIC_REPRESENTATION_CONTEXT() REPRESENTATION_CONTEXT('2D SPACE',''
  ) );
#10608 = PCURVE('',#10544,#10609);
#10609 = DEFINITIONAL_REPRESENTATION('',(#10610),#10616);
#10610 = B_SPLINE_CURVE_WITH_KNOTS('',4,(#10611,#10612,#10613,#10614,
    #10615),.UNSPECIFIED.,.F.,.F.,(5,5),(0.,1.),
  .PIECEWISE_BEZIER_KNOTS.);
#10611 = CARTESIAN_POINT('',(-3.928674810526,-1.677949111454));
#10612 = CARTESIAN_POINT('',(-6.426157400838,-1.790111334745));
#10613 = CARTESIAN_POINT('',(-8.923639991151,-1.902273558036));
#10614 = CARTESIAN_POINT('',(-11.42112258146,-2.014435781328));
#10615 = CARTESIAN_POINT('',(-13.91860517177,-2.126598004619));
#10616 = ( GEOMETRIC_REPRESENTATION_CONTEXT(2) 
PARAMETRIC_REPRESENTATION_CONTEXT() REPRESENTATION_CONTEXT('2D SPACE',''
  ) );
#10617 = ADVANCED_FACE('',(#10618),#5026,.T.);
#10618 = FACE_BOUND('',#10619,.T.);
#10619 = EDGE_LOOP('',(#10620,#10649,#10650,#10651,#10678));
#10620 = ORIENTED_EDGE('',*,*,#10621,.T.);
#10621 = EDGE_CURVE('',#10622,#4875,#10624,.T.);
#10622 = VERTEX_POINT('',#10623);
#10623 = CARTESIAN_POINT('',(-13.03578029267,0.916073529746,3.));
#10624 = SURFACE_CURVE('',#10625,(#10631,#10640),.PCURVE_S1.);
#10625 = B_SPLINE_CURVE_WITH_KNOTS('',4,(#10626,#10627,#10628,#10629,
    #10630),.UNSPECIFIED.,.F.,.F.,(5,5),(0.,1.),
  .PIECEWISE_BEZIER_KNOTS.);
#10626 = CARTESIAN_POINT('',(-13.03578086825,0.916065339122,3.000042));
#10627 = CARTESIAN_POINT('',(-13.02550249586,1.062328539205,
    2.250031466194));
#10628 = CARTESIAN_POINT('',(-13.01303599725,1.208438058019,
    1.500020948462));
#10629 = CARTESIAN_POINT('',(-12.99838481707,1.354344825133,
    0.750010455238));
#10630 = CARTESIAN_POINT('',(-12.9815545868,1.5,-3.552713678801E-15));
#10631 = PCURVE('',#5026,#10632);
#10632 = DEFINITIONAL_REPRESENTATION('',(#10633),#10639);
#10633 = B_SPLINE_CURVE_WITH_KNOTS('',4,(#10634,#10635,#10636,#10637,
    #10638),.UNSPECIFIED.,.F.,.F.,(5,5),(0.,1.),
  .PIECEWISE_BEZIER_KNOTS.);
#10634 = CARTESIAN_POINT('',(0.898155491554,4.285774285714E-02));
#10635 = CARTESIAN_POINT('',(0.898155491485,3.214330665991E-02));
#10636 = CARTESIAN_POINT('',(0.898155487907,2.142887069231E-02));
#10637 = CARTESIAN_POINT('',(0.89815547853,1.071443507483E-02));
#10638 = CARTESIAN_POINT('',(0.898155458681,0.));
#10639 = ( GEOMETRIC_REPRESENTATION_CONTEXT(2) 
PARAMETRIC_REPRESENTATION_CONTEXT() REPRESENTATION_CONTEXT('2D SPACE',''
  ) );
#10640 = PCURVE('',#4908,#10641);
#10641 = DEFINITIONAL_REPRESENTATION('',(#10642),#10648);
#10642 = B_SPLINE_CURVE_WITH_KNOTS('',4,(#10643,#10644,#10645,#10646,
    #10647),.UNSPECIFIED.,.F.,.F.,(5,5),(0.,1.),
  .PIECEWISE_BEZIER_KNOTS.);
#10643 = CARTESIAN_POINT('',(3.978786280742,4.285774285708E-02));
#10644 = CARTESIAN_POINT('',(3.978786280353,3.214330662817E-02));
#10645 = CARTESIAN_POINT('',(3.978786278775,2.142887077724E-02));
#10646 = CARTESIAN_POINT('',(3.978786275405,1.071443497901E-02));
#10647 = CARTESIAN_POINT('',(3.978786269267,5.133878642643E-11));
#10648 = ( GEOMETRIC_REPRESENTATION_CONTEXT(2) 
PARAMETRIC_REPRESENTATION_CONTEXT() REPRESENTATION_CONTEXT('2D SPACE',''
  ) );
#10649 = ORIENTED_EDGE('',*,*,#5012,.T.);
#10650 = ORIENTED_EDGE('',*,*,#10306,.T.);
#10651 = ORIENTED_EDGE('',*,*,#10652,.T.);
#10652 = EDGE_CURVE('',#10286,#10653,#10655,.T.);
#10653 = VERTEX_POINT('',#10654);
#10654 = CARTESIAN_POINT('',(-14.05319983972,0.870381103756,3.));
#10655 = SURFACE_CURVE('',#10656,(#10664,#10671),.PCURVE_S1.);
#10656 = ( BOUNDED_CURVE() B_SPLINE_CURVE(6,(#10657,#10658,#10659,#10660
    ,#10661,#10662,#10663),.UNSPECIFIED.,.F.,.F.) 
B_SPLINE_CURVE_WITH_KNOTS((7,7),(0.,1.),.PIECEWISE_BEZIER_KNOTS.) CURVE(
) GEOMETRIC_REPRESENTATION_ITEM() RATIONAL_B_SPLINE_CURVE((1.,1.,1.,1.,
1.,1.,1.)) REPRESENTATION_ITEM('') );
#10657 = CARTESIAN_POINT('',(-14.,1.5,0.));
#10658 = CARTESIAN_POINT('',(-14.26179658662,-0.943468354449,
    11.666666666667));
#10659 = CARTESIAN_POINT('',(-14.01185360434,-3.441719577749,
    23.333333333333));
#10660 = CARTESIAN_POINT('',(-13.23574200813,-5.86098930815,
    35.000000000001));
#10661 = CARTESIAN_POINT('',(-11.96605679644,-8.061697080988,
    46.666666666666));
#10662 = CARTESIAN_POINT('',(-10.28424126781,-9.925893207141,
    58.333333333333));
#10663 = CARTESIAN_POINT('',(-8.299038105677,-11.37435565298,70.));
#10664 = PCURVE('',#5026,#10665);
#10665 = DEFINITIONAL_REPRESENTATION('',(#10666),#10670);
#10666 = LINE('',#10667,#10668);
#10667 = CARTESIAN_POINT('',(1.,0.));
#10668 = VECTOR('',#10669,1.);
#10669 = DIRECTION('',(0.,1.));
#10670 = ( GEOMETRIC_REPRESENTATION_CONTEXT(2) 
PARAMETRIC_REPRESENTATION_CONTEXT() REPRESENTATION_CONTEXT('2D SPACE',''
  ) );
#10671 = PCURVE('',#10263,#10672);
#10672 = DEFINITIONAL_REPRESENTATION('',(#10673),#10677);
#10673 = LINE('',#10674,#10675);
#10674 = CARTESIAN_POINT('',(1.,0.));
#10675 = VECTOR('',#10676,1.);
#10676 = DIRECTION('',(0.,1.));
#10677 = ( GEOMETRIC_REPRESENTATION_CONTEXT(2) 
PARAMETRIC_REPRESENTATION_CONTEXT() REPRESENTATION_CONTEXT('2D SPACE',''
  ) );
#10678 = ORIENTED_EDGE('',*,*,#10679,.T.);
#10679 = EDGE_CURVE('',#10653,#10622,#10680,.T.);
#10680 = SURFACE_CURVE('',#10681,(#10687,#10696),.PCURVE_S1.);
#10681 = B_SPLINE_CURVE_WITH_KNOTS('',4,(#10682,#10683,#10684,#10685,
    #10686),.UNSPECIFIED.,.F.,.F.,(5,5),(0.,1.),
  .PIECEWISE_BEZIER_KNOTS.);
#10682 = CARTESIAN_POINT('',(-14.05319983972,0.870381103756,3.));
#10683 = CARTESIAN_POINT('',(-11.55571724941,0.982543327048,3.));
#10684 = CARTESIAN_POINT('',(-9.0582346591,1.094705550339,3.));
#10685 = CARTESIAN_POINT('',(-6.560752068788,1.20686777363,3.));
#10686 = CARTESIAN_POINT('',(-4.063269478475,1.319029996922,3.));
#10687 = PCURVE('',#5026,#10688);
#10688 = DEFINITIONAL_REPRESENTATION('',(#10689),#10695);
#10689 = B_SPLINE_CURVE_WITH_KNOTS('',4,(#10690,#10691,#10692,#10693,
    #10694),.UNSPECIFIED.,.F.,.F.,(5,5),(0.,1.),
  .PIECEWISE_BEZIER_KNOTS.);
#10690 = CARTESIAN_POINT('',(1.,4.285714285714E-02));
#10691 = CARTESIAN_POINT('',(0.75,4.285714285714E-02));
#10692 = CARTESIAN_POINT('',(0.5,4.285714285714E-02));
#10693 = CARTESIAN_POINT('',(0.25,4.285714285714E-02));
#10694 = CARTESIAN_POINT('',(0.,4.285714285714E-02));
#10695 = ( GEOMETRIC_REPRESENTATION_CONTEXT(2) 
PARAMETRIC_REPRESENTATION_CONTEXT() REPRESENTATION_CONTEXT('2D SPACE',''
  ) );
#10696 = PCURVE('',#10544,#10697);
#10697 = DEFINITIONAL_REPRESENTATION('',(#10698),#10704);
#10698 = B_SPLINE_CURVE_WITH_KNOTS('',4,(#10699,#10700,#10701,#10702,
    #10703),.UNSPECIFIED.,.F.,.F.,(5,5),(0.,1.),
  .PIECEWISE_BEZIER_KNOTS.);
#10699 = CARTESIAN_POINT('',(-14.05319983972,0.870381103756));
#10700 = CARTESIAN_POINT('',(-11.55571724941,0.982543327048));
#10701 = CARTESIAN_POINT('',(-9.0582346591,1.094705550339));
#10702 = CARTESIAN_POINT('',(-6.560752068788,1.20686777363));
#10703 = CARTESIAN_POINT('',(-4.063269478475,1.319029996922));
#10704 = ( GEOMETRIC_REPRESENTATION_CONTEXT(2) 
PARAMETRIC_REPRESENTATION_CONTEXT() REPRESENTATION_CONTEXT('2D SPACE',''
  ) );
#10705 = ADVANCED_FACE('',(#10706),#4908,.T.);
#10706 = FACE_BOUND('',#10707,.T.);
#10707 = EDGE_LOOP('',(#10708,#10736,#10775,#10776,#10777,#10778,#10805,
    #10806,#10835,#10862));
#10708 = ORIENTED_EDGE('',*,*,#10709,.F.);
#10709 = EDGE_CURVE('',#10710,#6355,#10712,.T.);
#10710 = VERTEX_POINT('',#10711);
#10711 = CARTESIAN_POINT('',(23.6,55.907423478461,0.));
#10712 = SURFACE_CURVE('',#10713,(#10722,#10729),.PCURVE_S1.);
#10713 = ( BOUNDED_CURVE() B_SPLINE_CURVE(7,(#10714,#10715,#10716,#10717
    ,#10718,#10719,#10720,#10721),.UNSPECIFIED.,.F.,.F.) 
B_SPLINE_CURVE_WITH_KNOTS((8,8),(0.,1.),.PIECEWISE_BEZIER_KNOTS.) CURVE(
) GEOMETRIC_REPRESENTATION_ITEM() RATIONAL_B_SPLINE_CURVE((1.,1.,1.,1.,
1.,1.,1.,1.)) REPRESENTATION_ITEM('') );
#10714 = CARTESIAN_POINT('',(23.6,55.907423478461,0.));
#10715 = CARTESIAN_POINT('',(15.236268892037,59.43797682998,
    10.000000000003));
#10716 = CARTESIAN_POINT('',(6.256340921849,61.508773397672,
    19.99999999999));
#10717 = CARTESIAN_POINT('',(-3.034057756769,61.99080261115,
    30.000000000016));
#10718 = CARTESIAN_POINT('',(-12.29540794353,60.834924659796,
    39.999999999985));
#10719 = CARTESIAN_POINT('',(-21.18234293128,58.084243599701,
    50.000000000008));
#10720 = CARTESIAN_POINT('',(-29.37783628056,53.869840494163,
    59.999999999998));
#10721 = CARTESIAN_POINT('',(-36.61724899248,48.391911268543,70.));
#10722 = PCURVE('',#4908,#10723);
#10723 = DEFINITIONAL_REPRESENTATION('',(#10724),#10728);
#10724 = LINE('',#10725,#10726);
#10725 = CARTESIAN_POINT('',(3.,0.));
#10726 = VECTOR('',#10727,1.);
#10727 = DIRECTION('',(0.,1.));
#10728 = ( GEOMETRIC_REPRESENTATION_CONTEXT(2) 
PARAMETRIC_REPRESENTATION_CONTEXT() REPRESENTATION_CONTEXT('2D SPACE',''
  ) );
#10729 = PCURVE('',#6429,#10730);
#10730 = DEFINITIONAL_REPRESENTATION('',(#10731),#10735);
#10731 = LINE('',#10732,#10733);
#10732 = CARTESIAN_POINT('',(3.,0.));
#10733 = VECTOR('',#10734,1.);
#10734 = DIRECTION('',(0.,1.));
#10735 = ( GEOMETRIC_REPRESENTATION_CONTEXT(2) 
PARAMETRIC_REPRESENTATION_CONTEXT() REPRESENTATION_CONTEXT('2D SPACE',''
  ) );
#10736 = ORIENTED_EDGE('',*,*,#10737,.T.);
#10737 = EDGE_CURVE('',#10710,#9090,#10738,.T.);
#10738 = SURFACE_CURVE('',#10739,(#10752,#10759),.PCURVE_S1.);
#10739 = B_SPLINE_CURVE_WITH_KNOTS('',11,(#10740,#10741,#10742,#10743,
    #10744,#10745,#10746,#10747,#10748,#10749,#10750,#10751),
  .UNSPECIFIED.,.F.,.F.,(12,12),(3.,4.),.PIECEWISE_BEZIER_KNOTS.);
#10740 = CARTESIAN_POINT('',(23.6,55.907423478461,0.));
#10741 = CARTESIAN_POINT('',(17.707970103735,53.335930812121,0.));
#10742 = CARTESIAN_POINT('',(12.114047977644,50.081387073173,0.));
#10743 = CARTESIAN_POINT('',(6.906217145303,46.182191911162,0.));
#10744 = CARTESIAN_POINT('',(2.166895070903,41.689492372125,0.));
#10745 = CARTESIAN_POINT('',(-2.029174432219,36.666266305508,0.));
#10746 = CARTESIAN_POINT('',(-5.616857932168,31.185989236155,0.));
#10747 = CARTESIAN_POINT('',(-8.542292867548,25.330937585638,0.));
#10748 = CARTESIAN_POINT('',(-10.76419118025,19.190197340281,0.));
#10749 = CARTESIAN_POINT('',(-12.25473024318,12.857463476331,0.));
#10750 = CARTESIAN_POINT('',(-13.,6.428731665852,0.));
#10751 = CARTESIAN_POINT('',(-13.,-1.960672839909E-15,0.));
#10752 = PCURVE('',#4908,#10753);
#10753 = DEFINITIONAL_REPRESENTATION('',(#10754),#10758);
#10754 = LINE('',#10755,#10756);
#10755 = CARTESIAN_POINT('',(0.,0.));
#10756 = VECTOR('',#10757,1.);
#10757 = DIRECTION('',(1.,0.));
#10758 = ( GEOMETRIC_REPRESENTATION_CONTEXT(2) 
PARAMETRIC_REPRESENTATION_CONTEXT() REPRESENTATION_CONTEXT('2D SPACE',''
  ) );
#10759 = PCURVE('',#9106,#10760);
#10760 = DEFINITIONAL_REPRESENTATION('',(#10761),#10774);
#10761 = B_SPLINE_CURVE_WITH_KNOTS('',11,(#10762,#10763,#10764,#10765,
    #10766,#10767,#10768,#10769,#10770,#10771,#10772,#10773),
  .UNSPECIFIED.,.F.,.F.,(12,12),(3.,4.),.PIECEWISE_BEZIER_KNOTS.);
#10762 = CARTESIAN_POINT('',(23.6,55.907423478461));
#10763 = CARTESIAN_POINT('',(17.707970103735,53.335930812121));
#10764 = CARTESIAN_POINT('',(12.114047977644,50.081387073173));
#10765 = CARTESIAN_POINT('',(6.906217145303,46.182191911162));
#10766 = CARTESIAN_POINT('',(2.166895070903,41.689492372125));
#10767 = CARTESIAN_POINT('',(-2.029174432219,36.666266305508));
#10768 = CARTESIAN_POINT('',(-5.616857932168,31.185989236155));
#10769 = CARTESIAN_POINT('',(-8.542292867548,25.330937585638));
#10770 = CARTESIAN_POINT('',(-10.76419118025,19.190197340281));
#10771 = CARTESIAN_POINT('',(-12.25473024318,12.857463476331));
#10772 = CARTESIAN_POINT('',(-13.,6.428731665852));
#10773 = CARTESIAN_POINT('',(-13.,-1.943650168836E-15));
#10774 = ( GEOMETRIC_REPRESENTATION_CONTEXT(2) 
PARAMETRIC_REPRESENTATION_CONTEXT() REPRESENTATION_CONTEXT('2D SPACE',''
  ) );
#10775 = ORIENTED_EDGE('',*,*,#10077,.T.);
#10776 = ORIENTED_EDGE('',*,*,#4874,.T.);
#10777 = ORIENTED_EDGE('',*,*,#10621,.F.);
#10778 = ORIENTED_EDGE('',*,*,#10779,.F.);
#10779 = EDGE_CURVE('',#10499,#10622,#10780,.T.);
#10780 = SURFACE_CURVE('',#10781,(#10787,#10796),.PCURVE_S1.);
#10781 = B_SPLINE_CURVE_WITH_KNOTS('',4,(#10782,#10783,#10784,#10785,
    #10786),.UNSPECIFIED.,.F.,.F.,(5,5),(0.,1.),
  .PIECEWISE_BEZIER_KNOTS.);
#10782 = CARTESIAN_POINT('',(-12.98690990138,-0.583242813284,3.));
#10783 = CARTESIAN_POINT('',(-13.00825620388,-0.107930471727,3.));
#10784 = CARTESIAN_POINT('',(-13.02465934681,0.367603867604,3.));
#10785 = CARTESIAN_POINT('',(-13.03611586603,0.84328308974,3.));
#10786 = CARTESIAN_POINT('',(-13.04262470741,1.319029996922,3.));
#10787 = PCURVE('',#4908,#10788);
#10788 = DEFINITIONAL_REPRESENTATION('',(#10789),#10795);
#10789 = B_SPLINE_CURVE_WITH_KNOTS('',4,(#10790,#10791,#10792,#10793,
    #10794),.UNSPECIFIED.,.F.,.F.,(5,5),(0.,1.),
  .PIECEWISE_BEZIER_KNOTS.);
#10790 = CARTESIAN_POINT('',(4.,4.285714285714E-02));
#10791 = CARTESIAN_POINT('',(3.993271804041,4.285714285714E-02));
#10792 = CARTESIAN_POINT('',(3.986543607304,4.285714285714E-02));
#10793 = CARTESIAN_POINT('',(3.979815412784,4.285714285714E-02));
#10794 = CARTESIAN_POINT('',(3.973087216875,4.285714285714E-02));
#10795 = ( GEOMETRIC_REPRESENTATION_CONTEXT(2) 
PARAMETRIC_REPRESENTATION_CONTEXT() REPRESENTATION_CONTEXT('2D SPACE',''
  ) );
#10796 = PCURVE('',#10544,#10797);
#10797 = DEFINITIONAL_REPRESENTATION('',(#10798),#10804);
#10798 = B_SPLINE_CURVE_WITH_KNOTS('',4,(#10799,#10800,#10801,#10802,
    #10803),.UNSPECIFIED.,.F.,.F.,(5,5),(0.,1.),
  .PIECEWISE_BEZIER_KNOTS.);
#10799 = CARTESIAN_POINT('',(-12.98690990138,-0.583242813284));
#10800 = CARTESIAN_POINT('',(-13.00825620388,-0.107930471727));
#10801 = CARTESIAN_POINT('',(-13.02465934681,0.367603867604));
#10802 = CARTESIAN_POINT('',(-13.03611586603,0.84328308974));
#10803 = CARTESIAN_POINT('',(-13.04262470741,1.319029996922));
#10804 = ( GEOMETRIC_REPRESENTATION_CONTEXT(2) 
PARAMETRIC_REPRESENTATION_CONTEXT() REPRESENTATION_CONTEXT('2D SPACE',''
  ) );
#10805 = ORIENTED_EDGE('',*,*,#10498,.T.);
#10806 = ORIENTED_EDGE('',*,*,#10807,.T.);
#10807 = EDGE_CURVE('',#10459,#10808,#10810,.T.);
#10808 = VERTEX_POINT('',#10809);
#10809 = CARTESIAN_POINT('',(-16.70313209424,-3.163127920622,66.5));
#10810 = SURFACE_CURVE('',#10811,(#10817,#10826),.PCURVE_S1.);
#10811 = B_SPLINE_CURVE_WITH_KNOTS('',4,(#10812,#10813,#10814,#10815,
    #10816),.UNSPECIFIED.,.F.,.F.,(5,5),(0.,1.),
  .PIECEWISE_BEZIER_KNOTS.);
#10812 = CARTESIAN_POINT('',(-7.080307488696,-10.90271740478,66.5));
#10813 = CARTESIAN_POINT('',(-9.761694228114,-9.161404491102,66.5));
#10814 = CARTESIAN_POINT('',(-12.32141213251,-7.232690705548,66.5));
#10815 = CARTESIAN_POINT('',(-14.73972750752,-5.129397254646,66.5));
#10816 = CARTESIAN_POINT('',(-17.,-2.86816445639,66.5));
#10817 = PCURVE('',#4908,#10818);
#10818 = DEFINITIONAL_REPRESENTATION('',(#10819),#10825);
#10819 = B_SPLINE_CURVE_WITH_KNOTS('',4,(#10820,#10821,#10822,#10823,
    #10824),.UNSPECIFIED.,.F.,.F.,(5,5),(0.,1.),
  .PIECEWISE_BEZIER_KNOTS.);
#10820 = CARTESIAN_POINT('',(4.,0.95));
#10821 = CARTESIAN_POINT('',(3.954788379845,0.95));
#10822 = CARTESIAN_POINT('',(3.909576638449,0.95));
#10823 = CARTESIAN_POINT('',(3.864364896351,0.95));
#10824 = CARTESIAN_POINT('',(3.819153276091,0.95));
#10825 = ( GEOMETRIC_REPRESENTATION_CONTEXT(2) 
PARAMETRIC_REPRESENTATION_CONTEXT() REPRESENTATION_CONTEXT('2D SPACE',''
  ) );
#10826 = PCURVE('',#10482,#10827);
#10827 = DEFINITIONAL_REPRESENTATION('',(#10828),#10834);
#10828 = B_SPLINE_CURVE_WITH_KNOTS('',4,(#10829,#10830,#10831,#10832,
    #10833),.UNSPECIFIED.,.F.,.F.,(5,5),(0.,1.),
  .PIECEWISE_BEZIER_KNOTS.);
#10829 = CARTESIAN_POINT('',(-7.080307488696,-10.90271740478));
#10830 = CARTESIAN_POINT('',(-9.761694228114,-9.161404491102));
#10831 = CARTESIAN_POINT('',(-12.32141213251,-7.232690705548));
#10832 = CARTESIAN_POINT('',(-14.73972750752,-5.129397254646));
#10833 = CARTESIAN_POINT('',(-17.,-2.86816445639));
#10834 = ( GEOMETRIC_REPRESENTATION_CONTEXT(2) 
PARAMETRIC_REPRESENTATION_CONTEXT() REPRESENTATION_CONTEXT('2D SPACE',''
  ) );
#10835 = ORIENTED_EDGE('',*,*,#10836,.T.);
#10836 = EDGE_CURVE('',#10808,#6322,#10837,.T.);
#10837 = SURFACE_CURVE('',#10838,(#10844,#10853),.PCURVE_S1.);
#10838 = B_SPLINE_CURVE_WITH_KNOTS('',4,(#10839,#10840,#10841,#10842,
    #10843),.UNSPECIFIED.,.F.,.F.,(5,5),(0.,1.),
  .PIECEWISE_BEZIER_KNOTS.);
#10839 = CARTESIAN_POINT('',(-16.70313212263,-3.163127770695,66.4999994)
  );
#10840 = CARTESIAN_POINT('',(-16.66172686943,-3.381771298527,
    67.374999548048));
#10841 = CARTESIAN_POINT('',(-16.61650556618,-3.599692167323,
    68.249999697155));
#10842 = CARTESIAN_POINT('',(-16.56748713894,-3.816790441297,
    69.124999847496));
#10843 = CARTESIAN_POINT('',(-16.51469571896,-4.032967308312,70.));
#10844 = PCURVE('',#4908,#10845);
#10845 = DEFINITIONAL_REPRESENTATION('',(#10846),#10852);
#10846 = B_SPLINE_CURVE_WITH_KNOTS('',4,(#10847,#10848,#10849,#10850,
    #10851),.UNSPECIFIED.,.F.,.F.,(5,5),(0.,1.),
  .PIECEWISE_BEZIER_KNOTS.);
#10847 = CARTESIAN_POINT('',(3.825071182595,0.949999991429));
#10848 = CARTESIAN_POINT('',(3.825071182678,0.962499993544));
#10849 = CARTESIAN_POINT('',(3.825071182618,0.974999995674));
#10850 = CARTESIAN_POINT('',(3.825071182291,0.987499997821));
#10851 = CARTESIAN_POINT('',(3.825071181415,1.));
#10852 = ( GEOMETRIC_REPRESENTATION_CONTEXT(2) 
PARAMETRIC_REPRESENTATION_CONTEXT() REPRESENTATION_CONTEXT('2D SPACE',''
  ) );
#10853 = PCURVE('',#6342,#10854);
#10854 = DEFINITIONAL_REPRESENTATION('',(#10855),#10861);
#10855 = B_SPLINE_CURVE_WITH_KNOTS('',4,(#10856,#10857,#10858,#10859,
    #10860),.UNSPECIFIED.,.F.,.F.,(5,5),(0.,1.),
  .PIECEWISE_BEZIER_KNOTS.);
#10856 = CARTESIAN_POINT('',(-3.328749696331,5.999999999062E-07));
#10857 = CARTESIAN_POINT('',(-3.341839668094,-0.874999548048));
#10858 = CARTESIAN_POINT('',(-3.35492963953,-1.749999697155));
#10859 = CARTESIAN_POINT('',(-3.368019610365,-2.624999847496));
#10860 = CARTESIAN_POINT('',(-3.381109580092,-3.5));
#10861 = ( GEOMETRIC_REPRESENTATION_CONTEXT(2) 
PARAMETRIC_REPRESENTATION_CONTEXT() REPRESENTATION_CONTEXT('2D SPACE',''
  ) );
#10862 = ORIENTED_EDGE('',*,*,#6354,.F.);
#10863 = ADVANCED_FACE('',(#10864),#4769,.T.);
#10864 = FACE_BOUND('',#10865,.T.);
#10865 = EDGE_LOOP('',(#10866,#10867,#10868,#10869,#10908,#10909,#10950,
    #10976,#10977,#10978,#10979,#10980));
#10866 = ORIENTED_EDGE('',*,*,#5541,.F.);
#10867 = ORIENTED_EDGE('',*,*,#4737,.T.);
#10868 = ORIENTED_EDGE('',*,*,#5572,.T.);
#10869 = ORIENTED_EDGE('',*,*,#10870,.T.);
#10870 = EDGE_CURVE('',#5573,#5825,#10871,.T.);
#10871 = SURFACE_CURVE('',#10872,(#10885,#10892),.PCURVE_S1.);
#10872 = B_SPLINE_CURVE_WITH_KNOTS('',11,(#10873,#10874,#10875,#10876,
    #10877,#10878,#10879,#10880,#10881,#10882,#10883,#10884),
  .UNSPECIFIED.,.F.,.F.,(12,12),(1.,2.),.PIECEWISE_BEZIER_KNOTS.);
#10873 = CARTESIAN_POINT('',(-11.,-5.758315878539E-15,0.));
#10874 = CARTESIAN_POINT('',(-11.,6.217953578447,0.));
#10875 = CARTESIAN_POINT('',(-10.27916531717,12.435907296779,0.));
#10876 = CARTESIAN_POINT('',(-8.837496387459,18.561010542239,0.));
#10877 = CARTESIAN_POINT('',(-6.68844719976,24.500415041847,0.));
#10878 = CARTESIAN_POINT('',(-3.8589281639,30.163497785789,0.));
#10879 = CARTESIAN_POINT('',(-0.388873631163,35.464093639754,0.));
#10880 = CARTESIAN_POINT('',(3.669619822677,40.322623769761,0.));
#10881 = CARTESIAN_POINT('',(8.25355428808,44.668021684566,0.));
#10882 = CARTESIAN_POINT('',(13.290636568541,48.439374382249,0.));
#10883 = CARTESIAN_POINT('',(18.701151411809,51.5872117691,0.));
#10884 = CARTESIAN_POINT('',(24.4,54.074393200479,0.));
#10885 = PCURVE('',#4769,#10886);
#10886 = DEFINITIONAL_REPRESENTATION('',(#10887),#10891);
#10887 = LINE('',#10888,#10889);
#10888 = CARTESIAN_POINT('',(0.,0.));
#10889 = VECTOR('',#10890,1.);
#10890 = DIRECTION('',(1.,0.));
#10891 = ( GEOMETRIC_REPRESENTATION_CONTEXT(2) 
PARAMETRIC_REPRESENTATION_CONTEXT() REPRESENTATION_CONTEXT('2D SPACE',''
  ) );
#10892 = PCURVE('',#5659,#10893);
#10893 = DEFINITIONAL_REPRESENTATION('',(#10894),#10907);
#10894 = B_SPLINE_CURVE_WITH_KNOTS('',11,(#10895,#10896,#10897,#10898,
    #10899,#10900,#10901,#10902,#10903,#10904,#10905,#10906),
  .UNSPECIFIED.,.F.,.F.,(12,12),(1.,2.),.PIECEWISE_BEZIER_KNOTS.);
#10895 = CARTESIAN_POINT('',(-11.,-5.741293207466E-15));
#10896 = CARTESIAN_POINT('',(-11.,6.217953578447));
#10897 = CARTESIAN_POINT('',(-10.27916531717,12.435907296779));
#10898 = CARTESIAN_POINT('',(-8.837496387459,18.561010542239));
#10899 = CARTESIAN_POINT('',(-6.68844719976,24.500415041847));
#10900 = CARTESIAN_POINT('',(-3.8589281639,30.163497785789));
#10901 = CARTESIAN_POINT('',(-0.388873631163,35.464093639754));
#10902 = CARTESIAN_POINT('',(3.669619822677,40.322623769761));
#10903 = CARTESIAN_POINT('',(8.25355428808,44.668021684566));
#10904 = CARTESIAN_POINT('',(13.290636568541,48.439374382249));
#10905 = CARTESIAN_POINT('',(18.701151411809,51.5872117691));
#10906 = CARTESIAN_POINT('',(24.4,54.074393200479));
#10907 = ( GEOMETRIC_REPRESENTATION_CONTEXT(2) 
PARAMETRIC_REPRESENTATION_CONTEXT() REPRESENTATION_CONTEXT('2D SPACE',''
  ) );
#10908 = ORIENTED_EDGE('',*,*,#5824,.T.);
#10909 = ORIENTED_EDGE('',*,*,#10910,.T.);
#10910 = EDGE_CURVE('',#5801,#10911,#10913,.T.);
#10911 = VERTEX_POINT('',#10912);
#10912 = CARTESIAN_POINT('',(24.4,54.074393200479,0.));
#10913 = SURFACE_CURVE('',#10914,(#10927,#10934),.PCURVE_S1.);
#10914 = B_SPLINE_CURVE_WITH_KNOTS('',11,(#10915,#10916,#10917,#10918,
    #10919,#10920,#10921,#10922,#10923,#10924,#10925,#10926),
  .UNSPECIFIED.,.F.,.F.,(12,12),(1.,2.),.PIECEWISE_BEZIER_KNOTS.);
#10915 = CARTESIAN_POINT('',(-11.,-5.758315878539E-15,0.));
#10916 = CARTESIAN_POINT('',(-11.,6.217953578447,0.));
#10917 = CARTESIAN_POINT('',(-10.27916531717,12.435907296779,0.));
#10918 = CARTESIAN_POINT('',(-8.837496387459,18.561010542239,0.));
#10919 = CARTESIAN_POINT('',(-6.68844719976,24.500415041847,0.));
#10920 = CARTESIAN_POINT('',(-3.8589281639,30.163497785789,0.));
#10921 = CARTESIAN_POINT('',(-0.388873631163,35.464093639754,0.));
#10922 = CARTESIAN_POINT('',(3.669619822677,40.322623769761,0.));
#10923 = CARTESIAN_POINT('',(8.25355428808,44.668021684566,0.));
#10924 = CARTESIAN_POINT('',(13.290636568541,48.439374382249,0.));
#10925 = CARTESIAN_POINT('',(18.701151411809,51.5872117691,0.));
#10926 = CARTESIAN_POINT('',(24.4,54.074393200479,0.));
#10927 = PCURVE('',#4769,#10928);
#10928 = DEFINITIONAL_REPRESENTATION('',(#10929),#10933);
#10929 = LINE('',#10930,#10931);
#10930 = CARTESIAN_POINT('',(0.,0.));
#10931 = VECTOR('',#10932,1.);
#10932 = DIRECTION('',(1.,0.));
#10933 = ( GEOMETRIC_REPRESENTATION_CONTEXT(2) 
PARAMETRIC_REPRESENTATION_CONTEXT() REPRESENTATION_CONTEXT('2D SPACE',''
  ) );
#10934 = PCURVE('',#9106,#10935);
#10935 = DEFINITIONAL_REPRESENTATION('',(#10936),#10949);
#10936 = B_SPLINE_CURVE_WITH_KNOTS('',11,(#10937,#10938,#10939,#10940,
    #10941,#10942,#10943,#10944,#10945,#10946,#10947,#10948),
  .UNSPECIFIED.,.F.,.F.,(12,12),(1.,2.),.PIECEWISE_BEZIER_KNOTS.);
#10937 = CARTESIAN_POINT('',(-11.,-5.741293207466E-15));
#10938 = CARTESIAN_POINT('',(-11.,6.217953578447));
#10939 = CARTESIAN_POINT('',(-10.27916531717,12.435907296779));
#10940 = CARTESIAN_POINT('',(-8.837496387459,18.561010542239));
#10941 = CARTESIAN_POINT('',(-6.68844719976,24.500415041847));
#10942 = CARTESIAN_POINT('',(-3.8589281639,30.163497785789));
#10943 = CARTESIAN_POINT('',(-0.388873631163,35.464093639754));
#10944 = CARTESIAN_POINT('',(3.669619822677,40.322623769761));
#10945 = CARTESIAN_POINT('',(8.25355428808,44.668021684566));
#10946 = CARTESIAN_POINT('',(13.290636568541,48.439374382249));
#10947 = CARTESIAN_POINT('',(18.701151411809,51.5872117691));
#10948 = CARTESIAN_POINT('',(24.4,54.074393200479));
#10949 = ( GEOMETRIC_REPRESENTATION_CONTEXT(2) 
PARAMETRIC_REPRESENTATION_CONTEXT() REPRESENTATION_CONTEXT('2D SPACE',''
  ) );
#10950 = ORIENTED_EDGE('',*,*,#10951,.T.);
#10951 = EDGE_CURVE('',#10911,#6396,#10952,.T.);
#10952 = SURFACE_CURVE('',#10953,(#10962,#10969),.PCURVE_S1.);
#10953 = ( BOUNDED_CURVE() B_SPLINE_CURVE(7,(#10954,#10955,#10956,#10957
    ,#10958,#10959,#10960,#10961),.UNSPECIFIED.,.F.,.F.) 
B_SPLINE_CURVE_WITH_KNOTS((8,8),(0.,1.),.PIECEWISE_BEZIER_KNOTS.) CURVE(
) GEOMETRIC_REPRESENTATION_ITEM() RATIONAL_B_SPLINE_CURVE((1.,1.,1.,1.,
1.,1.,1.,1.)) REPRESENTATION_ITEM('') );
#10954 = CARTESIAN_POINT('',(24.4,54.074393200479,0.));
#10955 = CARTESIAN_POINT('',(16.310489621361,57.724626238379,
    10.000000000003));
#10956 = CARTESIAN_POINT('',(7.583894066615,59.962963250329,
    19.99999999999));
#10957 = CARTESIAN_POINT('',(-1.484083255247,60.656017907242,
    30.000000000016));
#10958 = CARTESIAN_POINT('',(-10.56280474759,59.747654073772,
    39.999999999985));
#10959 = CARTESIAN_POINT('',(-19.3137141434,57.271745712619,
    50.000000000008));
#10960 = CARTESIAN_POINT('',(-27.42385011577,53.348823706564,
    59.999999999998));
#10961 = CARTESIAN_POINT('',(-34.62979820584,48.16821645258,70.));
#10962 = PCURVE('',#4769,#10963);
#10963 = DEFINITIONAL_REPRESENTATION('',(#10964),#10968);
#10964 = LINE('',#10965,#10966);
#10965 = CARTESIAN_POINT('',(2.,0.));
#10966 = VECTOR('',#10967,1.);
#10967 = DIRECTION('',(0.,1.));
#10968 = ( GEOMETRIC_REPRESENTATION_CONTEXT(2) 
PARAMETRIC_REPRESENTATION_CONTEXT() REPRESENTATION_CONTEXT('2D SPACE',''
  ) );
#10969 = PCURVE('',#6429,#10970);
#10970 = DEFINITIONAL_REPRESENTATION('',(#10971),#10975);
#10971 = LINE('',#10972,#10973);
#10972 = CARTESIAN_POINT('',(2.,0.));
#10973 = VECTOR('',#10974,1.);
#10974 = DIRECTION('',(0.,1.));
#10975 = ( GEOMETRIC_REPRESENTATION_CONTEXT(2) 
PARAMETRIC_REPRESENTATION_CONTEXT() REPRESENTATION_CONTEXT('2D SPACE',''
  ) );
#10976 = ORIENTED_EDGE('',*,*,#6533,.F.);
#10977 = ORIENTED_EDGE('',*,*,#6662,.F.);
#10978 = ORIENTED_EDGE('',*,*,#6718,.T.);
#10979 = ORIENTED_EDGE('',*,*,#10045,.F.);
#10980 = ORIENTED_EDGE('',*,*,#5426,.F.);
#10981 = ADVANCED_FACE('',(#10982),#5659,.F.);
#10982 = FACE_BOUND('',#10983,.F.);
#10983 = EDGE_LOOP('',(#10984,#10985,#10986));
#10984 = ORIENTED_EDGE('',*,*,#5643,.F.);
#10985 = ORIENTED_EDGE('',*,*,#10870,.T.);
#10986 = ORIENTED_EDGE('',*,*,#9823,.T.);
#10987 = ADVANCED_FACE('',(#10988),#5760,.T.);
#10988 = FACE_BOUND('',#10989,.T.);
#10989 = EDGE_LOOP('',(#10990,#11013,#11036,#11057,#11058));
#10990 = ORIENTED_EDGE('',*,*,#10991,.F.);
#10991 = EDGE_CURVE('',#10992,#6826,#10994,.T.);
#10992 = VERTEX_POINT('',#10993);
#10993 = CARTESIAN_POINT('',(13.986936947552,9.778322699993,-7.25));
#10994 = SURFACE_CURVE('',#10995,(#10999,#11006),.PCURVE_S1.);
#10995 = LINE('',#10996,#10997);
#10996 = CARTESIAN_POINT('',(13.986936947552,9.778322699993,-10.45));
#10997 = VECTOR('',#10998,1.);
#10998 = DIRECTION('',(0.,0.,1.));
#10999 = PCURVE('',#5760,#11000);
#11000 = DEFINITIONAL_REPRESENTATION('',(#11001),#11005);
#11001 = LINE('',#11002,#11003);
#11002 = CARTESIAN_POINT('',(0.,0.));
#11003 = VECTOR('',#11004,1.);
#11004 = DIRECTION('',(1.,0.));
#11005 = ( GEOMETRIC_REPRESENTATION_CONTEXT(2) 
PARAMETRIC_REPRESENTATION_CONTEXT() REPRESENTATION_CONTEXT('2D SPACE',''
  ) );
#11006 = PCURVE('',#6864,#11007);
#11007 = DEFINITIONAL_REPRESENTATION('',(#11008),#11012);
#11008 = LINE('',#11009,#11010);
#11009 = CARTESIAN_POINT('',(0.,12.));
#11010 = VECTOR('',#11011,1.);
#11011 = DIRECTION('',(1.,0.));
#11012 = ( GEOMETRIC_REPRESENTATION_CONTEXT(2) 
PARAMETRIC_REPRESENTATION_CONTEXT() REPRESENTATION_CONTEXT('2D SPACE',''
  ) );
#11013 = ORIENTED_EDGE('',*,*,#11014,.F.);
#11014 = EDGE_CURVE('',#11015,#10992,#11017,.T.);
#11015 = VERTEX_POINT('',#11016);
#11016 = CARTESIAN_POINT('',(12.058574118493,12.07645602935,-7.25));
#11017 = SURFACE_CURVE('',#11018,(#11022,#11029),.PCURVE_S1.);
#11018 = LINE('',#11019,#11020);
#11019 = CARTESIAN_POINT('',(14.790421459661,8.820767146094,-7.25));
#11020 = VECTOR('',#11021,1.);
#11021 = DIRECTION('',(0.642787609687,-0.766044443119,0.));
#11022 = PCURVE('',#5760,#11023);
#11023 = DEFINITIONAL_REPRESENTATION('',(#11024),#11028);
#11024 = LINE('',#11025,#11026);
#11025 = CARTESIAN_POINT('',(3.2,1.25));
#11026 = VECTOR('',#11027,1.);
#11027 = DIRECTION('',(0.,1.));
#11028 = ( GEOMETRIC_REPRESENTATION_CONTEXT(2) 
PARAMETRIC_REPRESENTATION_CONTEXT() REPRESENTATION_CONTEXT('2D SPACE',''
  ) );
#11029 = PCURVE('',#8408,#11030);
#11030 = DEFINITIONAL_REPRESENTATION('',(#11031),#11035);
#11031 = LINE('',#11032,#11033);
#11032 = CARTESIAN_POINT('',(3.,1.25));
#11033 = VECTOR('',#11034,1.);
#11034 = DIRECTION('',(0.,-1.));
#11035 = ( GEOMETRIC_REPRESENTATION_CONTEXT(2) 
PARAMETRIC_REPRESENTATION_CONTEXT() REPRESENTATION_CONTEXT('2D SPACE',''
  ) );
#11036 = ORIENTED_EDGE('',*,*,#11037,.T.);
#11037 = EDGE_CURVE('',#11015,#5745,#11038,.T.);
#11038 = SURFACE_CURVE('',#11039,(#11043,#11050),.PCURVE_S1.);
#11039 = LINE('',#11040,#11041);
#11040 = CARTESIAN_POINT('',(12.058574118493,12.07645602935,-10.45));
#11041 = VECTOR('',#11042,1.);
#11042 = DIRECTION('',(0.,0.,1.));
#11043 = PCURVE('',#5760,#11044);
#11044 = DEFINITIONAL_REPRESENTATION('',(#11045),#11049);
#11045 = LINE('',#11046,#11047);
#11046 = CARTESIAN_POINT('',(0.,-3.));
#11047 = VECTOR('',#11048,1.);
#11048 = DIRECTION('',(1.,0.));
#11049 = ( GEOMETRIC_REPRESENTATION_CONTEXT(2) 
PARAMETRIC_REPRESENTATION_CONTEXT() REPRESENTATION_CONTEXT('2D SPACE',''
  ) );
#11050 = PCURVE('',#5788,#11051);
#11051 = DEFINITIONAL_REPRESENTATION('',(#11052),#11056);
#11052 = LINE('',#11053,#11054);
#11053 = CARTESIAN_POINT('',(0.,12.));
#11054 = VECTOR('',#11055,1.);
#11055 = DIRECTION('',(1.,0.));
#11056 = ( GEOMETRIC_REPRESENTATION_CONTEXT(2) 
PARAMETRIC_REPRESENTATION_CONTEXT() REPRESENTATION_CONTEXT('2D SPACE',''
  ) );
#11057 = ORIENTED_EDGE('',*,*,#5744,.T.);
#11058 = ORIENTED_EDGE('',*,*,#6825,.T.);
#11059 = ADVANCED_FACE('',(#11060),#5788,.T.);
#11060 = FACE_BOUND('',#11061,.T.);
#11061 = EDGE_LOOP('',(#11062,#11083,#11084,#11085));
#11062 = ORIENTED_EDGE('',*,*,#11063,.F.);
#11063 = EDGE_CURVE('',#9044,#11015,#11064,.T.);
#11064 = SURFACE_CURVE('',#11065,(#11069,#11076),.PCURVE_S1.);
#11065 = LINE('',#11066,#11067);
#11066 = CARTESIAN_POINT('',(6.3132407951,7.255548956701,-7.25));
#11067 = VECTOR('',#11068,1.);
#11068 = DIRECTION('',(0.766044443119,0.642787609687,0.));
#11069 = PCURVE('',#5788,#11070);
#11070 = DEFINITIONAL_REPRESENTATION('',(#11071),#11075);
#11071 = LINE('',#11072,#11073);
#11072 = CARTESIAN_POINT('',(3.2,4.5));
#11073 = VECTOR('',#11074,1.);
#11074 = DIRECTION('',(0.,1.));
#11075 = ( GEOMETRIC_REPRESENTATION_CONTEXT(2) 
PARAMETRIC_REPRESENTATION_CONTEXT() REPRESENTATION_CONTEXT('2D SPACE',''
  ) );
#11076 = PCURVE('',#8408,#11077);
#11077 = DEFINITIONAL_REPRESENTATION('',(#11078),#11082);
#11078 = LINE('',#11079,#11080);
#11079 = CARTESIAN_POINT('',(-4.5,5.5));
#11080 = VECTOR('',#11081,1.);
#11081 = DIRECTION('',(1.,0.));
#11082 = ( GEOMETRIC_REPRESENTATION_CONTEXT(2) 
PARAMETRIC_REPRESENTATION_CONTEXT() REPRESENTATION_CONTEXT('2D SPACE',''
  ) );
#11083 = ORIENTED_EDGE('',*,*,#9067,.F.);
#11084 = ORIENTED_EDGE('',*,*,#5772,.T.);
#11085 = ORIENTED_EDGE('',*,*,#11037,.F.);
#11086 = ADVANCED_FACE('',(#11087),#6429,.T.);
#11087 = FACE_BOUND('',#11088,.T.);
#11088 = EDGE_LOOP('',(#11089,#11128,#11129,#11130));
#11089 = ORIENTED_EDGE('',*,*,#11090,.T.);
#11090 = EDGE_CURVE('',#10911,#10710,#11091,.T.);
#11091 = SURFACE_CURVE('',#11092,(#11105,#11112),.PCURVE_S1.);
#11092 = B_SPLINE_CURVE_WITH_KNOTS('',11,(#11093,#11094,#11095,#11096,
    #11097,#11098,#11099,#11100,#11101,#11102,#11103,#11104),
  .UNSPECIFIED.,.F.,.F.,(12,12),(2.,3.),.PIECEWISE_BEZIER_KNOTS.);
#11093 = CARTESIAN_POINT('',(24.4,54.074393200479,0.));
#11094 = CARTESIAN_POINT('',(24.327272727273,54.241032316659,0.));
#11095 = CARTESIAN_POINT('',(24.254545454545,54.407671432839,0.));
#11096 = CARTESIAN_POINT('',(24.181818181818,54.57431054902,0.));
#11097 = CARTESIAN_POINT('',(24.109090909091,54.7409496652,0.));
#11098 = CARTESIAN_POINT('',(24.036363636364,54.90758878138,0.));
#11099 = CARTESIAN_POINT('',(23.963636363636,55.07422789756,0.));
#11100 = CARTESIAN_POINT('',(23.890909090909,55.24086701374,0.));
#11101 = CARTESIAN_POINT('',(23.818181818182,55.407506129921,0.));
#11102 = CARTESIAN_POINT('',(23.745454545455,55.574145246101,0.));
#11103 = CARTESIAN_POINT('',(23.672727272727,55.740784362281,0.));
#11104 = CARTESIAN_POINT('',(23.6,55.907423478461,0.));
#11105 = PCURVE('',#6429,#11106);
#11106 = DEFINITIONAL_REPRESENTATION('',(#11107),#11111);
#11107 = LINE('',#11108,#11109);
#11108 = CARTESIAN_POINT('',(0.,0.));
#11109 = VECTOR('',#11110,1.);
#11110 = DIRECTION('',(1.,0.));
#11111 = ( GEOMETRIC_REPRESENTATION_CONTEXT(2) 
PARAMETRIC_REPRESENTATION_CONTEXT() REPRESENTATION_CONTEXT('2D SPACE',''
  ) );
#11112 = PCURVE('',#9106,#11113);
#11113 = DEFINITIONAL_REPRESENTATION('',(#11114),#11127);
#11114 = B_SPLINE_CURVE_WITH_KNOTS('',11,(#11115,#11116,#11117,#11118,
    #11119,#11120,#11121,#11122,#11123,#11124,#11125,#11126),
  .UNSPECIFIED.,.F.,.F.,(12,12),(2.,3.),.PIECEWISE_BEZIER_KNOTS.);
#11115 = CARTESIAN_POINT('',(24.4,54.074393200479));
#11116 = CARTESIAN_POINT('',(24.327272727273,54.241032316659));
#11117 = CARTESIAN_POINT('',(24.254545454545,54.407671432839));
#11118 = CARTESIAN_POINT('',(24.181818181818,54.57431054902));
#11119 = CARTESIAN_POINT('',(24.109090909091,54.7409496652));
#11120 = CARTESIAN_POINT('',(24.036363636364,54.90758878138));
#11121 = CARTESIAN_POINT('',(23.963636363636,55.07422789756));
#11122 = CARTESIAN_POINT('',(23.890909090909,55.24086701374));
#11123 = CARTESIAN_POINT('',(23.818181818182,55.407506129921));
#11124 = CARTESIAN_POINT('',(23.745454545455,55.574145246101));
#11125 = CARTESIAN_POINT('',(23.672727272727,55.740784362281));
#11126 = CARTESIAN_POINT('',(23.6,55.907423478461));
#11127 = ( GEOMETRIC_REPRESENTATION_CONTEXT(2) 
PARAMETRIC_REPRESENTATION_CONTEXT() REPRESENTATION_CONTEXT('2D SPACE',''
  ) );
#11128 = ORIENTED_EDGE('',*,*,#10709,.T.);
#11129 = ORIENTED_EDGE('',*,*,#6395,.F.);
#11130 = ORIENTED_EDGE('',*,*,#10951,.F.);
#11131 = ADVANCED_FACE('',(#11132),#6176,.T.);
#11132 = FACE_BOUND('',#11133,.T.);
#11133 = EDGE_LOOP('',(#11134,#11173,#11174,#11175));
#11134 = ORIENTED_EDGE('',*,*,#11135,.T.);
#11135 = EDGE_CURVE('',#10362,#9975,#11136,.T.);
#11136 = SURFACE_CURVE('',#11137,(#11150,#11157),.PCURVE_S1.);
#11137 = B_SPLINE_CURVE_WITH_KNOTS('',11,(#11138,#11139,#11140,#11141,
    #11142,#11143,#11144,#11145,#11146,#11147,#11148,#11149),
  .UNSPECIFIED.,.F.,.F.,(12,12),(5.,6.),.PIECEWISE_BEZIER_KNOTS.);
#11138 = CARTESIAN_POINT('',(-59.,6.185085316331E-15,0.));
#11139 = CARTESIAN_POINT('',(-59.18181818181,6.301927148919E-15,0.));
#11140 = CARTESIAN_POINT('',(-59.36363636363,6.418768981507E-15,0.));
#11141 = CARTESIAN_POINT('',(-59.54545454545,6.535610814095E-15,0.));
#11142 = CARTESIAN_POINT('',(-59.72727272727,6.652452646683E-15,0.));
#11143 = CARTESIAN_POINT('',(-59.90909090909,6.769294479271E-15,0.));
#11144 = CARTESIAN_POINT('',(-60.0909090909,6.886136311859E-15,0.));
#11145 = CARTESIAN_POINT('',(-60.27272727272,7.002978144447E-15,0.));
#11146 = CARTESIAN_POINT('',(-60.45454545454,7.119819977035E-15,0.));
#11147 = CARTESIAN_POINT('',(-60.63636363636,7.236661809623E-15,0.));
#11148 = CARTESIAN_POINT('',(-60.81818181818,7.353503642211E-15,0.));
#11149 = CARTESIAN_POINT('',(-61.,7.470345474799E-15,0.));
#11150 = PCURVE('',#6176,#11151);
#11151 = DEFINITIONAL_REPRESENTATION('',(#11152),#11156);
#11152 = LINE('',#11153,#11154);
#11153 = CARTESIAN_POINT('',(0.,0.));
#11154 = VECTOR('',#11155,1.);
#11155 = DIRECTION('',(1.,0.));
#11156 = ( GEOMETRIC_REPRESENTATION_CONTEXT(2) 
PARAMETRIC_REPRESENTATION_CONTEXT() REPRESENTATION_CONTEXT('2D SPACE',''
  ) );
#11157 = PCURVE('',#7631,#11158);
#11158 = DEFINITIONAL_REPRESENTATION('',(#11159),#11172);
#11159 = B_SPLINE_CURVE_WITH_KNOTS('',11,(#11160,#11161,#11162,#11163,
    #11164,#11165,#11166,#11167,#11168,#11169,#11170,#11171),
  .UNSPECIFIED.,.F.,.F.,(12,12),(5.,6.),.PIECEWISE_BEZIER_KNOTS.);
#11160 = CARTESIAN_POINT('',(-59.,6.202107987404E-15));
#11161 = CARTESIAN_POINT('',(-59.18181818181,6.318949819992E-15));
#11162 = CARTESIAN_POINT('',(-59.36363636363,6.43579165258E-15));
#11163 = CARTESIAN_POINT('',(-59.54545454545,6.552633485168E-15));
#11164 = CARTESIAN_POINT('',(-59.72727272727,6.669475317756E-15));
#11165 = CARTESIAN_POINT('',(-59.90909090909,6.786317150344E-15));
#11166 = CARTESIAN_POINT('',(-60.0909090909,6.903158982932E-15));
#11167 = CARTESIAN_POINT('',(-60.27272727272,7.02000081552E-15));
#11168 = CARTESIAN_POINT('',(-60.45454545454,7.136842648108E-15));
#11169 = CARTESIAN_POINT('',(-60.63636363636,7.253684480696E-15));
#11170 = CARTESIAN_POINT('',(-60.81818181818,7.370526313284E-15));
#11171 = CARTESIAN_POINT('',(-61.,7.487368145872E-15));
#11172 = ( GEOMETRIC_REPRESENTATION_CONTEXT(2) 
PARAMETRIC_REPRESENTATION_CONTEXT() REPRESENTATION_CONTEXT('2D SPACE',''
  ) );
#11173 = ORIENTED_EDGE('',*,*,#9974,.T.);
#11174 = ORIENTED_EDGE('',*,*,#6142,.F.);
#11175 = ORIENTED_EDGE('',*,*,#10402,.F.);
#11176 = ADVANCED_FACE('',(#11177),#6342,.T.);
#11177 = FACE_BOUND('',#11178,.F.);
#11178 = EDGE_LOOP('',(#11179,#11180,#11202,#11203));
#11179 = ORIENTED_EDGE('',*,*,#10429,.F.);
#11180 = ORIENTED_EDGE('',*,*,#11181,.F.);
#11181 = EDGE_CURVE('',#10808,#10430,#11182,.T.);
#11182 = SURFACE_CURVE('',#11183,(#11188,#11195),.PCURVE_S1.);
#11183 = CIRCLE('',#11184,17.);
#11184 = AXIS2_PLACEMENT_3D('',#11185,#11186,#11187);
#11185 = CARTESIAN_POINT('',(0.,0.,66.5));
#11186 = DIRECTION('',(0.,0.,1.));
#11187 = DIRECTION('',(1.,0.,0.));
#11188 = PCURVE('',#6342,#11189);
#11189 = DEFINITIONAL_REPRESENTATION('',(#11190),#11194);
#11190 = LINE('',#11191,#11192);
#11191 = CARTESIAN_POINT('',(-0.,0.));
#11192 = VECTOR('',#11193,1.);
#11193 = DIRECTION('',(-1.,0.));
#11194 = ( GEOMETRIC_REPRESENTATION_CONTEXT(2) 
PARAMETRIC_REPRESENTATION_CONTEXT() REPRESENTATION_CONTEXT('2D SPACE',''
  ) );
#11195 = PCURVE('',#10482,#11196);
#11196 = DEFINITIONAL_REPRESENTATION('',(#11197),#11201);
#11197 = CIRCLE('',#11198,17.);
#11198 = AXIS2_PLACEMENT_2D('',#11199,#11200);
#11199 = CARTESIAN_POINT('',(1.608753097105E-15,6.939665195168E-16));
#11200 = DIRECTION('',(1.,0.));
#11201 = ( GEOMETRIC_REPRESENTATION_CONTEXT(2) 
PARAMETRIC_REPRESENTATION_CONTEXT() REPRESENTATION_CONTEXT('2D SPACE',''
  ) );
#11202 = ORIENTED_EDGE('',*,*,#10836,.T.);
#11203 = ORIENTED_EDGE('',*,*,#6321,.T.);
#11204 = ADVANCED_FACE('',(#11205),#6621,.F.);
#11205 = FACE_BOUND('',#11206,.T.);
#11206 = EDGE_LOOP('',(#11207,#11236,#11257,#11258));
#11207 = ORIENTED_EDGE('',*,*,#11208,.F.);
#11208 = EDGE_CURVE('',#11209,#11209,#11211,.T.);
#11209 = VERTEX_POINT('',#11210);
#11210 = CARTESIAN_POINT('',(12.3,0.,69.5));
#11211 = SURFACE_CURVE('',#11212,(#11217,#11224),.PCURVE_S1.);
#11212 = CIRCLE('',#11213,12.3);
#11213 = AXIS2_PLACEMENT_3D('',#11214,#11215,#11216);
#11214 = CARTESIAN_POINT('',(0.,0.,69.5));
#11215 = DIRECTION('',(0.,0.,1.));
#11216 = DIRECTION('',(1.,0.,0.));
#11217 = PCURVE('',#6621,#11218);
#11218 = DEFINITIONAL_REPRESENTATION('',(#11219),#11223);
#11219 = LINE('',#11220,#11221);
#11220 = CARTESIAN_POINT('',(-0.,0.));
#11221 = VECTOR('',#11222,1.);
#11222 = DIRECTION('',(-1.,0.));
#11223 = ( GEOMETRIC_REPRESENTATION_CONTEXT(2) 
PARAMETRIC_REPRESENTATION_CONTEXT() REPRESENTATION_CONTEXT('2D SPACE',''
  ) );
#11224 = PCURVE('',#11225,#11230);
#11225 = PLANE('',#11226);
#11226 = AXIS2_PLACEMENT_3D('',#11227,#11228,#11229);
#11227 = CARTESIAN_POINT('',(-4.446959780616E-16,-5.021051876504E-16,
    69.5));
#11228 = DIRECTION('',(0.,0.,1.));
#11229 = DIRECTION('',(1.,0.,-0.));
#11230 = DEFINITIONAL_REPRESENTATION('',(#11231),#11235);
#11231 = CIRCLE('',#11232,12.3);
#11232 = AXIS2_PLACEMENT_2D('',#11233,#11234);
#11233 = CARTESIAN_POINT('',(4.446959780616E-16,5.021051876504E-16));
#11234 = DIRECTION('',(1.,0.));
#11235 = ( GEOMETRIC_REPRESENTATION_CONTEXT(2) 
PARAMETRIC_REPRESENTATION_CONTEXT() REPRESENTATION_CONTEXT('2D SPACE',''
  ) );
#11236 = ORIENTED_EDGE('',*,*,#11237,.T.);
#11237 = EDGE_CURVE('',#11209,#6605,#11238,.T.);
#11238 = SEAM_CURVE('',#11239,(#11243,#11250),.PCURVE_S1.);
#11239 = LINE('',#11240,#11241);
#11240 = CARTESIAN_POINT('',(12.3,0.,69.5));
#11241 = VECTOR('',#11242,1.);
#11242 = DIRECTION('',(0.,0.,1.));
#11243 = PCURVE('',#6621,#11244);
#11244 = DEFINITIONAL_REPRESENTATION('',(#11245),#11249);
#11245 = LINE('',#11246,#11247);
#11246 = CARTESIAN_POINT('',(-6.28318530718,0.));
#11247 = VECTOR('',#11248,1.);
#11248 = DIRECTION('',(-0.,-1.));
#11249 = ( GEOMETRIC_REPRESENTATION_CONTEXT(2) 
PARAMETRIC_REPRESENTATION_CONTEXT() REPRESENTATION_CONTEXT('2D SPACE',''
  ) );
#11250 = PCURVE('',#6621,#11251);
#11251 = DEFINITIONAL_REPRESENTATION('',(#11252),#11256);
#11252 = LINE('',#11253,#11254);
#11253 = CARTESIAN_POINT('',(-0.,0.));
#11254 = VECTOR('',#11255,1.);
#11255 = DIRECTION('',(-0.,-1.));
#11256 = ( GEOMETRIC_REPRESENTATION_CONTEXT(2) 
PARAMETRIC_REPRESENTATION_CONTEXT() REPRESENTATION_CONTEXT('2D SPACE',''
  ) );
#11257 = ORIENTED_EDGE('',*,*,#6604,.F.);
#11258 = ORIENTED_EDGE('',*,*,#11237,.F.);
#11259 = ADVANCED_FACE('',(#11260),#6809,.F.);
#11260 = FACE_BOUND('',#11261,.T.);
#11261 = EDGE_LOOP('',(#11262,#11263,#11286,#11312));
#11262 = ORIENTED_EDGE('',*,*,#6788,.T.);
#11263 = ORIENTED_EDGE('',*,*,#11264,.T.);
#11264 = EDGE_CURVE('',#6789,#11265,#11267,.T.);
#11265 = VERTEX_POINT('',#11266);
#11266 = CARTESIAN_POINT('',(4.4,0.,69.5));
#11267 = SEAM_CURVE('',#11268,(#11272,#11279),.PCURVE_S1.);
#11268 = LINE('',#11269,#11270);
#11269 = CARTESIAN_POINT('',(4.4,0.,-14.7));
#11270 = VECTOR('',#11271,1.);
#11271 = DIRECTION('',(0.,0.,1.));
#11272 = PCURVE('',#6809,#11273);
#11273 = DEFINITIONAL_REPRESENTATION('',(#11274),#11278);
#11274 = LINE('',#11275,#11276);
#11275 = CARTESIAN_POINT('',(-6.28318530718,0.));
#11276 = VECTOR('',#11277,1.);
#11277 = DIRECTION('',(-0.,-1.));
#11278 = ( GEOMETRIC_REPRESENTATION_CONTEXT(2) 
PARAMETRIC_REPRESENTATION_CONTEXT() REPRESENTATION_CONTEXT('2D SPACE',''
  ) );
#11279 = PCURVE('',#6809,#11280);
#11280 = DEFINITIONAL_REPRESENTATION('',(#11281),#11285);
#11281 = LINE('',#11282,#11283);
#11282 = CARTESIAN_POINT('',(-0.,0.));
#11283 = VECTOR('',#11284,1.);
#11284 = DIRECTION('',(-0.,-1.));
#11285 = ( GEOMETRIC_REPRESENTATION_CONTEXT(2) 
PARAMETRIC_REPRESENTATION_CONTEXT() REPRESENTATION_CONTEXT('2D SPACE',''
  ) );
#11286 = ORIENTED_EDGE('',*,*,#11287,.F.);
#11287 = EDGE_CURVE('',#11265,#11265,#11288,.T.);
#11288 = SURFACE_CURVE('',#11289,(#11294,#11301),.PCURVE_S1.);
#11289 = CIRCLE('',#11290,4.4);
#11290 = AXIS2_PLACEMENT_3D('',#11291,#11292,#11293);
#11291 = CARTESIAN_POINT('',(0.,0.,69.5));
#11292 = DIRECTION('',(0.,0.,-1.));
#11293 = DIRECTION('',(1.,0.,0.));
#11294 = PCURVE('',#6809,#11295);
#11295 = DEFINITIONAL_REPRESENTATION('',(#11296),#11300);
#11296 = LINE('',#11297,#11298);
#11297 = CARTESIAN_POINT('',(-6.28318530718,-84.2));
#11298 = VECTOR('',#11299,1.);
#11299 = DIRECTION('',(1.,-0.));
#11300 = ( GEOMETRIC_REPRESENTATION_CONTEXT(2) 
PARAMETRIC_REPRESENTATION_CONTEXT() REPRESENTATION_CONTEXT('2D SPACE',''
  ) );
#11301 = PCURVE('',#11225,#11302);
#11302 = DEFINITIONAL_REPRESENTATION('',(#11303),#11311);
#11303 = ( BOUNDED_CURVE() B_SPLINE_CURVE(2,(#11304,#11305,#11306,#11307
    ,#11308,#11309,#11310),.UNSPECIFIED.,.T.,.F.) 
B_SPLINE_CURVE_WITH_KNOTS((1,2,2,2,2,1),(-2.094395102393,0.,
    2.094395102393,4.188790204786,6.28318530718,8.377580409573),
.UNSPECIFIED.) CURVE() GEOMETRIC_REPRESENTATION_ITEM() 
RATIONAL_B_SPLINE_CURVE((1.,0.5,1.,0.5,1.,0.5,1.)) REPRESENTATION_ITEM(
  '') );
#11304 = CARTESIAN_POINT('',(4.4,5.021051876504E-16));
#11305 = CARTESIAN_POINT('',(4.4,-7.621023553303));
#11306 = CARTESIAN_POINT('',(-2.2,-3.810511776652));
#11307 = CARTESIAN_POINT('',(-8.8,-5.755839955993E-16));
#11308 = CARTESIAN_POINT('',(-2.2,3.810511776652));
#11309 = CARTESIAN_POINT('',(4.4,7.621023553303));
#11310 = CARTESIAN_POINT('',(4.4,5.021051876504E-16));
#11311 = ( GEOMETRIC_REPRESENTATION_CONTEXT(2) 
PARAMETRIC_REPRESENTATION_CONTEXT() REPRESENTATION_CONTEXT('2D SPACE',''
  ) );
#11312 = ORIENTED_EDGE('',*,*,#11264,.F.);
#11313 = ADVANCED_FACE('',(#11314),#6864,.F.);
#11314 = FACE_BOUND('',#11315,.F.);
#11315 = EDGE_LOOP('',(#11316,#11337,#11338,#11339));
#11316 = ORIENTED_EDGE('',*,*,#11317,.F.);
#11317 = EDGE_CURVE('',#8369,#10992,#11318,.T.);
#11318 = SURFACE_CURVE('',#11319,(#11323,#11330),.PCURVE_S1.);
#11319 = LINE('',#11320,#11321);
#11320 = CARTESIAN_POINT('',(8.24160362416,4.957415627344,-7.25));
#11321 = VECTOR('',#11322,1.);
#11322 = DIRECTION('',(0.766044443119,0.642787609687,0.));
#11323 = PCURVE('',#6864,#11324);
#11324 = DEFINITIONAL_REPRESENTATION('',(#11325),#11329);
#11325 = LINE('',#11326,#11327);
#11326 = CARTESIAN_POINT('',(3.2,4.5));
#11327 = VECTOR('',#11328,1.);
#11328 = DIRECTION('',(0.,1.));
#11329 = ( GEOMETRIC_REPRESENTATION_CONTEXT(2) 
PARAMETRIC_REPRESENTATION_CONTEXT() REPRESENTATION_CONTEXT('2D SPACE',''
  ) );
#11330 = PCURVE('',#8408,#11331);
#11331 = DEFINITIONAL_REPRESENTATION('',(#11332),#11336);
#11332 = LINE('',#11333,#11334);
#11333 = CARTESIAN_POINT('',(-4.5,2.5));
#11334 = VECTOR('',#11335,1.);
#11335 = DIRECTION('',(1.,0.));
#11336 = ( GEOMETRIC_REPRESENTATION_CONTEXT(2) 
PARAMETRIC_REPRESENTATION_CONTEXT() REPRESENTATION_CONTEXT('2D SPACE',''
  ) );
#11337 = ORIENTED_EDGE('',*,*,#8368,.F.);
#11338 = ORIENTED_EDGE('',*,*,#6848,.T.);
#11339 = ORIENTED_EDGE('',*,*,#10991,.F.);
#11340 = ADVANCED_FACE('',(#11341),#6920,.T.);
#11341 = FACE_BOUND('',#11342,.T.);
#11342 = EDGE_LOOP('',(#11343,#11366,#11394,#11415));
#11343 = ORIENTED_EDGE('',*,*,#11344,.T.);
#11344 = EDGE_CURVE('',#6903,#11345,#11347,.T.);
#11345 = VERTEX_POINT('',#11346);
#11346 = CARTESIAN_POINT('',(59.452459873683,1.283997055735,1.05));
#11347 = SURFACE_CURVE('',#11348,(#11352,#11359),.PCURVE_S1.);
#11348 = LINE('',#11349,#11350);
#11349 = CARTESIAN_POINT('',(59.452459873683,1.283997055735,0.));
#11350 = VECTOR('',#11351,1.);
#11351 = DIRECTION('',(0.,0.,1.));
#11352 = PCURVE('',#6920,#11353);
#11353 = DEFINITIONAL_REPRESENTATION('',(#11354),#11358);
#11354 = LINE('',#11355,#11356);
#11355 = CARTESIAN_POINT('',(0.,0.));
#11356 = VECTOR('',#11357,1.);
#11357 = DIRECTION('',(0.,-1.));
#11358 = ( GEOMETRIC_REPRESENTATION_CONTEXT(2) 
PARAMETRIC_REPRESENTATION_CONTEXT() REPRESENTATION_CONTEXT('2D SPACE',''
  ) );
#11359 = PCURVE('',#6953,#11360);
#11360 = DEFINITIONAL_REPRESENTATION('',(#11361),#11365);
#11361 = LINE('',#11362,#11363);
#11362 = CARTESIAN_POINT('',(1.570796326795,0.));
#11363 = VECTOR('',#11364,1.);
#11364 = DIRECTION('',(0.,-1.));
#11365 = ( GEOMETRIC_REPRESENTATION_CONTEXT(2) 
PARAMETRIC_REPRESENTATION_CONTEXT() REPRESENTATION_CONTEXT('2D SPACE',''
  ) );
#11366 = ORIENTED_EDGE('',*,*,#11367,.T.);
#11367 = EDGE_CURVE('',#11345,#11368,#11370,.T.);
#11368 = VERTEX_POINT('',#11369);
#11369 = CARTESIAN_POINT('',(60.490732717838,1.300307548939,1.05));
#11370 = SURFACE_CURVE('',#11371,(#11375,#11382),.PCURVE_S1.);
#11371 = LINE('',#11372,#11373);
#11372 = CARTESIAN_POINT('',(58.987223755359,1.276688542766,1.05));
#11373 = VECTOR('',#11374,1.);
#11374 = DIRECTION('',(0.999876632482,1.570731731182E-02,-0.));
#11375 = PCURVE('',#6920,#11376);
#11376 = DEFINITIONAL_REPRESENTATION('',(#11377),#11381);
#11377 = LINE('',#11378,#11379);
#11378 = CARTESIAN_POINT('',(-0.465293520431,-1.05));
#11379 = VECTOR('',#11380,1.);
#11380 = DIRECTION('',(1.,0.));
#11381 = ( GEOMETRIC_REPRESENTATION_CONTEXT(2) 
PARAMETRIC_REPRESENTATION_CONTEXT() REPRESENTATION_CONTEXT('2D SPACE',''
  ) );
#11382 = PCURVE('',#11383,#11388);
#11383 = PLANE('',#11384);
#11384 = AXIS2_PLACEMENT_3D('',#11385,#11386,#11387);
#11385 = CARTESIAN_POINT('',(17.936273297272,-7.935810485815,1.05));
#11386 = DIRECTION('',(0.,0.,1.));
#11387 = DIRECTION('',(0.999876632482,1.570731731182E-02,0.));
#11388 = DEFINITIONAL_REPRESENTATION('',(#11389),#11393);
#11389 = LINE('',#11390,#11391);
#11390 = CARTESIAN_POINT('',(41.19058974968,8.566562200641));
#11391 = VECTOR('',#11392,1.);
#11392 = DIRECTION('',(1.,-5.20417042793E-16));
#11393 = ( GEOMETRIC_REPRESENTATION_CONTEXT(2) 
PARAMETRIC_REPRESENTATION_CONTEXT() REPRESENTATION_CONTEXT('2D SPACE',''
  ) );
#11394 = ORIENTED_EDGE('',*,*,#11395,.F.);
#11395 = EDGE_CURVE('',#6905,#11368,#11396,.T.);
#11396 = SURFACE_CURVE('',#11397,(#11401,#11408),.PCURVE_S1.);
#11397 = LINE('',#11398,#11399);
#11398 = CARTESIAN_POINT('',(60.490732717838,1.300307548939,0.));
#11399 = VECTOR('',#11400,1.);
#11400 = DIRECTION('',(0.,0.,1.));
#11401 = PCURVE('',#6920,#11402);
#11402 = DEFINITIONAL_REPRESENTATION('',(#11403),#11407);
#11403 = LINE('',#11404,#11405);
#11404 = CARTESIAN_POINT('',(1.038400949103,0.));
#11405 = VECTOR('',#11406,1.);
#11406 = DIRECTION('',(0.,-1.));
#11407 = ( GEOMETRIC_REPRESENTATION_CONTEXT(2) 
PARAMETRIC_REPRESENTATION_CONTEXT() REPRESENTATION_CONTEXT('2D SPACE',''
  ) );
#11408 = PCURVE('',#7141,#11409);
#11409 = DEFINITIONAL_REPRESENTATION('',(#11410),#11414);
#11410 = LINE('',#11411,#11412);
#11411 = CARTESIAN_POINT('',(3.18381732457,0.));
#11412 = VECTOR('',#11413,1.);
#11413 = DIRECTION('',(0.,-1.));
#11414 = ( GEOMETRIC_REPRESENTATION_CONTEXT(2) 
PARAMETRIC_REPRESENTATION_CONTEXT() REPRESENTATION_CONTEXT('2D SPACE',''
  ) );
#11415 = ORIENTED_EDGE('',*,*,#6902,.F.);
#11416 = ADVANCED_FACE('',(#11417),#7141,.F.);
#11417 = FACE_BOUND('',#11418,.F.);
#11418 = EDGE_LOOP('',(#11419,#11442,#11468,#11469));
#11419 = ORIENTED_EDGE('',*,*,#11420,.T.);
#11420 = EDGE_CURVE('',#7094,#11421,#11423,.T.);
#11421 = VERTEX_POINT('',#11422);
#11422 = CARTESIAN_POINT('',(60.608646524668,1.42724077294,1.05));
#11423 = SURFACE_CURVE('',#11424,(#11428,#11435),.PCURVE_S1.);
#11424 = LINE('',#11425,#11426);
#11425 = CARTESIAN_POINT('',(60.608646524668,1.42724077294,0.));
#11426 = VECTOR('',#11427,1.);
#11427 = DIRECTION('',(0.,0.,1.));
#11428 = PCURVE('',#7141,#11429);
#11429 = DEFINITIONAL_REPRESENTATION('',(#11430),#11434);
#11430 = LINE('',#11431,#11432);
#11431 = CARTESIAN_POINT('',(1.570796326795,0.));
#11432 = VECTOR('',#11433,1.);
#11433 = DIRECTION('',(0.,-1.));
#11434 = ( GEOMETRIC_REPRESENTATION_CONTEXT(2) 
PARAMETRIC_REPRESENTATION_CONTEXT() REPRESENTATION_CONTEXT('2D SPACE',''
  ) );
#11435 = PCURVE('',#7110,#11436);
#11436 = DEFINITIONAL_REPRESENTATION('',(#11437),#11441);
#11437 = LINE('',#11438,#11439);
#11438 = CARTESIAN_POINT('',(-6.341117941427,0.));
#11439 = VECTOR('',#11440,1.);
#11440 = DIRECTION('',(-0.,-1.));
#11441 = ( GEOMETRIC_REPRESENTATION_CONTEXT(2) 
PARAMETRIC_REPRESENTATION_CONTEXT() REPRESENTATION_CONTEXT('2D SPACE',''
  ) );
#11442 = ORIENTED_EDGE('',*,*,#11443,.T.);
#11443 = EDGE_CURVE('',#11421,#11368,#11444,.T.);
#11444 = SURFACE_CURVE('',#11445,(#11450,#11457),.PCURVE_S1.);
#11445 = CIRCLE('',#11446,0.12);
#11446 = AXIS2_PLACEMENT_3D('',#11447,#11448,#11449);
#11447 = CARTESIAN_POINT('',(60.488847839761,1.420292744837,1.05));
#11448 = DIRECTION('',(0.,0.,-1.));
#11449 = DIRECTION('',(-5.790023419636E-02,0.998322374226,0.));
#11450 = PCURVE('',#7141,#11451);
#11451 = DEFINITIONAL_REPRESENTATION('',(#11452),#11456);
#11452 = LINE('',#11453,#11454);
#11453 = CARTESIAN_POINT('',(0.,-1.05));
#11454 = VECTOR('',#11455,1.);
#11455 = DIRECTION('',(1.,0.));
#11456 = ( GEOMETRIC_REPRESENTATION_CONTEXT(2) 
PARAMETRIC_REPRESENTATION_CONTEXT() REPRESENTATION_CONTEXT('2D SPACE',''
  ) );
#11457 = PCURVE('',#11383,#11458);
#11458 = DEFINITIONAL_REPRESENTATION('',(#11459),#11467);
#11459 = ( BOUNDED_CURVE() B_SPLINE_CURVE(2,(#11460,#11461,#11462,#11463
    ,#11464,#11465,#11466),.UNSPECIFIED.,.T.,.F.) 
B_SPLINE_CURVE_WITH_KNOTS((1,2,2,2,2,1),(-2.094395102393,0.,
    2.094395102393,4.188790204786,6.28318530718,8.377580409573),
.UNSPECIFIED.) CURVE() GEOMETRIC_REPRESENTATION_ITEM() 
RATIONAL_B_SPLINE_CURVE((1.,0.5,1.,0.5,1.,0.5,1.)) REPRESENTATION_ITEM(
  '') );
#11460 = CARTESIAN_POINT('',(42.689218764229,8.806455241163));
#11461 = CARTESIAN_POINT('',(42.896879601888,8.815228866561));
#11462 = CARTESIAN_POINT('',(42.800647365537,8.631002493078));
#11463 = CARTESIAN_POINT('',(42.704415129185,8.446776119595));
#11464 = CARTESIAN_POINT('',(42.592986527877,8.62222886768));
#11465 = CARTESIAN_POINT('',(42.48155792657,8.797681615766));
#11466 = CARTESIAN_POINT('',(42.689218764229,8.806455241163));
#11467 = ( GEOMETRIC_REPRESENTATION_CONTEXT(2) 
PARAMETRIC_REPRESENTATION_CONTEXT() REPRESENTATION_CONTEXT('2D SPACE',''
  ) );
#11468 = ORIENTED_EDGE('',*,*,#11395,.F.);
#11469 = ORIENTED_EDGE('',*,*,#7122,.F.);
#11470 = ADVANCED_FACE('',(#11471),#7110,.F.);
#11471 = FACE_BOUND('',#11472,.T.);
#11472 = EDGE_LOOP('',(#11473,#11474,#11498,#11519));
#11473 = ORIENTED_EDGE('',*,*,#11420,.T.);
#11474 = ORIENTED_EDGE('',*,*,#11475,.T.);
#11475 = EDGE_CURVE('',#11421,#11476,#11478,.T.);
#11476 = VERTEX_POINT('',#11477);
#11477 = CARTESIAN_POINT('',(20.045665171898,18.790468333515,1.05));
#11478 = SURFACE_CURVE('',#11479,(#11484,#11491),.PCURVE_S1.);
#11479 = CIRCLE('',#11480,24.65);
#11480 = AXIS2_PLACEMENT_3D('',#11481,#11482,#11483);
#11481 = CARTESIAN_POINT('',(36.,-2.6645352591E-15,1.05));
#11482 = DIRECTION('',(0.,0.,1.));
#11483 = DIRECTION('',(1.,6.938893903907E-17,-0.));
#11484 = PCURVE('',#7110,#11485);
#11485 = DEFINITIONAL_REPRESENTATION('',(#11486),#11490);
#11486 = LINE('',#11487,#11488);
#11487 = CARTESIAN_POINT('',(-0.,-1.05));
#11488 = VECTOR('',#11489,1.);
#11489 = DIRECTION('',(-1.,0.));
#11490 = ( GEOMETRIC_REPRESENTATION_CONTEXT(2) 
PARAMETRIC_REPRESENTATION_CONTEXT() REPRESENTATION_CONTEXT('2D SPACE',''
  ) );
#11491 = PCURVE('',#11383,#11492);
#11492 = DEFINITIONAL_REPRESENTATION('',(#11493),#11497);
#11493 = CIRCLE('',#11494,24.65);
#11494 = AXIS2_PLACEMENT_2D('',#11495,#11496);
#11495 = CARTESIAN_POINT('',(18.186148519019,7.651098777415));
#11496 = DIRECTION('',(0.999876632482,-1.570731731182E-02));
#11497 = ( GEOMETRIC_REPRESENTATION_CONTEXT(2) 
PARAMETRIC_REPRESENTATION_CONTEXT() REPRESENTATION_CONTEXT('2D SPACE',''
  ) );
#11498 = ORIENTED_EDGE('',*,*,#11499,.F.);
#11499 = EDGE_CURVE('',#7061,#11476,#11500,.T.);
#11500 = SURFACE_CURVE('',#11501,(#11505,#11512),.PCURVE_S1.);
#11501 = LINE('',#11502,#11503);
#11502 = CARTESIAN_POINT('',(20.045665171898,18.790468333515,0.));
#11503 = VECTOR('',#11504,1.);
#11504 = DIRECTION('',(0.,0.,1.));
#11505 = PCURVE('',#7110,#11506);
#11506 = DEFINITIONAL_REPRESENTATION('',(#11507),#11511);
#11507 = LINE('',#11508,#11509);
#11508 = CARTESIAN_POINT('',(-8.557932812396,0.));
#11509 = VECTOR('',#11510,1.);
#11510 = DIRECTION('',(-0.,-1.));
#11511 = ( GEOMETRIC_REPRESENTATION_CONTEXT(2) 
PARAMETRIC_REPRESENTATION_CONTEXT() REPRESENTATION_CONTEXT('2D SPACE',''
  ) );
#11512 = PCURVE('',#7081,#11513);
#11513 = DEFINITIONAL_REPRESENTATION('',(#11514),#11518);
#11514 = LINE('',#11515,#11516);
#11515 = CARTESIAN_POINT('',(3.1863674077,0.));
#11516 = VECTOR('',#11517,1.);
#11517 = DIRECTION('',(0.,-1.));
#11518 = ( GEOMETRIC_REPRESENTATION_CONTEXT(2) 
PARAMETRIC_REPRESENTATION_CONTEXT() REPRESENTATION_CONTEXT('2D SPACE',''
  ) );
#11519 = ORIENTED_EDGE('',*,*,#7093,.F.);
#11520 = ADVANCED_FACE('',(#11521),#7081,.F.);
#11521 = FACE_BOUND('',#11522,.F.);
#11522 = EDGE_LOOP('',(#11523,#11546,#11572,#11573));
#11523 = ORIENTED_EDGE('',*,*,#11524,.T.);
#11524 = EDGE_CURVE('',#7032,#11525,#11527,.T.);
#11525 = VERTEX_POINT('',#11526);
#11526 = CARTESIAN_POINT('',(20.035426525907,18.617308718635,1.05));
#11527 = SURFACE_CURVE('',#11528,(#11532,#11539),.PCURVE_S1.);
#11528 = LINE('',#11529,#11530);
#11529 = CARTESIAN_POINT('',(20.035426525907,18.617308718635,0.));
#11530 = VECTOR('',#11531,1.);
#11531 = DIRECTION('',(0.,0.,1.));
#11532 = PCURVE('',#7081,#11533);
#11533 = DEFINITIONAL_REPRESENTATION('',(#11534),#11538);
#11534 = LINE('',#11535,#11536);
#11535 = CARTESIAN_POINT('',(1.570796326795,0.));
#11536 = VECTOR('',#11537,1.);
#11537 = DIRECTION('',(0.,-1.));
#11538 = ( GEOMETRIC_REPRESENTATION_CONTEXT(2) 
PARAMETRIC_REPRESENTATION_CONTEXT() REPRESENTATION_CONTEXT('2D SPACE',''
  ) );
#11539 = PCURVE('',#7048,#11540);
#11540 = DEFINITIONAL_REPRESENTATION('',(#11541),#11545);
#11541 = LINE('',#11542,#11543);
#11542 = CARTESIAN_POINT('',(-7.031911239711,0.));
#11543 = VECTOR('',#11544,1.);
#11544 = DIRECTION('',(-0.,-1.));
#11545 = ( GEOMETRIC_REPRESENTATION_CONTEXT(2) 
PARAMETRIC_REPRESENTATION_CONTEXT() REPRESENTATION_CONTEXT('2D SPACE',''
  ) );
#11546 = ORIENTED_EDGE('',*,*,#11547,.T.);
#11547 = EDGE_CURVE('',#11525,#11476,#11548,.T.);
#11548 = SURFACE_CURVE('',#11549,(#11554,#11561),.PCURVE_S1.);
#11549 = CIRCLE('',#11550,0.12);
#11550 = AXIS2_PLACEMENT_3D('',#11551,#11552,#11553);
#11551 = CARTESIAN_POINT('',(20.123333333333,18.698993436962,1.05));
#11552 = DIRECTION('',(-0.,0.,-1.));
#11553 = DIRECTION('',(0.680705986056,-0.732556728552,-0.));
#11554 = PCURVE('',#7081,#11555);
#11555 = DEFINITIONAL_REPRESENTATION('',(#11556),#11560);
#11556 = LINE('',#11557,#11558);
#11557 = CARTESIAN_POINT('',(0.,-1.05));
#11558 = VECTOR('',#11559,1.);
#11559 = DIRECTION('',(1.,0.));
#11560 = ( GEOMETRIC_REPRESENTATION_CONTEXT(2) 
PARAMETRIC_REPRESENTATION_CONTEXT() REPRESENTATION_CONTEXT('2D SPACE',''
  ) );
#11561 = PCURVE('',#11383,#11562);
#11562 = DEFINITIONAL_REPRESENTATION('',(#11563),#11571);
#11563 = ( BOUNDED_CURVE() B_SPLINE_CURVE(2,(#11564,#11565,#11566,#11567
    ,#11568,#11569,#11570),.UNSPECIFIED.,.T.,.F.) 
B_SPLINE_CURVE_WITH_KNOTS((1,2,2,2,2,1),(-2.094395102393,0.,
    2.094395102393,4.188790204786,6.28318530718,8.377580409573),
.UNSPECIFIED.) CURVE() GEOMETRIC_REPRESENTATION_ITEM() 
RATIONAL_B_SPLINE_CURVE((1.,0.5,1.,0.5,1.,0.5,1.)) REPRESENTATION_ITEM(
  '') );
#11564 = CARTESIAN_POINT('',(2.685445401613,26.507986196777));
#11565 = CARTESIAN_POINT('',(2.53098282468,26.368913150045));
#11566 = CARTESIAN_POINT('',(2.487773321695,26.572218188969));
#11567 = CARTESIAN_POINT('',(2.44456381871,26.775523227893));
#11568 = CARTESIAN_POINT('',(2.642235898628,26.711291235701));
#11569 = CARTESIAN_POINT('',(2.839907978545,26.647059243509));
#11570 = CARTESIAN_POINT('',(2.685445401613,26.507986196777));
#11571 = ( GEOMETRIC_REPRESENTATION_CONTEXT(2) 
PARAMETRIC_REPRESENTATION_CONTEXT() REPRESENTATION_CONTEXT('2D SPACE',''
  ) );
#11572 = ORIENTED_EDGE('',*,*,#11499,.F.);
#11573 = ORIENTED_EDGE('',*,*,#7060,.F.);
#11574 = ADVANCED_FACE('',(#11575),#7048,.T.);
#11575 = FACE_BOUND('',#11576,.F.);
#11576 = EDGE_LOOP('',(#11577,#11600,#11622,#11623));
#11577 = ORIENTED_EDGE('',*,*,#11578,.T.);
#11578 = EDGE_CURVE('',#6999,#11579,#11581,.T.);
#11579 = VERTEX_POINT('',#11580);
#11580 = CARTESIAN_POINT('',(20.456383019948,18.153757014491,1.05));
#11581 = SURFACE_CURVE('',#11582,(#11586,#11593),.PCURVE_S1.);
#11582 = LINE('',#11583,#11584);
#11583 = CARTESIAN_POINT('',(20.456383019948,18.153757014491,0.));
#11584 = VECTOR('',#11585,1.);
#11585 = DIRECTION('',(0.,0.,1.));
#11586 = PCURVE('',#7048,#11587);
#11587 = DEFINITIONAL_REPRESENTATION('',(#11588),#11592);
#11588 = LINE('',#11589,#11590);
#11589 = CARTESIAN_POINT('',(-7.009016167335,0.));
#11590 = VECTOR('',#11591,1.);
#11591 = DIRECTION('',(-0.,-1.));
#11592 = ( GEOMETRIC_REPRESENTATION_CONTEXT(2) 
PARAMETRIC_REPRESENTATION_CONTEXT() REPRESENTATION_CONTEXT('2D SPACE',''
  ) );
#11593 = PCURVE('',#7019,#11594);
#11594 = DEFINITIONAL_REPRESENTATION('',(#11595),#11599);
#11595 = LINE('',#11596,#11597);
#11596 = CARTESIAN_POINT('',(3.134270194852,0.));
#11597 = VECTOR('',#11598,1.);
#11598 = DIRECTION('',(0.,-1.));
#11599 = ( GEOMETRIC_REPRESENTATION_CONTEXT(2) 
PARAMETRIC_REPRESENTATION_CONTEXT() REPRESENTATION_CONTEXT('2D SPACE',''
  ) );
#11600 = ORIENTED_EDGE('',*,*,#11601,.T.);
#11601 = EDGE_CURVE('',#11579,#11525,#11602,.T.);
#11602 = SURFACE_CURVE('',#11603,(#11608,#11615),.PCURVE_S1.);
#11603 = CIRCLE('',#11604,27.35);
#11604 = AXIS2_PLACEMENT_3D('',#11605,#11606,#11607);
#11605 = CARTESIAN_POINT('',(0.,0.,1.05));
#11606 = DIRECTION('',(0.,-0.,1.));
#11607 = DIRECTION('',(1.,0.,0.));
#11608 = PCURVE('',#7048,#11609);
#11609 = DEFINITIONAL_REPRESENTATION('',(#11610),#11614);
#11610 = LINE('',#11611,#11612);
#11611 = CARTESIAN_POINT('',(-0.,-1.05));
#11612 = VECTOR('',#11613,1.);
#11613 = DIRECTION('',(-1.,0.));
#11614 = ( GEOMETRIC_REPRESENTATION_CONTEXT(2) 
PARAMETRIC_REPRESENTATION_CONTEXT() REPRESENTATION_CONTEXT('2D SPACE',''
  ) );
#11615 = PCURVE('',#11383,#11616);
#11616 = DEFINITIONAL_REPRESENTATION('',(#11617),#11621);
#11617 = CIRCLE('',#11618,27.35);
#11618 = AXIS2_PLACEMENT_2D('',#11619,#11620);
#11619 = CARTESIAN_POINT('',(-17.80941025032,8.216562200641));
#11620 = DIRECTION('',(0.999876632482,-1.570731731182E-02));
#11621 = ( GEOMETRIC_REPRESENTATION_CONTEXT(2) 
PARAMETRIC_REPRESENTATION_CONTEXT() REPRESENTATION_CONTEXT('2D SPACE',''
  ) );
#11622 = ORIENTED_EDGE('',*,*,#11524,.F.);
#11623 = ORIENTED_EDGE('',*,*,#7031,.F.);
#11624 = ADVANCED_FACE('',(#11625),#7019,.F.);
#11625 = FACE_BOUND('',#11626,.F.);
#11626 = EDGE_LOOP('',(#11627,#11650,#11676,#11677));
#11627 = ORIENTED_EDGE('',*,*,#11628,.T.);
#11628 = EDGE_CURVE('',#6966,#11629,#11631,.T.);
#11629 = VERTEX_POINT('',#11630);
#11630 = CARTESIAN_POINT('',(20.625128308432,18.143073256374,1.05));
#11631 = SURFACE_CURVE('',#11632,(#11636,#11643),.PCURVE_S1.);
#11632 = LINE('',#11633,#11634);
#11633 = CARTESIAN_POINT('',(20.625128308432,18.143073256374,0.));
#11634 = VECTOR('',#11635,1.);
#11635 = DIRECTION('',(0.,0.,1.));
#11636 = PCURVE('',#7019,#11637);
#11637 = DEFINITIONAL_REPRESENTATION('',(#11638),#11642);
#11638 = LINE('',#11639,#11640);
#11639 = CARTESIAN_POINT('',(1.570796326795,0.));
#11640 = VECTOR('',#11641,1.);
#11641 = DIRECTION('',(0.,-1.));
#11642 = ( GEOMETRIC_REPRESENTATION_CONTEXT(2) 
PARAMETRIC_REPRESENTATION_CONTEXT() REPRESENTATION_CONTEXT('2D SPACE',''
  ) );
#11643 = PCURVE('',#6986,#11644);
#11644 = DEFINITIONAL_REPRESENTATION('',(#11645),#11649);
#11645 = LINE('',#11646,#11647);
#11646 = CARTESIAN_POINT('',(0.867995888646,0.));
#11647 = VECTOR('',#11648,1.);
#11648 = DIRECTION('',(0.,-1.));
#11649 = ( GEOMETRIC_REPRESENTATION_CONTEXT(2) 
PARAMETRIC_REPRESENTATION_CONTEXT() REPRESENTATION_CONTEXT('2D SPACE',''
  ) );
#11650 = ORIENTED_EDGE('',*,*,#11651,.T.);
#11651 = EDGE_CURVE('',#11629,#11579,#11652,.T.);
#11652 = SURFACE_CURVE('',#11653,(#11658,#11665),.PCURVE_S1.);
#11653 = CIRCLE('',#11654,0.12);
#11654 = AXIS2_PLACEMENT_3D('',#11655,#11656,#11657);
#11655 = CARTESIAN_POINT('',(20.546136802851,18.233407867936,1.05));
#11656 = DIRECTION('',(0.,0.,-1.));
#11657 = DIRECTION('',(0.752788429685,0.658262546506,0.));
#11658 = PCURVE('',#7019,#11659);
#11659 = DEFINITIONAL_REPRESENTATION('',(#11660),#11664);
#11660 = LINE('',#11661,#11662);
#11661 = CARTESIAN_POINT('',(0.,-1.05));
#11662 = VECTOR('',#11663,1.);
#11663 = DIRECTION('',(1.,0.));
#11664 = ( GEOMETRIC_REPRESENTATION_CONTEXT(2) 
PARAMETRIC_REPRESENTATION_CONTEXT() REPRESENTATION_CONTEXT('2D SPACE',''
  ) );
#11665 = PCURVE('',#11383,#11666);
#11666 = DEFINITIONAL_REPRESENTATION('',(#11667),#11675);
#11667 = ( BOUNDED_CURVE() B_SPLINE_CURVE(2,(#11668,#11669,#11670,#11671
    ,#11672,#11673,#11674),.UNSPECIFIED.,.T.,.F.) 
B_SPLINE_CURVE_WITH_KNOTS((1,2,2,2,2,1),(-2.094395102393,0.,
    2.094395102393,4.188790204786,6.28318530718,8.377580409573),
.UNSPECIFIED.) CURVE() GEOMETRIC_REPRESENTATION_ITEM() 
RATIONAL_B_SPLINE_CURVE((1.,0.5,1.,0.5,1.,0.5,1.)) REPRESENTATION_ITEM(
  '') );
#11668 = CARTESIAN_POINT('',(3.112153961528,26.20255881419));
#11669 = CARTESIAN_POINT('',(3.246496751903,26.043964947113));
#11670 = CARTESIAN_POINT('',(3.041979038943,26.006917611371));
#11671 = CARTESIAN_POINT('',(2.837461325983,25.96987027563));
#11672 = CARTESIAN_POINT('',(2.907636248568,26.165511478448));
#11673 = CARTESIAN_POINT('',(2.977811171153,26.361152681266));
#11674 = CARTESIAN_POINT('',(3.112153961528,26.20255881419));
#11675 = ( GEOMETRIC_REPRESENTATION_CONTEXT(2) 
PARAMETRIC_REPRESENTATION_CONTEXT() REPRESENTATION_CONTEXT('2D SPACE',''
  ) );
#11676 = ORIENTED_EDGE('',*,*,#11578,.F.);
#11677 = ORIENTED_EDGE('',*,*,#6998,.F.);
#11678 = ADVANCED_FACE('',(#11679),#6986,.T.);
#11679 = FACE_BOUND('',#11680,.T.);
#11680 = EDGE_LOOP('',(#11681,#11682,#11710,#11731));
#11681 = ORIENTED_EDGE('',*,*,#11628,.T.);
#11682 = ORIENTED_EDGE('',*,*,#11683,.T.);
#11683 = EDGE_CURVE('',#11629,#11684,#11686,.T.);
#11684 = VERTEX_POINT('',#11685);
#11685 = CARTESIAN_POINT('',(59.330651606294,1.399694980247,1.05));
#11686 = SURFACE_CURVE('',#11687,(#11692,#11699),.PCURVE_S1.);
#11687 = CIRCLE('',#11688,23.35);
#11688 = AXIS2_PLACEMENT_3D('',#11689,#11690,#11691);
#11689 = CARTESIAN_POINT('',(35.99555876934,0.565463423226,1.05));
#11690 = DIRECTION('',(-0.,0.,-1.));
#11691 = DIRECTION('',(-0.999876632482,-1.570731731182E-02,0.));
#11692 = PCURVE('',#6986,#11693);
#11693 = DEFINITIONAL_REPRESENTATION('',(#11694),#11698);
#11694 = LINE('',#11695,#11696);
#11695 = CARTESIAN_POINT('',(0.,-1.05));
#11696 = VECTOR('',#11697,1.);
#11697 = DIRECTION('',(1.,0.));
#11698 = ( GEOMETRIC_REPRESENTATION_CONTEXT(2) 
PARAMETRIC_REPRESENTATION_CONTEXT() REPRESENTATION_CONTEXT('2D SPACE',''
  ) );
#11699 = PCURVE('',#11383,#11700);
#11700 = DEFINITIONAL_REPRESENTATION('',(#11701),#11709);
#11701 = ( BOUNDED_CURVE() B_SPLINE_CURVE(2,(#11702,#11703,#11704,#11705
    ,#11706,#11707,#11708),.UNSPECIFIED.,.T.,.F.) 
B_SPLINE_CURVE_WITH_KNOTS((1,2,2,2,2,1),(-2.094395102393,0.,
    2.094395102393,4.188790204786,6.28318530718,8.377580409573),
.UNSPECIFIED.) CURVE() GEOMETRIC_REPRESENTATION_ITEM() 
RATIONAL_B_SPLINE_CURVE((1.,0.5,1.,0.5,1.,0.5,1.)) REPRESENTATION_ITEM(
  '') );
#11702 = CARTESIAN_POINT('',(-5.15941025032,8.216562200641));
#11703 = CARTESIAN_POINT('',(-5.15941025032,48.659948557374));
#11704 = CARTESIAN_POINT('',(29.86558974968,28.438255379007));
#11705 = CARTESIAN_POINT('',(64.89058974968,8.216562200641));
#11706 = CARTESIAN_POINT('',(29.86558974968,-12.00513097772));
#11707 = CARTESIAN_POINT('',(-5.15941025032,-32.22682415609));
#11708 = CARTESIAN_POINT('',(-5.15941025032,8.216562200641));
#11709 = ( GEOMETRIC_REPRESENTATION_CONTEXT(2) 
PARAMETRIC_REPRESENTATION_CONTEXT() REPRESENTATION_CONTEXT('2D SPACE',''
  ) );
#11710 = ORIENTED_EDGE('',*,*,#11711,.F.);
#11711 = EDGE_CURVE('',#6933,#11684,#11712,.T.);
#11712 = SURFACE_CURVE('',#11713,(#11717,#11724),.PCURVE_S1.);
#11713 = LINE('',#11714,#11715);
#11714 = CARTESIAN_POINT('',(59.330651606294,1.399694980247,0.));
#11715 = VECTOR('',#11716,1.);
#11716 = DIRECTION('',(0.,0.,1.));
#11717 = PCURVE('',#6986,#11718);
#11718 = DEFINITIONAL_REPRESENTATION('',(#11719),#11723);
#11719 = LINE('',#11720,#11721);
#11720 = CARTESIAN_POINT('',(3.121565750345,0.));
#11721 = VECTOR('',#11722,1.);
#11722 = DIRECTION('',(0.,-1.));
#11723 = ( GEOMETRIC_REPRESENTATION_CONTEXT(2) 
PARAMETRIC_REPRESENTATION_CONTEXT() REPRESENTATION_CONTEXT('2D SPACE',''
  ) );
#11724 = PCURVE('',#6953,#11725);
#11725 = DEFINITIONAL_REPRESENTATION('',(#11726),#11730);
#11726 = LINE('',#11727,#11728);
#11727 = CARTESIAN_POINT('',(3.121565750345,0.));
#11728 = VECTOR('',#11729,1.);
#11729 = DIRECTION('',(0.,-1.));
#11730 = ( GEOMETRIC_REPRESENTATION_CONTEXT(2) 
PARAMETRIC_REPRESENTATION_CONTEXT() REPRESENTATION_CONTEXT('2D SPACE',''
  ) );
#11731 = ORIENTED_EDGE('',*,*,#6965,.F.);
#11732 = ADVANCED_FACE('',(#11733),#6953,.F.);
#11733 = FACE_BOUND('',#11734,.F.);
#11734 = EDGE_LOOP('',(#11735,#11736,#11762,#11763));
#11735 = ORIENTED_EDGE('',*,*,#11344,.T.);
#11736 = ORIENTED_EDGE('',*,*,#11737,.T.);
#11737 = EDGE_CURVE('',#11345,#11684,#11738,.T.);
#11738 = SURFACE_CURVE('',#11739,(#11744,#11751),.PCURVE_S1.);
#11739 = CIRCLE('',#11740,0.12);
#11740 = AXIS2_PLACEMENT_3D('',#11741,#11742,#11743);
#11741 = CARTESIAN_POINT('',(59.450574995606,1.403982251632,1.05));
#11742 = DIRECTION('',(0.,0.,-1.));
#11743 = DIRECTION('',(0.999876632482,1.570731731182E-02,0.));
#11744 = PCURVE('',#6953,#11745);
#11745 = DEFINITIONAL_REPRESENTATION('',(#11746),#11750);
#11746 = LINE('',#11747,#11748);
#11747 = CARTESIAN_POINT('',(0.,-1.05));
#11748 = VECTOR('',#11749,1.);
#11749 = DIRECTION('',(1.,0.));
#11750 = ( GEOMETRIC_REPRESENTATION_CONTEXT(2) 
PARAMETRIC_REPRESENTATION_CONTEXT() REPRESENTATION_CONTEXT('2D SPACE',''
  ) );
#11751 = PCURVE('',#11383,#11752);
#11752 = DEFINITIONAL_REPRESENTATION('',(#11753),#11761);
#11753 = ( BOUNDED_CURVE() B_SPLINE_CURVE(2,(#11754,#11755,#11756,#11757
    ,#11758,#11759,#11760),.UNSPECIFIED.,.T.,.F.) 
B_SPLINE_CURVE_WITH_KNOTS((1,2,2,2,2,1),(-2.094395102393,0.,
    2.094395102393,4.188790204786,6.28318530718,8.377580409573),
.UNSPECIFIED.) CURVE() GEOMETRIC_REPRESENTATION_ITEM() 
RATIONAL_B_SPLINE_CURVE((1.,0.5,1.,0.5,1.,0.5,1.)) REPRESENTATION_ITEM(
  '') );
#11754 = CARTESIAN_POINT('',(41.775883270111,8.686562200641));
#11755 = CARTESIAN_POINT('',(41.775883270111,8.478716103732));
#11756 = CARTESIAN_POINT('',(41.595883270111,8.582639152187));
#11757 = CARTESIAN_POINT('',(41.415883270111,8.686562200641));
#11758 = CARTESIAN_POINT('',(41.595883270111,8.790485249095));
#11759 = CARTESIAN_POINT('',(41.775883270111,8.894408297549));
#11760 = CARTESIAN_POINT('',(41.775883270111,8.686562200641));
#11761 = ( GEOMETRIC_REPRESENTATION_CONTEXT(2) 
PARAMETRIC_REPRESENTATION_CONTEXT() REPRESENTATION_CONTEXT('2D SPACE',''
  ) );
#11762 = ORIENTED_EDGE('',*,*,#11711,.F.);
#11763 = ORIENTED_EDGE('',*,*,#6932,.F.);
#11764 = ADVANCED_FACE('',(#11765),#7448,.T.);
#11765 = FACE_BOUND('',#11766,.T.);
#11766 = EDGE_LOOP('',(#11767,#11768,#11769,#11770,#11793,#11816,#11837,
    #11838,#11839,#11840,#11841,#11842));
#11767 = ORIENTED_EDGE('',*,*,#7432,.F.);
#11768 = ORIENTED_EDGE('',*,*,#7484,.T.);
#11769 = ORIENTED_EDGE('',*,*,#7540,.F.);
#11770 = ORIENTED_EDGE('',*,*,#11771,.T.);
#11771 = EDGE_CURVE('',#7541,#11772,#11774,.T.);
#11772 = VERTEX_POINT('',#11773);
#11773 = CARTESIAN_POINT('',(-16.48780476834,4.404803505358,-7.25));
#11774 = SURFACE_CURVE('',#11775,(#11779,#11786),.PCURVE_S1.);
#11775 = LINE('',#11776,#11777);
#11776 = CARTESIAN_POINT('',(-9.440110112455,1.839652430415,-7.25));
#11777 = VECTOR('',#11778,1.);
#11778 = DIRECTION('',(-0.939692620786,0.342020143326,0.));
#11779 = PCURVE('',#7448,#11780);
#11780 = DEFINITIONAL_REPRESENTATION('',(#11781),#11785);
#11781 = LINE('',#11782,#11783);
#11782 = CARTESIAN_POINT('',(-4.5,5.5));
#11783 = VECTOR('',#11784,1.);
#11784 = DIRECTION('',(1.,0.));
#11785 = ( GEOMETRIC_REPRESENTATION_CONTEXT(2) 
PARAMETRIC_REPRESENTATION_CONTEXT() REPRESENTATION_CONTEXT('2D SPACE',''
  ) );
#11786 = PCURVE('',#7580,#11787);
#11787 = DEFINITIONAL_REPRESENTATION('',(#11788),#11792);
#11788 = LINE('',#11789,#11790);
#11789 = CARTESIAN_POINT('',(3.2,4.5));
#11790 = VECTOR('',#11791,1.);
#11791 = DIRECTION('',(0.,1.));
#11792 = ( GEOMETRIC_REPRESENTATION_CONTEXT(2) 
PARAMETRIC_REPRESENTATION_CONTEXT() REPRESENTATION_CONTEXT('2D SPACE',''
  ) );
#11793 = ORIENTED_EDGE('',*,*,#11794,.T.);
#11794 = EDGE_CURVE('',#11772,#11795,#11797,.T.);
#11795 = VERTEX_POINT('',#11796);
#11796 = CARTESIAN_POINT('',(-15.46174433837,7.223881367715,-7.25));
#11797 = SURFACE_CURVE('',#11798,(#11802,#11809),.PCURVE_S1.);
#11798 = LINE('',#11799,#11800);
#11799 = CARTESIAN_POINT('',(-15.03421915921,8.398497143698,-7.25));
#11800 = VECTOR('',#11801,1.);
#11801 = DIRECTION('',(0.342020143326,0.939692620786,0.));
#11802 = PCURVE('',#7448,#11803);
#11803 = DEFINITIONAL_REPRESENTATION('',(#11804),#11808);
#11804 = LINE('',#11805,#11806);
#11805 = CARTESIAN_POINT('',(3.,1.25));
#11806 = VECTOR('',#11807,1.);
#11807 = DIRECTION('',(0.,-1.));
#11808 = ( GEOMETRIC_REPRESENTATION_CONTEXT(2) 
PARAMETRIC_REPRESENTATION_CONTEXT() REPRESENTATION_CONTEXT('2D SPACE',''
  ) );
#11809 = PCURVE('',#10156,#11810);
#11810 = DEFINITIONAL_REPRESENTATION('',(#11811),#11815);
#11811 = LINE('',#11812,#11813);
#11812 = CARTESIAN_POINT('',(3.2,1.25));
#11813 = VECTOR('',#11814,1.);
#11814 = DIRECTION('',(0.,1.));
#11815 = ( GEOMETRIC_REPRESENTATION_CONTEXT(2) 
PARAMETRIC_REPRESENTATION_CONTEXT() REPRESENTATION_CONTEXT('2D SPACE',''
  ) );
#11816 = ORIENTED_EDGE('',*,*,#11817,.F.);
#11817 = EDGE_CURVE('',#9143,#11795,#11818,.T.);
#11818 = SURFACE_CURVE('',#11819,(#11823,#11830),.PCURVE_S1.);
#11819 = LINE('',#11820,#11821);
#11820 = CARTESIAN_POINT('',(-8.414049682478,4.658730292773,-7.25));
#11821 = VECTOR('',#11822,1.);
#11822 = DIRECTION('',(-0.939692620786,0.342020143326,0.));
#11823 = PCURVE('',#7448,#11824);
#11824 = DEFINITIONAL_REPRESENTATION('',(#11825),#11829);
#11825 = LINE('',#11826,#11827);
#11826 = CARTESIAN_POINT('',(-4.5,2.5));
#11827 = VECTOR('',#11828,1.);
#11828 = DIRECTION('',(1.,0.));
#11829 = ( GEOMETRIC_REPRESENTATION_CONTEXT(2) 
PARAMETRIC_REPRESENTATION_CONTEXT() REPRESENTATION_CONTEXT('2D SPACE',''
  ) );
#11830 = PCURVE('',#9158,#11831);
#11831 = DEFINITIONAL_REPRESENTATION('',(#11832),#11836);
#11832 = LINE('',#11833,#11834);
#11833 = CARTESIAN_POINT('',(3.2,4.5));
#11834 = VECTOR('',#11835,1.);
#11835 = DIRECTION('',(0.,1.));
#11836 = ( GEOMETRIC_REPRESENTATION_CONTEXT(2) 
PARAMETRIC_REPRESENTATION_CONTEXT() REPRESENTATION_CONTEXT('2D SPACE',''
  ) );
#11837 = ORIENTED_EDGE('',*,*,#9170,.F.);
#11838 = ORIENTED_EDGE('',*,*,#9218,.T.);
#11839 = ORIENTED_EDGE('',*,*,#9274,.T.);
#11840 = ORIENTED_EDGE('',*,*,#9323,.F.);
#11841 = ORIENTED_EDGE('',*,*,#9499,.T.);
#11842 = ORIENTED_EDGE('',*,*,#9664,.T.);
#11843 = ADVANCED_FACE('',(#11844),#7580,.T.);
#11844 = FACE_BOUND('',#11845,.T.);
#11845 = EDGE_LOOP('',(#11846,#11847,#11848,#11849));
#11846 = ORIENTED_EDGE('',*,*,#11771,.F.);
#11847 = ORIENTED_EDGE('',*,*,#7564,.F.);
#11848 = ORIENTED_EDGE('',*,*,#10168,.T.);
#11849 = ORIENTED_EDGE('',*,*,#11850,.F.);
#11850 = EDGE_CURVE('',#11772,#10141,#11851,.T.);
#11851 = SURFACE_CURVE('',#11852,(#11856,#11863),.PCURVE_S1.);
#11852 = LINE('',#11853,#11854);
#11853 = CARTESIAN_POINT('',(-16.48780476834,4.404803505358,-10.45));
#11854 = VECTOR('',#11855,1.);
#11855 = DIRECTION('',(0.,0.,1.));
#11856 = PCURVE('',#7580,#11857);
#11857 = DEFINITIONAL_REPRESENTATION('',(#11858),#11862);
#11858 = LINE('',#11859,#11860);
#11859 = CARTESIAN_POINT('',(0.,12.));
#11860 = VECTOR('',#11861,1.);
#11861 = DIRECTION('',(1.,0.));
#11862 = ( GEOMETRIC_REPRESENTATION_CONTEXT(2) 
PARAMETRIC_REPRESENTATION_CONTEXT() REPRESENTATION_CONTEXT('2D SPACE',''
  ) );
#11863 = PCURVE('',#10156,#11864);
#11864 = DEFINITIONAL_REPRESENTATION('',(#11865),#11869);
#11865 = LINE('',#11866,#11867);
#11866 = CARTESIAN_POINT('',(0.,-3.));
#11867 = VECTOR('',#11868,1.);
#11868 = DIRECTION('',(1.,0.));
#11869 = ( GEOMETRIC_REPRESENTATION_CONTEXT(2) 
PARAMETRIC_REPRESENTATION_CONTEXT() REPRESENTATION_CONTEXT('2D SPACE',''
  ) );
#11870 = ADVANCED_FACE('',(#11871,#11877),#7631,.F.);
#11871 = FACE_BOUND('',#11872,.F.);
#11872 = EDGE_LOOP('',(#11873,#11874,#11875,#11876));
#11873 = ORIENTED_EDGE('',*,*,#10002,.T.);
#11874 = ORIENTED_EDGE('',*,*,#7616,.F.);
#11875 = ORIENTED_EDGE('',*,*,#10361,.T.);
#11876 = ORIENTED_EDGE('',*,*,#11135,.T.);
#11877 = FACE_BOUND('',#11878,.F.);
#11878 = EDGE_LOOP('',(#11879,#11909,#11942,#11975,#12008,#12037,#12070,
    #12099));
#11879 = ORIENTED_EDGE('',*,*,#11880,.F.);
#11880 = EDGE_CURVE('',#11881,#11883,#11885,.T.);
#11881 = VERTEX_POINT('',#11882);
#11882 = CARTESIAN_POINT('',(-59.45245987368,-1.283997055735,0.));
#11883 = VERTEX_POINT('',#11884);
#11884 = CARTESIAN_POINT('',(-60.49073271783,-1.300307548939,0.));
#11885 = SURFACE_CURVE('',#11886,(#11890,#11897),.PCURVE_S1.);
#11886 = LINE('',#11887,#11888);
#11887 = CARTESIAN_POINT('',(-58.98722375535,-1.276688542766,0.));
#11888 = VECTOR('',#11889,1.);
#11889 = DIRECTION('',(-0.999876632482,-1.570731731182E-02,0.));
#11890 = PCURVE('',#7631,#11891);
#11891 = DEFINITIONAL_REPRESENTATION('',(#11892),#11896);
#11892 = LINE('',#11893,#11894);
#11893 = CARTESIAN_POINT('',(-58.98722375535,-1.276688542766));
#11894 = VECTOR('',#11895,1.);
#11895 = DIRECTION('',(-0.999876632482,-1.570731731182E-02));
#11896 = ( GEOMETRIC_REPRESENTATION_CONTEXT(2) 
PARAMETRIC_REPRESENTATION_CONTEXT() REPRESENTATION_CONTEXT('2D SPACE',''
  ) );
#11897 = PCURVE('',#11898,#11903);
#11898 = PLANE('',#11899);
#11899 = AXIS2_PLACEMENT_3D('',#11900,#11901,#11902);
#11900 = CARTESIAN_POINT('',(-59.45245987368,-1.283997055735,0.));
#11901 = DIRECTION('',(1.570731731182E-02,-0.999876632482,0.));
#11902 = DIRECTION('',(-0.999876632482,-1.570731731182E-02,0.));
#11903 = DEFINITIONAL_REPRESENTATION('',(#11904),#11908);
#11904 = LINE('',#11905,#11906);
#11905 = CARTESIAN_POINT('',(-0.465293520431,0.));
#11906 = VECTOR('',#11907,1.);
#11907 = DIRECTION('',(1.,0.));
#11908 = ( GEOMETRIC_REPRESENTATION_CONTEXT(2) 
PARAMETRIC_REPRESENTATION_CONTEXT() REPRESENTATION_CONTEXT('2D SPACE',''
  ) );
#11909 = ORIENTED_EDGE('',*,*,#11910,.T.);
#11910 = EDGE_CURVE('',#11881,#11911,#11913,.T.);
#11911 = VERTEX_POINT('',#11912);
#11912 = CARTESIAN_POINT('',(-59.33065160629,-1.399694980247,0.));
#11913 = SURFACE_CURVE('',#11914,(#11919,#11930),.PCURVE_S1.);
#11914 = CIRCLE('',#11915,0.12);
#11915 = AXIS2_PLACEMENT_3D('',#11916,#11917,#11918);
#11916 = CARTESIAN_POINT('',(-59.4505749956,-1.403982251632,0.));
#11917 = DIRECTION('',(0.,-0.,-1.));
#11918 = DIRECTION('',(-0.999876632482,-1.570731731182E-02,0.));
#11919 = PCURVE('',#7631,#11920);
#11920 = DEFINITIONAL_REPRESENTATION('',(#11921),#11929);
#11921 = ( BOUNDED_CURVE() B_SPLINE_CURVE(2,(#11922,#11923,#11924,#11925
    ,#11926,#11927,#11928),.UNSPECIFIED.,.T.,.F.) 
B_SPLINE_CURVE_WITH_KNOTS((1,2,2,2,2,1),(-2.094395102393,0.,
    2.094395102393,4.188790204786,6.28318530718,8.377580409573),
.UNSPECIFIED.) CURVE() GEOMETRIC_REPRESENTATION_ITEM() 
RATIONAL_B_SPLINE_CURVE((1.,0.5,1.,0.5,1.,0.5,1.)) REPRESENTATION_ITEM(
  '') );
#11922 = CARTESIAN_POINT('',(-59.5705601915,-1.40586712971));
#11923 = CARTESIAN_POINT('',(-59.5738248961,-1.198046674259));
#11924 = CARTESIAN_POINT('',(-59.39221474995,-1.299129584868));
#11925 = CARTESIAN_POINT('',(-59.21060460381,-1.400212495478));
#11926 = CARTESIAN_POINT('',(-59.38895004535,-1.506950040319));
#11927 = CARTESIAN_POINT('',(-59.5672954869,-1.613687585161));
#11928 = CARTESIAN_POINT('',(-59.5705601915,-1.40586712971));
#11929 = ( GEOMETRIC_REPRESENTATION_CONTEXT(2) 
PARAMETRIC_REPRESENTATION_CONTEXT() REPRESENTATION_CONTEXT('2D SPACE',''
  ) );
#11930 = PCURVE('',#11931,#11936);
#11931 = CYLINDRICAL_SURFACE('',#11932,0.12);
#11932 = AXIS2_PLACEMENT_3D('',#11933,#11934,#11935);
#11933 = CARTESIAN_POINT('',(-59.4505749956,-1.403982251632,0.));
#11934 = DIRECTION('',(0.,-0.,-1.));
#11935 = DIRECTION('',(-0.999876632482,-1.570731731182E-02,0.));
#11936 = DEFINITIONAL_REPRESENTATION('',(#11937),#11941);
#11937 = LINE('',#11938,#11939);
#11938 = CARTESIAN_POINT('',(0.,0.));
#11939 = VECTOR('',#11940,1.);
#11940 = DIRECTION('',(1.,0.));
#11941 = ( GEOMETRIC_REPRESENTATION_CONTEXT(2) 
PARAMETRIC_REPRESENTATION_CONTEXT() REPRESENTATION_CONTEXT('2D SPACE',''
  ) );
#11942 = ORIENTED_EDGE('',*,*,#11943,.F.);
#11943 = EDGE_CURVE('',#11944,#11911,#11946,.T.);
#11944 = VERTEX_POINT('',#11945);
#11945 = CARTESIAN_POINT('',(-20.62512830843,-18.14307325637,0.));
#11946 = SURFACE_CURVE('',#11947,(#11952,#11963),.PCURVE_S1.);
#11947 = CIRCLE('',#11948,23.35);
#11948 = AXIS2_PLACEMENT_3D('',#11949,#11950,#11951);
#11949 = CARTESIAN_POINT('',(-35.99555876934,-0.565463423226,0.));
#11950 = DIRECTION('',(0.,0.,-1.));
#11951 = DIRECTION('',(0.999876632482,1.570731731182E-02,0.));
#11952 = PCURVE('',#7631,#11953);
#11953 = DEFINITIONAL_REPRESENTATION('',(#11954),#11962);
#11954 = ( BOUNDED_CURVE() B_SPLINE_CURVE(2,(#11955,#11956,#11957,#11958
    ,#11959,#11960,#11961),.UNSPECIFIED.,.T.,.F.) 
B_SPLINE_CURVE_WITH_KNOTS((1,2,2,2,2,1),(-2.094395102393,0.,
    2.094395102393,4.188790204786,6.28318530718,8.377580409573),
.UNSPECIFIED.) CURVE() GEOMETRIC_REPRESENTATION_ITEM() 
RATIONAL_B_SPLINE_CURVE((1.,0.5,1.,0.5,1.,0.5,1.)) REPRESENTATION_ITEM(
  '') );
#11955 = CARTESIAN_POINT('',(-12.64843940089,-0.198697563995));
#11956 = CARTESIAN_POINT('',(-12.01318229822,-40.63709452052));
#11957 = CARTESIAN_POINT('',(-47.35148990222,-20.9680448311));
#11958 = CARTESIAN_POINT('',(-82.68979750623,-1.298995141688));
#11959 = CARTESIAN_POINT('',(-47.98674700489,19.470352125422));
#11960 = CARTESIAN_POINT('',(-13.28369650356,40.239699392531));
#11961 = CARTESIAN_POINT('',(-12.64843940089,-0.198697563995));
#11962 = ( GEOMETRIC_REPRESENTATION_CONTEXT(2) 
PARAMETRIC_REPRESENTATION_CONTEXT() REPRESENTATION_CONTEXT('2D SPACE',''
  ) );
#11963 = PCURVE('',#11964,#11969);
#11964 = CYLINDRICAL_SURFACE('',#11965,23.35);
#11965 = AXIS2_PLACEMENT_3D('',#11966,#11967,#11968);
#11966 = CARTESIAN_POINT('',(-35.99555876934,-0.565463423226,0.));
#11967 = DIRECTION('',(0.,0.,-1.));
#11968 = DIRECTION('',(0.999876632482,1.570731731182E-02,0.));
#11969 = DEFINITIONAL_REPRESENTATION('',(#11970),#11974);
#11970 = LINE('',#11971,#11972);
#11971 = CARTESIAN_POINT('',(0.,0.));
#11972 = VECTOR('',#11973,1.);
#11973 = DIRECTION('',(1.,0.));
#11974 = ( GEOMETRIC_REPRESENTATION_CONTEXT(2) 
PARAMETRIC_REPRESENTATION_CONTEXT() REPRESENTATION_CONTEXT('2D SPACE',''
  ) );
#11975 = ORIENTED_EDGE('',*,*,#11976,.T.);
#11976 = EDGE_CURVE('',#11944,#11977,#11979,.T.);
#11977 = VERTEX_POINT('',#11978);
#11978 = CARTESIAN_POINT('',(-20.45638301994,-18.15375701449,0.));
#11979 = SURFACE_CURVE('',#11980,(#11985,#11996),.PCURVE_S1.);
#11980 = CIRCLE('',#11981,0.12);
#11981 = AXIS2_PLACEMENT_3D('',#11982,#11983,#11984);
#11982 = CARTESIAN_POINT('',(-20.54613680285,-18.23340786793,0.));
#11983 = DIRECTION('',(-0.,0.,-1.));
#11984 = DIRECTION('',(-0.752788429685,-0.658262546506,0.));
#11985 = PCURVE('',#7631,#11986);
#11986 = DEFINITIONAL_REPRESENTATION('',(#11987),#11995);
#11987 = ( BOUNDED_CURVE() B_SPLINE_CURVE(2,(#11988,#11989,#11990,#11991
    ,#11992,#11993,#11994),.UNSPECIFIED.,.T.,.F.) 
B_SPLINE_CURVE_WITH_KNOTS((1,2,2,2,2,1),(-2.094395102393,0.,
    2.094395102393,4.188790204786,6.28318530718,8.377580409573),
.UNSPECIFIED.) CURVE() GEOMETRIC_REPRESENTATION_ITEM() 
RATIONAL_B_SPLINE_CURVE((1.,0.5,1.,0.5,1.,0.5,1.)) REPRESENTATION_ITEM(
  '') );
#11988 = CARTESIAN_POINT('',(-20.63647141441,-18.31239937351));
#11989 = CARTESIAN_POINT('',(-20.77328871544,-18.1559352366));
#11990 = CARTESIAN_POINT('',(-20.56937814758,-18.11568004669));
#11991 = CARTESIAN_POINT('',(-20.36546757972,-18.07542485677));
#11992 = CARTESIAN_POINT('',(-20.43256084655,-18.2721441836));
#11993 = CARTESIAN_POINT('',(-20.49965411338,-18.46886351042));
#11994 = CARTESIAN_POINT('',(-20.63647141441,-18.31239937351));
#11995 = ( GEOMETRIC_REPRESENTATION_CONTEXT(2) 
PARAMETRIC_REPRESENTATION_CONTEXT() REPRESENTATION_CONTEXT('2D SPACE',''
  ) );
#11996 = PCURVE('',#11997,#12002);
#11997 = CYLINDRICAL_SURFACE('',#11998,0.12);
#11998 = AXIS2_PLACEMENT_3D('',#11999,#12000,#12001);
#11999 = CARTESIAN_POINT('',(-20.54613680285,-18.23340786793,0.));
#12000 = DIRECTION('',(-0.,0.,-1.));
#12001 = DIRECTION('',(-0.752788429685,-0.658262546506,0.));
#12002 = DEFINITIONAL_REPRESENTATION('',(#12003),#12007);
#12003 = LINE('',#12004,#12005);
#12004 = CARTESIAN_POINT('',(0.,0.));
#12005 = VECTOR('',#12006,1.);
#12006 = DIRECTION('',(1.,0.));
#12007 = ( GEOMETRIC_REPRESENTATION_CONTEXT(2) 
PARAMETRIC_REPRESENTATION_CONTEXT() REPRESENTATION_CONTEXT('2D SPACE',''
  ) );
#12008 = ORIENTED_EDGE('',*,*,#12009,.T.);
#12009 = EDGE_CURVE('',#11977,#12010,#12012,.T.);
#12010 = VERTEX_POINT('',#12011);
#12011 = CARTESIAN_POINT('',(-20.0354265259,-18.61730871863,0.));
#12012 = SURFACE_CURVE('',#12013,(#12018,#12025),.PCURVE_S1.);
#12013 = CIRCLE('',#12014,27.35);
#12014 = AXIS2_PLACEMENT_3D('',#12015,#12016,#12017);
#12015 = CARTESIAN_POINT('',(0.,0.,0.));
#12016 = DIRECTION('',(-0.,0.,1.));
#12017 = DIRECTION('',(1.,0.,0.));
#12018 = PCURVE('',#7631,#12019);
#12019 = DEFINITIONAL_REPRESENTATION('',(#12020),#12024);
#12020 = CIRCLE('',#12021,27.35);
#12021 = AXIS2_PLACEMENT_2D('',#12022,#12023);
#12022 = CARTESIAN_POINT('',(4.558133775131E-16,1.70226710729E-17));
#12023 = DIRECTION('',(1.,0.));
#12024 = ( GEOMETRIC_REPRESENTATION_CONTEXT(2) 
PARAMETRIC_REPRESENTATION_CONTEXT() REPRESENTATION_CONTEXT('2D SPACE',''
  ) );
#12025 = PCURVE('',#12026,#12031);
#12026 = CYLINDRICAL_SURFACE('',#12027,27.35);
#12027 = AXIS2_PLACEMENT_3D('',#12028,#12029,#12030);
#12028 = CARTESIAN_POINT('',(0.,0.,0.));
#12029 = DIRECTION('',(0.,-0.,-1.));
#12030 = DIRECTION('',(1.,0.,0.));
#12031 = DEFINITIONAL_REPRESENTATION('',(#12032),#12036);
#12032 = LINE('',#12033,#12034);
#12033 = CARTESIAN_POINT('',(-0.,0.));
#12034 = VECTOR('',#12035,1.);
#12035 = DIRECTION('',(-1.,0.));
#12036 = ( GEOMETRIC_REPRESENTATION_CONTEXT(2) 
PARAMETRIC_REPRESENTATION_CONTEXT() REPRESENTATION_CONTEXT('2D SPACE',''
  ) );
#12037 = ORIENTED_EDGE('',*,*,#12038,.T.);
#12038 = EDGE_CURVE('',#12010,#12039,#12041,.T.);
#12039 = VERTEX_POINT('',#12040);
#12040 = CARTESIAN_POINT('',(-20.04566517189,-18.79046833351,0.));
#12041 = SURFACE_CURVE('',#12042,(#12047,#12058),.PCURVE_S1.);
#12042 = CIRCLE('',#12043,0.12);
#12043 = AXIS2_PLACEMENT_3D('',#12044,#12045,#12046);
#12044 = CARTESIAN_POINT('',(-20.12333333333,-18.69899343696,0.));
#12045 = DIRECTION('',(0.,0.,-1.));
#12046 = DIRECTION('',(-0.680705986056,0.732556728552,0.));
#12047 = PCURVE('',#7631,#12048);
#12048 = DEFINITIONAL_REPRESENTATION('',(#12049),#12057);
#12049 = ( BOUNDED_CURVE() B_SPLINE_CURVE(2,(#12050,#12051,#12052,#12053
    ,#12054,#12055,#12056),.UNSPECIFIED.,.T.,.F.) 
B_SPLINE_CURVE_WITH_KNOTS((1,2,2,2,2,1),(-2.094395102393,0.,
    2.094395102393,4.188790204786,6.28318530718,8.377580409573),
.UNSPECIFIED.) CURVE() GEOMETRIC_REPRESENTATION_ITEM() 
RATIONAL_B_SPLINE_CURVE((1.,0.5,1.,0.5,1.,0.5,1.)) REPRESENTATION_ITEM(
  '') );
#12050 = CARTESIAN_POINT('',(-20.20501805166,-18.61108662953));
#12051 = CARTESIAN_POINT('',(-20.05275899486,-18.46960454719));
#12052 = CARTESIAN_POINT('',(-20.00636144577,-18.6722057995));
#12053 = CARTESIAN_POINT('',(-19.95996389668,-18.87480705181));
#12054 = CARTESIAN_POINT('',(-20.15862050256,-18.81368788184));
#12055 = CARTESIAN_POINT('',(-20.35727710845,-18.75256871188));
#12056 = CARTESIAN_POINT('',(-20.20501805166,-18.61108662953));
#12057 = ( GEOMETRIC_REPRESENTATION_CONTEXT(2) 
PARAMETRIC_REPRESENTATION_CONTEXT() REPRESENTATION_CONTEXT('2D SPACE',''
  ) );
#12058 = PCURVE('',#12059,#12064);
#12059 = CYLINDRICAL_SURFACE('',#12060,0.12);
#12060 = AXIS2_PLACEMENT_3D('',#12061,#12062,#12063);
#12061 = CARTESIAN_POINT('',(-20.12333333333,-18.69899343696,0.));
#12062 = DIRECTION('',(0.,0.,-1.));
#12063 = DIRECTION('',(-0.680705986056,0.732556728552,0.));
#12064 = DEFINITIONAL_REPRESENTATION('',(#12065),#12069);
#12065 = LINE('',#12066,#12067);
#12066 = CARTESIAN_POINT('',(0.,0.));
#12067 = VECTOR('',#12068,1.);
#12068 = DIRECTION('',(1.,0.));
#12069 = ( GEOMETRIC_REPRESENTATION_CONTEXT(2) 
PARAMETRIC_REPRESENTATION_CONTEXT() REPRESENTATION_CONTEXT('2D SPACE',''
  ) );
#12070 = ORIENTED_EDGE('',*,*,#12071,.F.);
#12071 = EDGE_CURVE('',#12072,#12039,#12074,.T.);
#12072 = VERTEX_POINT('',#12073);
#12073 = CARTESIAN_POINT('',(-60.60864652466,-1.42724077294,0.));
#12074 = SURFACE_CURVE('',#12075,(#12080,#12087),.PCURVE_S1.);
#12075 = CIRCLE('',#12076,24.65);
#12076 = AXIS2_PLACEMENT_3D('',#12077,#12078,#12079);
#12077 = CARTESIAN_POINT('',(-36.,6.217248937901E-15,0.));
#12078 = DIRECTION('',(0.,0.,1.));
#12079 = DIRECTION('',(-1.,5.20417042793E-17,0.));
#12080 = PCURVE('',#7631,#12081);
#12081 = DEFINITIONAL_REPRESENTATION('',(#12082),#12086);
#12082 = CIRCLE('',#12083,24.65);
#12083 = AXIS2_PLACEMENT_2D('',#12084,#12085);
#12084 = CARTESIAN_POINT('',(-36.,6.234271608974E-15));
#12085 = DIRECTION('',(-1.,5.20417042793E-17));
#12086 = ( GEOMETRIC_REPRESENTATION_CONTEXT(2) 
PARAMETRIC_REPRESENTATION_CONTEXT() REPRESENTATION_CONTEXT('2D SPACE',''
  ) );
#12087 = PCURVE('',#12088,#12093);
#12088 = CYLINDRICAL_SURFACE('',#12089,24.65);
#12089 = AXIS2_PLACEMENT_3D('',#12090,#12091,#12092);
#12090 = CARTESIAN_POINT('',(-36.,6.217248937901E-15,0.));
#12091 = DIRECTION('',(-0.,-0.,-1.));
#12092 = DIRECTION('',(-1.,5.20417042793E-17,0.));
#12093 = DEFINITIONAL_REPRESENTATION('',(#12094),#12098);
#12094 = LINE('',#12095,#12096);
#12095 = CARTESIAN_POINT('',(-0.,0.));
#12096 = VECTOR('',#12097,1.);
#12097 = DIRECTION('',(-1.,0.));
#12098 = ( GEOMETRIC_REPRESENTATION_CONTEXT(2) 
PARAMETRIC_REPRESENTATION_CONTEXT() REPRESENTATION_CONTEXT('2D SPACE',''
  ) );
#12099 = ORIENTED_EDGE('',*,*,#12100,.T.);
#12100 = EDGE_CURVE('',#12072,#11883,#12101,.T.);
#12101 = SURFACE_CURVE('',#12102,(#12107,#12118),.PCURVE_S1.);
#12102 = CIRCLE('',#12103,0.12);
#12103 = AXIS2_PLACEMENT_3D('',#12104,#12105,#12106);
#12104 = CARTESIAN_POINT('',(-60.48884783976,-1.420292744837,0.));
#12105 = DIRECTION('',(0.,-0.,-1.));
#12106 = DIRECTION('',(5.790023419636E-02,-0.998322374226,0.));
#12107 = PCURVE('',#7631,#12108);
#12108 = DEFINITIONAL_REPRESENTATION('',(#12109),#12117);
#12109 = ( BOUNDED_CURVE() B_SPLINE_CURVE(2,(#12110,#12111,#12112,#12113
    ,#12114,#12115,#12116),.UNSPECIFIED.,.T.,.F.) 
B_SPLINE_CURVE_WITH_KNOTS((1,2,2,2,2,1),(-2.094395102393,0.,
    2.094395102393,4.188790204786,6.28318530718,8.377580409573),
.UNSPECIFIED.) CURVE() GEOMETRIC_REPRESENTATION_ITEM() 
RATIONAL_B_SPLINE_CURVE((1.,0.5,1.,0.5,1.,0.5,1.)) REPRESENTATION_ITEM(
  '') );
#12110 = CARTESIAN_POINT('',(-60.48189981165,-1.540091429744));
#12111 = CARTESIAN_POINT('',(-60.68939722059,-1.552125767432));
#12112 = CARTESIAN_POINT('',(-60.59607055828,-1.366410571227));
#12113 = CARTESIAN_POINT('',(-60.50274389596,-1.180695375023));
#12114 = CARTESIAN_POINT('',(-60.38857314934,-1.354376233539));
#12115 = CARTESIAN_POINT('',(-60.27440240271,-1.528057092056));
#12116 = CARTESIAN_POINT('',(-60.48189981165,-1.540091429744));
#12117 = ( GEOMETRIC_REPRESENTATION_CONTEXT(2) 
PARAMETRIC_REPRESENTATION_CONTEXT() REPRESENTATION_CONTEXT('2D SPACE',''
  ) );
#12118 = PCURVE('',#12119,#12124);
#12119 = CYLINDRICAL_SURFACE('',#12120,0.12);
#12120 = AXIS2_PLACEMENT_3D('',#12121,#12122,#12123);
#12121 = CARTESIAN_POINT('',(-60.48884783976,-1.420292744837,0.));
#12122 = DIRECTION('',(0.,-0.,-1.));
#12123 = DIRECTION('',(5.790023419636E-02,-0.998322374226,0.));
#12124 = DEFINITIONAL_REPRESENTATION('',(#12125),#12129);
#12125 = LINE('',#12126,#12127);
#12126 = CARTESIAN_POINT('',(0.,0.));
#12127 = VECTOR('',#12128,1.);
#12128 = DIRECTION('',(1.,0.));
#12129 = ( GEOMETRIC_REPRESENTATION_CONTEXT(2) 
PARAMETRIC_REPRESENTATION_CONTEXT() REPRESENTATION_CONTEXT('2D SPACE',''
  ) );
#12130 = ADVANCED_FACE('',(#12131),#7684,.T.);
#12131 = FACE_BOUND('',#12132,.T.);
#12132 = EDGE_LOOP('',(#12133,#12134,#12135,#12136,#12137,#12138,#12139,
    #12140,#12141,#12142,#12143,#12144));
#12133 = ORIENTED_EDGE('',*,*,#8238,.F.);
#12134 = ORIENTED_EDGE('',*,*,#8263,.T.);
#12135 = ORIENTED_EDGE('',*,*,#8319,.F.);
#12136 = ORIENTED_EDGE('',*,*,#9849,.T.);
#12137 = ORIENTED_EDGE('',*,*,#9922,.T.);
#12138 = ORIENTED_EDGE('',*,*,#9947,.F.);
#12139 = ORIENTED_EDGE('',*,*,#7667,.F.);
#12140 = ORIENTED_EDGE('',*,*,#7720,.T.);
#12141 = ORIENTED_EDGE('',*,*,#7776,.T.);
#12142 = ORIENTED_EDGE('',*,*,#7825,.F.);
#12143 = ORIENTED_EDGE('',*,*,#8001,.T.);
#12144 = ORIENTED_EDGE('',*,*,#8188,.T.);
#12145 = ADVANCED_FACE('',(#12146),#7894,.F.);
#12146 = FACE_BOUND('',#12147,.F.);
#12147 = EDGE_LOOP('',(#12148,#12171,#12172,#12195));
#12148 = ORIENTED_EDGE('',*,*,#12149,.F.);
#12149 = EDGE_CURVE('',#7877,#12150,#12152,.T.);
#12150 = VERTEX_POINT('',#12151);
#12151 = CARTESIAN_POINT('',(0.427435237394,-20.85217123695,-9.85));
#12152 = SURFACE_CURVE('',#12153,(#12157,#12164),.PCURVE_S1.);
#12153 = LINE('',#12154,#12155);
#12154 = CARTESIAN_POINT('',(-8.245366881361E-02,-21.7036483672,-9.85));
#12155 = VECTOR('',#12156,1.);
#12156 = DIRECTION('',(0.513756639809,0.857935962093,0.));
#12157 = PCURVE('',#7894,#12158);
#12158 = DEFINITIONAL_REPRESENTATION('',(#12159),#12163);
#12159 = LINE('',#12160,#12161);
#12160 = CARTESIAN_POINT('',(0.,0.));
#12161 = VECTOR('',#12162,1.);
#12162 = DIRECTION('',(1.,0.));
#12163 = ( GEOMETRIC_REPRESENTATION_CONTEXT(2) 
PARAMETRIC_REPRESENTATION_CONTEXT() REPRESENTATION_CONTEXT('2D SPACE',''
  ) );
#12164 = PCURVE('',#7923,#12165);
#12165 = DEFINITIONAL_REPRESENTATION('',(#12166),#12170);
#12166 = LINE('',#12167,#12168);
#12167 = CARTESIAN_POINT('',(-0.226595613106,-0.65));
#12168 = VECTOR('',#12169,1.);
#12169 = DIRECTION('',(0.75568908279,0.654930538418));
#12170 = ( GEOMETRIC_REPRESENTATION_CONTEXT(2) 
PARAMETRIC_REPRESENTATION_CONTEXT() REPRESENTATION_CONTEXT('2D SPACE',''
  ) );
#12171 = ORIENTED_EDGE('',*,*,#7876,.T.);
#12172 = ORIENTED_EDGE('',*,*,#12173,.T.);
#12173 = EDGE_CURVE('',#7879,#12174,#12176,.T.);
#12174 = VERTEX_POINT('',#12175);
#12175 = CARTESIAN_POINT('',(0.427435237394,-20.85217123695,-7.85));
#12176 = SURFACE_CURVE('',#12177,(#12181,#12188),.PCURVE_S1.);
#12177 = LINE('',#12178,#12179);
#12178 = CARTESIAN_POINT('',(-8.245366881361E-02,-21.7036483672,-7.85));
#12179 = VECTOR('',#12180,1.);
#12180 = DIRECTION('',(0.513756639809,0.857935962093,0.));
#12181 = PCURVE('',#7894,#12182);
#12182 = DEFINITIONAL_REPRESENTATION('',(#12183),#12187);
#12183 = LINE('',#12184,#12185);
#12184 = CARTESIAN_POINT('',(0.,-2.));
#12185 = VECTOR('',#12186,1.);
#12186 = DIRECTION('',(1.,0.));
#12187 = ( GEOMETRIC_REPRESENTATION_CONTEXT(2) 
PARAMETRIC_REPRESENTATION_CONTEXT() REPRESENTATION_CONTEXT('2D SPACE',''
  ) );
#12188 = PCURVE('',#7982,#12189);
#12189 = DEFINITIONAL_REPRESENTATION('',(#12190),#12194);
#12190 = LINE('',#12191,#12192);
#12191 = CARTESIAN_POINT('',(-0.226595613106,-0.65));
#12192 = VECTOR('',#12193,1.);
#12193 = DIRECTION('',(0.75568908279,0.654930538418));
#12194 = ( GEOMETRIC_REPRESENTATION_CONTEXT(2) 
PARAMETRIC_REPRESENTATION_CONTEXT() REPRESENTATION_CONTEXT('2D SPACE',''
  ) );
#12195 = ORIENTED_EDGE('',*,*,#12196,.F.);
#12196 = EDGE_CURVE('',#12150,#12174,#12197,.T.);
#12197 = SURFACE_CURVE('',#12198,(#12202,#12209),.PCURVE_S1.);
#12198 = LINE('',#12199,#12200);
#12199 = CARTESIAN_POINT('',(0.427435237394,-20.85217123695,-9.85));
#12200 = VECTOR('',#12201,1.);
#12201 = DIRECTION('',(0.,0.,1.));
#12202 = PCURVE('',#7894,#12203);
#12203 = DEFINITIONAL_REPRESENTATION('',(#12204),#12208);
#12204 = LINE('',#12205,#12206);
#12205 = CARTESIAN_POINT('',(0.992471662064,0.));
#12206 = VECTOR('',#12207,1.);
#12207 = DIRECTION('',(0.,-1.));
#12208 = ( GEOMETRIC_REPRESENTATION_CONTEXT(2) 
PARAMETRIC_REPRESENTATION_CONTEXT() REPRESENTATION_CONTEXT('2D SPACE',''
  ) );
#12209 = PCURVE('',#7955,#12210);
#12210 = DEFINITIONAL_REPRESENTATION('',(#12211),#12215);
#12211 = LINE('',#12212,#12213);
#12212 = CARTESIAN_POINT('',(0.,0.));
#12213 = VECTOR('',#12214,1.);
#12214 = DIRECTION('',(0.,-1.));
#12215 = ( GEOMETRIC_REPRESENTATION_CONTEXT(2) 
PARAMETRIC_REPRESENTATION_CONTEXT() REPRESENTATION_CONTEXT('2D SPACE',''
  ) );
#12216 = ADVANCED_FACE('',(#12217),#7982,.T.);
#12217 = FACE_BOUND('',#12218,.T.);
#12218 = EDGE_LOOP('',(#12219,#12220,#12221));
#12219 = ORIENTED_EDGE('',*,*,#7967,.F.);
#12220 = ORIENTED_EDGE('',*,*,#12173,.T.);
#12221 = ORIENTED_EDGE('',*,*,#12222,.T.);
#12222 = EDGE_CURVE('',#12174,#7940,#12223,.T.);
#12223 = SURFACE_CURVE('',#12224,(#12228,#12235),.PCURVE_S1.);
#12224 = LINE('',#12225,#12226);
#12225 = CARTESIAN_POINT('',(0.427435237394,-20.85217123695,-7.85));
#12226 = VECTOR('',#12227,1.);
#12227 = DIRECTION('',(0.776204704028,-0.630480973103,0.));
#12228 = PCURVE('',#7982,#12229);
#12229 = DEFINITIONAL_REPRESENTATION('',(#12230),#12234);
#12230 = LINE('',#12231,#12232);
#12231 = CARTESIAN_POINT('',(0.523404386894,-6.661338147751E-16));
#12232 = VECTOR('',#12233,1.);
#12233 = DIRECTION('',(-0.75568908279,0.654930538418));
#12234 = ( GEOMETRIC_REPRESENTATION_CONTEXT(2) 
PARAMETRIC_REPRESENTATION_CONTEXT() REPRESENTATION_CONTEXT('2D SPACE',''
  ) );
#12235 = PCURVE('',#7955,#12236);
#12236 = DEFINITIONAL_REPRESENTATION('',(#12237),#12241);
#12237 = LINE('',#12238,#12239);
#12238 = CARTESIAN_POINT('',(0.,-2.));
#12239 = VECTOR('',#12240,1.);
#12240 = DIRECTION('',(1.,0.));
#12241 = ( GEOMETRIC_REPRESENTATION_CONTEXT(2) 
PARAMETRIC_REPRESENTATION_CONTEXT() REPRESENTATION_CONTEXT('2D SPACE',''
  ) );
#12242 = ADVANCED_FACE('',(#12243),#7955,.F.);
#12243 = FACE_BOUND('',#12244,.F.);
#12244 = EDGE_LOOP('',(#12245,#12266,#12267,#12268));
#12245 = ORIENTED_EDGE('',*,*,#12246,.F.);
#12246 = EDGE_CURVE('',#12150,#7907,#12247,.T.);
#12247 = SURFACE_CURVE('',#12248,(#12252,#12259),.PCURVE_S1.);
#12248 = LINE('',#12249,#12250);
#12249 = CARTESIAN_POINT('',(0.427435237394,-20.85217123695,-9.85));
#12250 = VECTOR('',#12251,1.);
#12251 = DIRECTION('',(0.776204704028,-0.630480973103,0.));
#12252 = PCURVE('',#7955,#12253);
#12253 = DEFINITIONAL_REPRESENTATION('',(#12254),#12258);
#12254 = LINE('',#12255,#12256);
#12255 = CARTESIAN_POINT('',(0.,0.));
#12256 = VECTOR('',#12257,1.);
#12257 = DIRECTION('',(1.,0.));
#12258 = ( GEOMETRIC_REPRESENTATION_CONTEXT(2) 
PARAMETRIC_REPRESENTATION_CONTEXT() REPRESENTATION_CONTEXT('2D SPACE',''
  ) );
#12259 = PCURVE('',#7923,#12260);
#12260 = DEFINITIONAL_REPRESENTATION('',(#12261),#12265);
#12261 = LINE('',#12262,#12263);
#12262 = CARTESIAN_POINT('',(0.523404386894,-6.661338147751E-16));
#12263 = VECTOR('',#12264,1.);
#12264 = DIRECTION('',(-0.75568908279,0.654930538418));
#12265 = ( GEOMETRIC_REPRESENTATION_CONTEXT(2) 
PARAMETRIC_REPRESENTATION_CONTEXT() REPRESENTATION_CONTEXT('2D SPACE',''
  ) );
#12266 = ORIENTED_EDGE('',*,*,#12196,.T.);
#12267 = ORIENTED_EDGE('',*,*,#12222,.T.);
#12268 = ORIENTED_EDGE('',*,*,#7939,.F.);
#12269 = ADVANCED_FACE('',(#12270),#7923,.F.);
#12270 = FACE_BOUND('',#12271,.F.);
#12271 = EDGE_LOOP('',(#12272,#12273,#12274));
#12272 = ORIENTED_EDGE('',*,*,#7906,.F.);
#12273 = ORIENTED_EDGE('',*,*,#12149,.T.);
#12274 = ORIENTED_EDGE('',*,*,#12246,.T.);
#12275 = ADVANCED_FACE('',(#12276),#8067,.F.);
#12276 = FACE_BOUND('',#12277,.F.);
#12277 = EDGE_LOOP('',(#12278,#12279,#12302));
#12278 = ORIENTED_EDGE('',*,*,#8049,.T.);
#12279 = ORIENTED_EDGE('',*,*,#12280,.T.);
#12280 = EDGE_CURVE('',#8052,#12281,#12283,.T.);
#12281 = VERTEX_POINT('',#12282);
#12282 = CARTESIAN_POINT('',(3.72642099805,-21.13358365848,-9.65));
#12283 = SURFACE_CURVE('',#12284,(#12288,#12295),.PCURVE_S1.);
#12284 = LINE('',#12285,#12286);
#12285 = CARTESIAN_POINT('',(2.567965067371,-20.32242408313,-9.65));
#12286 = VECTOR('',#12287,1.);
#12287 = DIRECTION('',(0.819152044289,-0.573576436351,0.));
#12288 = PCURVE('',#8067,#12289);
#12289 = DEFINITIONAL_REPRESENTATION('',(#12290),#12294);
#12290 = LINE('',#12291,#12292);
#12291 = CARTESIAN_POINT('',(-0.292893218813,-1.));
#12292 = VECTOR('',#12293,1.);
#12293 = DIRECTION('',(0.707106781187,0.707106781187));
#12294 = ( GEOMETRIC_REPRESENTATION_CONTEXT(2) 
PARAMETRIC_REPRESENTATION_CONTEXT() REPRESENTATION_CONTEXT('2D SPACE',''
  ) );
#12295 = PCURVE('',#8095,#12296);
#12296 = DEFINITIONAL_REPRESENTATION('',(#12297),#12301);
#12297 = LINE('',#12298,#12299);
#12298 = CARTESIAN_POINT('',(0.,0.));
#12299 = VECTOR('',#12300,1.);
#12300 = DIRECTION('',(1.,0.));
#12301 = ( GEOMETRIC_REPRESENTATION_CONTEXT(2) 
PARAMETRIC_REPRESENTATION_CONTEXT() REPRESENTATION_CONTEXT('2D SPACE',''
  ) );
#12302 = ORIENTED_EDGE('',*,*,#12303,.T.);
#12303 = EDGE_CURVE('',#12281,#8050,#12304,.T.);
#12304 = SURFACE_CURVE('',#12305,(#12309,#12316),.PCURVE_S1.);
#12305 = LINE('',#12306,#12307);
#12306 = CARTESIAN_POINT('',(3.72642099805,-21.13358365848,-9.65));
#12307 = VECTOR('',#12308,1.);
#12308 = DIRECTION('',(0.573576436351,0.819152044289,0.));
#12309 = PCURVE('',#8067,#12310);
#12310 = DEFINITIONAL_REPRESENTATION('',(#12311),#12315);
#12311 = LINE('',#12312,#12313);
#12312 = CARTESIAN_POINT('',(0.707106781187,-2.164934898019E-15));
#12313 = VECTOR('',#12314,1.);
#12314 = DIRECTION('',(-0.707106781187,0.707106781187));
#12315 = ( GEOMETRIC_REPRESENTATION_CONTEXT(2) 
PARAMETRIC_REPRESENTATION_CONTEXT() REPRESENTATION_CONTEXT('2D SPACE',''
  ) );
#12316 = PCURVE('',#8149,#12317);
#12317 = DEFINITIONAL_REPRESENTATION('',(#12318),#12322);
#12318 = LINE('',#12319,#12320);
#12319 = CARTESIAN_POINT('',(0.,0.));
#12320 = VECTOR('',#12321,1.);
#12321 = DIRECTION('',(1.,0.));
#12322 = ( GEOMETRIC_REPRESENTATION_CONTEXT(2) 
PARAMETRIC_REPRESENTATION_CONTEXT() REPRESENTATION_CONTEXT('2D SPACE',''
  ) );
#12323 = ADVANCED_FACE('',(#12324),#8149,.F.);
#12324 = FACE_BOUND('',#12325,.F.);
#12325 = EDGE_LOOP('',(#12326,#12327,#12350,#12371));
#12326 = ORIENTED_EDGE('',*,*,#12303,.F.);
#12327 = ORIENTED_EDGE('',*,*,#12328,.T.);
#12328 = EDGE_CURVE('',#12281,#12329,#12331,.T.);
#12329 = VERTEX_POINT('',#12330);
#12330 = CARTESIAN_POINT('',(3.72642099805,-21.13358365848,-8.05));
#12331 = SURFACE_CURVE('',#12332,(#12336,#12343),.PCURVE_S1.);
#12332 = LINE('',#12333,#12334);
#12333 = CARTESIAN_POINT('',(3.72642099805,-21.13358365848,-9.65));
#12334 = VECTOR('',#12335,1.);
#12335 = DIRECTION('',(0.,0.,1.));
#12336 = PCURVE('',#8149,#12337);
#12337 = DEFINITIONAL_REPRESENTATION('',(#12338),#12342);
#12338 = LINE('',#12339,#12340);
#12339 = CARTESIAN_POINT('',(0.,0.));
#12340 = VECTOR('',#12341,1.);
#12341 = DIRECTION('',(0.,-1.));
#12342 = ( GEOMETRIC_REPRESENTATION_CONTEXT(2) 
PARAMETRIC_REPRESENTATION_CONTEXT() REPRESENTATION_CONTEXT('2D SPACE',''
  ) );
#12343 = PCURVE('',#8095,#12344);
#12344 = DEFINITIONAL_REPRESENTATION('',(#12345),#12349);
#12345 = LINE('',#12346,#12347);
#12346 = CARTESIAN_POINT('',(1.414213562373,0.));
#12347 = VECTOR('',#12348,1.);
#12348 = DIRECTION('',(0.,-1.));
#12349 = ( GEOMETRIC_REPRESENTATION_CONTEXT(2) 
PARAMETRIC_REPRESENTATION_CONTEXT() REPRESENTATION_CONTEXT('2D SPACE',''
  ) );
#12350 = ORIENTED_EDGE('',*,*,#12351,.T.);
#12351 = EDGE_CURVE('',#12329,#8108,#12352,.T.);
#12352 = SURFACE_CURVE('',#12353,(#12357,#12364),.PCURVE_S1.);
#12353 = LINE('',#12354,#12355);
#12354 = CARTESIAN_POINT('',(3.72642099805,-21.13358365848,-8.05));
#12355 = VECTOR('',#12356,1.);
#12356 = DIRECTION('',(0.573576436351,0.819152044289,0.));
#12357 = PCURVE('',#8149,#12358);
#12358 = DEFINITIONAL_REPRESENTATION('',(#12359),#12363);
#12359 = LINE('',#12360,#12361);
#12360 = CARTESIAN_POINT('',(0.,-1.6));
#12361 = VECTOR('',#12362,1.);
#12362 = DIRECTION('',(1.,0.));
#12363 = ( GEOMETRIC_REPRESENTATION_CONTEXT(2) 
PARAMETRIC_REPRESENTATION_CONTEXT() REPRESENTATION_CONTEXT('2D SPACE',''
  ) );
#12364 = PCURVE('',#8123,#12365);
#12365 = DEFINITIONAL_REPRESENTATION('',(#12366),#12370);
#12366 = LINE('',#12367,#12368);
#12367 = CARTESIAN_POINT('',(0.707106781187,-2.164934898019E-15));
#12368 = VECTOR('',#12369,1.);
#12369 = DIRECTION('',(-0.707106781187,0.707106781187));
#12370 = ( GEOMETRIC_REPRESENTATION_CONTEXT(2) 
PARAMETRIC_REPRESENTATION_CONTEXT() REPRESENTATION_CONTEXT('2D SPACE',''
  ) );
#12371 = ORIENTED_EDGE('',*,*,#8135,.T.);
#12372 = ADVANCED_FACE('',(#12373),#8123,.T.);
#12373 = FACE_BOUND('',#12374,.T.);
#12374 = EDGE_LOOP('',(#12375,#12376,#12397));
#12375 = ORIENTED_EDGE('',*,*,#8107,.T.);
#12376 = ORIENTED_EDGE('',*,*,#12377,.T.);
#12377 = EDGE_CURVE('',#8080,#12329,#12378,.T.);
#12378 = SURFACE_CURVE('',#12379,(#12383,#12390),.PCURVE_S1.);
#12379 = LINE('',#12380,#12381);
#12380 = CARTESIAN_POINT('',(2.567965067371,-20.32242408313,-8.05));
#12381 = VECTOR('',#12382,1.);
#12382 = DIRECTION('',(0.819152044289,-0.573576436351,0.));
#12383 = PCURVE('',#8123,#12384);
#12384 = DEFINITIONAL_REPRESENTATION('',(#12385),#12389);
#12385 = LINE('',#12386,#12387);
#12386 = CARTESIAN_POINT('',(-0.292893218813,-1.));
#12387 = VECTOR('',#12388,1.);
#12388 = DIRECTION('',(0.707106781187,0.707106781187));
#12389 = ( GEOMETRIC_REPRESENTATION_CONTEXT(2) 
PARAMETRIC_REPRESENTATION_CONTEXT() REPRESENTATION_CONTEXT('2D SPACE',''
  ) );
#12390 = PCURVE('',#8095,#12391);
#12391 = DEFINITIONAL_REPRESENTATION('',(#12392),#12396);
#12392 = LINE('',#12393,#12394);
#12393 = CARTESIAN_POINT('',(0.,-1.6));
#12394 = VECTOR('',#12395,1.);
#12395 = DIRECTION('',(1.,0.));
#12396 = ( GEOMETRIC_REPRESENTATION_CONTEXT(2) 
PARAMETRIC_REPRESENTATION_CONTEXT() REPRESENTATION_CONTEXT('2D SPACE',''
  ) );
#12397 = ORIENTED_EDGE('',*,*,#12351,.T.);
#12398 = ADVANCED_FACE('',(#12399),#8095,.F.);
#12399 = FACE_BOUND('',#12400,.F.);
#12400 = EDGE_LOOP('',(#12401,#12402,#12403,#12404));
#12401 = ORIENTED_EDGE('',*,*,#12280,.F.);
#12402 = ORIENTED_EDGE('',*,*,#8079,.T.);
#12403 = ORIENTED_EDGE('',*,*,#12377,.T.);
#12404 = ORIENTED_EDGE('',*,*,#12328,.F.);
#12405 = ADVANCED_FACE('',(#12406),#8408,.T.);
#12406 = FACE_BOUND('',#12407,.T.);
#12407 = EDGE_LOOP('',(#12408,#12409,#12410,#12411,#12412,#12413,#12414,
    #12415,#12416,#12417,#12418,#12419));
#12408 = ORIENTED_EDGE('',*,*,#8962,.F.);
#12409 = ORIENTED_EDGE('',*,*,#8987,.T.);
#12410 = ORIENTED_EDGE('',*,*,#9043,.F.);
#12411 = ORIENTED_EDGE('',*,*,#11063,.T.);
#12412 = ORIENTED_EDGE('',*,*,#11014,.T.);
#12413 = ORIENTED_EDGE('',*,*,#11317,.F.);
#12414 = ORIENTED_EDGE('',*,*,#8391,.F.);
#12415 = ORIENTED_EDGE('',*,*,#8444,.T.);
#12416 = ORIENTED_EDGE('',*,*,#8500,.T.);
#12417 = ORIENTED_EDGE('',*,*,#8549,.F.);
#12418 = ORIENTED_EDGE('',*,*,#8725,.T.);
#12419 = ORIENTED_EDGE('',*,*,#8912,.T.);
#12420 = ADVANCED_FACE('',(#12421),#8618,.F.);
#12421 = FACE_BOUND('',#12422,.F.);
#12422 = EDGE_LOOP('',(#12423,#12446,#12447,#12470));
#12423 = ORIENTED_EDGE('',*,*,#12424,.F.);
#12424 = EDGE_CURVE('',#8601,#12425,#12427,.T.);
#12425 = VERTEX_POINT('',#12426);
#12426 = CARTESIAN_POINT('',(17.844792396571,10.796255392534,-9.85));
#12427 = SURFACE_CURVE('',#12428,(#12432,#12439),.PCURVE_S1.);
#12428 = LINE('',#12429,#12430);
#12429 = CARTESIAN_POINT('',(18.837137675206,10.780417211772,-9.85));
#12430 = VECTOR('',#12431,1.);
#12431 = DIRECTION('',(-0.999872657897,1.595832039123E-02,0.));
#12432 = PCURVE('',#8618,#12433);
#12433 = DEFINITIONAL_REPRESENTATION('',(#12434),#12438);
#12434 = LINE('',#12435,#12436);
#12435 = CARTESIAN_POINT('',(0.,0.));
#12436 = VECTOR('',#12437,1.);
#12437 = DIRECTION('',(1.,0.));
#12438 = ( GEOMETRIC_REPRESENTATION_CONTEXT(2) 
PARAMETRIC_REPRESENTATION_CONTEXT() REPRESENTATION_CONTEXT('2D SPACE',''
  ) );
#12439 = PCURVE('',#8647,#12440);
#12440 = DEFINITIONAL_REPRESENTATION('',(#12441),#12445);
#12441 = LINE('',#12442,#12443);
#12442 = CARTESIAN_POINT('',(-0.226595613106,-0.65));
#12443 = VECTOR('',#12444,1.);
#12444 = DIRECTION('',(0.75568908279,0.654930538418));
#12445 = ( GEOMETRIC_REPRESENTATION_CONTEXT(2) 
PARAMETRIC_REPRESENTATION_CONTEXT() REPRESENTATION_CONTEXT('2D SPACE',''
  ) );
#12446 = ORIENTED_EDGE('',*,*,#8600,.T.);
#12447 = ORIENTED_EDGE('',*,*,#12448,.T.);
#12448 = EDGE_CURVE('',#8603,#12449,#12451,.T.);
#12449 = VERTEX_POINT('',#12450);
#12450 = CARTESIAN_POINT('',(17.844792396571,10.796255392534,-7.85));
#12451 = SURFACE_CURVE('',#12452,(#12456,#12463),.PCURVE_S1.);
#12452 = LINE('',#12453,#12454);
#12453 = CARTESIAN_POINT('',(18.837137675206,10.780417211772,-7.85));
#12454 = VECTOR('',#12455,1.);
#12455 = DIRECTION('',(-0.999872657897,1.595832039123E-02,0.));
#12456 = PCURVE('',#8618,#12457);
#12457 = DEFINITIONAL_REPRESENTATION('',(#12458),#12462);
#12458 = LINE('',#12459,#12460);
#12459 = CARTESIAN_POINT('',(0.,-2.));
#12460 = VECTOR('',#12461,1.);
#12461 = DIRECTION('',(1.,0.));
#12462 = ( GEOMETRIC_REPRESENTATION_CONTEXT(2) 
PARAMETRIC_REPRESENTATION_CONTEXT() REPRESENTATION_CONTEXT('2D SPACE',''
  ) );
#12463 = PCURVE('',#8706,#12464);
#12464 = DEFINITIONAL_REPRESENTATION('',(#12465),#12469);
#12465 = LINE('',#12466,#12467);
#12466 = CARTESIAN_POINT('',(-0.226595613106,-0.65));
#12467 = VECTOR('',#12468,1.);
#12468 = DIRECTION('',(0.75568908279,0.654930538418));
#12469 = ( GEOMETRIC_REPRESENTATION_CONTEXT(2) 
PARAMETRIC_REPRESENTATION_CONTEXT() REPRESENTATION_CONTEXT('2D SPACE',''
  ) );
#12470 = ORIENTED_EDGE('',*,*,#12471,.F.);
#12471 = EDGE_CURVE('',#12425,#12449,#12472,.T.);
#12472 = SURFACE_CURVE('',#12473,(#12477,#12484),.PCURVE_S1.);
#12473 = LINE('',#12474,#12475);
#12474 = CARTESIAN_POINT('',(17.844792396571,10.796255392534,-9.85));
#12475 = VECTOR('',#12476,1.);
#12476 = DIRECTION('',(0.,0.,1.));
#12477 = PCURVE('',#8618,#12478);
#12478 = DEFINITIONAL_REPRESENTATION('',(#12479),#12483);
#12479 = LINE('',#12480,#12481);
#12480 = CARTESIAN_POINT('',(0.992471662064,0.));
#12481 = VECTOR('',#12482,1.);
#12482 = DIRECTION('',(0.,-1.));
#12483 = ( GEOMETRIC_REPRESENTATION_CONTEXT(2) 
PARAMETRIC_REPRESENTATION_CONTEXT() REPRESENTATION_CONTEXT('2D SPACE',''
  ) );
#12484 = PCURVE('',#8679,#12485);
#12485 = DEFINITIONAL_REPRESENTATION('',(#12486),#12490);
#12486 = LINE('',#12487,#12488);
#12487 = CARTESIAN_POINT('',(0.,0.));
#12488 = VECTOR('',#12489,1.);
#12489 = DIRECTION('',(0.,-1.));
#12490 = ( GEOMETRIC_REPRESENTATION_CONTEXT(2) 
PARAMETRIC_REPRESENTATION_CONTEXT() REPRESENTATION_CONTEXT('2D SPACE',''
  ) );
#12491 = ADVANCED_FACE('',(#12492),#8706,.T.);
#12492 = FACE_BOUND('',#12493,.T.);
#12493 = EDGE_LOOP('',(#12494,#12495,#12496));
#12494 = ORIENTED_EDGE('',*,*,#8691,.F.);
#12495 = ORIENTED_EDGE('',*,*,#12448,.T.);
#12496 = ORIENTED_EDGE('',*,*,#12497,.T.);
#12497 = EDGE_CURVE('',#12449,#8664,#12498,.T.);
#12498 = SURFACE_CURVE('',#12499,(#12503,#12510),.PCURVE_S1.);
#12499 = LINE('',#12500,#12501);
#12500 = CARTESIAN_POINT('',(17.844792396571,10.796255392534,-7.85));
#12501 = VECTOR('',#12502,1.);
#12502 = DIRECTION('',(0.157910187296,0.987453478777,0.));
#12503 = PCURVE('',#8706,#12504);
#12504 = DEFINITIONAL_REPRESENTATION('',(#12505),#12509);
#12505 = LINE('',#12506,#12507);
#12506 = CARTESIAN_POINT('',(0.523404386894,4.440892098501E-16));
#12507 = VECTOR('',#12508,1.);
#12508 = DIRECTION('',(-0.75568908279,0.654930538418));
#12509 = ( GEOMETRIC_REPRESENTATION_CONTEXT(2) 
PARAMETRIC_REPRESENTATION_CONTEXT() REPRESENTATION_CONTEXT('2D SPACE',''
  ) );
#12510 = PCURVE('',#8679,#12511);
#12511 = DEFINITIONAL_REPRESENTATION('',(#12512),#12516);
#12512 = LINE('',#12513,#12514);
#12513 = CARTESIAN_POINT('',(0.,-2.));
#12514 = VECTOR('',#12515,1.);
#12515 = DIRECTION('',(1.,0.));
#12516 = ( GEOMETRIC_REPRESENTATION_CONTEXT(2) 
PARAMETRIC_REPRESENTATION_CONTEXT() REPRESENTATION_CONTEXT('2D SPACE',''
  ) );
#12517 = ADVANCED_FACE('',(#12518),#8679,.F.);
#12518 = FACE_BOUND('',#12519,.F.);
#12519 = EDGE_LOOP('',(#12520,#12541,#12542,#12543));
#12520 = ORIENTED_EDGE('',*,*,#12521,.F.);
#12521 = EDGE_CURVE('',#12425,#8631,#12522,.T.);
#12522 = SURFACE_CURVE('',#12523,(#12527,#12534),.PCURVE_S1.);
#12523 = LINE('',#12524,#12525);
#12524 = CARTESIAN_POINT('',(17.844792396571,10.796255392534,-9.85));
#12525 = VECTOR('',#12526,1.);
#12526 = DIRECTION('',(0.157910187296,0.987453478777,0.));
#12527 = PCURVE('',#8679,#12528);
#12528 = DEFINITIONAL_REPRESENTATION('',(#12529),#12533);
#12529 = LINE('',#12530,#12531);
#12530 = CARTESIAN_POINT('',(0.,0.));
#12531 = VECTOR('',#12532,1.);
#12532 = DIRECTION('',(1.,0.));
#12533 = ( GEOMETRIC_REPRESENTATION_CONTEXT(2) 
PARAMETRIC_REPRESENTATION_CONTEXT() REPRESENTATION_CONTEXT('2D SPACE',''
  ) );
#12534 = PCURVE('',#8647,#12535);
#12535 = DEFINITIONAL_REPRESENTATION('',(#12536),#12540);
#12536 = LINE('',#12537,#12538);
#12537 = CARTESIAN_POINT('',(0.523404386894,4.440892098501E-16));
#12538 = VECTOR('',#12539,1.);
#12539 = DIRECTION('',(-0.75568908279,0.654930538418));
#12540 = ( GEOMETRIC_REPRESENTATION_CONTEXT(2) 
PARAMETRIC_REPRESENTATION_CONTEXT() REPRESENTATION_CONTEXT('2D SPACE',''
  ) );
#12541 = ORIENTED_EDGE('',*,*,#12471,.T.);
#12542 = ORIENTED_EDGE('',*,*,#12497,.T.);
#12543 = ORIENTED_EDGE('',*,*,#8663,.F.);
#12544 = ADVANCED_FACE('',(#12545),#8647,.F.);
#12545 = FACE_BOUND('',#12546,.F.);
#12546 = EDGE_LOOP('',(#12547,#12548,#12549));
#12547 = ORIENTED_EDGE('',*,*,#8630,.F.);
#12548 = ORIENTED_EDGE('',*,*,#12424,.T.);
#12549 = ORIENTED_EDGE('',*,*,#12521,.T.);
#12550 = ADVANCED_FACE('',(#12551),#8791,.F.);
#12551 = FACE_BOUND('',#12552,.F.);
#12552 = EDGE_LOOP('',(#12553,#12554,#12577));
#12553 = ORIENTED_EDGE('',*,*,#8773,.T.);
#12554 = ORIENTED_EDGE('',*,*,#12555,.T.);
#12555 = EDGE_CURVE('',#8776,#12556,#12558,.T.);
#12556 = VERTEX_POINT('',#12557);
#12557 = CARTESIAN_POINT('',(16.439009822225,13.793967078749,-9.65));
#12558 = SURFACE_CURVE('',#12559,(#12563,#12570),.PCURVE_S1.);
#12559 = LINE('',#12560,#12561);
#12560 = CARTESIAN_POINT('',(16.315752988793,12.385135025943,-9.65));
#12561 = VECTOR('',#12562,1.);
#12562 = DIRECTION('',(8.715574274766E-02,0.996194698092,0.));
#12563 = PCURVE('',#8791,#12564);
#12564 = DEFINITIONAL_REPRESENTATION('',(#12565),#12569);
#12565 = LINE('',#12566,#12567);
#12566 = CARTESIAN_POINT('',(-0.292893218813,-1.));
#12567 = VECTOR('',#12568,1.);
#12568 = DIRECTION('',(0.707106781187,0.707106781187));
#12569 = ( GEOMETRIC_REPRESENTATION_CONTEXT(2) 
PARAMETRIC_REPRESENTATION_CONTEXT() REPRESENTATION_CONTEXT('2D SPACE',''
  ) );
#12570 = PCURVE('',#8819,#12571);
#12571 = DEFINITIONAL_REPRESENTATION('',(#12572),#12576);
#12572 = LINE('',#12573,#12574);
#12573 = CARTESIAN_POINT('',(0.,0.));
#12574 = VECTOR('',#12575,1.);
#12575 = DIRECTION('',(1.,0.));
#12576 = ( GEOMETRIC_REPRESENTATION_CONTEXT(2) 
PARAMETRIC_REPRESENTATION_CONTEXT() REPRESENTATION_CONTEXT('2D SPACE',''
  ) );
#12577 = ORIENTED_EDGE('',*,*,#12578,.T.);
#12578 = EDGE_CURVE('',#12556,#8774,#12579,.T.);
#12579 = SURFACE_CURVE('',#12580,(#12584,#12591),.PCURVE_S1.);
#12580 = LINE('',#12581,#12582);
#12581 = CARTESIAN_POINT('',(16.439009822225,13.793967078749,-9.65));
#12582 = VECTOR('',#12583,1.);
#12583 = DIRECTION('',(-0.996194698092,8.715574274766E-02,0.));
#12584 = PCURVE('',#8791,#12585);
#12585 = DEFINITIONAL_REPRESENTATION('',(#12586),#12590);
#12586 = LINE('',#12587,#12588);
#12587 = CARTESIAN_POINT('',(0.707106781187,-1.665334536938E-16));
#12588 = VECTOR('',#12589,1.);
#12589 = DIRECTION('',(-0.707106781187,0.707106781187));
#12590 = ( GEOMETRIC_REPRESENTATION_CONTEXT(2) 
PARAMETRIC_REPRESENTATION_CONTEXT() REPRESENTATION_CONTEXT('2D SPACE',''
  ) );
#12591 = PCURVE('',#8873,#12592);
#12592 = DEFINITIONAL_REPRESENTATION('',(#12593),#12597);
#12593 = LINE('',#12594,#12595);
#12594 = CARTESIAN_POINT('',(0.,0.));
#12595 = VECTOR('',#12596,1.);
#12596 = DIRECTION('',(1.,0.));
#12597 = ( GEOMETRIC_REPRESENTATION_CONTEXT(2) 
PARAMETRIC_REPRESENTATION_CONTEXT() REPRESENTATION_CONTEXT('2D SPACE',''
  ) );
#12598 = ADVANCED_FACE('',(#12599),#8873,.F.);
#12599 = FACE_BOUND('',#12600,.F.);
#12600 = EDGE_LOOP('',(#12601,#12602,#12625,#12646));
#12601 = ORIENTED_EDGE('',*,*,#12578,.F.);
#12602 = ORIENTED_EDGE('',*,*,#12603,.T.);
#12603 = EDGE_CURVE('',#12556,#12604,#12606,.T.);
#12604 = VERTEX_POINT('',#12605);
#12605 = CARTESIAN_POINT('',(16.439009822225,13.793967078749,-8.05));
#12606 = SURFACE_CURVE('',#12607,(#12611,#12618),.PCURVE_S1.);
#12607 = LINE('',#12608,#12609);
#12608 = CARTESIAN_POINT('',(16.439009822225,13.793967078749,-9.65));
#12609 = VECTOR('',#12610,1.);
#12610 = DIRECTION('',(0.,0.,1.));
#12611 = PCURVE('',#8873,#12612);
#12612 = DEFINITIONAL_REPRESENTATION('',(#12613),#12617);
#12613 = LINE('',#12614,#12615);
#12614 = CARTESIAN_POINT('',(0.,0.));
#12615 = VECTOR('',#12616,1.);
#12616 = DIRECTION('',(0.,-1.));
#12617 = ( GEOMETRIC_REPRESENTATION_CONTEXT(2) 
PARAMETRIC_REPRESENTATION_CONTEXT() REPRESENTATION_CONTEXT('2D SPACE',''
  ) );
#12618 = PCURVE('',#8819,#12619);
#12619 = DEFINITIONAL_REPRESENTATION('',(#12620),#12624);
#12620 = LINE('',#12621,#12622);
#12621 = CARTESIAN_POINT('',(1.414213562373,0.));
#12622 = VECTOR('',#12623,1.);
#12623 = DIRECTION('',(0.,-1.));
#12624 = ( GEOMETRIC_REPRESENTATION_CONTEXT(2) 
PARAMETRIC_REPRESENTATION_CONTEXT() REPRESENTATION_CONTEXT('2D SPACE',''
  ) );
#12625 = ORIENTED_EDGE('',*,*,#12626,.T.);
#12626 = EDGE_CURVE('',#12604,#8832,#12627,.T.);
#12627 = SURFACE_CURVE('',#12628,(#12632,#12639),.PCURVE_S1.);
#12628 = LINE('',#12629,#12630);
#12629 = CARTESIAN_POINT('',(16.439009822225,13.793967078749,-8.05));
#12630 = VECTOR('',#12631,1.);
#12631 = DIRECTION('',(-0.996194698092,8.715574274766E-02,0.));
#12632 = PCURVE('',#8873,#12633);
#12633 = DEFINITIONAL_REPRESENTATION('',(#12634),#12638);
#12634 = LINE('',#12635,#12636);
#12635 = CARTESIAN_POINT('',(0.,-1.6));
#12636 = VECTOR('',#12637,1.);
#12637 = DIRECTION('',(1.,0.));
#12638 = ( GEOMETRIC_REPRESENTATION_CONTEXT(2) 
PARAMETRIC_REPRESENTATION_CONTEXT() REPRESENTATION_CONTEXT('2D SPACE',''
  ) );
#12639 = PCURVE('',#8847,#12640);
#12640 = DEFINITIONAL_REPRESENTATION('',(#12641),#12645);
#12641 = LINE('',#12642,#12643);
#12642 = CARTESIAN_POINT('',(0.707106781187,-1.665334536938E-16));
#12643 = VECTOR('',#12644,1.);
#12644 = DIRECTION('',(-0.707106781187,0.707106781187));
#12645 = ( GEOMETRIC_REPRESENTATION_CONTEXT(2) 
PARAMETRIC_REPRESENTATION_CONTEXT() REPRESENTATION_CONTEXT('2D SPACE',''
  ) );
#12646 = ORIENTED_EDGE('',*,*,#8859,.T.);
#12647 = ADVANCED_FACE('',(#12648),#8847,.T.);
#12648 = FACE_BOUND('',#12649,.T.);
#12649 = EDGE_LOOP('',(#12650,#12651,#12672));
#12650 = ORIENTED_EDGE('',*,*,#8831,.T.);
#12651 = ORIENTED_EDGE('',*,*,#12652,.T.);
#12652 = EDGE_CURVE('',#8804,#12604,#12653,.T.);
#12653 = SURFACE_CURVE('',#12654,(#12658,#12665),.PCURVE_S1.);
#12654 = LINE('',#12655,#12656);
#12655 = CARTESIAN_POINT('',(16.315752988793,12.385135025943,-8.05));
#12656 = VECTOR('',#12657,1.);
#12657 = DIRECTION('',(8.715574274766E-02,0.996194698092,0.));
#12658 = PCURVE('',#8847,#12659);
#12659 = DEFINITIONAL_REPRESENTATION('',(#12660),#12664);
#12660 = LINE('',#12661,#12662);
#12661 = CARTESIAN_POINT('',(-0.292893218813,-1.));
#12662 = VECTOR('',#12663,1.);
#12663 = DIRECTION('',(0.707106781187,0.707106781187));
#12664 = ( GEOMETRIC_REPRESENTATION_CONTEXT(2) 
PARAMETRIC_REPRESENTATION_CONTEXT() REPRESENTATION_CONTEXT('2D SPACE',''
  ) );
#12665 = PCURVE('',#8819,#12666);
#12666 = DEFINITIONAL_REPRESENTATION('',(#12667),#12671);
#12667 = LINE('',#12668,#12669);
#12668 = CARTESIAN_POINT('',(0.,-1.6));
#12669 = VECTOR('',#12670,1.);
#12670 = DIRECTION('',(1.,0.));
#12671 = ( GEOMETRIC_REPRESENTATION_CONTEXT(2) 
PARAMETRIC_REPRESENTATION_CONTEXT() REPRESENTATION_CONTEXT('2D SPACE',''
  ) );
#12672 = ORIENTED_EDGE('',*,*,#12626,.T.);
#12673 = ADVANCED_FACE('',(#12674),#8819,.F.);
#12674 = FACE_BOUND('',#12675,.F.);
#12675 = EDGE_LOOP('',(#12676,#12677,#12678,#12679));
#12676 = ORIENTED_EDGE('',*,*,#12555,.F.);
#12677 = ORIENTED_EDGE('',*,*,#8803,.T.);
#12678 = ORIENTED_EDGE('',*,*,#12652,.T.);
#12679 = ORIENTED_EDGE('',*,*,#12603,.F.);
#12680 = ADVANCED_FACE('',(#12681),#9106,.F.);
#12681 = FACE_BOUND('',#12682,.F.);
#12682 = EDGE_LOOP('',(#12683,#12684,#12685,#12686));
#12683 = ORIENTED_EDGE('',*,*,#10737,.T.);
#12684 = ORIENTED_EDGE('',*,*,#9089,.F.);
#12685 = ORIENTED_EDGE('',*,*,#10910,.T.);
#12686 = ORIENTED_EDGE('',*,*,#11090,.T.);
#12687 = ADVANCED_FACE('',(#12688),#9158,.F.);
#12688 = FACE_BOUND('',#12689,.F.);
#12689 = EDGE_LOOP('',(#12690,#12691,#12692,#12693));
#12690 = ORIENTED_EDGE('',*,*,#11817,.F.);
#12691 = ORIENTED_EDGE('',*,*,#9142,.F.);
#12692 = ORIENTED_EDGE('',*,*,#10117,.T.);
#12693 = ORIENTED_EDGE('',*,*,#12694,.F.);
#12694 = EDGE_CURVE('',#11795,#10118,#12695,.T.);
#12695 = SURFACE_CURVE('',#12696,(#12700,#12707),.PCURVE_S1.);
#12696 = LINE('',#12697,#12698);
#12697 = CARTESIAN_POINT('',(-15.46174433837,7.223881367715,-10.45));
#12698 = VECTOR('',#12699,1.);
#12699 = DIRECTION('',(0.,0.,1.));
#12700 = PCURVE('',#9158,#12701);
#12701 = DEFINITIONAL_REPRESENTATION('',(#12702),#12706);
#12702 = LINE('',#12703,#12704);
#12703 = CARTESIAN_POINT('',(0.,12.));
#12704 = VECTOR('',#12705,1.);
#12705 = DIRECTION('',(1.,0.));
#12706 = ( GEOMETRIC_REPRESENTATION_CONTEXT(2) 
PARAMETRIC_REPRESENTATION_CONTEXT() REPRESENTATION_CONTEXT('2D SPACE',''
  ) );
#12707 = PCURVE('',#10156,#12708);
#12708 = DEFINITIONAL_REPRESENTATION('',(#12709),#12713);
#12709 = LINE('',#12710,#12711);
#12710 = CARTESIAN_POINT('',(0.,0.));
#12711 = VECTOR('',#12712,1.);
#12712 = DIRECTION('',(1.,0.));
#12713 = ( GEOMETRIC_REPRESENTATION_CONTEXT(2) 
PARAMETRIC_REPRESENTATION_CONTEXT() REPRESENTATION_CONTEXT('2D SPACE',''
  ) );
#12714 = ADVANCED_FACE('',(#12715),#9392,.F.);
#12715 = FACE_BOUND('',#12716,.F.);
#12716 = EDGE_LOOP('',(#12717,#12740,#12741,#12764));
#12717 = ORIENTED_EDGE('',*,*,#12718,.F.);
#12718 = EDGE_CURVE('',#9375,#12719,#12721,.T.);
#12719 = VERTEX_POINT('',#12720);
#12720 = CARTESIAN_POINT('',(-18.27222763396,10.055915844423,-9.85));
#12721 = SURFACE_CURVE('',#12722,(#12726,#12733),.PCURVE_S1.);
#12722 = LINE('',#12723,#12724);
#12723 = CARTESIAN_POINT('',(-18.75468400639,10.923231155428,-9.85));
#12724 = VECTOR('',#12725,1.);
#12725 = DIRECTION('',(0.486116018088,-0.873894282484,0.));
#12726 = PCURVE('',#9392,#12727);
#12727 = DEFINITIONAL_REPRESENTATION('',(#12728),#12732);
#12728 = LINE('',#12729,#12730);
#12729 = CARTESIAN_POINT('',(0.,0.));
#12730 = VECTOR('',#12731,1.);
#12731 = DIRECTION('',(1.,0.));
#12732 = ( GEOMETRIC_REPRESENTATION_CONTEXT(2) 
PARAMETRIC_REPRESENTATION_CONTEXT() REPRESENTATION_CONTEXT('2D SPACE',''
  ) );
#12733 = PCURVE('',#9421,#12734);
#12734 = DEFINITIONAL_REPRESENTATION('',(#12735),#12739);
#12735 = LINE('',#12736,#12737);
#12736 = CARTESIAN_POINT('',(-0.226595613106,-0.65));
#12737 = VECTOR('',#12738,1.);
#12738 = DIRECTION('',(0.75568908279,0.654930538418));
#12739 = ( GEOMETRIC_REPRESENTATION_CONTEXT(2) 
PARAMETRIC_REPRESENTATION_CONTEXT() REPRESENTATION_CONTEXT('2D SPACE',''
  ) );
#12740 = ORIENTED_EDGE('',*,*,#9374,.T.);
#12741 = ORIENTED_EDGE('',*,*,#12742,.T.);
#12742 = EDGE_CURVE('',#9377,#12743,#12745,.T.);
#12743 = VERTEX_POINT('',#12744);
#12744 = CARTESIAN_POINT('',(-18.27222763396,10.055915844423,-7.85));
#12745 = SURFACE_CURVE('',#12746,(#12750,#12757),.PCURVE_S1.);
#12746 = LINE('',#12747,#12748);
#12747 = CARTESIAN_POINT('',(-18.75468400639,10.923231155428,-7.85));
#12748 = VECTOR('',#12749,1.);
#12749 = DIRECTION('',(0.486116018088,-0.873894282484,0.));
#12750 = PCURVE('',#9392,#12751);
#12751 = DEFINITIONAL_REPRESENTATION('',(#12752),#12756);
#12752 = LINE('',#12753,#12754);
#12753 = CARTESIAN_POINT('',(0.,-2.));
#12754 = VECTOR('',#12755,1.);
#12755 = DIRECTION('',(1.,0.));
#12756 = ( GEOMETRIC_REPRESENTATION_CONTEXT(2) 
PARAMETRIC_REPRESENTATION_CONTEXT() REPRESENTATION_CONTEXT('2D SPACE',''
  ) );
#12757 = PCURVE('',#9480,#12758);
#12758 = DEFINITIONAL_REPRESENTATION('',(#12759),#12763);
#12759 = LINE('',#12760,#12761);
#12760 = CARTESIAN_POINT('',(-0.226595613106,-0.65));
#12761 = VECTOR('',#12762,1.);
#12762 = DIRECTION('',(0.75568908279,0.654930538418));
#12763 = ( GEOMETRIC_REPRESENTATION_CONTEXT(2) 
PARAMETRIC_REPRESENTATION_CONTEXT() REPRESENTATION_CONTEXT('2D SPACE',''
  ) );
#12764 = ORIENTED_EDGE('',*,*,#12765,.F.);
#12765 = EDGE_CURVE('',#12719,#12743,#12766,.T.);
#12766 = SURFACE_CURVE('',#12767,(#12771,#12778),.PCURVE_S1.);
#12767 = LINE('',#12768,#12769);
#12768 = CARTESIAN_POINT('',(-18.27222763396,10.055915844423,-9.85));
#12769 = VECTOR('',#12770,1.);
#12770 = DIRECTION('',(0.,0.,1.));
#12771 = PCURVE('',#9392,#12772);
#12772 = DEFINITIONAL_REPRESENTATION('',(#12773),#12777);
#12773 = LINE('',#12774,#12775);
#12774 = CARTESIAN_POINT('',(0.992471662064,0.));
#12775 = VECTOR('',#12776,1.);
#12776 = DIRECTION('',(0.,-1.));
#12777 = ( GEOMETRIC_REPRESENTATION_CONTEXT(2) 
PARAMETRIC_REPRESENTATION_CONTEXT() REPRESENTATION_CONTEXT('2D SPACE',''
  ) );
#12778 = PCURVE('',#9453,#12779);
#12779 = DEFINITIONAL_REPRESENTATION('',(#12780),#12784);
#12780 = LINE('',#12781,#12782);
#12781 = CARTESIAN_POINT('',(0.,0.));
#12782 = VECTOR('',#12783,1.);
#12783 = DIRECTION('',(0.,-1.));
#12784 = ( GEOMETRIC_REPRESENTATION_CONTEXT(2) 
PARAMETRIC_REPRESENTATION_CONTEXT() REPRESENTATION_CONTEXT('2D SPACE',''
  ) );
#12785 = ADVANCED_FACE('',(#12786),#9480,.T.);
#12786 = FACE_BOUND('',#12787,.T.);
#12787 = EDGE_LOOP('',(#12788,#12789,#12790));
#12788 = ORIENTED_EDGE('',*,*,#9465,.F.);
#12789 = ORIENTED_EDGE('',*,*,#12742,.T.);
#12790 = ORIENTED_EDGE('',*,*,#12791,.T.);
#12791 = EDGE_CURVE('',#12743,#9438,#12792,.T.);
#12792 = SURFACE_CURVE('',#12793,(#12797,#12804),.PCURVE_S1.);
#12793 = LINE('',#12794,#12795);
#12794 = CARTESIAN_POINT('',(-18.27222763396,10.055915844423,-7.85));
#12795 = VECTOR('',#12796,1.);
#12796 = DIRECTION('',(-0.934114891324,-0.356972505673,0.));
#12797 = PCURVE('',#9480,#12798);
#12798 = DEFINITIONAL_REPRESENTATION('',(#12799),#12803);
#12799 = LINE('',#12800,#12801);
#12800 = CARTESIAN_POINT('',(0.523404386894,4.996003610813E-16));
#12801 = VECTOR('',#12802,1.);
#12802 = DIRECTION('',(-0.75568908279,0.654930538418));
#12803 = ( GEOMETRIC_REPRESENTATION_CONTEXT(2) 
PARAMETRIC_REPRESENTATION_CONTEXT() REPRESENTATION_CONTEXT('2D SPACE',''
  ) );
#12804 = PCURVE('',#9453,#12805);
#12805 = DEFINITIONAL_REPRESENTATION('',(#12806),#12810);
#12806 = LINE('',#12807,#12808);
#12807 = CARTESIAN_POINT('',(0.,-2.));
#12808 = VECTOR('',#12809,1.);
#12809 = DIRECTION('',(1.,0.));
#12810 = ( GEOMETRIC_REPRESENTATION_CONTEXT(2) 
PARAMETRIC_REPRESENTATION_CONTEXT() REPRESENTATION_CONTEXT('2D SPACE',''
  ) );
#12811 = ADVANCED_FACE('',(#12812),#9453,.F.);
#12812 = FACE_BOUND('',#12813,.F.);
#12813 = EDGE_LOOP('',(#12814,#12835,#12836,#12837));
#12814 = ORIENTED_EDGE('',*,*,#12815,.F.);
#12815 = EDGE_CURVE('',#12719,#9405,#12816,.T.);
#12816 = SURFACE_CURVE('',#12817,(#12821,#12828),.PCURVE_S1.);
#12817 = LINE('',#12818,#12819);
#12818 = CARTESIAN_POINT('',(-18.27222763396,10.055915844423,-9.85));
#12819 = VECTOR('',#12820,1.);
#12820 = DIRECTION('',(-0.934114891324,-0.356972505673,0.));
#12821 = PCURVE('',#9453,#12822);
#12822 = DEFINITIONAL_REPRESENTATION('',(#12823),#12827);
#12823 = LINE('',#12824,#12825);
#12824 = CARTESIAN_POINT('',(0.,0.));
#12825 = VECTOR('',#12826,1.);
#12826 = DIRECTION('',(1.,0.));
#12827 = ( GEOMETRIC_REPRESENTATION_CONTEXT(2) 
PARAMETRIC_REPRESENTATION_CONTEXT() REPRESENTATION_CONTEXT('2D SPACE',''
  ) );
#12828 = PCURVE('',#9421,#12829);
#12829 = DEFINITIONAL_REPRESENTATION('',(#12830),#12834);
#12830 = LINE('',#12831,#12832);
#12831 = CARTESIAN_POINT('',(0.523404386894,4.996003610813E-16));
#12832 = VECTOR('',#12833,1.);
#12833 = DIRECTION('',(-0.75568908279,0.654930538418));
#12834 = ( GEOMETRIC_REPRESENTATION_CONTEXT(2) 
PARAMETRIC_REPRESENTATION_CONTEXT() REPRESENTATION_CONTEXT('2D SPACE',''
  ) );
#12835 = ORIENTED_EDGE('',*,*,#12765,.T.);
#12836 = ORIENTED_EDGE('',*,*,#12791,.T.);
#12837 = ORIENTED_EDGE('',*,*,#9437,.F.);
#12838 = ADVANCED_FACE('',(#12839),#9421,.F.);
#12839 = FACE_BOUND('',#12840,.F.);
#12840 = EDGE_LOOP('',(#12841,#12842,#12843));
#12841 = ORIENTED_EDGE('',*,*,#9404,.F.);
#12842 = ORIENTED_EDGE('',*,*,#12718,.T.);
#12843 = ORIENTED_EDGE('',*,*,#12815,.T.);
#12844 = ADVANCED_FACE('',(#12845),#9565,.F.);
#12845 = FACE_BOUND('',#12846,.F.);
#12846 = EDGE_LOOP('',(#12847,#12848,#12871));
#12847 = ORIENTED_EDGE('',*,*,#9547,.T.);
#12848 = ORIENTED_EDGE('',*,*,#12849,.T.);
#12849 = EDGE_CURVE('',#9550,#12850,#12852,.T.);
#12850 = VERTEX_POINT('',#12851);
#12851 = CARTESIAN_POINT('',(-20.16543082027,7.339616579734,-9.65));
#12852 = SURFACE_CURVE('',#12853,(#12857,#12864),.PCURVE_S1.);
#12853 = LINE('',#12854,#12855);
#12854 = CARTESIAN_POINT('',(-18.88371805616,7.937289057195,-9.65));
#12855 = VECTOR('',#12856,1.);
#12856 = DIRECTION('',(-0.906307787037,-0.422618261741,0.));
#12857 = PCURVE('',#9565,#12858);
#12858 = DEFINITIONAL_REPRESENTATION('',(#12859),#12863);
#12859 = LINE('',#12860,#12861);
#12860 = CARTESIAN_POINT('',(-0.292893218813,-1.));
#12861 = VECTOR('',#12862,1.);
#12862 = DIRECTION('',(0.707106781187,0.707106781187));
#12863 = ( GEOMETRIC_REPRESENTATION_CONTEXT(2) 
PARAMETRIC_REPRESENTATION_CONTEXT() REPRESENTATION_CONTEXT('2D SPACE',''
  ) );
#12864 = PCURVE('',#9593,#12865);
#12865 = DEFINITIONAL_REPRESENTATION('',(#12866),#12870);
#12866 = LINE('',#12867,#12868);
#12867 = CARTESIAN_POINT('',(0.,0.));
#12868 = VECTOR('',#12869,1.);
#12869 = DIRECTION('',(1.,0.));
#12870 = ( GEOMETRIC_REPRESENTATION_CONTEXT(2) 
PARAMETRIC_REPRESENTATION_CONTEXT() REPRESENTATION_CONTEXT('2D SPACE',''
  ) );
#12871 = ORIENTED_EDGE('',*,*,#12872,.T.);
#12872 = EDGE_CURVE('',#12850,#9548,#12873,.T.);
#12873 = SURFACE_CURVE('',#12874,(#12878,#12885),.PCURVE_S1.);
#12874 = LINE('',#12875,#12876);
#12875 = CARTESIAN_POINT('',(-20.16543082027,7.339616579734,-9.65));
#12876 = VECTOR('',#12877,1.);
#12877 = DIRECTION('',(0.422618261741,-0.906307787037,0.));
#12878 = PCURVE('',#9565,#12879);
#12879 = DEFINITIONAL_REPRESENTATION('',(#12880),#12884);
#12880 = LINE('',#12881,#12882);
#12881 = CARTESIAN_POINT('',(0.707106781187,-1.026956297778E-15));
#12882 = VECTOR('',#12883,1.);
#12883 = DIRECTION('',(-0.707106781187,0.707106781187));
#12884 = ( GEOMETRIC_REPRESENTATION_CONTEXT(2) 
PARAMETRIC_REPRESENTATION_CONTEXT() REPRESENTATION_CONTEXT('2D SPACE',''
  ) );
#12885 = PCURVE('',#9647,#12886);
#12886 = DEFINITIONAL_REPRESENTATION('',(#12887),#12891);
#12887 = LINE('',#12888,#12889);
#12888 = CARTESIAN_POINT('',(0.,0.));
#12889 = VECTOR('',#12890,1.);
#12890 = DIRECTION('',(1.,0.));
#12891 = ( GEOMETRIC_REPRESENTATION_CONTEXT(2) 
PARAMETRIC_REPRESENTATION_CONTEXT() REPRESENTATION_CONTEXT('2D SPACE',''
  ) );
#12892 = ADVANCED_FACE('',(#12893),#9647,.F.);
#12893 = FACE_BOUND('',#12894,.F.);
#12894 = EDGE_LOOP('',(#12895,#12896,#12919,#12940));
#12895 = ORIENTED_EDGE('',*,*,#12872,.F.);
#12896 = ORIENTED_EDGE('',*,*,#12897,.T.);
#12897 = EDGE_CURVE('',#12850,#12898,#12900,.T.);
#12898 = VERTEX_POINT('',#12899);
#12899 = CARTESIAN_POINT('',(-20.16543082027,7.339616579734,-8.05));
#12900 = SURFACE_CURVE('',#12901,(#12905,#12912),.PCURVE_S1.);
#12901 = LINE('',#12902,#12903);
#12902 = CARTESIAN_POINT('',(-20.16543082027,7.339616579734,-9.65));
#12903 = VECTOR('',#12904,1.);
#12904 = DIRECTION('',(0.,0.,1.));
#12905 = PCURVE('',#9647,#12906);
#12906 = DEFINITIONAL_REPRESENTATION('',(#12907),#12911);
#12907 = LINE('',#12908,#12909);
#12908 = CARTESIAN_POINT('',(0.,0.));
#12909 = VECTOR('',#12910,1.);
#12910 = DIRECTION('',(0.,-1.));
#12911 = ( GEOMETRIC_REPRESENTATION_CONTEXT(2) 
PARAMETRIC_REPRESENTATION_CONTEXT() REPRESENTATION_CONTEXT('2D SPACE',''
  ) );
#12912 = PCURVE('',#9593,#12913);
#12913 = DEFINITIONAL_REPRESENTATION('',(#12914),#12918);
#12914 = LINE('',#12915,#12916);
#12915 = CARTESIAN_POINT('',(1.414213562373,0.));
#12916 = VECTOR('',#12917,1.);
#12917 = DIRECTION('',(0.,-1.));
#12918 = ( GEOMETRIC_REPRESENTATION_CONTEXT(2) 
PARAMETRIC_REPRESENTATION_CONTEXT() REPRESENTATION_CONTEXT('2D SPACE',''
  ) );
#12919 = ORIENTED_EDGE('',*,*,#12920,.T.);
#12920 = EDGE_CURVE('',#12898,#9606,#12921,.T.);
#12921 = SURFACE_CURVE('',#12922,(#12926,#12933),.PCURVE_S1.);
#12922 = LINE('',#12923,#12924);
#12923 = CARTESIAN_POINT('',(-20.16543082027,7.339616579734,-8.05));
#12924 = VECTOR('',#12925,1.);
#12925 = DIRECTION('',(0.422618261741,-0.906307787037,0.));
#12926 = PCURVE('',#9647,#12927);
#12927 = DEFINITIONAL_REPRESENTATION('',(#12928),#12932);
#12928 = LINE('',#12929,#12930);
#12929 = CARTESIAN_POINT('',(0.,-1.6));
#12930 = VECTOR('',#12931,1.);
#12931 = DIRECTION('',(1.,0.));
#12932 = ( GEOMETRIC_REPRESENTATION_CONTEXT(2) 
PARAMETRIC_REPRESENTATION_CONTEXT() REPRESENTATION_CONTEXT('2D SPACE',''
  ) );
#12933 = PCURVE('',#9621,#12934);
#12934 = DEFINITIONAL_REPRESENTATION('',(#12935),#12939);
#12935 = LINE('',#12936,#12937);
#12936 = CARTESIAN_POINT('',(0.707106781187,-1.026956297778E-15));
#12937 = VECTOR('',#12938,1.);
#12938 = DIRECTION('',(-0.707106781187,0.707106781187));
#12939 = ( GEOMETRIC_REPRESENTATION_CONTEXT(2) 
PARAMETRIC_REPRESENTATION_CONTEXT() REPRESENTATION_CONTEXT('2D SPACE',''
  ) );
#12940 = ORIENTED_EDGE('',*,*,#9633,.T.);
#12941 = ADVANCED_FACE('',(#12942),#9621,.T.);
#12942 = FACE_BOUND('',#12943,.T.);
#12943 = EDGE_LOOP('',(#12944,#12945,#12966));
#12944 = ORIENTED_EDGE('',*,*,#9605,.T.);
#12945 = ORIENTED_EDGE('',*,*,#12946,.T.);
#12946 = EDGE_CURVE('',#9578,#12898,#12947,.T.);
#12947 = SURFACE_CURVE('',#12948,(#12952,#12959),.PCURVE_S1.);
#12948 = LINE('',#12949,#12950);
#12949 = CARTESIAN_POINT('',(-18.88371805616,7.937289057195,-8.05));
#12950 = VECTOR('',#12951,1.);
#12951 = DIRECTION('',(-0.906307787037,-0.422618261741,0.));
#12952 = PCURVE('',#9621,#12953);
#12953 = DEFINITIONAL_REPRESENTATION('',(#12954),#12958);
#12954 = LINE('',#12955,#12956);
#12955 = CARTESIAN_POINT('',(-0.292893218813,-1.));
#12956 = VECTOR('',#12957,1.);
#12957 = DIRECTION('',(0.707106781187,0.707106781187));
#12958 = ( GEOMETRIC_REPRESENTATION_CONTEXT(2) 
PARAMETRIC_REPRESENTATION_CONTEXT() REPRESENTATION_CONTEXT('2D SPACE',''
  ) );
#12959 = PCURVE('',#9593,#12960);
#12960 = DEFINITIONAL_REPRESENTATION('',(#12961),#12965);
#12961 = LINE('',#12962,#12963);
#12962 = CARTESIAN_POINT('',(0.,-1.6));
#12963 = VECTOR('',#12964,1.);
#12964 = DIRECTION('',(1.,0.));
#12965 = ( GEOMETRIC_REPRESENTATION_CONTEXT(2) 
PARAMETRIC_REPRESENTATION_CONTEXT() REPRESENTATION_CONTEXT('2D SPACE',''
  ) );
#12966 = ORIENTED_EDGE('',*,*,#12920,.T.);
#12967 = ADVANCED_FACE('',(#12968),#9593,.F.);
#12968 = FACE_BOUND('',#12969,.F.);
#12969 = EDGE_LOOP('',(#12970,#12971,#12972,#12973));
#12970 = ORIENTED_EDGE('',*,*,#12849,.F.);
#12971 = ORIENTED_EDGE('',*,*,#9577,.T.);
#12972 = ORIENTED_EDGE('',*,*,#12946,.T.);
#12973 = ORIENTED_EDGE('',*,*,#12897,.F.);
#12974 = ADVANCED_FACE('',(#12975),#10263,.T.);
#12975 = FACE_BOUND('',#12976,.T.);
#12976 = EDGE_LOOP('',(#12977,#12978,#12979,#12980,#12981));
#12977 = ORIENTED_EDGE('',*,*,#10652,.F.);
#12978 = ORIENTED_EDGE('',*,*,#10285,.T.);
#12979 = ORIENTED_EDGE('',*,*,#10251,.T.);
#12980 = ORIENTED_EDGE('',*,*,#10561,.T.);
#12981 = ORIENTED_EDGE('',*,*,#12982,.T.);
#12982 = EDGE_CURVE('',#10562,#10653,#12983,.T.);
#12983 = SURFACE_CURVE('',#12984,(#12990,#12999),.PCURVE_S1.);
#12984 = B_SPLINE_CURVE_WITH_KNOTS('',4,(#12985,#12986,#12987,#12988,
    #12989),.UNSPECIFIED.,.F.,.F.,(5,5),(0.,1.),
  .PIECEWISE_BEZIER_KNOTS.);
#12985 = CARTESIAN_POINT('',(-13.91860517177,-2.126598004619,3.));
#12986 = CARTESIAN_POINT('',(-13.95225383876,-1.377353227525,3.));
#12987 = CARTESIAN_POINT('',(-13.98590250575,-0.628108450431,3.));
#12988 = CARTESIAN_POINT('',(-14.01955117273,0.121136326662,3.));
#12989 = CARTESIAN_POINT('',(-14.05319983972,0.870381103756,3.));
#12990 = PCURVE('',#10263,#12991);
#12991 = DEFINITIONAL_REPRESENTATION('',(#12992),#12998);
#12992 = B_SPLINE_CURVE_WITH_KNOTS('',4,(#12993,#12994,#12995,#12996,
    #12997),.UNSPECIFIED.,.F.,.F.,(5,5),(0.,1.),
  .PIECEWISE_BEZIER_KNOTS.);
#12993 = CARTESIAN_POINT('',(2.,4.285714285714E-02));
#12994 = CARTESIAN_POINT('',(1.75,4.285714285714E-02));
#12995 = CARTESIAN_POINT('',(1.5,4.285714285714E-02));
#12996 = CARTESIAN_POINT('',(1.25,4.285714285714E-02));
#12997 = CARTESIAN_POINT('',(1.,4.285714285714E-02));
#12998 = ( GEOMETRIC_REPRESENTATION_CONTEXT(2) 
PARAMETRIC_REPRESENTATION_CONTEXT() REPRESENTATION_CONTEXT('2D SPACE',''
  ) );
#12999 = PCURVE('',#10544,#13000);
#13000 = DEFINITIONAL_REPRESENTATION('',(#13001),#13007);
#13001 = B_SPLINE_CURVE_WITH_KNOTS('',4,(#13002,#13003,#13004,#13005,
    #13006),.UNSPECIFIED.,.F.,.F.,(5,5),(0.,1.),
  .PIECEWISE_BEZIER_KNOTS.);
#13002 = CARTESIAN_POINT('',(-13.91860517177,-2.126598004619));
#13003 = CARTESIAN_POINT('',(-13.95225383876,-1.377353227525));
#13004 = CARTESIAN_POINT('',(-13.98590250575,-0.628108450431));
#13005 = CARTESIAN_POINT('',(-14.01955117273,0.121136326662));
#13006 = CARTESIAN_POINT('',(-14.05319983972,0.870381103756));
#13007 = ( GEOMETRIC_REPRESENTATION_CONTEXT(2) 
PARAMETRIC_REPRESENTATION_CONTEXT() REPRESENTATION_CONTEXT('2D SPACE',''
  ) );
#13008 = ADVANCED_FACE('',(#13009),#10156,.T.);
#13009 = FACE_BOUND('',#13010,.T.);
#13010 = EDGE_LOOP('',(#13011,#13012,#13013,#13014));
#13011 = ORIENTED_EDGE('',*,*,#10140,.F.);
#13012 = ORIENTED_EDGE('',*,*,#12694,.F.);
#13013 = ORIENTED_EDGE('',*,*,#11794,.F.);
#13014 = ORIENTED_EDGE('',*,*,#11850,.T.);
#13015 = ADVANCED_FACE('',(#13016),#10544,.T.);
#13016 = FACE_BOUND('',#13017,.T.);
#13017 = EDGE_LOOP('',(#13018,#13019,#13020,#13021,#13022));
#13018 = ORIENTED_EDGE('',*,*,#10779,.T.);
#13019 = ORIENTED_EDGE('',*,*,#10679,.F.);
#13020 = ORIENTED_EDGE('',*,*,#12982,.F.);
#13021 = ORIENTED_EDGE('',*,*,#10591,.F.);
#13022 = ORIENTED_EDGE('',*,*,#10526,.T.);
#13023 = ADVANCED_FACE('',(#13024),#10482,.F.);
#13024 = FACE_BOUND('',#13025,.F.);
#13025 = EDGE_LOOP('',(#13026,#13027,#13028));
#13026 = ORIENTED_EDGE('',*,*,#11181,.T.);
#13027 = ORIENTED_EDGE('',*,*,#10458,.T.);
#13028 = ORIENTED_EDGE('',*,*,#10807,.T.);
#13029 = ADVANCED_FACE('',(#13030,#13033),#11225,.T.);
#13030 = FACE_BOUND('',#13031,.T.);
#13031 = EDGE_LOOP('',(#13032));
#13032 = ORIENTED_EDGE('',*,*,#11208,.T.);
#13033 = FACE_BOUND('',#13034,.T.);
#13034 = EDGE_LOOP('',(#13035));
#13035 = ORIENTED_EDGE('',*,*,#11287,.T.);
#13036 = ADVANCED_FACE('',(#13037),#11383,.F.);
#13037 = FACE_BOUND('',#13038,.F.);
#13038 = EDGE_LOOP('',(#13039,#13040,#13041,#13042,#13043,#13044,#13045,
    #13046));
#13039 = ORIENTED_EDGE('',*,*,#11737,.F.);
#13040 = ORIENTED_EDGE('',*,*,#11367,.T.);
#13041 = ORIENTED_EDGE('',*,*,#11443,.F.);
#13042 = ORIENTED_EDGE('',*,*,#11475,.T.);
#13043 = ORIENTED_EDGE('',*,*,#11547,.F.);
#13044 = ORIENTED_EDGE('',*,*,#11601,.F.);
#13045 = ORIENTED_EDGE('',*,*,#11651,.F.);
#13046 = ORIENTED_EDGE('',*,*,#11683,.T.);
#13047 = ADVANCED_FACE('',(#13048),#11898,.T.);
#13048 = FACE_BOUND('',#13049,.T.);
#13049 = EDGE_LOOP('',(#13050,#13073,#13101,#13122));
#13050 = ORIENTED_EDGE('',*,*,#13051,.T.);
#13051 = EDGE_CURVE('',#11881,#13052,#13054,.T.);
#13052 = VERTEX_POINT('',#13053);
#13053 = CARTESIAN_POINT('',(-59.45245987368,-1.283997055735,1.05));
#13054 = SURFACE_CURVE('',#13055,(#13059,#13066),.PCURVE_S1.);
#13055 = LINE('',#13056,#13057);
#13056 = CARTESIAN_POINT('',(-59.45245987368,-1.283997055735,0.));
#13057 = VECTOR('',#13058,1.);
#13058 = DIRECTION('',(0.,0.,1.));
#13059 = PCURVE('',#11898,#13060);
#13060 = DEFINITIONAL_REPRESENTATION('',(#13061),#13065);
#13061 = LINE('',#13062,#13063);
#13062 = CARTESIAN_POINT('',(0.,0.));
#13063 = VECTOR('',#13064,1.);
#13064 = DIRECTION('',(0.,-1.));
#13065 = ( GEOMETRIC_REPRESENTATION_CONTEXT(2) 
PARAMETRIC_REPRESENTATION_CONTEXT() REPRESENTATION_CONTEXT('2D SPACE',''
  ) );
#13066 = PCURVE('',#11931,#13067);
#13067 = DEFINITIONAL_REPRESENTATION('',(#13068),#13072);
#13068 = LINE('',#13069,#13070);
#13069 = CARTESIAN_POINT('',(1.570796326795,0.));
#13070 = VECTOR('',#13071,1.);
#13071 = DIRECTION('',(0.,-1.));
#13072 = ( GEOMETRIC_REPRESENTATION_CONTEXT(2) 
PARAMETRIC_REPRESENTATION_CONTEXT() REPRESENTATION_CONTEXT('2D SPACE',''
  ) );
#13073 = ORIENTED_EDGE('',*,*,#13074,.T.);
#13074 = EDGE_CURVE('',#13052,#13075,#13077,.T.);
#13075 = VERTEX_POINT('',#13076);
#13076 = CARTESIAN_POINT('',(-60.49073271783,-1.300307548939,1.05));
#13077 = SURFACE_CURVE('',#13078,(#13082,#13089),.PCURVE_S1.);
#13078 = LINE('',#13079,#13080);
#13079 = CARTESIAN_POINT('',(-58.98722375535,-1.276688542766,1.05));
#13080 = VECTOR('',#13081,1.);
#13081 = DIRECTION('',(-0.999876632482,-1.570731731182E-02,0.));
#13082 = PCURVE('',#11898,#13083);
#13083 = DEFINITIONAL_REPRESENTATION('',(#13084),#13088);
#13084 = LINE('',#13085,#13086);
#13085 = CARTESIAN_POINT('',(-0.465293520431,-1.05));
#13086 = VECTOR('',#13087,1.);
#13087 = DIRECTION('',(1.,0.));
#13088 = ( GEOMETRIC_REPRESENTATION_CONTEXT(2) 
PARAMETRIC_REPRESENTATION_CONTEXT() REPRESENTATION_CONTEXT('2D SPACE',''
  ) );
#13089 = PCURVE('',#13090,#13095);
#13090 = PLANE('',#13091);
#13091 = AXIS2_PLACEMENT_3D('',#13092,#13093,#13094);
#13092 = CARTESIAN_POINT('',(-17.93627329727,7.935810485815,1.05));
#13093 = DIRECTION('',(0.,0.,1.));
#13094 = DIRECTION('',(-0.999876632482,-1.570731731182E-02,0.));
#13095 = DEFINITIONAL_REPRESENTATION('',(#13096),#13100);
#13096 = LINE('',#13097,#13098);
#13097 = CARTESIAN_POINT('',(41.19058974968,8.566562200641));
#13098 = VECTOR('',#13099,1.);
#13099 = DIRECTION('',(1.,-5.20417042793E-16));
#13100 = ( GEOMETRIC_REPRESENTATION_CONTEXT(2) 
PARAMETRIC_REPRESENTATION_CONTEXT() REPRESENTATION_CONTEXT('2D SPACE',''
  ) );
#13101 = ORIENTED_EDGE('',*,*,#13102,.F.);
#13102 = EDGE_CURVE('',#11883,#13075,#13103,.T.);
#13103 = SURFACE_CURVE('',#13104,(#13108,#13115),.PCURVE_S1.);
#13104 = LINE('',#13105,#13106);
#13105 = CARTESIAN_POINT('',(-60.49073271783,-1.300307548939,0.));
#13106 = VECTOR('',#13107,1.);
#13107 = DIRECTION('',(0.,0.,1.));
#13108 = PCURVE('',#11898,#13109);
#13109 = DEFINITIONAL_REPRESENTATION('',(#13110),#13114);
#13110 = LINE('',#13111,#13112);
#13111 = CARTESIAN_POINT('',(1.038400949103,0.));
#13112 = VECTOR('',#13113,1.);
#13113 = DIRECTION('',(0.,-1.));
#13114 = ( GEOMETRIC_REPRESENTATION_CONTEXT(2) 
PARAMETRIC_REPRESENTATION_CONTEXT() REPRESENTATION_CONTEXT('2D SPACE',''
  ) );
#13115 = PCURVE('',#12119,#13116);
#13116 = DEFINITIONAL_REPRESENTATION('',(#13117),#13121);
#13117 = LINE('',#13118,#13119);
#13118 = CARTESIAN_POINT('',(3.18381732457,0.));
#13119 = VECTOR('',#13120,1.);
#13120 = DIRECTION('',(0.,-1.));
#13121 = ( GEOMETRIC_REPRESENTATION_CONTEXT(2) 
PARAMETRIC_REPRESENTATION_CONTEXT() REPRESENTATION_CONTEXT('2D SPACE',''
  ) );
#13122 = ORIENTED_EDGE('',*,*,#11880,.F.);
#13123 = ADVANCED_FACE('',(#13124),#12119,.F.);
#13124 = FACE_BOUND('',#13125,.F.);
#13125 = EDGE_LOOP('',(#13126,#13149,#13175,#13176));
#13126 = ORIENTED_EDGE('',*,*,#13127,.T.);
#13127 = EDGE_CURVE('',#12072,#13128,#13130,.T.);
#13128 = VERTEX_POINT('',#13129);
#13129 = CARTESIAN_POINT('',(-60.60864652466,-1.42724077294,1.05));
#13130 = SURFACE_CURVE('',#13131,(#13135,#13142),.PCURVE_S1.);
#13131 = LINE('',#13132,#13133);
#13132 = CARTESIAN_POINT('',(-60.60864652466,-1.42724077294,0.));
#13133 = VECTOR('',#13134,1.);
#13134 = DIRECTION('',(0.,0.,1.));
#13135 = PCURVE('',#12119,#13136);
#13136 = DEFINITIONAL_REPRESENTATION('',(#13137),#13141);
#13137 = LINE('',#13138,#13139);
#13138 = CARTESIAN_POINT('',(1.570796326795,0.));
#13139 = VECTOR('',#13140,1.);
#13140 = DIRECTION('',(0.,-1.));
#13141 = ( GEOMETRIC_REPRESENTATION_CONTEXT(2) 
PARAMETRIC_REPRESENTATION_CONTEXT() REPRESENTATION_CONTEXT('2D SPACE',''
  ) );
#13142 = PCURVE('',#12088,#13143);
#13143 = DEFINITIONAL_REPRESENTATION('',(#13144),#13148);
#13144 = LINE('',#13145,#13146);
#13145 = CARTESIAN_POINT('',(-6.341117941427,0.));
#13146 = VECTOR('',#13147,1.);
#13147 = DIRECTION('',(-0.,-1.));
#13148 = ( GEOMETRIC_REPRESENTATION_CONTEXT(2) 
PARAMETRIC_REPRESENTATION_CONTEXT() REPRESENTATION_CONTEXT('2D SPACE',''
  ) );
#13149 = ORIENTED_EDGE('',*,*,#13150,.T.);
#13150 = EDGE_CURVE('',#13128,#13075,#13151,.T.);
#13151 = SURFACE_CURVE('',#13152,(#13157,#13164),.PCURVE_S1.);
#13152 = CIRCLE('',#13153,0.12);
#13153 = AXIS2_PLACEMENT_3D('',#13154,#13155,#13156);
#13154 = CARTESIAN_POINT('',(-60.48884783976,-1.420292744837,1.05));
#13155 = DIRECTION('',(0.,-0.,-1.));
#13156 = DIRECTION('',(5.790023419636E-02,-0.998322374226,0.));
#13157 = PCURVE('',#12119,#13158);
#13158 = DEFINITIONAL_REPRESENTATION('',(#13159),#13163);
#13159 = LINE('',#13160,#13161);
#13160 = CARTESIAN_POINT('',(0.,-1.05));
#13161 = VECTOR('',#13162,1.);
#13162 = DIRECTION('',(1.,0.));
#13163 = ( GEOMETRIC_REPRESENTATION_CONTEXT(2) 
PARAMETRIC_REPRESENTATION_CONTEXT() REPRESENTATION_CONTEXT('2D SPACE',''
  ) );
#13164 = PCURVE('',#13090,#13165);
#13165 = DEFINITIONAL_REPRESENTATION('',(#13166),#13174);
#13166 = ( BOUNDED_CURVE() B_SPLINE_CURVE(2,(#13167,#13168,#13169,#13170
    ,#13171,#13172,#13173),.UNSPECIFIED.,.T.,.F.) 
B_SPLINE_CURVE_WITH_KNOTS((1,2,2,2,2,1),(-2.094395102393,0.,
    2.094395102393,4.188790204786,6.28318530718,8.377580409573),
.UNSPECIFIED.) CURVE() GEOMETRIC_REPRESENTATION_ITEM() 
RATIONAL_B_SPLINE_CURVE((1.,0.5,1.,0.5,1.,0.5,1.)) REPRESENTATION_ITEM(
  '') );
#13167 = CARTESIAN_POINT('',(42.689218764229,8.806455241163));
#13168 = CARTESIAN_POINT('',(42.896879601888,8.815228866561));
#13169 = CARTESIAN_POINT('',(42.800647365537,8.631002493078));
#13170 = CARTESIAN_POINT('',(42.704415129185,8.446776119595));
#13171 = CARTESIAN_POINT('',(42.592986527877,8.62222886768));
#13172 = CARTESIAN_POINT('',(42.48155792657,8.797681615766));
#13173 = CARTESIAN_POINT('',(42.689218764229,8.806455241163));
#13174 = ( GEOMETRIC_REPRESENTATION_CONTEXT(2) 
PARAMETRIC_REPRESENTATION_CONTEXT() REPRESENTATION_CONTEXT('2D SPACE',''
  ) );
#13175 = ORIENTED_EDGE('',*,*,#13102,.F.);
#13176 = ORIENTED_EDGE('',*,*,#12100,.F.);
#13177 = ADVANCED_FACE('',(#13178),#12088,.F.);
#13178 = FACE_BOUND('',#13179,.T.);
#13179 = EDGE_LOOP('',(#13180,#13181,#13205,#13226));
#13180 = ORIENTED_EDGE('',*,*,#13127,.T.);
#13181 = ORIENTED_EDGE('',*,*,#13182,.T.);
#13182 = EDGE_CURVE('',#13128,#13183,#13185,.T.);
#13183 = VERTEX_POINT('',#13184);
#13184 = CARTESIAN_POINT('',(-20.04566517189,-18.79046833351,1.05));
#13185 = SURFACE_CURVE('',#13186,(#13191,#13198),.PCURVE_S1.);
#13186 = CIRCLE('',#13187,24.65);
#13187 = AXIS2_PLACEMENT_3D('',#13188,#13189,#13190);
#13188 = CARTESIAN_POINT('',(-36.,6.217248937901E-15,1.05));
#13189 = DIRECTION('',(0.,0.,1.));
#13190 = DIRECTION('',(-1.,5.20417042793E-17,0.));
#13191 = PCURVE('',#12088,#13192);
#13192 = DEFINITIONAL_REPRESENTATION('',(#13193),#13197);
#13193 = LINE('',#13194,#13195);
#13194 = CARTESIAN_POINT('',(-0.,-1.05));
#13195 = VECTOR('',#13196,1.);
#13196 = DIRECTION('',(-1.,0.));
#13197 = ( GEOMETRIC_REPRESENTATION_CONTEXT(2) 
PARAMETRIC_REPRESENTATION_CONTEXT() REPRESENTATION_CONTEXT('2D SPACE',''
  ) );
#13198 = PCURVE('',#13090,#13199);
#13199 = DEFINITIONAL_REPRESENTATION('',(#13200),#13204);
#13200 = CIRCLE('',#13201,24.65);
#13201 = AXIS2_PLACEMENT_2D('',#13202,#13203);
#13202 = CARTESIAN_POINT('',(18.186148519019,7.651098777415));
#13203 = DIRECTION('',(0.999876632482,-1.570731731182E-02));
#13204 = ( GEOMETRIC_REPRESENTATION_CONTEXT(2) 
PARAMETRIC_REPRESENTATION_CONTEXT() REPRESENTATION_CONTEXT('2D SPACE',''
  ) );
#13205 = ORIENTED_EDGE('',*,*,#13206,.F.);
#13206 = EDGE_CURVE('',#12039,#13183,#13207,.T.);
#13207 = SURFACE_CURVE('',#13208,(#13212,#13219),.PCURVE_S1.);
#13208 = LINE('',#13209,#13210);
#13209 = CARTESIAN_POINT('',(-20.04566517189,-18.79046833351,0.));
#13210 = VECTOR('',#13211,1.);
#13211 = DIRECTION('',(0.,0.,1.));
#13212 = PCURVE('',#12088,#13213);
#13213 = DEFINITIONAL_REPRESENTATION('',(#13214),#13218);
#13214 = LINE('',#13215,#13216);
#13215 = CARTESIAN_POINT('',(-8.557932812396,0.));
#13216 = VECTOR('',#13217,1.);
#13217 = DIRECTION('',(-0.,-1.));
#13218 = ( GEOMETRIC_REPRESENTATION_CONTEXT(2) 
PARAMETRIC_REPRESENTATION_CONTEXT() REPRESENTATION_CONTEXT('2D SPACE',''
  ) );
#13219 = PCURVE('',#12059,#13220);
#13220 = DEFINITIONAL_REPRESENTATION('',(#13221),#13225);
#13221 = LINE('',#13222,#13223);
#13222 = CARTESIAN_POINT('',(3.1863674077,0.));
#13223 = VECTOR('',#13224,1.);
#13224 = DIRECTION('',(0.,-1.));
#13225 = ( GEOMETRIC_REPRESENTATION_CONTEXT(2) 
PARAMETRIC_REPRESENTATION_CONTEXT() REPRESENTATION_CONTEXT('2D SPACE',''
  ) );
#13226 = ORIENTED_EDGE('',*,*,#12071,.F.);
#13227 = ADVANCED_FACE('',(#13228),#12059,.F.);
#13228 = FACE_BOUND('',#13229,.F.);
#13229 = EDGE_LOOP('',(#13230,#13253,#13279,#13280));
#13230 = ORIENTED_EDGE('',*,*,#13231,.T.);
#13231 = EDGE_CURVE('',#12010,#13232,#13234,.T.);
#13232 = VERTEX_POINT('',#13233);
#13233 = CARTESIAN_POINT('',(-20.0354265259,-18.61730871863,1.05));
#13234 = SURFACE_CURVE('',#13235,(#13239,#13246),.PCURVE_S1.);
#13235 = LINE('',#13236,#13237);
#13236 = CARTESIAN_POINT('',(-20.0354265259,-18.61730871863,0.));
#13237 = VECTOR('',#13238,1.);
#13238 = DIRECTION('',(0.,0.,1.));
#13239 = PCURVE('',#12059,#13240);
#13240 = DEFINITIONAL_REPRESENTATION('',(#13241),#13245);
#13241 = LINE('',#13242,#13243);
#13242 = CARTESIAN_POINT('',(1.570796326795,0.));
#13243 = VECTOR('',#13244,1.);
#13244 = DIRECTION('',(0.,-1.));
#13245 = ( GEOMETRIC_REPRESENTATION_CONTEXT(2) 
PARAMETRIC_REPRESENTATION_CONTEXT() REPRESENTATION_CONTEXT('2D SPACE',''
  ) );
#13246 = PCURVE('',#12026,#13247);
#13247 = DEFINITIONAL_REPRESENTATION('',(#13248),#13252);
#13248 = LINE('',#13249,#13250);
#13249 = CARTESIAN_POINT('',(-3.890318586121,0.));
#13250 = VECTOR('',#13251,1.);
#13251 = DIRECTION('',(-0.,-1.));
#13252 = ( GEOMETRIC_REPRESENTATION_CONTEXT(2) 
PARAMETRIC_REPRESENTATION_CONTEXT() REPRESENTATION_CONTEXT('2D SPACE',''
  ) );
#13253 = ORIENTED_EDGE('',*,*,#13254,.T.);
#13254 = EDGE_CURVE('',#13232,#13183,#13255,.T.);
#13255 = SURFACE_CURVE('',#13256,(#13261,#13268),.PCURVE_S1.);
#13256 = CIRCLE('',#13257,0.12);
#13257 = AXIS2_PLACEMENT_3D('',#13258,#13259,#13260);
#13258 = CARTESIAN_POINT('',(-20.12333333333,-18.69899343696,1.05));
#13259 = DIRECTION('',(0.,0.,-1.));
#13260 = DIRECTION('',(-0.680705986056,0.732556728552,0.));
#13261 = PCURVE('',#12059,#13262);
#13262 = DEFINITIONAL_REPRESENTATION('',(#13263),#13267);
#13263 = LINE('',#13264,#13265);
#13264 = CARTESIAN_POINT('',(0.,-1.05));
#13265 = VECTOR('',#13266,1.);
#13266 = DIRECTION('',(1.,0.));
#13267 = ( GEOMETRIC_REPRESENTATION_CONTEXT(2) 
PARAMETRIC_REPRESENTATION_CONTEXT() REPRESENTATION_CONTEXT('2D SPACE',''
  ) );
#13268 = PCURVE('',#13090,#13269);
#13269 = DEFINITIONAL_REPRESENTATION('',(#13270),#13278);
#13270 = ( BOUNDED_CURVE() B_SPLINE_CURVE(2,(#13271,#13272,#13273,#13274
    ,#13275,#13276,#13277),.UNSPECIFIED.,.T.,.F.) 
B_SPLINE_CURVE_WITH_KNOTS((1,2,2,2,2,1),(-2.094395102393,0.,
    2.094395102393,4.188790204786,6.28318530718,8.377580409573),
.UNSPECIFIED.) CURVE() GEOMETRIC_REPRESENTATION_ITEM() 
RATIONAL_B_SPLINE_CURVE((1.,0.5,1.,0.5,1.,0.5,1.)) REPRESENTATION_ITEM(
  '') );
#13271 = CARTESIAN_POINT('',(2.685445401613,26.507986196777));
#13272 = CARTESIAN_POINT('',(2.53098282468,26.368913150045));
#13273 = CARTESIAN_POINT('',(2.487773321695,26.572218188969));
#13274 = CARTESIAN_POINT('',(2.44456381871,26.775523227893));
#13275 = CARTESIAN_POINT('',(2.642235898628,26.711291235701));
#13276 = CARTESIAN_POINT('',(2.839907978545,26.647059243509));
#13277 = CARTESIAN_POINT('',(2.685445401613,26.507986196777));
#13278 = ( GEOMETRIC_REPRESENTATION_CONTEXT(2) 
PARAMETRIC_REPRESENTATION_CONTEXT() REPRESENTATION_CONTEXT('2D SPACE',''
  ) );
#13279 = ORIENTED_EDGE('',*,*,#13206,.F.);
#13280 = ORIENTED_EDGE('',*,*,#12038,.F.);
#13281 = ADVANCED_FACE('',(#13282),#12026,.T.);
#13282 = FACE_BOUND('',#13283,.F.);
#13283 = EDGE_LOOP('',(#13284,#13307,#13329,#13330));
#13284 = ORIENTED_EDGE('',*,*,#13285,.T.);
#13285 = EDGE_CURVE('',#11977,#13286,#13288,.T.);
#13286 = VERTEX_POINT('',#13287);
#13287 = CARTESIAN_POINT('',(-20.45638301994,-18.15375701449,1.05));
#13288 = SURFACE_CURVE('',#13289,(#13293,#13300),.PCURVE_S1.);
#13289 = LINE('',#13290,#13291);
#13290 = CARTESIAN_POINT('',(-20.45638301994,-18.15375701449,0.));
#13291 = VECTOR('',#13292,1.);
#13292 = DIRECTION('',(0.,0.,1.));
#13293 = PCURVE('',#12026,#13294);
#13294 = DEFINITIONAL_REPRESENTATION('',(#13295),#13299);
#13295 = LINE('',#13296,#13297);
#13296 = CARTESIAN_POINT('',(-3.867423513745,0.));
#13297 = VECTOR('',#13298,1.);
#13298 = DIRECTION('',(-0.,-1.));
#13299 = ( GEOMETRIC_REPRESENTATION_CONTEXT(2) 
PARAMETRIC_REPRESENTATION_CONTEXT() REPRESENTATION_CONTEXT('2D SPACE',''
  ) );
#13300 = PCURVE('',#11997,#13301);
#13301 = DEFINITIONAL_REPRESENTATION('',(#13302),#13306);
#13302 = LINE('',#13303,#13304);
#13303 = CARTESIAN_POINT('',(3.134270194851,0.));
#13304 = VECTOR('',#13305,1.);
#13305 = DIRECTION('',(0.,-1.));
#13306 = ( GEOMETRIC_REPRESENTATION_CONTEXT(2) 
PARAMETRIC_REPRESENTATION_CONTEXT() REPRESENTATION_CONTEXT('2D SPACE',''
  ) );
#13307 = ORIENTED_EDGE('',*,*,#13308,.T.);
#13308 = EDGE_CURVE('',#13286,#13232,#13309,.T.);
#13309 = SURFACE_CURVE('',#13310,(#13315,#13322),.PCURVE_S1.);
#13310 = CIRCLE('',#13311,27.35);
#13311 = AXIS2_PLACEMENT_3D('',#13312,#13313,#13314);
#13312 = CARTESIAN_POINT('',(0.,0.,1.05));
#13313 = DIRECTION('',(-0.,0.,1.));
#13314 = DIRECTION('',(1.,0.,0.));
#13315 = PCURVE('',#12026,#13316);
#13316 = DEFINITIONAL_REPRESENTATION('',(#13317),#13321);
#13317 = LINE('',#13318,#13319);
#13318 = CARTESIAN_POINT('',(-0.,-1.05));
#13319 = VECTOR('',#13320,1.);
#13320 = DIRECTION('',(-1.,0.));
#13321 = ( GEOMETRIC_REPRESENTATION_CONTEXT(2) 
PARAMETRIC_REPRESENTATION_CONTEXT() REPRESENTATION_CONTEXT('2D SPACE',''
  ) );
#13322 = PCURVE('',#13090,#13323);
#13323 = DEFINITIONAL_REPRESENTATION('',(#13324),#13328);
#13324 = CIRCLE('',#13325,27.35);
#13325 = AXIS2_PLACEMENT_2D('',#13326,#13327);
#13326 = CARTESIAN_POINT('',(-17.80941025032,8.216562200641));
#13327 = DIRECTION('',(-0.999876632482,1.570731731182E-02));
#13328 = ( GEOMETRIC_REPRESENTATION_CONTEXT(2) 
PARAMETRIC_REPRESENTATION_CONTEXT() REPRESENTATION_CONTEXT('2D SPACE',''
  ) );
#13329 = ORIENTED_EDGE('',*,*,#13231,.F.);
#13330 = ORIENTED_EDGE('',*,*,#12009,.F.);
#13331 = ADVANCED_FACE('',(#13332),#11997,.F.);
#13332 = FACE_BOUND('',#13333,.F.);
#13333 = EDGE_LOOP('',(#13334,#13357,#13383,#13384));
#13334 = ORIENTED_EDGE('',*,*,#13335,.T.);
#13335 = EDGE_CURVE('',#11944,#13336,#13338,.T.);
#13336 = VERTEX_POINT('',#13337);
#13337 = CARTESIAN_POINT('',(-20.62512830843,-18.14307325637,1.05));
#13338 = SURFACE_CURVE('',#13339,(#13343,#13350),.PCURVE_S1.);
#13339 = LINE('',#13340,#13341);
#13340 = CARTESIAN_POINT('',(-20.62512830843,-18.14307325637,0.));
#13341 = VECTOR('',#13342,1.);
#13342 = DIRECTION('',(0.,0.,1.));
#13343 = PCURVE('',#11997,#13344);
#13344 = DEFINITIONAL_REPRESENTATION('',(#13345),#13349);
#13345 = LINE('',#13346,#13347);
#13346 = CARTESIAN_POINT('',(1.570796326795,0.));
#13347 = VECTOR('',#13348,1.);
#13348 = DIRECTION('',(0.,-1.));
#13349 = ( GEOMETRIC_REPRESENTATION_CONTEXT(2) 
PARAMETRIC_REPRESENTATION_CONTEXT() REPRESENTATION_CONTEXT('2D SPACE',''
  ) );
#13350 = PCURVE('',#11964,#13351);
#13351 = DEFINITIONAL_REPRESENTATION('',(#13352),#13356);
#13352 = LINE('',#13353,#13354);
#13353 = CARTESIAN_POINT('',(0.867995888646,0.));
#13354 = VECTOR('',#13355,1.);
#13355 = DIRECTION('',(0.,-1.));
#13356 = ( GEOMETRIC_REPRESENTATION_CONTEXT(2) 
PARAMETRIC_REPRESENTATION_CONTEXT() REPRESENTATION_CONTEXT('2D SPACE',''
  ) );
#13357 = ORIENTED_EDGE('',*,*,#13358,.T.);
#13358 = EDGE_CURVE('',#13336,#13286,#13359,.T.);
#13359 = SURFACE_CURVE('',#13360,(#13365,#13372),.PCURVE_S1.);
#13360 = CIRCLE('',#13361,0.12);
#13361 = AXIS2_PLACEMENT_3D('',#13362,#13363,#13364);
#13362 = CARTESIAN_POINT('',(-20.54613680285,-18.23340786793,1.05));
#13363 = DIRECTION('',(-0.,0.,-1.));
#13364 = DIRECTION('',(-0.752788429685,-0.658262546506,0.));
#13365 = PCURVE('',#11997,#13366);
#13366 = DEFINITIONAL_REPRESENTATION('',(#13367),#13371);
#13367 = LINE('',#13368,#13369);
#13368 = CARTESIAN_POINT('',(0.,-1.05));
#13369 = VECTOR('',#13370,1.);
#13370 = DIRECTION('',(1.,0.));
#13371 = ( GEOMETRIC_REPRESENTATION_CONTEXT(2) 
PARAMETRIC_REPRESENTATION_CONTEXT() REPRESENTATION_CONTEXT('2D SPACE',''
  ) );
#13372 = PCURVE('',#13090,#13373);
#13373 = DEFINITIONAL_REPRESENTATION('',(#13374),#13382);
#13374 = ( BOUNDED_CURVE() B_SPLINE_CURVE(2,(#13375,#13376,#13377,#13378
    ,#13379,#13380,#13381),.UNSPECIFIED.,.T.,.F.) 
B_SPLINE_CURVE_WITH_KNOTS((1,2,2,2,2,1),(-2.094395102393,0.,
    2.094395102393,4.188790204786,6.28318530718,8.377580409573),
.UNSPECIFIED.) CURVE() GEOMETRIC_REPRESENTATION_ITEM() 
RATIONAL_B_SPLINE_CURVE((1.,0.5,1.,0.5,1.,0.5,1.)) REPRESENTATION_ITEM(
  '') );
#13375 = CARTESIAN_POINT('',(3.112153961528,26.20255881419));
#13376 = CARTESIAN_POINT('',(3.246496751903,26.043964947113));
#13377 = CARTESIAN_POINT('',(3.041979038943,26.006917611371));
#13378 = CARTESIAN_POINT('',(2.837461325983,25.96987027563));
#13379 = CARTESIAN_POINT('',(2.907636248568,26.165511478448));
#13380 = CARTESIAN_POINT('',(2.977811171153,26.361152681266));
#13381 = CARTESIAN_POINT('',(3.112153961528,26.20255881419));
#13382 = ( GEOMETRIC_REPRESENTATION_CONTEXT(2) 
PARAMETRIC_REPRESENTATION_CONTEXT() REPRESENTATION_CONTEXT('2D SPACE',''
  ) );
#13383 = ORIENTED_EDGE('',*,*,#13285,.F.);
#13384 = ORIENTED_EDGE('',*,*,#11976,.F.);
#13385 = ADVANCED_FACE('',(#13386),#11964,.T.);
#13386 = FACE_BOUND('',#13387,.T.);
#13387 = EDGE_LOOP('',(#13388,#13389,#13417,#13438));
#13388 = ORIENTED_EDGE('',*,*,#13335,.T.);
#13389 = ORIENTED_EDGE('',*,*,#13390,.T.);
#13390 = EDGE_CURVE('',#13336,#13391,#13393,.T.);
#13391 = VERTEX_POINT('',#13392);
#13392 = CARTESIAN_POINT('',(-59.33065160629,-1.399694980247,1.05));
#13393 = SURFACE_CURVE('',#13394,(#13399,#13406),.PCURVE_S1.);
#13394 = CIRCLE('',#13395,23.35);
#13395 = AXIS2_PLACEMENT_3D('',#13396,#13397,#13398);
#13396 = CARTESIAN_POINT('',(-35.99555876934,-0.565463423226,1.05));
#13397 = DIRECTION('',(0.,0.,-1.));
#13398 = DIRECTION('',(0.999876632482,1.570731731182E-02,0.));
#13399 = PCURVE('',#11964,#13400);
#13400 = DEFINITIONAL_REPRESENTATION('',(#13401),#13405);
#13401 = LINE('',#13402,#13403);
#13402 = CARTESIAN_POINT('',(0.,-1.05));
#13403 = VECTOR('',#13404,1.);
#13404 = DIRECTION('',(1.,0.));
#13405 = ( GEOMETRIC_REPRESENTATION_CONTEXT(2) 
PARAMETRIC_REPRESENTATION_CONTEXT() REPRESENTATION_CONTEXT('2D SPACE',''
  ) );
#13406 = PCURVE('',#13090,#13407);
#13407 = DEFINITIONAL_REPRESENTATION('',(#13408),#13416);
#13408 = ( BOUNDED_CURVE() B_SPLINE_CURVE(2,(#13409,#13410,#13411,#13412
    ,#13413,#13414,#13415),.UNSPECIFIED.,.T.,.F.) 
B_SPLINE_CURVE_WITH_KNOTS((1,2,2,2,2,1),(-2.094395102393,0.,
    2.094395102393,4.188790204786,6.28318530718,8.377580409573),
.UNSPECIFIED.) CURVE() GEOMETRIC_REPRESENTATION_ITEM() 
RATIONAL_B_SPLINE_CURVE((1.,0.5,1.,0.5,1.,0.5,1.)) REPRESENTATION_ITEM(
  '') );
#13409 = CARTESIAN_POINT('',(-5.15941025032,8.216562200641));
#13410 = CARTESIAN_POINT('',(-5.15941025032,48.659948557374));
#13411 = CARTESIAN_POINT('',(29.86558974968,28.438255379007));
#13412 = CARTESIAN_POINT('',(64.89058974968,8.216562200641));
#13413 = CARTESIAN_POINT('',(29.86558974968,-12.00513097772));
#13414 = CARTESIAN_POINT('',(-5.15941025032,-32.22682415609));
#13415 = CARTESIAN_POINT('',(-5.15941025032,8.216562200641));
#13416 = ( GEOMETRIC_REPRESENTATION_CONTEXT(2) 
PARAMETRIC_REPRESENTATION_CONTEXT() REPRESENTATION_CONTEXT('2D SPACE',''
  ) );
#13417 = ORIENTED_EDGE('',*,*,#13418,.F.);
#13418 = EDGE_CURVE('',#11911,#13391,#13419,.T.);
#13419 = SURFACE_CURVE('',#13420,(#13424,#13431),.PCURVE_S1.);
#13420 = LINE('',#13421,#13422);
#13421 = CARTESIAN_POINT('',(-59.33065160629,-1.399694980247,0.));
#13422 = VECTOR('',#13423,1.);
#13423 = DIRECTION('',(0.,0.,1.));
#13424 = PCURVE('',#11964,#13425);
#13425 = DEFINITIONAL_REPRESENTATION('',(#13426),#13430);
#13426 = LINE('',#13427,#13428);
#13427 = CARTESIAN_POINT('',(3.121565750345,0.));
#13428 = VECTOR('',#13429,1.);
#13429 = DIRECTION('',(0.,-1.));
#13430 = ( GEOMETRIC_REPRESENTATION_CONTEXT(2) 
PARAMETRIC_REPRESENTATION_CONTEXT() REPRESENTATION_CONTEXT('2D SPACE',''
  ) );
#13431 = PCURVE('',#11931,#13432);
#13432 = DEFINITIONAL_REPRESENTATION('',(#13433),#13437);
#13433 = LINE('',#13434,#13435);
#13434 = CARTESIAN_POINT('',(3.121565750345,0.));
#13435 = VECTOR('',#13436,1.);
#13436 = DIRECTION('',(0.,-1.));
#13437 = ( GEOMETRIC_REPRESENTATION_CONTEXT(2) 
PARAMETRIC_REPRESENTATION_CONTEXT() REPRESENTATION_CONTEXT('2D SPACE',''
  ) );
#13438 = ORIENTED_EDGE('',*,*,#11943,.F.);
#13439 = ADVANCED_FACE('',(#13440),#11931,.F.);
#13440 = FACE_BOUND('',#13441,.F.);
#13441 = EDGE_LOOP('',(#13442,#13443,#13469,#13470));
#13442 = ORIENTED_EDGE('',*,*,#13051,.T.);
#13443 = ORIENTED_EDGE('',*,*,#13444,.T.);
#13444 = EDGE_CURVE('',#13052,#13391,#13445,.T.);
#13445 = SURFACE_CURVE('',#13446,(#13451,#13458),.PCURVE_S1.);
#13446 = CIRCLE('',#13447,0.12);
#13447 = AXIS2_PLACEMENT_3D('',#13448,#13449,#13450);
#13448 = CARTESIAN_POINT('',(-59.4505749956,-1.403982251632,1.05));
#13449 = DIRECTION('',(0.,-0.,-1.));
#13450 = DIRECTION('',(-0.999876632482,-1.570731731182E-02,0.));
#13451 = PCURVE('',#11931,#13452);
#13452 = DEFINITIONAL_REPRESENTATION('',(#13453),#13457);
#13453 = LINE('',#13454,#13455);
#13454 = CARTESIAN_POINT('',(0.,-1.05));
#13455 = VECTOR('',#13456,1.);
#13456 = DIRECTION('',(1.,0.));
#13457 = ( GEOMETRIC_REPRESENTATION_CONTEXT(2) 
PARAMETRIC_REPRESENTATION_CONTEXT() REPRESENTATION_CONTEXT('2D SPACE',''
  ) );
#13458 = PCURVE('',#13090,#13459);
#13459 = DEFINITIONAL_REPRESENTATION('',(#13460),#13468);
#13460 = ( BOUNDED_CURVE() B_SPLINE_CURVE(2,(#13461,#13462,#13463,#13464
    ,#13465,#13466,#13467),.UNSPECIFIED.,.T.,.F.) 
B_SPLINE_CURVE_WITH_KNOTS((1,2,2,2,2,1),(-2.094395102393,0.,
    2.094395102393,4.188790204786,6.28318530718,8.377580409573),
.UNSPECIFIED.) CURVE() GEOMETRIC_REPRESENTATION_ITEM() 
RATIONAL_B_SPLINE_CURVE((1.,0.5,1.,0.5,1.,0.5,1.)) REPRESENTATION_ITEM(
  '') );
#13461 = CARTESIAN_POINT('',(41.775883270111,8.686562200641));
#13462 = CARTESIAN_POINT('',(41.775883270111,8.478716103732));
#13463 = CARTESIAN_POINT('',(41.595883270111,8.582639152187));
#13464 = CARTESIAN_POINT('',(41.415883270111,8.686562200641));
#13465 = CARTESIAN_POINT('',(41.595883270111,8.790485249095));
#13466 = CARTESIAN_POINT('',(41.775883270111,8.894408297549));
#13467 = CARTESIAN_POINT('',(41.775883270111,8.686562200641));
#13468 = ( GEOMETRIC_REPRESENTATION_CONTEXT(2) 
PARAMETRIC_REPRESENTATION_CONTEXT() REPRESENTATION_CONTEXT('2D SPACE',''
  ) );
#13469 = ORIENTED_EDGE('',*,*,#13418,.F.);
#13470 = ORIENTED_EDGE('',*,*,#11910,.F.);
#13471 = ADVANCED_FACE('',(#13472),#13090,.F.);
#13472 = FACE_BOUND('',#13473,.F.);
#13473 = EDGE_LOOP('',(#13474,#13475,#13476,#13477,#13478,#13479,#13480,
    #13481));
#13474 = ORIENTED_EDGE('',*,*,#13444,.F.);
#13475 = ORIENTED_EDGE('',*,*,#13074,.T.);
#13476 = ORIENTED_EDGE('',*,*,#13150,.F.);
#13477 = ORIENTED_EDGE('',*,*,#13182,.T.);
#13478 = ORIENTED_EDGE('',*,*,#13254,.F.);
#13479 = ORIENTED_EDGE('',*,*,#13308,.F.);
#13480 = ORIENTED_EDGE('',*,*,#13358,.F.);
#13481 = ORIENTED_EDGE('',*,*,#13390,.T.);
#13482 = ( GEOMETRIC_REPRESENTATION_CONTEXT(3) 
GLOBAL_UNCERTAINTY_ASSIGNED_CONTEXT((#13486)) 
GLOBAL_UNIT_ASSIGNED_CONTEXT((#13483,#13484,#13485)) 
REPRESENTATION_CONTEXT('Context #1',
  '3D Context with UNIT and UNCERTAINTY') );
#13483 = ( LENGTH_UNIT() NAMED_UNIT(*) SI_UNIT(.MILLI.,.METRE.) );
#13484 = ( NAMED_UNIT(*) PLANE_ANGLE_UNIT() SI_UNIT($,.RADIAN.) );
#13485 = ( NAMED_UNIT(*) SI_UNIT($,.STERADIAN.) SOLID_ANGLE_UNIT() );
#13486 = UNCERTAINTY_MEASURE_WITH_UNIT(LENGTH_MEASURE(1.E-06),#13483,
  'distance_accuracy_value','confusion accuracy');
#13487 = CONTEXT_DEPENDENT_SHAPE_REPRESENTATION(#13488,#13490);
#13488 = ( REPRESENTATION_RELATIONSHIP('','',#32,#10) 
REPRESENTATION_RELATIONSHIP_WITH_TRANSFORMATION(#13489) 
SHAPE_REPRESENTATION_RELATIONSHIP() );
#13489 = ITEM_DEFINED_TRANSFORMATION('','',#11,#15);
#13490 = PRODUCT_DEFINITION_SHAPE('Placement','Placement of an item',
  #13491);
#13491 = NEXT_ASSEMBLY_USAGE_OCCURRENCE('1','top_rotor_module_body','',#5,#27,$);
#13492 = PRODUCT_RELATED_PRODUCT_CATEGORY('part',$,(#29));
ENDSEC;
END-ISO-10303-21;
