ISO-10303-21;
HEADER;
FILE_DESCRIPTION(('Open CASCADE Model'),'2;1');
FILE_NAME('Open CASCADE Shape Model','1970-01-01T00:00:00',('Author'),(
    'Open CASCADE'),'Open CASCADE STEP processor 7.9','Open CASCADE 7.9'
  ,'Unknown');
FILE_SCHEMA(('AUTOMOTIVE_DESIGN { 1 0 10303 214 1 1 1 1 }'));
ENDSEC;
DATA;
#1 = APPLICATION_PROTOCOL_DEFINITION('international standard',
  'automotive_design',2000,#2);
#2 = APPLICATION_CONTEXT(
  'core data for automotive mechanical design processes');
#3 = SHAPE_DEFINITION_REPRESENTATION(#4,#10);
#4 = PRODUCT_DEFINITION_SHAPE('','',#5);
#5 = PRODUCT_DEFINITION('design','',#6,#9);
#6 = PRODUCT_DEFINITION_FORMATION('','',#7);
#7 = PRODUCT('winding_jig_contact_shoe','winding_jig_contact_shoe','',(
    #8));
#8 = PRODUCT_CONTEXT('',#2,'mechanical');
#9 = PRODUCT_DEFINITION_CONTEXT('part definition',#2,'design');
#10 = SHAPE_REPRESENTATION('',(#11,#15),#19);
#11 = AXIS2_PLACEMENT_3D('',#12,#13,#14);
#12 = CARTESIAN_POINT('',(0.,0.,0.));
#13 = DIRECTION('',(0.,0.,1.));
#14 = DIRECTION('',(1.,0.,-0.));
#15 = AXIS2_PLACEMENT_3D('',#16,#17,#18);
#16 = CARTESIAN_POINT('',(0.,0.,0.));
#17 = DIRECTION('',(0.,0.,1.));
#18 = DIRECTION('',(1.,0.,-0.));
#19 = ( GEOMETRIC_REPRESENTATION_CONTEXT(3) 
GLOBAL_UNCERTAINTY_ASSIGNED_CONTEXT((#23)) GLOBAL_UNIT_ASSIGNED_CONTEXT(
(#20,#21,#22)) REPRESENTATION_CONTEXT('Context #1',
  '3D Context with UNIT and UNCERTAINTY') );
#20 = ( LENGTH_UNIT() NAMED_UNIT(*) SI_UNIT(.MILLI.,.METRE.) );
#21 = ( NAMED_UNIT(*) PLANE_ANGLE_UNIT() SI_UNIT($,.RADIAN.) );
#22 = ( NAMED_UNIT(*) SI_UNIT($,.STERADIAN.) SOLID_ANGLE_UNIT() );
#23 = UNCERTAINTY_MEASURE_WITH_UNIT(LENGTH_MEASURE(2.E-06),#20,
  'distance_accuracy_value','confusion accuracy');
#24 = PRODUCT_RELATED_PRODUCT_CATEGORY('part',$,(#7));
#25 = SHAPE_DEFINITION_REPRESENTATION(#26,#32);
#26 = PRODUCT_DEFINITION_SHAPE('','',#27);
#27 = PRODUCT_DEFINITION('design','',#28,#31);
#28 = PRODUCT_DEFINITION_FORMATION('','',#29);
#29 = PRODUCT('winding_jig_contact_shoe_body',
  'winding_jig_contact_shoe_body','',(#30));
#30 = PRODUCT_CONTEXT('',#2,'mechanical');
#31 = PRODUCT_DEFINITION_CONTEXT('part definition',#2,'design');
#32 = ADVANCED_BREP_SHAPE_REPRESENTATION('',(#11,#33),#12572);
#33 = MANIFOLD_SOLID_BREP('',#34);
#34 = CLOSED_SHELL('',(#35,#213,#361,#737,#928,#1044,#1144,#1286,#1468,
    #1574,#1786,#1965,#3632,#3714,#5357,#5429,#5509,#5588,#5695,#5860,
    #6028,#6054,#6081,#6132,#6159,#6186,#6213,#6343,#6392,#6419,#6640,
    #6823,#6957,#6983,#7010,#7110,#7137,#7164,#7191,#7321,#7370,#7397,
    #7613,#7789,#7923,#7949,#7976,#8076,#8103,#8130,#8157,#8282,#8331,
    #8358,#8388,#8721,#9017,#9043,#9050,#9099,#9126,#9155,#9181,#9188,
    #9237,#9264,#9497,#9573,#9599,#9606,#9655,#9682,#9711,#9719,#9746,
    #10241,#10270,#10299,#10306,#10353,#10380,#10453,#10460,#10553,
    #10560,#10566,#10572,#10938,#10987,#11036,#11303,#11379,#11710,
    #11759,#12018,#12065,#12072,#12099,#12126,#12153,#12180,#12207,
    #12234,#12261,#12288,#12295,#12322,#12369,#12376,#12403,#12430,
    #12457,#12484,#12511,#12538,#12565));
#35 = ADVANCED_FACE('',(#36),#50,.F.);
#36 = FACE_BOUND('',#37,.F.);
#37 = EDGE_LOOP('',(#38,#73,#101,#129,#158,#186));
#38 = ORIENTED_EDGE('',*,*,#39,.F.);
#39 = EDGE_CURVE('',#40,#42,#44,.T.);
#40 = VERTEX_POINT('',#41);
#41 = CARTESIAN_POINT('',(-1.311584120305,-16.59999995,-24.44788631791)
  );
#42 = VERTEX_POINT('',#43);
#43 = CARTESIAN_POINT('',(-5.427825647751,-16.59999995,-22.09049256767)
  );
#44 = SURFACE_CURVE('',#45,(#49,#61),.PCURVE_S1.);
#45 = LINE('',#46,#47);
#46 = CARTESIAN_POINT('',(-44.00000005,-16.59999995,-1.468669630361E-12)
  );
#47 = VECTOR('',#48,1.);
#48 = DIRECTION('',(-0.867765453369,5.51751934172E-17,0.496973961028));
#49 = PCURVE('',#50,#55);
#50 = PLANE('',#51);
#51 = AXIS2_PLACEMENT_3D('',#52,#53,#54);
#52 = CARTESIAN_POINT('',(-44.00000005,12.60000005,-1.468669630361E-12)
  );
#53 = DIRECTION('',(0.496973961028,9.634131863045E-17,0.867765453369));
#54 = DIRECTION('',(0.867765453369,-5.51751934172E-17,-0.496973961028));
#55 = DEFINITIONAL_REPRESENTATION('',(#56),#60);
#56 = LINE('',#57,#58);
#57 = CARTESIAN_POINT('',(3.979183660502E-16,-29.2));
#58 = VECTOR('',#59,1.);
#59 = DIRECTION('',(-1.,0.));
#60 = ( GEOMETRIC_REPRESENTATION_CONTEXT(2) 
PARAMETRIC_REPRESENTATION_CONTEXT() REPRESENTATION_CONTEXT('2D SPACE',''
  ) );
#61 = PCURVE('',#62,#67);
#62 = PLANE('',#63);
#63 = AXIS2_PLACEMENT_3D('',#64,#65,#66);
#64 = CARTESIAN_POINT('',(-44.00000005,-16.59999995,-1.468669630361E-12)
  );
#65 = DIRECTION('',(0.,-1.,1.110223024625E-16));
#66 = DIRECTION('',(1.,0.,0.));
#67 = DEFINITIONAL_REPRESENTATION('',(#68),#72);
#68 = LINE('',#69,#70);
#69 = CARTESIAN_POINT('',(0.,0.));
#70 = VECTOR('',#71,1.);
#71 = DIRECTION('',(-0.867765453369,0.496973961028));
#72 = ( GEOMETRIC_REPRESENTATION_CONTEXT(2) 
PARAMETRIC_REPRESENTATION_CONTEXT() REPRESENTATION_CONTEXT('2D SPACE',''
  ) );
#73 = ORIENTED_EDGE('',*,*,#74,.F.);
#74 = EDGE_CURVE('',#75,#40,#77,.T.);
#75 = VERTEX_POINT('',#76);
#76 = CARTESIAN_POINT('',(-1.311584120305,7.40000005,-24.44788631791));
#77 = SURFACE_CURVE('',#78,(#82,#89),.PCURVE_S1.);
#78 = LINE('',#79,#80);
#79 = CARTESIAN_POINT('',(-1.311584120305,6.95000005,-24.44788631791));
#80 = VECTOR('',#81,1.);
#81 = DIRECTION('',(0.,-1.,1.110223024625E-16));
#82 = PCURVE('',#50,#83);
#83 = DEFINITIONAL_REPRESENTATION('',(#84),#88);
#84 = LINE('',#85,#86);
#85 = CARTESIAN_POINT('',(49.193495504995,-5.65));
#86 = VECTOR('',#87,1.);
#87 = DIRECTION('',(0.,-1.));
#88 = ( GEOMETRIC_REPRESENTATION_CONTEXT(2) 
PARAMETRIC_REPRESENTATION_CONTEXT() REPRESENTATION_CONTEXT('2D SPACE',''
  ) );
#89 = PCURVE('',#90,#95);
#90 = CYLINDRICAL_SURFACE('',#91,0.8);
#91 = AXIS2_PLACEMENT_3D('',#92,#93,#94);
#92 = CARTESIAN_POINT('',(-0.914004951483,6.95000005,-23.75367395521));
#93 = DIRECTION('',(0.,-1.,1.110223024625E-16));
#94 = DIRECTION('',(-0.496973961028,-9.634131863045E-17,-0.867765453369)
  );
#95 = DEFINITIONAL_REPRESENTATION('',(#96),#100);
#96 = LINE('',#97,#98);
#97 = CARTESIAN_POINT('',(9.992007221626E-15,0.));
#98 = VECTOR('',#99,1.);
#99 = DIRECTION('',(0.,1.));
#100 = ( GEOMETRIC_REPRESENTATION_CONTEXT(2) 
PARAMETRIC_REPRESENTATION_CONTEXT() REPRESENTATION_CONTEXT('2D SPACE',''
  ) );
#101 = ORIENTED_EDGE('',*,*,#102,.F.);
#102 = EDGE_CURVE('',#103,#75,#105,.T.);
#103 = VERTEX_POINT('',#104);
#104 = CARTESIAN_POINT('',(-5.427825647751,7.40000005,-22.09049256767));
#105 = SURFACE_CURVE('',#106,(#110,#117),.PCURVE_S1.);
#106 = LINE('',#107,#108);
#107 = CARTESIAN_POINT('',(-44.00000005,7.40000005,-1.468669630361E-12)
  );
#108 = VECTOR('',#109,1.);
#109 = DIRECTION('',(0.867765453369,-5.51751934172E-17,-0.496973961028)
  );
#110 = PCURVE('',#50,#111);
#111 = DEFINITIONAL_REPRESENTATION('',(#112),#116);
#112 = LINE('',#113,#114);
#113 = CARTESIAN_POINT('',(7.086217477605E-17,-5.2));
#114 = VECTOR('',#115,1.);
#115 = DIRECTION('',(1.,0.));
#116 = ( GEOMETRIC_REPRESENTATION_CONTEXT(2) 
PARAMETRIC_REPRESENTATION_CONTEXT() REPRESENTATION_CONTEXT('2D SPACE',''
  ) );
#117 = PCURVE('',#118,#123);
#118 = PLANE('',#119);
#119 = AXIS2_PLACEMENT_3D('',#120,#121,#122);
#120 = CARTESIAN_POINT('',(-44.00000005,7.40000005,-1.468669630361E-12)
  );
#121 = DIRECTION('',(0.,-1.,1.110223024625E-16));
#122 = DIRECTION('',(1.,-0.,-0.));
#123 = DEFINITIONAL_REPRESENTATION('',(#124),#128);
#124 = LINE('',#125,#126);
#125 = CARTESIAN_POINT('',(-0.,0.));
#126 = VECTOR('',#127,1.);
#127 = DIRECTION('',(0.867765453369,-0.496973961028));
#128 = ( GEOMETRIC_REPRESENTATION_CONTEXT(2) 
PARAMETRIC_REPRESENTATION_CONTEXT() REPRESENTATION_CONTEXT('2D SPACE',''
  ) );
#129 = ORIENTED_EDGE('',*,*,#130,.F.);
#130 = EDGE_CURVE('',#131,#103,#133,.T.);
#131 = VERTEX_POINT('',#132);
#132 = CARTESIAN_POINT('',(-5.645159667155,6.996662980474,
    -21.96602420117));
#133 = SURFACE_CURVE('',#134,(#139,#146),.PCURVE_S1.);
#134 = CIRCLE('',#135,0.45);
#135 = AXIS2_PLACEMENT_3D('',#136,#137,#138);
#136 = CARTESIAN_POINT('',(-5.818320101767,7.40000005,-21.86685428521));
#137 = DIRECTION('',(0.496973961028,9.634131863045E-17,0.867765453369));
#138 = DIRECTION('',(-0.867765453369,5.51751934172E-17,0.496973961028));
#139 = PCURVE('',#50,#140);
#140 = DEFINITIONAL_REPRESENTATION('',(#141),#145);
#141 = CIRCLE('',#142,0.45);
#142 = AXIS2_PLACEMENT_2D('',#143,#144);
#143 = CARTESIAN_POINT('',(44.,-5.2));
#144 = DIRECTION('',(-1.,0.));
#145 = ( GEOMETRIC_REPRESENTATION_CONTEXT(2) 
PARAMETRIC_REPRESENTATION_CONTEXT() REPRESENTATION_CONTEXT('2D SPACE',''
  ) );
#146 = PCURVE('',#147,#152);
#147 = TOROIDAL_SURFACE('',#148,44.,0.45);
#148 = AXIS2_PLACEMENT_3D('',#149,#150,#151);
#149 = CARTESIAN_POINT('',(-44.00000005,7.40000005,-1.468669630361E-12)
  );
#150 = DIRECTION('',(0.,1.,-1.110223024625E-16));
#151 = DIRECTION('',(1.,0.,0.));
#152 = DEFINITIONAL_REPRESENTATION('',(#153),#157);
#153 = LINE('',#154,#155);
#154 = CARTESIAN_POINT('',(-5.763077190085,3.14159265359));
#155 = VECTOR('',#156,1.);
#156 = DIRECTION('',(-0.,1.));
#157 = ( GEOMETRIC_REPRESENTATION_CONTEXT(2) 
PARAMETRIC_REPRESENTATION_CONTEXT() REPRESENTATION_CONTEXT('2D SPACE',''
  ) );
#158 = ORIENTED_EDGE('',*,*,#159,.F.);
#159 = EDGE_CURVE('',#160,#131,#162,.T.);
#160 = VERTEX_POINT('',#161);
#161 = CARTESIAN_POINT('',(-5.645159667155,-16.19666288047,
    -21.96602420117));
#162 = SURFACE_CURVE('',#163,(#167,#174),.PCURVE_S1.);
#163 = LINE('',#164,#165);
#164 = CARTESIAN_POINT('',(-5.645159667155,-16.14999995,-21.96602420117)
  );
#165 = VECTOR('',#166,1.);
#166 = DIRECTION('',(0.,1.,-1.110223024625E-16));
#167 = PCURVE('',#50,#168);
#168 = DEFINITIONAL_REPRESENTATION('',(#169),#173);
#169 = LINE('',#170,#171);
#170 = CARTESIAN_POINT('',(44.199547508996,-28.75));
#171 = VECTOR('',#172,1.);
#172 = DIRECTION('',(0.,1.));
#173 = ( GEOMETRIC_REPRESENTATION_CONTEXT(2) 
PARAMETRIC_REPRESENTATION_CONTEXT() REPRESENTATION_CONTEXT('2D SPACE',''
  ) );
#174 = PCURVE('',#175,#180);
#175 = CYLINDRICAL_SURFACE('',#176,0.2);
#176 = AXIS2_PLACEMENT_3D('',#177,#178,#179);
#177 = CARTESIAN_POINT('',(-5.545764874949,-16.14999995,-21.79247111049)
  );
#178 = DIRECTION('',(0.,1.,-1.110223024625E-16));
#179 = DIRECTION('',(-0.496973961028,-9.634131863045E-17,-0.867765453369
    ));
#180 = DEFINITIONAL_REPRESENTATION('',(#181),#185);
#181 = LINE('',#182,#183);
#182 = CARTESIAN_POINT('',(0.,0.));
#183 = VECTOR('',#184,1.);
#184 = DIRECTION('',(0.,1.));
#185 = ( GEOMETRIC_REPRESENTATION_CONTEXT(2) 
PARAMETRIC_REPRESENTATION_CONTEXT() REPRESENTATION_CONTEXT('2D SPACE',''
  ) );
#186 = ORIENTED_EDGE('',*,*,#187,.F.);
#187 = EDGE_CURVE('',#42,#160,#188,.T.);
#188 = SURFACE_CURVE('',#189,(#194,#201),.PCURVE_S1.);
#189 = CIRCLE('',#190,0.45);
#190 = AXIS2_PLACEMENT_3D('',#191,#192,#193);
#191 = CARTESIAN_POINT('',(-5.818320101767,-16.59999995,-21.86685428521)
  );
#192 = DIRECTION('',(0.496973961028,9.634131863045E-17,0.867765453369));
#193 = DIRECTION('',(-0.867765453369,5.51751934172E-17,0.496973961028));
#194 = PCURVE('',#50,#195);
#195 = DEFINITIONAL_REPRESENTATION('',(#196),#200);
#196 = CIRCLE('',#197,0.45);
#197 = AXIS2_PLACEMENT_2D('',#198,#199);
#198 = CARTESIAN_POINT('',(44.,-29.2));
#199 = DIRECTION('',(-1.,0.));
#200 = ( GEOMETRIC_REPRESENTATION_CONTEXT(2) 
PARAMETRIC_REPRESENTATION_CONTEXT() REPRESENTATION_CONTEXT('2D SPACE',''
  ) );
#201 = PCURVE('',#202,#207);
#202 = TOROIDAL_SURFACE('',#203,44.,0.45);
#203 = AXIS2_PLACEMENT_3D('',#204,#205,#206);
#204 = CARTESIAN_POINT('',(-44.00000005,-16.59999995,-1.468669630361E-12
    ));
#205 = DIRECTION('',(0.,1.,-1.110223024625E-16));
#206 = DIRECTION('',(1.,0.,0.));
#207 = DEFINITIONAL_REPRESENTATION('',(#208),#212);
#208 = LINE('',#209,#210);
#209 = CARTESIAN_POINT('',(-5.763077190085,-3.14159265359));
#210 = VECTOR('',#211,1.);
#211 = DIRECTION('',(-0.,1.));
#212 = ( GEOMETRIC_REPRESENTATION_CONTEXT(2) 
PARAMETRIC_REPRESENTATION_CONTEXT() REPRESENTATION_CONTEXT('2D SPACE',''
  ) );
#213 = ADVANCED_FACE('',(#214),#62,.T.);
#214 = FACE_BOUND('',#215,.T.);
#215 = EDGE_LOOP('',(#216,#217,#241,#274,#307,#335));
#216 = ORIENTED_EDGE('',*,*,#39,.F.);
#217 = ORIENTED_EDGE('',*,*,#218,.T.);
#218 = EDGE_CURVE('',#40,#219,#221,.T.);
#219 = VERTEX_POINT('',#220);
#220 = CARTESIAN_POINT('',(-0.960641273191,-16.59999995,-24.5523134568)
  );
#221 = SURFACE_CURVE('',#222,(#227,#234),.PCURVE_S1.);
#222 = CIRCLE('',#223,0.8);
#223 = AXIS2_PLACEMENT_3D('',#224,#225,#226);
#224 = CARTESIAN_POINT('',(-0.914004951483,-16.59999995,-23.75367395521)
  );
#225 = DIRECTION('',(0.,-1.,1.110223024625E-16));
#226 = DIRECTION('',(0.,-1.110223024625E-16,-1.));
#227 = PCURVE('',#62,#228);
#228 = DEFINITIONAL_REPRESENTATION('',(#229),#233);
#229 = CIRCLE('',#230,0.8);
#230 = AXIS2_PLACEMENT_2D('',#231,#232);
#231 = CARTESIAN_POINT('',(43.085995098517,-23.75367395521));
#232 = DIRECTION('',(0.,-1.));
#233 = ( GEOMETRIC_REPRESENTATION_CONTEXT(2) 
PARAMETRIC_REPRESENTATION_CONTEXT() REPRESENTATION_CONTEXT('2D SPACE',''
  ) );
#234 = PCURVE('',#90,#235);
#235 = DEFINITIONAL_REPRESENTATION('',(#236),#240);
#236 = LINE('',#237,#238);
#237 = CARTESIAN_POINT('',(-5.763077190085,23.55));
#238 = VECTOR('',#239,1.);
#239 = DIRECTION('',(1.,0.));
#240 = ( GEOMETRIC_REPRESENTATION_CONTEXT(2) 
PARAMETRIC_REPRESENTATION_CONTEXT() REPRESENTATION_CONTEXT('2D SPACE',''
  ) );
#241 = ORIENTED_EDGE('',*,*,#242,.F.);
#242 = EDGE_CURVE('',#243,#219,#245,.T.);
#243 = VERTEX_POINT('',#244);
#244 = CARTESIAN_POINT('',(-0.960641273191,-16.59999995,24.552313456801)
  );
#245 = SURFACE_CURVE('',#246,(#251,#262),.PCURVE_S1.);
#246 = CIRCLE('',#247,49.55);
#247 = AXIS2_PLACEMENT_3D('',#248,#249,#250);
#248 = CARTESIAN_POINT('',(-44.00000005,-16.59999995,-1.468669630361E-12
    ));
#249 = DIRECTION('',(0.,1.,-1.110223024625E-16));
#250 = DIRECTION('',(0.867765453369,5.51751934172E-17,0.496973961028));
#251 = PCURVE('',#62,#252);
#252 = DEFINITIONAL_REPRESENTATION('',(#253),#261);
#253 = ( BOUNDED_CURVE() B_SPLINE_CURVE(2,(#254,#255,#256,#257,#258,#259
,#260),.UNSPECIFIED.,.T.,.F.) B_SPLINE_CURVE_WITH_KNOTS((1,2,2,2,2,1),(
    -2.094395102393,0.,2.094395102393,4.188790204786,6.28318530718,
8.377580409573),.UNSPECIFIED.) CURVE() GEOMETRIC_REPRESENTATION_ITEM() 
RATIONAL_B_SPLINE_CURVE((1.,0.5,1.,0.5,1.,0.5,1.)) REPRESENTATION_ITEM(
  '') );
#254 = CARTESIAN_POINT('',(42.99777821443,24.625059768915));
#255 = CARTESIAN_POINT('',(85.649632873612,-49.84927671105));
#256 = CARTESIAN_POINT('',(-0.172961777624,-49.54969812444));
#257 = CARTESIAN_POINT('',(-85.99555642886,-49.25011953783));
#258 = CARTESIAN_POINT('',(-42.8248164368,24.924638355528));
#259 = CARTESIAN_POINT('',(0.345923555249,99.099396248887));
#260 = CARTESIAN_POINT('',(42.99777821443,24.625059768915));
#261 = ( GEOMETRIC_REPRESENTATION_CONTEXT(2) 
PARAMETRIC_REPRESENTATION_CONTEXT() REPRESENTATION_CONTEXT('2D SPACE',''
  ) );
#262 = PCURVE('',#263,#268);
#263 = TOROIDAL_SURFACE('',#264,50.,0.45);
#264 = AXIS2_PLACEMENT_3D('',#265,#266,#267);
#265 = CARTESIAN_POINT('',(-44.00000005,-16.59999995,-1.468669630361E-12
    ));
#266 = DIRECTION('',(0.,1.,-1.110223024625E-16));
#267 = DIRECTION('',(1.,0.,0.));
#268 = DEFINITIONAL_REPRESENTATION('',(#269),#273);
#269 = LINE('',#270,#271);
#270 = CARTESIAN_POINT('',(-6.803293424274,3.14159265359));
#271 = VECTOR('',#272,1.);
#272 = DIRECTION('',(1.,-0.));
#273 = ( GEOMETRIC_REPRESENTATION_CONTEXT(2) 
PARAMETRIC_REPRESENTATION_CONTEXT() REPRESENTATION_CONTEXT('2D SPACE',''
  ) );
#274 = ORIENTED_EDGE('',*,*,#275,.F.);
#275 = EDGE_CURVE('',#276,#243,#278,.T.);
#276 = VERTEX_POINT('',#277);
#277 = CARTESIAN_POINT('',(-1.311584120305,-16.59999995,24.447886317907)
  );
#278 = SURFACE_CURVE('',#279,(#284,#295),.PCURVE_S1.);
#279 = CIRCLE('',#280,0.8);
#280 = AXIS2_PLACEMENT_3D('',#281,#282,#283);
#281 = CARTESIAN_POINT('',(-0.914004951483,-16.59999995,23.753673955212)
  );
#282 = DIRECTION('',(0.,1.,-1.110223024625E-16));
#283 = DIRECTION('',(0.,-1.110223024625E-16,-1.));
#284 = PCURVE('',#62,#285);
#285 = DEFINITIONAL_REPRESENTATION('',(#286),#294);
#286 = ( BOUNDED_CURVE() B_SPLINE_CURVE(2,(#287,#288,#289,#290,#291,#292
,#293),.UNSPECIFIED.,.T.,.F.) B_SPLINE_CURVE_WITH_KNOTS((1,2,2,2,2,1),(
    -2.094395102393,0.,2.094395102393,4.188790204786,6.28318530718,
8.377580409573),.UNSPECIFIED.) CURVE() GEOMETRIC_REPRESENTATION_ITEM() 
RATIONAL_B_SPLINE_CURVE((1.,0.5,1.,0.5,1.,0.5,1.)) REPRESENTATION_ITEM(
  '') );
#287 = CARTESIAN_POINT('',(43.085995098517,22.953673955214));
#288 = CARTESIAN_POINT('',(41.700354452462,22.953673955214));
#289 = CARTESIAN_POINT('',(42.393174775489,24.153673955214));
#290 = CARTESIAN_POINT('',(43.085995098517,25.353673955214));
#291 = CARTESIAN_POINT('',(43.778815421544,24.153673955214));
#292 = CARTESIAN_POINT('',(44.471635744572,22.953673955214));
#293 = CARTESIAN_POINT('',(43.085995098517,22.953673955214));
#294 = ( GEOMETRIC_REPRESENTATION_CONTEXT(2) 
PARAMETRIC_REPRESENTATION_CONTEXT() REPRESENTATION_CONTEXT('2D SPACE',''
  ) );
#295 = PCURVE('',#296,#301);
#296 = CYLINDRICAL_SURFACE('',#297,0.8);
#297 = AXIS2_PLACEMENT_3D('',#298,#299,#300);
#298 = CARTESIAN_POINT('',(-0.914004951483,6.95000005,23.753673955212));
#299 = DIRECTION('',(0.,-1.,1.110223024625E-16));
#300 = DIRECTION('',(-0.496973961028,9.634131863045E-17,0.867765453369)
  );
#301 = DEFINITIONAL_REPRESENTATION('',(#302),#306);
#302 = LINE('',#303,#304);
#303 = CARTESIAN_POINT('',(2.621484536495,23.55));
#304 = VECTOR('',#305,1.);
#305 = DIRECTION('',(-1.,0.));
#306 = ( GEOMETRIC_REPRESENTATION_CONTEXT(2) 
PARAMETRIC_REPRESENTATION_CONTEXT() REPRESENTATION_CONTEXT('2D SPACE',''
  ) );
#307 = ORIENTED_EDGE('',*,*,#308,.F.);
#308 = EDGE_CURVE('',#309,#276,#311,.T.);
#309 = VERTEX_POINT('',#310);
#310 = CARTESIAN_POINT('',(-5.427825647751,-16.59999995,22.090492567673)
  );
#311 = SURFACE_CURVE('',#312,(#316,#323),.PCURVE_S1.);
#312 = LINE('',#313,#314);
#313 = CARTESIAN_POINT('',(-14.00000005,-16.59999995,17.18116199826));
#314 = VECTOR('',#315,1.);
#315 = DIRECTION('',(0.867765453369,5.51751934172E-17,0.496973961028));
#316 = PCURVE('',#62,#317);
#317 = DEFINITIONAL_REPRESENTATION('',(#318),#322);
#318 = LINE('',#319,#320);
#319 = CARTESIAN_POINT('',(30.,17.181161998262));
#320 = VECTOR('',#321,1.);
#321 = DIRECTION('',(0.867765453369,0.496973961028));
#322 = ( GEOMETRIC_REPRESENTATION_CONTEXT(2) 
PARAMETRIC_REPRESENTATION_CONTEXT() REPRESENTATION_CONTEXT('2D SPACE',''
  ) );
#323 = PCURVE('',#324,#329);
#324 = PLANE('',#325);
#325 = AXIS2_PLACEMENT_3D('',#326,#327,#328);
#326 = CARTESIAN_POINT('',(15.99999995,12.60000005,34.362323996522));
#327 = DIRECTION('',(0.496973961028,-9.634131863045E-17,-0.867765453369)
  );
#328 = DIRECTION('',(-0.867765453369,-5.51751934172E-17,-0.496973961028)
  );
#329 = DEFINITIONAL_REPRESENTATION('',(#330),#334);
#330 = LINE('',#331,#332);
#331 = CARTESIAN_POINT('',(34.5715537344,-29.2));
#332 = VECTOR('',#333,1.);
#333 = DIRECTION('',(-1.,0.));
#334 = ( GEOMETRIC_REPRESENTATION_CONTEXT(2) 
PARAMETRIC_REPRESENTATION_CONTEXT() REPRESENTATION_CONTEXT('2D SPACE',''
  ) );
#335 = ORIENTED_EDGE('',*,*,#336,.T.);
#336 = EDGE_CURVE('',#309,#42,#337,.T.);
#337 = SURFACE_CURVE('',#338,(#343,#354),.PCURVE_S1.);
#338 = CIRCLE('',#339,44.45);
#339 = AXIS2_PLACEMENT_3D('',#340,#341,#342);
#340 = CARTESIAN_POINT('',(-44.00000005,-16.59999995,-1.468669630361E-12
    ));
#341 = DIRECTION('',(0.,1.,-1.110223024625E-16));
#342 = DIRECTION('',(0.867765453369,5.51751934172E-17,0.496973961028));
#343 = PCURVE('',#62,#344);
#344 = DEFINITIONAL_REPRESENTATION('',(#345),#353);
#345 = ( BOUNDED_CURVE() B_SPLINE_CURVE(2,(#346,#347,#348,#349,#350,#351
,#352),.UNSPECIFIED.,.T.,.F.) B_SPLINE_CURVE_WITH_KNOTS((1,2,2,2,2,1),(
    -2.094395102393,0.,2.094395102393,4.188790204786,6.28318530718,
8.377580409573),.UNSPECIFIED.) CURVE() GEOMETRIC_REPRESENTATION_ITEM() 
RATIONAL_B_SPLINE_CURVE((1.,0.5,1.,0.5,1.,0.5,1.)) REPRESENTATION_ITEM(
  '') );
#346 = CARTESIAN_POINT('',(38.572174402249,22.090492567675));
#347 = CARTESIAN_POINT('',(76.834029893684,-44.71847325542));
#348 = CARTESIAN_POINT('',(-0.155159455407,-44.44972919538));
#349 = CARTESIAN_POINT('',(-77.14434880449,-44.18098513535));
#350 = CARTESIAN_POINT('',(-38.41701494684,22.359236627714));
#351 = CARTESIAN_POINT('',(0.310318910813,88.899458390778));
#352 = CARTESIAN_POINT('',(38.572174402249,22.090492567675));
#353 = ( GEOMETRIC_REPRESENTATION_CONTEXT(2) 
PARAMETRIC_REPRESENTATION_CONTEXT() REPRESENTATION_CONTEXT('2D SPACE',''
  ) );
#354 = PCURVE('',#202,#355);
#355 = DEFINITIONAL_REPRESENTATION('',(#356),#360);
#356 = LINE('',#357,#358);
#357 = CARTESIAN_POINT('',(-6.803293424274,0.));
#358 = VECTOR('',#359,1.);
#359 = DIRECTION('',(1.,-0.));
#360 = ( GEOMETRIC_REPRESENTATION_CONTEXT(2) 
PARAMETRIC_REPRESENTATION_CONTEXT() REPRESENTATION_CONTEXT('2D SPACE',''
  ) );
#361 = ADVANCED_FACE('',(#362),#90,.T.);
#362 = FACE_BOUND('',#363,.T.);
#363 = EDGE_LOOP('',(#364,#388,#557,#585,#735,#736));
#364 = ORIENTED_EDGE('',*,*,#365,.T.);
#365 = EDGE_CURVE('',#75,#366,#368,.T.);
#366 = VERTEX_POINT('',#367);
#367 = CARTESIAN_POINT('',(-0.960641273191,7.40000005,-24.5523134568));
#368 = SURFACE_CURVE('',#369,(#374,#381),.PCURVE_S1.);
#369 = CIRCLE('',#370,0.8);
#370 = AXIS2_PLACEMENT_3D('',#371,#372,#373);
#371 = CARTESIAN_POINT('',(-0.914004951483,7.40000005,-23.75367395521));
#372 = DIRECTION('',(0.,-1.,1.110223024625E-16));
#373 = DIRECTION('',(0.,-1.110223024625E-16,-1.));
#374 = PCURVE('',#90,#375);
#375 = DEFINITIONAL_REPRESENTATION('',(#376),#380);
#376 = LINE('',#377,#378);
#377 = CARTESIAN_POINT('',(-5.763077190085,-0.45));
#378 = VECTOR('',#379,1.);
#379 = DIRECTION('',(1.,0.));
#380 = ( GEOMETRIC_REPRESENTATION_CONTEXT(2) 
PARAMETRIC_REPRESENTATION_CONTEXT() REPRESENTATION_CONTEXT('2D SPACE',''
  ) );
#381 = PCURVE('',#118,#382);
#382 = DEFINITIONAL_REPRESENTATION('',(#383),#387);
#383 = CIRCLE('',#384,0.8);
#384 = AXIS2_PLACEMENT_2D('',#385,#386);
#385 = CARTESIAN_POINT('',(43.085995098517,-23.75367395521));
#386 = DIRECTION('',(-0.,-1.));
#387 = ( GEOMETRIC_REPRESENTATION_CONTEXT(2) 
PARAMETRIC_REPRESENTATION_CONTEXT() REPRESENTATION_CONTEXT('2D SPACE',''
  ) );
#388 = ORIENTED_EDGE('',*,*,#389,.T.);
#389 = EDGE_CURVE('',#366,#390,#392,.T.);
#390 = VERTEX_POINT('',#391);
#391 = CARTESIAN_POINT('',(-0.213419665329,6.95000005,-24.13991255611));
#392 = SURFACE_CURVE('',#393,(#444,#498),.PCURVE_S1.);
#393 = B_SPLINE_CURVE_WITH_KNOTS('',7,(#394,#395,#396,#397,#398,#399,
    #400,#401,#402,#403,#404,#405,#406,#407,#408,#409,#410,#411,#412,
    #413,#414,#415,#416,#417,#418,#419,#420,#421,#422,#423,#424,#425,
    #426,#427,#428,#429,#430,#431,#432,#433,#434,#435,#436,#437,#438,
    #439,#440,#441,#442,#443),.UNSPECIFIED.,.F.,.F.,(8,6,6,6,6,6,6,6,8),
  (0.,0.187084578102,0.364631593854,0.436754428871,0.547430369601,
    0.672715118271,0.761702552019,0.844006313074,1.),.UNSPECIFIED.);
#394 = CARTESIAN_POINT('',(-0.904929648815,7.604295774883,
    -24.55362247786));
#395 = CARTESIAN_POINT('',(-0.920702917227,7.577572247901,
    -24.55380142335));
#396 = CARTESIAN_POINT('',(-0.933982124182,7.549587560846,
    -24.55358919472));
#397 = CARTESIAN_POINT('',(-0.944674014876,7.520558460258,
    -24.55319154744));
#398 = CARTESIAN_POINT('',(-0.952715503793,7.490729363655,
    -24.55277726492));
#399 = CARTESIAN_POINT('',(-0.958066847366,7.460362632549,
    -24.55246376186));
#400 = CARTESIAN_POINT('',(-0.960708303347,7.429729684984,
    -24.55230954268));
#401 = CARTESIAN_POINT('',(-0.960575718427,7.370037559695,
    -24.55231728477));
#402 = CARTESIAN_POINT('',(-0.958070896475,7.340976887396,
    -24.55246353186));
#403 = CARTESIAN_POINT('',(-0.953126044878,7.312153693855,
    -24.55275147621));
#404 = CARTESIAN_POINT('',(-0.945757739814,7.283799797826,
    -24.55313203802));
#405 = CARTESIAN_POINT('',(-0.935998803622,7.256139851768,
    -24.55350840419));
#406 = CARTESIAN_POINT('',(-0.923900816155,7.229384521334,
    -24.55374166068));
#407 = CARTESIAN_POINT('',(-0.903705297005,7.193298915287,
    -24.55362892457));
#408 = CARTESIAN_POINT('',(-0.897497834074,7.183055189072,
    -24.55354469625));
#409 = CARTESIAN_POINT('',(-0.890921837666,7.173004659907,
    -24.55339724186));
#410 = CARTESIAN_POINT('',(-0.883982984913,7.163159366559,
    -24.55317430948));
#411 = CARTESIAN_POINT('',(-0.876687637287,7.153530614241,
    -24.55286295942));
#412 = CARTESIAN_POINT('',(-0.869042840598,7.144128974615,
    -24.55244956429));
#413 = CARTESIAN_POINT('',(-0.848800634726,7.12090063234,-24.55110687395
    ));
#414 = CARTESIAN_POINT('',(-0.835740251322,7.107394785613,
    -24.55002007705));
#415 = CARTESIAN_POINT('',(-0.821903277642,7.094482034416,
    -24.54860819904));
#416 = CARTESIAN_POINT('',(-0.807321919487,7.082192671198,
    -24.54681729087));
#417 = CARTESIAN_POINT('',(-0.792032511734,7.070551335483,
    -24.54459169808));
#418 = CARTESIAN_POINT('',(-0.776075544467,7.059576357307,
    -24.54187508533));
#419 = CARTESIAN_POINT('',(-0.740727355189,7.037622644845,
    -24.53491705032));
#420 = CARTESIAN_POINT('',(-0.721161025036,7.026834702812,
    -24.53052178838));
#421 = CARTESIAN_POINT('',(-0.700860877573,7.016931659247,
    -24.52534404743));
#422 = CARTESIAN_POINT('',(-0.679897883212,7.007918331551,
    -24.51930311735));
#423 = CARTESIAN_POINT('',(-0.658349040306,6.999787474076,
    -24.51231987633));
#424 = CARTESIAN_POINT('',(-0.636296611609,6.992519282344,
    -24.50431746162));
#425 = CARTESIAN_POINT('',(-0.597867868493,6.981507831776,
    -24.48876155996));
#426 = CARTESIAN_POINT('',(-0.581698586423,6.977353575515,
    -24.48174993314));
#427 = CARTESIAN_POINT('',(-0.565350334198,6.973606322501,
    -24.47416023935));
#428 = CARTESIAN_POINT('',(-0.548855830447,6.9702512618,-24.46596670399)
  );
#429 = CARTESIAN_POINT('',(-0.532249692756,6.967270577549,
    -24.45714459821));
#430 = CARTESIAN_POINT('',(-0.515568437662,6.964643448952,
    -24.44767023893));
#431 = CARTESIAN_POINT('',(-0.483388176821,6.960221204758,
    -24.42813402907));
#432 = CARTESIAN_POINT('',(-0.467895300797,6.958378523079,
    -24.41817027818));
#433 = CARTESIAN_POINT('',(-0.452401883446,6.956799278773,
    -24.40761188808));
#434 = CARTESIAN_POINT('',(-0.436941113047,6.955462676519,
    -24.39644272586));
#435 = CARTESIAN_POINT('',(-0.42154922502,6.954346177479,-24.38464917552
    ));
#436 = CARTESIAN_POINT('',(-0.406265391653,6.953425824629,
    -24.37222093969));
#437 = CARTESIAN_POINT('',(-0.362447939507,6.951256471489,
    -24.33438144454));
#438 = CARTESIAN_POINT('',(-0.334277028364,6.950449905749,
    -24.30728628013));
#439 = CARTESIAN_POINT('',(-0.30694420879,6.950090823206,-24.27784975854
    ));
#440 = CARTESIAN_POINT('',(-0.280816448854,6.94999973413,-24.24613591429
    ));
#441 = CARTESIAN_POINT('',(-0.256282457623,6.950000132816,
    -24.21231996673));
#442 = CARTESIAN_POINT('',(-0.233719452725,6.95000005,-24.17673366184));
#443 = CARTESIAN_POINT('',(-0.213419665329,6.95000005,-24.13991255611));
#444 = PCURVE('',#90,#445);
#445 = DEFINITIONAL_REPRESENTATION('',(#446),#497);
#446 = B_SPLINE_CURVE_WITH_KNOTS('',7,(#447,#448,#449,#450,#451,#452,
    #453,#454,#455,#456,#457,#458,#459,#460,#461,#462,#463,#464,#465,
    #466,#467,#468,#469,#470,#471,#472,#473,#474,#475,#476,#477,#478,
    #479,#480,#481,#482,#483,#484,#485,#486,#487,#488,#489,#490,#491,
    #492,#493,#494,#495,#496),.UNSPECIFIED.,.F.,.F.,(8,6,6,6,6,6,6,6,8),
  (0.18630172464,0.187084578102,0.364631593854,0.436754428871,
    0.547430369601,0.672715118271,0.761702552019,0.844006313074,1.),
  .UNSPECIFIED.);
#447 = CARTESIAN_POINT('',(0.461779646291,-0.45));
#448 = CARTESIAN_POINT('',(0.461779646293,-0.449871842384));
#449 = CARTESIAN_POINT('',(0.461779705699,-0.449743684777));
#450 = CARTESIAN_POINT('',(0.461779824508,-0.449615527199));
#451 = CARTESIAN_POINT('',(0.461780002722,-0.44948736967));
#452 = CARTESIAN_POINT('',(0.46178024034,-0.44935921221));
#453 = CARTESIAN_POINT('',(0.461780537363,-0.449231054838));
#454 = CARTESIAN_POINT('',(0.461861729338,-0.420037509695));
#455 = CARTESIAN_POINT('',(0.464998064231,-0.390976837396));
#456 = CARTESIAN_POINT('',(0.47118968218,-0.362153643855));
#457 = CARTESIAN_POINT('',(0.480412031835,-0.333799747826));
#458 = CARTESIAN_POINT('',(0.492617444316,-0.306139801768));
#459 = CARTESIAN_POINT('',(0.507738035544,-0.279384471334));
#460 = CARTESIAN_POINT('',(0.532982827803,-0.243298865287));
#461 = CARTESIAN_POINT('',(0.540742676371,-0.233055139072));
#462 = CARTESIAN_POINT('',(0.548964184853,-0.223004609907));
#463 = CARTESIAN_POINT('',(0.557641372859,-0.213159316559));
#464 = CARTESIAN_POINT('',(0.566767933825,-0.203530564241));
#465 = CARTESIAN_POINT('',(0.576337235007,-0.194128924615));
#466 = CARTESIAN_POINT('',(0.601695595189,-0.17090058234));
#467 = CARTESIAN_POINT('',(0.618075203926,-0.157394735613));
#468 = CARTESIAN_POINT('',(0.635456191911,-0.144481984416));
#469 = CARTESIAN_POINT('',(0.653812377262,-0.132192621198));
#470 = CARTESIAN_POINT('',(0.673117023415,-0.120551285483));
#471 = CARTESIAN_POINT('',(0.693343514544,-0.109576307307));
#472 = CARTESIAN_POINT('',(0.738376640139,-8.762259484464E-02));
#473 = CARTESIAN_POINT('',(0.763435174368,-7.683465281238E-02));
#474 = CARTESIAN_POINT('',(0.789604907039,-6.693160924661E-02));
#475 = CARTESIAN_POINT('',(0.816850338119,-5.791828155149E-02));
#476 = CARTESIAN_POINT('',(0.845139105889,-4.978742407572E-02));
#477 = CARTESIAN_POINT('',(0.874443898663,-4.251923234415E-02));
#478 = CARTESIAN_POINT('',(0.926266226948,-3.15077817761E-02));
#479 = CARTESIAN_POINT('',(0.948289832163,-2.735352551493E-02));
#480 = CARTESIAN_POINT('',(0.970808050779,-2.36062725012E-02));
#481 = CARTESIAN_POINT('',(0.993814829733,-2.025121180049E-02));
#482 = CARTESIAN_POINT('',(1.017305194284,-1.727052754869E-02));
#483 = CARTESIAN_POINT('',(1.041275248009,-1.464339895203E-02));
#484 = CARTESIAN_POINT('',(1.088332936731,-1.022115475777E-02));
#485 = CARTESIAN_POINT('',(1.111350534404,-8.378473078715E-03));
#486 = CARTESIAN_POINT('',(1.134773280341,-6.799228772912E-03));
#487 = CARTESIAN_POINT('',(1.158598178299,-5.462626518863E-03));
#488 = CARTESIAN_POINT('',(1.182820554601,-4.346127479113E-03));
#489 = CARTESIAN_POINT('',(1.207433691468,-3.425774628786E-03));
#490 = CARTESIAN_POINT('',(1.27980206882,-1.256421488785E-03));
#491 = CARTESIAN_POINT('',(1.328589888616,-4.498557485346E-04));
#492 = CARTESIAN_POINT('',(1.378671319281,-9.077320576234E-05));
#493 = CARTESIAN_POINT('',(1.429867305013,3.158699024564E-07));
#494 = CARTESIAN_POINT('',(1.481927789042,-8.281572161373E-08));
#495 = CARTESIAN_POINT('',(1.534499571026,3.330669073875E-16));
#496 = CARTESIAN_POINT('',(1.587057205994,4.440892098501E-16));
#497 = ( GEOMETRIC_REPRESENTATION_CONTEXT(2) 
PARAMETRIC_REPRESENTATION_CONTEXT() REPRESENTATION_CONTEXT('2D SPACE',''
  ) );
#498 = PCURVE('',#499,#504);
#499 = TOROIDAL_SURFACE('',#500,50.,0.45);
#500 = AXIS2_PLACEMENT_3D('',#501,#502,#503);
#501 = CARTESIAN_POINT('',(-44.00000005,7.40000005,-1.468669630361E-12)
  );
#502 = DIRECTION('',(0.,1.,-1.110223024625E-16));
#503 = DIRECTION('',(1.,0.,0.));
#504 = DEFINITIONAL_REPRESENTATION('',(#505),#556);
#505 = B_SPLINE_CURVE_WITH_KNOTS('',7,(#506,#507,#508,#509,#510,#511,
    #512,#513,#514,#515,#516,#517,#518,#519,#520,#521,#522,#523,#524,
    #525,#526,#527,#528,#529,#530,#531,#532,#533,#534,#535,#536,#537,
    #538,#539,#540,#541,#542,#543,#544,#545,#546,#547,#548,#549,#550,
    #551,#552,#553,#554,#555),.UNSPECIFIED.,.F.,.F.,(8,6,6,6,6,6,6,6,8),
  (0.18630172464,0.187084578102,0.364631593854,0.436754428871,
    0.547430369601,0.672715118271,0.761702552019,0.844006313074,1.),
  .UNSPECIFIED.);
#506 = CARTESIAN_POINT('',(-5.764768234147,3.141592653601));
#507 = CARTESIAN_POINT('',(-5.764768234147,3.141877448299));
#508 = CARTESIAN_POINT('',(-5.764768234572,3.142162242979));
#509 = CARTESIAN_POINT('',(-5.764768235424,3.142447037632));
#510 = CARTESIAN_POINT('',(-5.764768236702,3.142731832253));
#511 = CARTESIAN_POINT('',(-5.764768238405,3.143016626834));
#512 = CARTESIAN_POINT('',(-5.764768240535,3.14330142137));
#513 = CARTESIAN_POINT('',(-5.764768822598,3.208176095048));
#514 = CARTESIAN_POINT('',(-5.764791307439,3.272765176649));
#515 = CARTESIAN_POINT('',(-5.764835708621,3.337276445267));
#516 = CARTESIAN_POINT('',(-5.764902708574,3.401634352834));
#517 = CARTESIAN_POINT('',(-5.764993651319,3.465759144059));
#518 = CARTESIAN_POINT('',(-5.765110417872,3.529560701751));
#519 = CARTESIAN_POINT('',(-5.765313994681,3.618674453065));
#520 = CARTESIAN_POINT('',(-5.7653774223,3.644346030639));
#521 = CARTESIAN_POINT('',(-5.765445618992,3.669939590755));
#522 = CARTESIAN_POINT('',(-5.765518738886,3.695447559236));
#523 = CARTESIAN_POINT('',(-5.765596940975,3.720861841714));
#524 = CARTESIAN_POINT('',(-5.765680389117,3.746173823619));
#525 = CARTESIAN_POINT('',(-5.765905616445,3.810045814507));
#526 = CARTESIAN_POINT('',(-5.766054729202,3.848454947043));
#527 = CARTESIAN_POINT('',(-5.766217189594,3.886568175825));
#528 = CARTESIAN_POINT('',(-5.766393601876,3.924348848894));
#529 = CARTESIAN_POINT('',(-5.766584557731,3.961756541129));
#530 = CARTESIAN_POINT('',(-5.766790618716,3.998746341066));
#531 = CARTESIAN_POINT('',(-5.767263239644,4.076610674189));
#532 = CARTESIAN_POINT('',(-5.767534191506,4.117353164642));
#533 = CARTESIAN_POINT('',(-5.767825913249,4.157423715667));
#534 = CARTESIAN_POINT('',(-5.76813908018,4.196742102833));
#535 = CARTESIAN_POINT('',(-5.768474281925,4.235217765936));
#536 = CARTESIAN_POINT('',(-5.768832020402,4.272747804243));
#537 = CARTESIAN_POINT('',(-5.769483102956,4.335116924563));
#538 = CARTESIAN_POINT('',(-5.769765067273,4.360481587388));
#539 = CARTESIAN_POINT('',(-5.770058756245,4.385267866462));
#540 = CARTESIAN_POINT('',(-5.770364290653,4.409428867582));
#541 = CARTESIAN_POINT('',(-5.770681756547,4.432911896081));
#542 = CARTESIAN_POINT('',(-5.771011205241,4.455658456832));
#543 = CARTESIAN_POINT('',(-5.771668455889,4.497901745594));
#544 = CARTESIAN_POINT('',(-5.771994505966,4.517512942925));
#545 = CARTESIAN_POINT('',(-5.772330819647,4.536387287252));
#546 = CARTESIAN_POINT('',(-5.772677354265,4.554466856441));
#547 = CARTESIAN_POINT('',(-5.773033995928,4.5716873408));
#548 = CARTESIAN_POINT('',(-5.773400547059,4.587979018669));
#549 = CARTESIAN_POINT('',(-5.774489678437,4.632245056138));
#550 = CARTESIAN_POINT('',(-5.775237837051,4.657646166497));
#551 = CARTESIAN_POINT('',(-5.776018358895,4.678916983803));
#552 = CARTESIAN_POINT('',(-5.776826645145,4.695470515926));
#553 = CARTESIAN_POINT('',(-5.777655998485,4.706751509706));
#554 = CARTESIAN_POINT('',(-5.778497147125,4.712388980385));
#555 = CARTESIAN_POINT('',(-5.779338069284,4.712388980385));
#556 = ( GEOMETRIC_REPRESENTATION_CONTEXT(2) 
PARAMETRIC_REPRESENTATION_CONTEXT() REPRESENTATION_CONTEXT('2D SPACE',''
  ) );
#557 = ORIENTED_EDGE('',*,*,#558,.T.);
#558 = EDGE_CURVE('',#390,#559,#561,.T.);
#559 = VERTEX_POINT('',#560);
#560 = CARTESIAN_POINT('',(-0.213419665329,-16.14999995,-24.13991255611)
  );
#561 = SURFACE_CURVE('',#562,(#566,#573),.PCURVE_S1.);
#562 = LINE('',#563,#564);
#563 = CARTESIAN_POINT('',(-0.213419665329,6.95000005,-24.13991255611));
#564 = VECTOR('',#565,1.);
#565 = DIRECTION('',(0.,-1.,1.110223024625E-16));
#566 = PCURVE('',#90,#567);
#567 = DEFINITIONAL_REPRESENTATION('',(#568),#572);
#568 = LINE('',#569,#570);
#569 = CARTESIAN_POINT('',(1.587057205994,0.));
#570 = VECTOR('',#571,1.);
#571 = DIRECTION('',(0.,1.));
#572 = ( GEOMETRIC_REPRESENTATION_CONTEXT(2) 
PARAMETRIC_REPRESENTATION_CONTEXT() REPRESENTATION_CONTEXT('2D SPACE',''
  ) );
#573 = PCURVE('',#574,#579);
#574 = CYLINDRICAL_SURFACE('',#575,50.);
#575 = AXIS2_PLACEMENT_3D('',#576,#577,#578);
#576 = CARTESIAN_POINT('',(-44.00000005,6.95000005,-1.468669630361E-12)
  );
#577 = DIRECTION('',(0.,-1.,1.110223024625E-16));
#578 = DIRECTION('',(1.,0.,0.));
#579 = DEFINITIONAL_REPRESENTATION('',(#580),#584);
#580 = LINE('',#581,#582);
#581 = CARTESIAN_POINT('',(5.779338069284,0.));
#582 = VECTOR('',#583,1.);
#583 = DIRECTION('',(0.,1.));
#584 = ( GEOMETRIC_REPRESENTATION_CONTEXT(2) 
PARAMETRIC_REPRESENTATION_CONTEXT() REPRESENTATION_CONTEXT('2D SPACE',''
  ) );
#585 = ORIENTED_EDGE('',*,*,#586,.F.);
#586 = EDGE_CURVE('',#219,#559,#587,.T.);
#587 = SURFACE_CURVE('',#588,(#639,#687),.PCURVE_S1.);
#588 = B_SPLINE_CURVE_WITH_KNOTS('',7,(#589,#590,#591,#592,#593,#594,
    #595,#596,#597,#598,#599,#600,#601,#602,#603,#604,#605,#606,#607,
    #608,#609,#610,#611,#612,#613,#614,#615,#616,#617,#618,#619,#620,
    #621,#622,#623,#624,#625,#626,#627,#628,#629,#630,#631,#632,#633,
    #634,#635,#636,#637,#638),.UNSPECIFIED.,.F.,.F.,(8,6,6,6,6,6,6,6,8),
  (0.,0.185501132103,0.363229649667,0.434295466553,0.543741924155,
    0.669767611809,0.759677605177,0.843246311472,1.),.UNSPECIFIED.);
#589 = CARTESIAN_POINT('',(-0.904929648815,-16.80429567488,
    -24.55362247786));
#590 = CARTESIAN_POINT('',(-0.920569462354,-16.777798251,-24.55379990932
    ));
#591 = CARTESIAN_POINT('',(-0.933757235011,-16.75006092448,
    -24.55359275728));
#592 = CARTESIAN_POINT('',(-0.944402070136,-16.72129497636,
    -24.5532016019));
#593 = CARTESIAN_POINT('',(-0.952442214596,-16.6917384427,
    -24.55279127854));
#594 = CARTESIAN_POINT('',(-0.957838536522,-16.66164678722,
    -24.55247709427));
#595 = CARTESIAN_POINT('',(-0.960571299415,-16.63128437787,
    -24.55231754281));
#596 = CARTESIAN_POINT('',(-0.960706277487,-16.5718215786,
    -24.55230966098));
#597 = CARTESIAN_POINT('',(-0.958327053852,-16.54272074787,
    -24.55244857363));
#598 = CARTESIAN_POINT('',(-0.953502211796,-16.51384775731,
    -24.55273119253));
#599 = CARTESIAN_POINT('',(-0.946247818702,-16.48543532645,
    -24.55310995912));
#600 = CARTESIAN_POINT('',(-0.936596200051,-16.45770915916,
    -24.55348927339));
#601 = CARTESIAN_POINT('',(-0.924598429043,-16.43088109693,
    -24.55373106934));
#602 = CARTESIAN_POINT('',(-0.904623933978,-16.39484961678,
    -24.55363929839));
#603 = CARTESIAN_POINT('',(-0.898555270018,-16.38473153767,
    -24.5535639969));
#604 = CARTESIAN_POINT('',(-0.892128203772,-16.37479970078,
    -24.5534286131));
#605 = CARTESIAN_POINT('',(-0.885348108359,-16.36506568146,
    -24.55322149514));
#606 = CARTESIAN_POINT('',(-0.87822099943,-16.35554037054,
    -24.55293033371));
#607 = CARTESIAN_POINT('',(-0.870753535166,-16.34623397432,
    -24.55254216204));
#608 = CARTESIAN_POINT('',(-0.850939657434,-16.32317530514,
    -24.55127515857));
#609 = CARTESIAN_POINT('',(-0.838136351954,-16.30973624285,
    -24.55024469296));
#610 = CARTESIAN_POINT('',(-0.824569929443,-16.29687336224,
    -24.54890267253));
#611 = CARTESIAN_POINT('',(-0.810271127725,-16.28461647614,
    -24.54719712488));
#612 = CARTESIAN_POINT('',(-0.795274630562,-16.27299004833,
    -24.54507436781));
#613 = CARTESIAN_POINT('',(-0.779619105368,-16.26201256639,
    -24.54247998553));
#614 = CARTESIAN_POINT('',(-0.744610472725,-16.23981646942,
    -24.5357669711));
#615 = CARTESIAN_POINT('',(-0.72505665985,-16.22881328764,-24.5314770711
    ));
#616 = CARTESIAN_POINT('',(-0.704750384951,-16.2187044293,
    -24.52640699348));
#617 = CARTESIAN_POINT('',(-0.683763209006,-16.20949617629,
    -24.52047442663));
#618 = CARTESIAN_POINT('',(-0.662172895129,-16.20118249976,
    -24.51359859526));
#619 = CARTESIAN_POINT('',(-0.640062632379,-16.19374452775,
    -24.50570099717));
#620 = CARTESIAN_POINT('',(-0.60143794628,-16.18244531483,
    -24.49028897546));
#621 = CARTESIAN_POINT('',(-0.585136209827,-16.17817007706,
    -24.48331350413));
#622 = CARTESIAN_POINT('',(-0.56864657694,-16.17431257987,-24.4757520739
    ));
#623 = CARTESIAN_POINT('',(-0.55200263472,-16.17085793588,
    -24.46757798162));
#624 = CARTESIAN_POINT('',(-0.53523994421,-16.16778810537,
    -24.45876554448));
#625 = CARTESIAN_POINT('',(-0.51839595397,-16.16508191162,
    -24.44929017148));
#626 = CARTESIAN_POINT('',(-0.485814833602,-16.16051513361,
    -24.42968339834));
#627 = CARTESIAN_POINT('',(-0.470084346991,-16.1586084775,
    -24.41964592563));
#628 = CARTESIAN_POINT('',(-0.454349659864,-16.15697568908,
    -24.40899718626));
#629 = CARTESIAN_POINT('',(-0.438645292577,-16.15559515997,
    -24.39772011743));
#630 = CARTESIAN_POINT('',(-0.4230089667,-16.15444341187,-24.3858002654)
  );
#631 = CARTESIAN_POINT('',(-0.4074814919,-16.15349543608,-24.37322662685
    ));
#632 = CARTESIAN_POINT('',(-0.363267355926,-16.15127995253,
    -24.33516860783));
#633 = CARTESIAN_POINT('',(-0.334940613134,-16.15045863774,
    -24.30799985165));
#634 = CARTESIAN_POINT('',(-0.307451929296,-16.15009245068,
    -24.27846545755));
#635 = CARTESIAN_POINT('',(-0.281172772937,-16.14999964798,
    -24.24662736213));
#636 = CARTESIAN_POINT('',(-0.256499190533,-16.15000002058,
    -24.21266226948));
#637 = CARTESIAN_POINT('',(-0.233815813033,-16.14999995,-24.17690844658)
  );
#638 = CARTESIAN_POINT('',(-0.213419665329,-16.14999995,-24.13991255611)
  );
#639 = PCURVE('',#90,#640);
#640 = DEFINITIONAL_REPRESENTATION('',(#641),#686);
#641 = B_SPLINE_CURVE_WITH_KNOTS('',7,(#642,#643,#644,#645,#646,#647,
    #648,#649,#650,#651,#652,#653,#654,#655,#656,#657,#658,#659,#660,
    #661,#662,#663,#664,#665,#666,#667,#668,#669,#670,#671,#672,#673,
    #674,#675,#676,#677,#678,#679,#680,#681,#682,#683,#684,#685),
  .UNSPECIFIED.,.F.,.F.,(8,6,6,6,6,6,6,8),(0.186301187161,0.363229649667
    ,0.434295466553,0.543741924155,0.669767611809,0.759677605177,
    0.843246311472,1.),.UNSPECIFIED.);
#642 = CARTESIAN_POINT('',(0.461779646293,23.55));
#643 = CARTESIAN_POINT('',(0.461779646031,23.521035703991));
#644 = CARTESIAN_POINT('',(0.464813918098,23.492071024341));
#645 = CARTESIAN_POINT('',(0.470882656101,23.463336290122));
#646 = CARTESIAN_POINT('',(0.479962067691,23.435060998297));
#647 = CARTESIAN_POINT('',(0.492005525987,23.407467695116));
#648 = CARTESIAN_POINT('',(0.506946389601,23.38076527947));
#649 = CARTESIAN_POINT('',(0.531834480411,23.344849666784));
#650 = CARTESIAN_POINT('',(0.539420712008,23.334731587679));
#651 = CARTESIAN_POINT('',(0.547455810327,23.324799750783));
#652 = CARTESIAN_POINT('',(0.555934087406,23.315065731461));
#653 = CARTESIAN_POINT('',(0.56484954307,23.305540420543));
#654 = CARTESIAN_POINT('',(0.574195864929,23.296234024329));
#655 = CARTESIAN_POINT('',(0.599013797224,23.273175355144));
#656 = CARTESIAN_POINT('',(0.615067519452,23.25973629285));
#657 = CARTESIAN_POINT('',(0.632103577782,23.246873412248));
#658 = CARTESIAN_POINT('',(0.650096739902,23.234616526141));
#659 = CARTESIAN_POINT('',(0.669021189526,23.222990098338));
#660 = CARTESIAN_POINT('',(0.688851157459,23.212012616393));
#661 = CARTESIAN_POINT('',(0.733409211625,23.189816519423));
#662 = CARTESIAN_POINT('',(0.758424006126,23.178813337644));
#663 = CARTESIAN_POINT('',(0.784568314697,23.1687044793));
#664 = CARTESIAN_POINT('',(0.811805662251,23.159496226291));
#665 = CARTESIAN_POINT('',(0.840102671773,23.151182549766));
#666 = CARTESIAN_POINT('',(0.869431016005,23.143744577754));
#667 = CARTESIAN_POINT('',(0.921413536945,23.132445364835));
#668 = CARTESIAN_POINT('',(0.943571090574,23.128170127069));
#669 = CARTESIAN_POINT('',(0.966234804431,23.124312629872));
#670 = CARTESIAN_POINT('',(0.98939814843,23.12085798588));
#671 = CARTESIAN_POINT('',(1.013055608012,23.11778815537));
#672 = CARTESIAN_POINT('',(1.037203004145,23.115081961628));
#673 = CARTESIAN_POINT('',(1.084735147172,23.110515183618));
#674 = CARTESIAN_POINT('',(1.108052256873,23.1086085275));
#675 = CARTESIAN_POINT('',(1.131787405848,23.106975739081));
#676 = CARTESIAN_POINT('',(1.155937528315,23.105595209979));
#677 = CARTESIAN_POINT('',(1.180497851722,23.104443461879));
#678 = CARTESIAN_POINT('',(1.205461519166,23.103495486089));
#679 = CARTESIAN_POINT('',(1.278383809056,23.101280002537));
#680 = CARTESIAN_POINT('',(1.327374993503,23.100458687743));
#681 = CARTESIAN_POINT('',(1.377677066714,23.100092500688));
#682 = CARTESIAN_POINT('',(1.429110908171,23.099999697986));
#683 = CARTESIAN_POINT('',(1.481422281999,23.100000070585));
#684 = CARTESIAN_POINT('',(1.534250087137,23.1));
#685 = CARTESIAN_POINT('',(1.587057205994,23.1));
#686 = ( GEOMETRIC_REPRESENTATION_CONTEXT(2) 
PARAMETRIC_REPRESENTATION_CONTEXT() REPRESENTATION_CONTEXT('2D SPACE',''
  ) );
#687 = PCURVE('',#263,#688);
#688 = DEFINITIONAL_REPRESENTATION('',(#689),#734);
#689 = B_SPLINE_CURVE_WITH_KNOTS('',7,(#690,#691,#692,#693,#694,#695,
    #696,#697,#698,#699,#700,#701,#702,#703,#704,#705,#706,#707,#708,
    #709,#710,#711,#712,#713,#714,#715,#716,#717,#718,#719,#720,#721,
    #722,#723,#724,#725,#726,#727,#728,#729,#730,#731,#732,#733),
  .UNSPECIFIED.,.F.,.F.,(8,6,6,6,6,6,6,8),(0.186301187161,0.363229649667
    ,0.434295466553,0.543741924155,0.669767611809,0.759677605177,
    0.843246311472,1.),.UNSPECIFIED.);
#690 = CARTESIAN_POINT('',(-5.764768234147,3.141592653599));
#691 = CARTESIAN_POINT('',(-5.764768234155,3.077227551907));
#692 = CARTESIAN_POINT('',(-5.764789987103,3.012861616669));
#693 = CARTESIAN_POINT('',(-5.764833492318,2.948571038854));
#694 = CARTESIAN_POINT('',(-5.764899411021,2.884430506827));
#695 = CARTESIAN_POINT('',(-5.764989058271,2.820518786289));
#696 = CARTESIAN_POINT('',(-5.765104281811,2.756924764016));
#697 = CARTESIAN_POINT('',(-5.765304644125,2.668380507525));
#698 = CARTESIAN_POINT('',(-5.765366532113,2.643075288396));
#699 = CARTESIAN_POINT('',(-5.765433033876,2.617845016083));
#700 = CARTESIAN_POINT('',(-5.765504296263,2.592696894545));
#701 = CARTESIAN_POINT('',(-5.765580470894,2.567638613626));
#702 = CARTESIAN_POINT('',(-5.765661714161,2.542678349046));
#703 = CARTESIAN_POINT('',(-5.765881361949,2.479548455521));
#704 = CARTESIAN_POINT('',(-5.766026938429,2.441525073631));
#705 = CARTESIAN_POINT('',(-5.766185495518,2.403786803455));
#706 = CARTESIAN_POINT('',(-5.766357618283,2.366368734389));
#707 = CARTESIAN_POINT('',(-5.766543881134,2.329309528549));
#708 = CARTESIAN_POINT('',(-5.766744830953,2.292652090816));
#709 = CARTESIAN_POINT('',(-5.767209850833,2.214751528673));
#710 = CARTESIAN_POINT('',(-5.767478867985,2.173655232981));
#711 = CARTESIAN_POINT('',(-5.767768802014,2.133227624042));
#712 = CARTESIAN_POINT('',(-5.768080349649,2.093549309735));
#713 = CARTESIAN_POINT('',(-5.768414120997,2.054711271346));
#714 = CARTESIAN_POINT('',(-5.768770636528,2.016816901325));
#715 = CARTESIAN_POINT('',(-5.769421202976,1.953706523472));
#716 = CARTESIAN_POINT('',(-5.769703867861,1.927970166288));
#717 = CARTESIAN_POINT('',(-5.769998481926,1.902817230201));
#718 = CARTESIAN_POINT('',(-5.770305173001,1.878295371967));
#719 = CARTESIAN_POINT('',(-5.770624033663,1.854458003717));
#720 = CARTESIAN_POINT('',(-5.770955121385,1.831364652263));
#721 = CARTESIAN_POINT('',(-5.771617580642,1.788369612062));
#722 = CARTESIAN_POINT('',(-5.771947267007,1.768358946626));
#723 = CARTESIAN_POINT('',(-5.772287539238,1.749101652695));
#724 = CARTESIAN_POINT('',(-5.772638357675,1.730657846248));
#725 = CARTESIAN_POINT('',(-5.772999608443,1.713094420016));
#726 = CARTESIAN_POINT('',(-5.773371090376,1.696484034853));
#727 = CARTESIAN_POINT('',(-5.774467933213,1.651680127329));
#728 = CARTESIAN_POINT('',(-5.775218906464,1.626056713689));
#729 = CARTESIAN_POINT('',(-5.776002662083,1.604590592525));
#730 = CARTESIAN_POINT('',(-5.77681459439,1.587878294781));
#731 = CARTESIAN_POINT('',(-5.777647910414,1.576487456701));
#732 = CARTESIAN_POINT('',(-5.778493155382,1.570796326795));
#733 = CARTESIAN_POINT('',(-5.779338069284,1.570796326795));
#734 = ( GEOMETRIC_REPRESENTATION_CONTEXT(2) 
PARAMETRIC_REPRESENTATION_CONTEXT() REPRESENTATION_CONTEXT('2D SPACE',''
  ) );
#735 = ORIENTED_EDGE('',*,*,#218,.F.);
#736 = ORIENTED_EDGE('',*,*,#74,.F.);
#737 = ADVANCED_FACE('',(#738),#202,.F.);
#738 = FACE_BOUND('',#739,.T.);
#739 = EDGE_LOOP('',(#740,#821,#850,#904,#905,#906));
#740 = ORIENTED_EDGE('',*,*,#741,.F.);
#741 = EDGE_CURVE('',#742,#744,#746,.T.);
#742 = VERTEX_POINT('',#743);
#743 = CARTESIAN_POINT('',(-5.71976593909,-16.14999995,21.693862643933)
  );
#744 = VERTEX_POINT('',#745);
#745 = CARTESIAN_POINT('',(-5.645159667155,-16.19666288047,
    21.96602420117));
#746 = SURFACE_CURVE('',#747,(#768,#792),.PCURVE_S1.);
#747 = B_SPLINE_CURVE_WITH_KNOTS('',7,(#748,#749,#750,#751,#752,#753,
    #754,#755,#756,#757,#758,#759,#760,#761,#762,#763,#764,#765,#766,
    #767),.UNSPECIFIED.,.F.,.F.,(8,6,6,8),(0.,0.46243617648,
    0.932404406072,1.),.UNSPECIFIED.);
#748 = CARTESIAN_POINT('',(-5.71976593909,-16.14999995,21.693862643933)
  );
#749 = CARTESIAN_POINT('',(-5.730495710601,-16.14999995,21.712796024869)
  );
#750 = CARTESIAN_POINT('',(-5.738824559057,-16.14999999984,
    21.733096070728));
#751 = CARTESIAN_POINT('',(-5.744494448919,-16.14999977636,
    21.754312811903));
#752 = CARTESIAN_POINT('',(-5.747397255917,-16.15010802925,
    21.775944801131));
#753 = CARTESIAN_POINT('',(-5.747569061196,-16.15053974031,
    21.797514872225));
#754 = CARTESIAN_POINT('',(-5.745141437469,-16.15151538244,
    21.818606891431));
#755 = CARTESIAN_POINT('',(-5.735394864636,-16.15497636556,
    21.85946973513));
#756 = CARTESIAN_POINT('',(-5.727995662013,-16.15748621916,
    21.879218463697));
#757 = CARTESIAN_POINT('',(-5.718306546899,-16.16097080684,
    21.897770266297));
#758 = CARTESIAN_POINT('',(-5.706578098701,-16.16561272659,
    21.914841282532));
#759 = CARTESIAN_POINT('',(-5.693086640092,-16.17153733578,
    21.930213333422));
#760 = CARTESIAN_POINT('',(-5.678114493519,-16.17880305943,
    21.943727440544));
#761 = CARTESIAN_POINT('',(-5.659612126028,-16.18865079047,
    21.956930749126));
#762 = CARTESIAN_POINT('',(-5.657260691353,-16.18991686253,
    21.958550191098));
#763 = CARTESIAN_POINT('',(-5.654885224737,-16.19121070884,
    21.960128494385));
#764 = CARTESIAN_POINT('',(-5.65248655923,-16.19253230136,
    21.961665338565));
#765 = CARTESIAN_POINT('',(-5.650065525703,-16.19388158571,
    21.963160422478));
#766 = CARTESIAN_POINT('',(-5.647622952843,-16.19525848113,
    21.964613464225));
#767 = CARTESIAN_POINT('',(-5.645159667155,-16.19666288047,
    21.96602420117));
#768 = PCURVE('',#202,#769);
#769 = DEFINITIONAL_REPRESENTATION('',(#770),#791);
#770 = B_SPLINE_CURVE_WITH_KNOTS('',7,(#771,#772,#773,#774,#775,#776,
    #777,#778,#779,#780,#781,#782,#783,#784,#785,#786,#787,#788,#789,
    #790),.UNSPECIFIED.,.F.,.F.,(8,6,6,8),(0.,0.46243617648,
    0.932404406072,1.),.UNSPECIFIED.);
#771 = CARTESIAN_POINT('',(-6.798768521955,1.570796326795));
#772 = CARTESIAN_POINT('',(-6.799263121358,1.570796326795));
#773 = CARTESIAN_POINT('',(-6.799757840007,1.564629261992));
#774 = CARTESIAN_POINT('',(-6.800240758844,1.552289006519));
#775 = CARTESIAN_POINT('',(-6.800700618785,1.534120461234));
#776 = CARTESIAN_POINT('',(-6.801128308167,1.510723994919));
#777 = CARTESIAN_POINT('',(-6.801517058259,1.48275789583));
#778 = CARTESIAN_POINT('',(-6.802212950212,1.418470262092));
#779 = CARTESIAN_POINT('',(-6.802518745012,1.38201183074));
#780 = CARTESIAN_POINT('',(-6.802774909768,1.34215377395));
#781 = CARTESIAN_POINT('',(-6.802978726257,1.299522868559));
#782 = CARTESIAN_POINT('',(-6.803129096676,1.254671219212));
#783 = CARTESIAN_POINT('',(-6.803226173563,1.20807028068));
#784 = CARTESIAN_POINT('',(-6.803277389199,1.153251927096));
#785 = CARTESIAN_POINT('',(-6.803282747498,1.146331537905));
#786 = CARTESIAN_POINT('',(-6.803287026606,1.139385131249));
#787 = CARTESIAN_POINT('',(-6.803290229696,1.13241397273));
#788 = CARTESIAN_POINT('',(-6.803292360536,1.125419318063));
#789 = CARTESIAN_POINT('',(-6.803293423481,1.11840241307));
#790 = CARTESIAN_POINT('',(-6.80329342348,1.111364493687));
#791 = ( GEOMETRIC_REPRESENTATION_CONTEXT(2) 
PARAMETRIC_REPRESENTATION_CONTEXT() REPRESENTATION_CONTEXT('2D SPACE',''
  ) );
#792 = PCURVE('',#793,#798);
#793 = CYLINDRICAL_SURFACE('',#794,0.2);
#794 = AXIS2_PLACEMENT_3D('',#795,#796,#797);
#795 = CARTESIAN_POINT('',(-5.545764874949,-16.14999995,21.792471110496)
  );
#796 = DIRECTION('',(0.,1.,-1.110223024625E-16));
#797 = DIRECTION('',(-0.870005320703,-5.47386950008E-17,-0.493042332817)
  );
#798 = DEFINITIONAL_REPRESENTATION('',(#799),#820);
#799 = B_SPLINE_CURVE_WITH_KNOTS('',7,(#800,#801,#802,#803,#804,#805,
    #806,#807,#808,#809,#810,#811,#812,#813,#814,#815,#816,#817,#818,
    #819),.UNSPECIFIED.,.F.,.F.,(8,6,6,8),(0.,0.46243617648,
    0.932404406072,1.),.UNSPECIFIED.);
#800 = CARTESIAN_POINT('',(1.7763568394E-14,-1.457167719821E-15));
#801 = CARTESIAN_POINT('',(0.108811868648,-1.17267306976E-15));
#802 = CARTESIAN_POINT('',(0.217650057996,-4.98458966533E-08));
#803 = CARTESIAN_POINT('',(0.326024773165,1.736402800781E-07));
#804 = CARTESIAN_POINT('',(0.433599366543,-1.080792537783E-04));
#805 = CARTESIAN_POINT('',(0.540154610462,-5.397903179752E-04));
#806 = CARTESIAN_POINT('',(0.645553115151,-1.515432444287E-03));
#807 = CARTESIAN_POINT('',(0.855598805251,-4.976415565063E-03));
#808 = CARTESIAN_POINT('',(0.960231238772,-7.486269166299E-03));
#809 = CARTESIAN_POINT('',(1.063638371544,-1.097085684404E-02));
#810 = CARTESIAN_POINT('',(1.165878782923,-1.561277659309E-02));
#811 = CARTESIAN_POINT('',(1.267037407194,-2.153738578074E-02));
#812 = CARTESIAN_POINT('',(1.367223253052,-2.880310942997E-02));
#813 = CARTESIAN_POINT('',(1.480874579519,-3.865084047317E-02));
#814 = CARTESIAN_POINT('',(1.495148302145,-3.991691253911E-02));
#815 = CARTESIAN_POINT('',(1.509405120771,-4.12107588439E-02));
#816 = CARTESIAN_POINT('',(1.523645429401,-4.253235136762E-02));
#817 = CARTESIAN_POINT('',(1.537869634647,-4.388163571845E-02));
#818 = CARTESIAN_POINT('',(1.552078155729,-4.525853113262E-02));
#819 = CARTESIAN_POINT('',(1.566271424476,-4.666293047444E-02));
#820 = ( GEOMETRIC_REPRESENTATION_CONTEXT(2) 
PARAMETRIC_REPRESENTATION_CONTEXT() REPRESENTATION_CONTEXT('2D SPACE',''
  ) );
#821 = ORIENTED_EDGE('',*,*,#822,.F.);
#822 = EDGE_CURVE('',#823,#742,#825,.T.);
#823 = VERTEX_POINT('',#824);
#824 = CARTESIAN_POINT('',(-5.71976593909,-16.14999995,-21.69386264393)
  );
#825 = SURFACE_CURVE('',#826,(#831,#838),.PCURVE_S1.);
#826 = CIRCLE('',#827,44.);
#827 = AXIS2_PLACEMENT_3D('',#828,#829,#830);
#828 = CARTESIAN_POINT('',(-44.00000005,-16.14999995,-1.468669630361E-12
    ));
#829 = DIRECTION('',(0.,-1.,1.110223024625E-16));
#830 = DIRECTION('',(0.867765453369,-5.51751934172E-17,-0.496973961028)
  );
#831 = PCURVE('',#202,#832);
#832 = DEFINITIONAL_REPRESENTATION('',(#833),#837);
#833 = LINE('',#834,#835);
#834 = CARTESIAN_POINT('',(-5.763077190085,1.570796326795));
#835 = VECTOR('',#836,1.);
#836 = DIRECTION('',(-1.,0.));
#837 = ( GEOMETRIC_REPRESENTATION_CONTEXT(2) 
PARAMETRIC_REPRESENTATION_CONTEXT() REPRESENTATION_CONTEXT('2D SPACE',''
  ) );
#838 = PCURVE('',#839,#844);
#839 = CYLINDRICAL_SURFACE('',#840,44.);
#840 = AXIS2_PLACEMENT_3D('',#841,#842,#843);
#841 = CARTESIAN_POINT('',(-44.00000005,-16.14999995,-1.468669630361E-12
    ));
#842 = DIRECTION('',(0.,1.,-1.110223024625E-16));
#843 = DIRECTION('',(1.,0.,0.));
#844 = DEFINITIONAL_REPRESENTATION('',(#845),#849);
#845 = LINE('',#846,#847);
#846 = CARTESIAN_POINT('',(-5.763077190085,0.));
#847 = VECTOR('',#848,1.);
#848 = DIRECTION('',(-1.,0.));
#849 = ( GEOMETRIC_REPRESENTATION_CONTEXT(2) 
PARAMETRIC_REPRESENTATION_CONTEXT() REPRESENTATION_CONTEXT('2D SPACE',''
  ) );
#850 = ORIENTED_EDGE('',*,*,#851,.F.);
#851 = EDGE_CURVE('',#160,#823,#852,.T.);
#852 = SURFACE_CURVE('',#853,(#868,#886),.PCURVE_S1.);
#853 = B_SPLINE_CURVE_WITH_KNOTS('',7,(#854,#855,#856,#857,#858,#859,
    #860,#861,#862,#863,#864,#865,#866,#867),.UNSPECIFIED.,.F.,.F.,(8,6,
    8),(0.,0.534579963631,1.),.UNSPECIFIED.);
#854 = CARTESIAN_POINT('',(-5.645159667155,-16.19666288047,
    -21.96602420117));
#855 = CARTESIAN_POINT('',(-5.664640508419,-16.18555621929,
    -21.95486741818));
#856 = CARTESIAN_POINT('',(-5.68282314749,-16.17617176699,
    -21.94106625106));
#857 = CARTESIAN_POINT('',(-5.699303694165,-16.16855690719,
    -21.92475016048));
#858 = CARTESIAN_POINT('',(-5.713663092153,-16.16266751637,
    -21.90611743609));
#859 = CARTESIAN_POINT('',(-5.72548500186,-16.1583445048,-21.88546128985
    ));
#860 = CARTESIAN_POINT('',(-5.734390014771,-16.15532817346,
    -21.8631829189));
#861 = CARTESIAN_POINT('',(-5.745045454613,-16.15155364641,
    -21.81942635767));
#862 = CARTESIAN_POINT('',(-5.747573556818,-16.15055382119,
    -21.79821313943));
#863 = CARTESIAN_POINT('',(-5.74747170214,-16.15011090185,
    -21.77650507176));
#864 = CARTESIAN_POINT('',(-5.744604187009,-16.14999974681,
    -21.75472539569));
#865 = CARTESIAN_POINT('',(-5.738932515523,-16.15000001172,
    -21.73335959427));
#866 = CARTESIAN_POINT('',(-5.730565417692,-16.14999995,-21.71291902757)
  );
#867 = CARTESIAN_POINT('',(-5.71976593909,-16.14999995,-21.69386264393)
  );
#868 = PCURVE('',#202,#869);
#869 = DEFINITIONAL_REPRESENTATION('',(#870),#885);
#870 = B_SPLINE_CURVE_WITH_KNOTS('',7,(#871,#872,#873,#874,#875,#876,
    #877,#878,#879,#880,#881,#882,#883,#884),.UNSPECIFIED.,.F.,.F.,(8,6,
    8),(0.,0.534579963631,1.),.UNSPECIFIED.);
#871 = CARTESIAN_POINT('',(-5.763077190085,1.11136451499));
#872 = CARTESIAN_POINT('',(-5.763077190085,1.167023747384));
#873 = CARTESIAN_POINT('',(-5.763143704086,1.221360428847));
#874 = CARTESIAN_POINT('',(-5.763278872249,1.273779042117));
#875 = CARTESIAN_POINT('',(-5.763483669417,1.323630902791));
#876 = CARTESIAN_POINT('',(-5.763757152898,1.370137368047));
#877 = CARTESIAN_POINT('',(-5.764095781924,1.412389540694));
#878 = CARTESIAN_POINT('',(-5.764838471296,1.481668096494));
#879 = CARTESIAN_POINT('',(-5.765228473086,1.509964529365));
#880 = CARTESIAN_POINT('',(-5.765658093501,1.533648479486));
#881 = CARTESIAN_POINT('',(-5.766120470437,1.552048010069));
#882 = CARTESIAN_POINT('',(-5.766606354041,1.56454889518));
#883 = CARTESIAN_POINT('',(-5.767104279784,1.570796326795));
#884 = CARTESIAN_POINT('',(-5.767602092404,1.570796326795));
#885 = ( GEOMETRIC_REPRESENTATION_CONTEXT(2) 
PARAMETRIC_REPRESENTATION_CONTEXT() REPRESENTATION_CONTEXT('2D SPACE',''
  ) );
#886 = PCURVE('',#175,#887);
#887 = DEFINITIONAL_REPRESENTATION('',(#888),#903);
#888 = B_SPLINE_CURVE_WITH_KNOTS('',7,(#889,#890,#891,#892,#893,#894,
    #895,#896,#897,#898,#899,#900,#901,#902),.UNSPECIFIED.,.F.,.F.,(8,6,
    8),(0.,0.534579963631,1.),.UNSPECIFIED.);
#889 = CARTESIAN_POINT('',(0.,-4.666293047444E-02));
#890 = CARTESIAN_POINT('',(0.11224715843,-3.55562692975E-02));
#891 = CARTESIAN_POINT('',(0.225432253472,-2.617181699601E-02));
#892 = CARTESIAN_POINT('',(0.339792850101,-1.855695719599E-02));
#893 = CARTESIAN_POINT('',(0.455498363348,-1.266756637799E-02));
#894 = CARTESIAN_POINT('',(0.572683000703,-8.344554808252E-03));
#895 = CARTESIAN_POINT('',(0.691446264585,-5.328223460404E-03));
#896 = CARTESIAN_POINT('',(0.916622587078,-1.553696410726E-03));
#897 = CARTESIAN_POINT('',(1.02266778235,-5.538711987353E-04));
#898 = CARTESIAN_POINT('',(1.129886406341,-1.10951855935E-04));
#899 = CARTESIAN_POINT('',(1.238140094503,2.031833784971E-07));
#900 = CARTESIAN_POINT('',(1.347208892607,-6.172889638334E-08));
#901 = CARTESIAN_POINT('',(1.456752648058,1.804112415016E-16));
#902 = CARTESIAN_POINT('',(1.566271424476,3.538835890993E-16));
#903 = ( GEOMETRIC_REPRESENTATION_CONTEXT(2) 
PARAMETRIC_REPRESENTATION_CONTEXT() REPRESENTATION_CONTEXT('2D SPACE',''
  ) );
#904 = ORIENTED_EDGE('',*,*,#187,.F.);
#905 = ORIENTED_EDGE('',*,*,#336,.F.);
#906 = ORIENTED_EDGE('',*,*,#907,.F.);
#907 = EDGE_CURVE('',#744,#309,#908,.T.);
#908 = SURFACE_CURVE('',#909,(#914,#921),.PCURVE_S1.);
#909 = CIRCLE('',#910,0.45);
#910 = AXIS2_PLACEMENT_3D('',#911,#912,#913);
#911 = CARTESIAN_POINT('',(-5.818320101767,-16.59999995,21.866854285211)
  );
#912 = DIRECTION('',(0.496973961028,-9.634131863045E-17,-0.867765453369)
  );
#913 = DIRECTION('',(0.867765453369,5.51751934172E-17,0.496973961028));
#914 = PCURVE('',#202,#915);
#915 = DEFINITIONAL_REPRESENTATION('',(#916),#920);
#916 = LINE('',#917,#918);
#917 = CARTESIAN_POINT('',(-6.803293424274,6.28318530718));
#918 = VECTOR('',#919,1.);
#919 = DIRECTION('',(-0.,-1.));
#920 = ( GEOMETRIC_REPRESENTATION_CONTEXT(2) 
PARAMETRIC_REPRESENTATION_CONTEXT() REPRESENTATION_CONTEXT('2D SPACE',''
  ) );
#921 = PCURVE('',#324,#922);
#922 = DEFINITIONAL_REPRESENTATION('',(#923),#927);
#923 = CIRCLE('',#924,0.45);
#924 = AXIS2_PLACEMENT_2D('',#925,#926);
#925 = CARTESIAN_POINT('',(25.1431074688,-29.2));
#926 = DIRECTION('',(-1.,0.));
#927 = ( GEOMETRIC_REPRESENTATION_CONTEXT(2) 
PARAMETRIC_REPRESENTATION_CONTEXT() REPRESENTATION_CONTEXT('2D SPACE',''
  ) );
#928 = ADVANCED_FACE('',(#929),#118,.F.);
#929 = FACE_BOUND('',#930,.T.);
#930 = EDGE_LOOP('',(#931,#932,#956,#984,#1017,#1043));
#931 = ORIENTED_EDGE('',*,*,#102,.F.);
#932 = ORIENTED_EDGE('',*,*,#933,.T.);
#933 = EDGE_CURVE('',#103,#934,#936,.T.);
#934 = VERTEX_POINT('',#935);
#935 = CARTESIAN_POINT('',(-4.985739836586,7.40000005,-21.3));
#936 = SURFACE_CURVE('',#937,(#942,#949),.PCURVE_S1.);
#937 = CIRCLE('',#938,44.45);
#938 = AXIS2_PLACEMENT_3D('',#939,#940,#941);
#939 = CARTESIAN_POINT('',(-44.00000005,7.40000005,-1.468669630361E-12)
  );
#940 = DIRECTION('',(0.,-1.,1.110223024625E-16));
#941 = DIRECTION('',(0.867765453369,-5.51751934172E-17,-0.496973961028)
  );
#942 = PCURVE('',#118,#943);
#943 = DEFINITIONAL_REPRESENTATION('',(#944),#948);
#944 = CIRCLE('',#945,44.45);
#945 = AXIS2_PLACEMENT_2D('',#946,#947);
#946 = CARTESIAN_POINT('',(0.,0.));
#947 = DIRECTION('',(0.867765453369,-0.496973961028));
#948 = ( GEOMETRIC_REPRESENTATION_CONTEXT(2) 
PARAMETRIC_REPRESENTATION_CONTEXT() REPRESENTATION_CONTEXT('2D SPACE',''
  ) );
#949 = PCURVE('',#147,#950);
#950 = DEFINITIONAL_REPRESENTATION('',(#951),#955);
#951 = LINE('',#952,#953);
#952 = CARTESIAN_POINT('',(-5.763077190085,6.28318530718));
#953 = VECTOR('',#954,1.);
#954 = DIRECTION('',(-1.,0.));
#955 = ( GEOMETRIC_REPRESENTATION_CONTEXT(2) 
PARAMETRIC_REPRESENTATION_CONTEXT() REPRESENTATION_CONTEXT('2D SPACE',''
  ) );
#956 = ORIENTED_EDGE('',*,*,#957,.T.);
#957 = EDGE_CURVE('',#934,#958,#960,.T.);
#958 = VERTEX_POINT('',#959);
#959 = CARTESIAN_POINT('',(-4.286183559846E-02,7.40000005,-21.3));
#960 = SURFACE_CURVE('',#961,(#965,#972),.PCURVE_S1.);
#961 = LINE('',#962,#963);
#962 = CARTESIAN_POINT('',(-28.00000005,7.40000005,-21.3));
#963 = VECTOR('',#964,1.);
#964 = DIRECTION('',(1.,0.,0.));
#965 = PCURVE('',#118,#966);
#966 = DEFINITIONAL_REPRESENTATION('',(#967),#971);
#967 = LINE('',#968,#969);
#968 = CARTESIAN_POINT('',(16.,-21.3));
#969 = VECTOR('',#970,1.);
#970 = DIRECTION('',(1.,-0.));
#971 = ( GEOMETRIC_REPRESENTATION_CONTEXT(2) 
PARAMETRIC_REPRESENTATION_CONTEXT() REPRESENTATION_CONTEXT('2D SPACE',''
  ) );
#972 = PCURVE('',#973,#978);
#973 = PLANE('',#974);
#974 = AXIS2_PLACEMENT_3D('',#975,#976,#977);
#975 = CARTESIAN_POINT('',(-12.00000005,13.60000005,-21.3));
#976 = DIRECTION('',(0.,1.110223024625E-16,1.));
#977 = DIRECTION('',(0.,-1.,1.110223024625E-16));
#978 = DEFINITIONAL_REPRESENTATION('',(#979),#983);
#979 = LINE('',#980,#981);
#980 = CARTESIAN_POINT('',(6.2,-16.));
#981 = VECTOR('',#982,1.);
#982 = DIRECTION('',(0.,1.));
#983 = ( GEOMETRIC_REPRESENTATION_CONTEXT(2) 
PARAMETRIC_REPRESENTATION_CONTEXT() REPRESENTATION_CONTEXT('2D SPACE',''
  ) );
#984 = ORIENTED_EDGE('',*,*,#985,.T.);
#985 = EDGE_CURVE('',#958,#986,#988,.T.);
#986 = VERTEX_POINT('',#987);
#987 = CARTESIAN_POINT('',(0.58941515007,7.40000005,-21.6098716358));
#988 = SURFACE_CURVE('',#989,(#994,#1005),.PCURVE_S1.);
#989 = CIRCLE('',#990,0.8);
#990 = AXIS2_PLACEMENT_3D('',#991,#992,#993);
#991 = CARTESIAN_POINT('',(-4.286183559846E-02,7.40000005,-22.1));
#992 = DIRECTION('',(0.,1.,-1.110223024625E-16));
#993 = DIRECTION('',(0.,-1.110223024625E-16,-1.));
#994 = PCURVE('',#118,#995);
#995 = DEFINITIONAL_REPRESENTATION('',(#996),#1004);
#996 = ( BOUNDED_CURVE() B_SPLINE_CURVE(2,(#997,#998,#999,#1000,#1001,
#1002,#1003),.UNSPECIFIED.,.T.,.F.) B_SPLINE_CURVE_WITH_KNOTS((1,2,2,2,2
    ,1),(-2.094395102393,0.,2.094395102393,4.188790204786,6.28318530718,
8.377580409573),.UNSPECIFIED.) CURVE() GEOMETRIC_REPRESENTATION_ITEM() 
RATIONAL_B_SPLINE_CURVE((1.,0.5,1.,0.5,1.,0.5,1.)) REPRESENTATION_ITEM(
  '') );
#997 = CARTESIAN_POINT('',(43.957138214402,-22.9));
#998 = CARTESIAN_POINT('',(42.571497568346,-22.9));
#999 = CARTESIAN_POINT('',(43.264317891374,-21.7));
#1000 = CARTESIAN_POINT('',(43.957138214402,-20.5));
#1001 = CARTESIAN_POINT('',(44.649958537429,-21.7));
#1002 = CARTESIAN_POINT('',(45.342778860457,-22.9));
#1003 = CARTESIAN_POINT('',(43.957138214402,-22.9));
#1004 = ( GEOMETRIC_REPRESENTATION_CONTEXT(2) 
PARAMETRIC_REPRESENTATION_CONTEXT() REPRESENTATION_CONTEXT('2D SPACE',''
  ) );
#1005 = PCURVE('',#1006,#1011);
#1006 = CYLINDRICAL_SURFACE('',#1007,0.8);
#1007 = AXIS2_PLACEMENT_3D('',#1008,#1009,#1010);
#1008 = CARTESIAN_POINT('',(-4.286183559846E-02,6.95000005,-22.1));
#1009 = DIRECTION('',(0.,-1.,1.110223024625E-16));
#1010 = DIRECTION('',(0.,1.110223024625E-16,1.));
#1011 = DEFINITIONAL_REPRESENTATION('',(#1012),#1016);
#1012 = LINE('',#1013,#1014);
#1013 = CARTESIAN_POINT('',(3.14159265359,-0.45));
#1014 = VECTOR('',#1015,1.);
#1015 = DIRECTION('',(-1.,0.));
#1016 = ( GEOMETRIC_REPRESENTATION_CONTEXT(2) 
PARAMETRIC_REPRESENTATION_CONTEXT() REPRESENTATION_CONTEXT('2D SPACE',''
  ) );
#1017 = ORIENTED_EDGE('',*,*,#1018,.T.);
#1018 = EDGE_CURVE('',#986,#366,#1019,.T.);
#1019 = SURFACE_CURVE('',#1020,(#1025,#1036),.PCURVE_S1.);
#1020 = CIRCLE('',#1021,49.55);
#1021 = AXIS2_PLACEMENT_3D('',#1022,#1023,#1024);
#1022 = CARTESIAN_POINT('',(-44.00000005,7.40000005,-1.468669630361E-12)
  );
#1023 = DIRECTION('',(0.,1.,-1.110223024625E-16));
#1024 = DIRECTION('',(0.867765453369,5.51751934172E-17,0.496973961028));
#1025 = PCURVE('',#118,#1026);
#1026 = DEFINITIONAL_REPRESENTATION('',(#1027),#1035);
#1027 = ( BOUNDED_CURVE() B_SPLINE_CURVE(2,(#1028,#1029,#1030,#1031,
#1032,#1033,#1034),.UNSPECIFIED.,.T.,.F.) B_SPLINE_CURVE_WITH_KNOTS((1,2
    ,2,2,2,1),(-2.094395102393,0.,2.094395102393,4.188790204786,
6.28318530718,8.377580409573),.UNSPECIFIED.) CURVE() 
GEOMETRIC_REPRESENTATION_ITEM() RATIONAL_B_SPLINE_CURVE((1.,0.5,1.,0.5,
1.,0.5,1.)) REPRESENTATION_ITEM('') );
#1028 = CARTESIAN_POINT('',(42.99777821443,24.625059768915));
#1029 = CARTESIAN_POINT('',(85.649632873612,-49.84927671105));
#1030 = CARTESIAN_POINT('',(-0.172961777624,-49.54969812444));
#1031 = CARTESIAN_POINT('',(-85.99555642886,-49.25011953783));
#1032 = CARTESIAN_POINT('',(-42.8248164368,24.924638355528));
#1033 = CARTESIAN_POINT('',(0.345923555249,99.099396248887));
#1034 = CARTESIAN_POINT('',(42.99777821443,24.625059768915));
#1035 = ( GEOMETRIC_REPRESENTATION_CONTEXT(2) 
PARAMETRIC_REPRESENTATION_CONTEXT() REPRESENTATION_CONTEXT('2D SPACE',''
  ) );
#1036 = PCURVE('',#499,#1037);
#1037 = DEFINITIONAL_REPRESENTATION('',(#1038),#1042);
#1038 = LINE('',#1039,#1040);
#1039 = CARTESIAN_POINT('',(-6.803293424274,3.14159265359));
#1040 = VECTOR('',#1041,1.);
#1041 = DIRECTION('',(1.,-0.));
#1042 = ( GEOMETRIC_REPRESENTATION_CONTEXT(2) 
PARAMETRIC_REPRESENTATION_CONTEXT() REPRESENTATION_CONTEXT('2D SPACE',''
  ) );
#1043 = ORIENTED_EDGE('',*,*,#365,.F.);
#1044 = ADVANCED_FACE('',(#1045),#175,.T.);
#1045 = FACE_BOUND('',#1046,.T.);
#1046 = EDGE_LOOP('',(#1047,#1048,#1071,#1143));
#1047 = ORIENTED_EDGE('',*,*,#851,.T.);
#1048 = ORIENTED_EDGE('',*,*,#1049,.T.);
#1049 = EDGE_CURVE('',#823,#1050,#1052,.T.);
#1050 = VERTEX_POINT('',#1051);
#1051 = CARTESIAN_POINT('',(-5.71976593909,6.95000005,-21.69386264393));
#1052 = SURFACE_CURVE('',#1053,(#1057,#1064),.PCURVE_S1.);
#1053 = LINE('',#1054,#1055);
#1054 = CARTESIAN_POINT('',(-5.71976593909,-16.14999995,-21.69386264393)
  );
#1055 = VECTOR('',#1056,1.);
#1056 = DIRECTION('',(0.,1.,-1.110223024625E-16));
#1057 = PCURVE('',#175,#1058);
#1058 = DEFINITIONAL_REPRESENTATION('',(#1059),#1063);
#1059 = LINE('',#1060,#1061);
#1060 = CARTESIAN_POINT('',(1.566271424476,0.));
#1061 = VECTOR('',#1062,1.);
#1062 = DIRECTION('',(0.,1.));
#1063 = ( GEOMETRIC_REPRESENTATION_CONTEXT(2) 
PARAMETRIC_REPRESENTATION_CONTEXT() REPRESENTATION_CONTEXT('2D SPACE',''
  ) );
#1064 = PCURVE('',#839,#1065);
#1065 = DEFINITIONAL_REPRESENTATION('',(#1066),#1070);
#1066 = LINE('',#1067,#1068);
#1067 = CARTESIAN_POINT('',(-5.767602092404,0.));
#1068 = VECTOR('',#1069,1.);
#1069 = DIRECTION('',(-0.,1.));
#1070 = ( GEOMETRIC_REPRESENTATION_CONTEXT(2) 
PARAMETRIC_REPRESENTATION_CONTEXT() REPRESENTATION_CONTEXT('2D SPACE',''
  ) );
#1071 = ORIENTED_EDGE('',*,*,#1072,.F.);
#1072 = EDGE_CURVE('',#131,#1050,#1073,.T.);
#1073 = SURFACE_CURVE('',#1074,(#1095,#1119),.PCURVE_S1.);
#1074 = B_SPLINE_CURVE_WITH_KNOTS('',7,(#1075,#1076,#1077,#1078,#1079,
    #1080,#1081,#1082,#1083,#1084,#1085,#1086,#1087,#1088,#1089,#1090,
    #1091,#1092,#1093,#1094),.UNSPECIFIED.,.F.,.F.,(8,6,6,8),(0.,
    6.759581067308E-02,0.537564144004,1.),.UNSPECIFIED.);
#1075 = CARTESIAN_POINT('',(-5.645159667155,6.996662980474,
    -21.96602420117));
#1076 = CARTESIAN_POINT('',(-5.647622960742,6.995258576629,
    -21.9646134597));
#1077 = CARTESIAN_POINT('',(-5.650065541366,6.993881676889,
    -21.96316041316));
#1078 = CARTESIAN_POINT('',(-5.652486582516,6.99253238839,
    -21.96166532418));
#1079 = CARTESIAN_POINT('',(-5.654885255499,6.991210791895,
    -21.96012847467));
#1080 = CARTESIAN_POINT('',(-5.657260729437,6.989916941796,
    -21.95855016579));
#1081 = CARTESIAN_POINT('',(-5.659612171268,6.988650866115,
    -21.95693071797));
#1082 = CARTESIAN_POINT('',(-5.67811454599,6.978803133448,
    -21.94372739527));
#1083 = CARTESIAN_POINT('',(-5.693086691631,6.971537412207,
    -21.93021327953));
#1084 = CARTESIAN_POINT('',(-5.706578147946,6.965612805905,
    -21.91484121958));
#1085 = CARTESIAN_POINT('',(-5.718306592308,6.960970889355,
    -21.89777019405));
#1086 = CARTESIAN_POINT('',(-5.727995701889,6.957486304967,
    -21.8792183822));
#1087 = CARTESIAN_POINT('',(-5.735394897188,6.954976454486,
    -21.85946964479));
#1088 = CARTESIAN_POINT('',(-5.745141447561,6.951515478388,
    -21.81860680372));
#1089 = CARTESIAN_POINT('',(-5.7475690606,6.950539838823,-21.79751479749
    ));
#1090 = CARTESIAN_POINT('',(-5.747397247872,6.950108128952,
    -21.77594474116));
#1091 = CARTESIAN_POINT('',(-5.744494437131,6.949999876361,
    -21.75431276778));
#1092 = CARTESIAN_POINT('',(-5.738824547507,6.950000099845,
    -21.73309604257));
#1093 = CARTESIAN_POINT('',(-5.730495703159,6.95000005,-21.71279601174)
  );
#1094 = CARTESIAN_POINT('',(-5.71976593909,6.95000005,-21.69386264393));
#1095 = PCURVE('',#175,#1096);
#1096 = DEFINITIONAL_REPRESENTATION('',(#1097),#1118);
#1097 = B_SPLINE_CURVE_WITH_KNOTS('',7,(#1098,#1099,#1100,#1101,#1102,
    #1103,#1104,#1105,#1106,#1107,#1108,#1109,#1110,#1111,#1112,#1113,
    #1114,#1115,#1116,#1117),.UNSPECIFIED.,.F.,.F.,(8,6,6,8),(0.,
    6.759581067308E-02,0.537564144004,1.),.UNSPECIFIED.);
#1098 = CARTESIAN_POINT('',(0.,23.146662930474));
#1099 = CARTESIAN_POINT('',(1.419331426316E-02,23.145258526629));
#1100 = CARTESIAN_POINT('',(2.840188094343E-02,23.143881626889));
#1101 = CARTESIAN_POINT('',(4.26261318897E-02,23.14253233839));
#1102 = CARTESIAN_POINT('',(5.686648633493E-02,23.141210741895));
#1103 = CARTESIAN_POINT('',(7.112335089614E-02,23.139916891796));
#1104 = CARTESIAN_POINT('',(8.539711957444E-02,23.138650816115));
#1105 = CARTESIAN_POINT('',(0.199048516473,23.128803083448));
#1106 = CARTESIAN_POINT('',(0.299234387252,23.121537362207));
#1107 = CARTESIAN_POINT('',(0.400393037179,23.115612755905));
#1108 = CARTESIAN_POINT('',(0.502633474983,23.110970839355));
#1109 = CARTESIAN_POINT('',(0.606040634944,23.107486254967));
#1110 = CARTESIAN_POINT('',(0.710673096352,23.104976404486));
#1111 = CARTESIAN_POINT('',(0.920718747602,23.101515428388));
#1112 = CARTESIAN_POINT('',(1.026117183215,23.100539788823));
#1113 = CARTESIAN_POINT('',(1.132672356147,23.100108078952));
#1114 = CARTESIAN_POINT('',(1.240246876689,23.099999826361));
#1115 = CARTESIAN_POINT('',(1.348621517423,23.100000049845));
#1116 = CARTESIAN_POINT('',(1.457459631295,23.1));
#1117 = CARTESIAN_POINT('',(1.566271424476,23.1));
#1118 = ( GEOMETRIC_REPRESENTATION_CONTEXT(2) 
PARAMETRIC_REPRESENTATION_CONTEXT() REPRESENTATION_CONTEXT('2D SPACE',''
  ) );
#1119 = PCURVE('',#147,#1120);
#1120 = DEFINITIONAL_REPRESENTATION('',(#1121),#1142);
#1121 = B_SPLINE_CURVE_WITH_KNOTS('',7,(#1122,#1123,#1124,#1125,#1126,
    #1127,#1128,#1129,#1130,#1131,#1132,#1133,#1134,#1135,#1136,#1137,
    #1138,#1139,#1140,#1141),.UNSPECIFIED.,.F.,.F.,(8,6,6,8),(0.,
    6.759581067308E-02,0.537564144004,1.),.UNSPECIFIED.);
#1122 = CARTESIAN_POINT('',(-5.763077190882,5.17182081355));
#1123 = CARTESIAN_POINT('',(-5.76307719088,5.164782871598));
#1124 = CARTESIAN_POINT('',(-5.763078253831,5.157765944141));
#1125 = CARTESIAN_POINT('',(-5.763080384683,5.150771267156));
#1126 = CARTESIAN_POINT('',(-5.763083587793,5.143800086496));
#1127 = CARTESIAN_POINT('',(-5.763087866929,5.136853657889));
#1128 = CARTESIAN_POINT('',(-5.763093225263,5.129933246939));
#1129 = CARTESIAN_POINT('',(-5.763144441096,5.075114864837));
#1130 = CARTESIAN_POINT('',(-5.763241518162,5.028513920954));
#1131 = CARTESIAN_POINT('',(-5.763391888786,4.983662268193));
#1132 = CARTESIAN_POINT('',(-5.763595705502,4.941031361758));
#1133 = CARTESIAN_POINT('',(-5.763851870503,4.901173306848));
#1134 = CARTESIAN_POINT('',(-5.764157665561,4.86471488091));
#1135 = CARTESIAN_POINT('',(-5.764853557716,4.800427295065));
#1136 = CARTESIAN_POINT('',(-5.765242307674,4.772461231195));
#1137 = CARTESIAN_POINT('',(-5.765669996849,4.749064795577));
#1138 = CARTESIAN_POINT('',(-5.76612985652,4.730896274988));
#1139 = CARTESIAN_POINT('',(-5.766612775038,4.718556036634));
#1140 = CARTESIAN_POINT('',(-5.767107493344,4.712388980385));
#1141 = CARTESIAN_POINT('',(-5.767602092404,4.712388980385));
#1142 = ( GEOMETRIC_REPRESENTATION_CONTEXT(2) 
PARAMETRIC_REPRESENTATION_CONTEXT() REPRESENTATION_CONTEXT('2D SPACE',''
  ) );
#1143 = ORIENTED_EDGE('',*,*,#159,.F.);
#1144 = ADVANCED_FACE('',(#1145),#147,.F.);
#1145 = FACE_BOUND('',#1146,.T.);
#1146 = EDGE_LOOP('',(#1147,#1148,#1172,#1218,#1284,#1285));
#1147 = ORIENTED_EDGE('',*,*,#1072,.T.);
#1148 = ORIENTED_EDGE('',*,*,#1149,.T.);
#1149 = EDGE_CURVE('',#1050,#1150,#1152,.T.);
#1150 = VERTEX_POINT('',#1151);
#1151 = CARTESIAN_POINT('',(-5.556225605571,6.95000005,-21.40271493212)
  );
#1152 = SURFACE_CURVE('',#1153,(#1158,#1165),.PCURVE_S1.);
#1153 = CIRCLE('',#1154,44.);
#1154 = AXIS2_PLACEMENT_3D('',#1155,#1156,#1157);
#1155 = CARTESIAN_POINT('',(-44.00000005,6.95000005,-1.468669630361E-12)
  );
#1156 = DIRECTION('',(0.,-1.,1.110223024625E-16));
#1157 = DIRECTION('',(0.867765453369,-5.51751934172E-17,-0.496973961028)
  );
#1158 = PCURVE('',#147,#1159);
#1159 = DEFINITIONAL_REPRESENTATION('',(#1160),#1164);
#1160 = LINE('',#1161,#1162);
#1161 = CARTESIAN_POINT('',(-5.763077190085,4.712388980385));
#1162 = VECTOR('',#1163,1.);
#1163 = DIRECTION('',(-1.,0.));
#1164 = ( GEOMETRIC_REPRESENTATION_CONTEXT(2) 
PARAMETRIC_REPRESENTATION_CONTEXT() REPRESENTATION_CONTEXT('2D SPACE',''
  ) );
#1165 = PCURVE('',#839,#1166);
#1166 = DEFINITIONAL_REPRESENTATION('',(#1167),#1171);
#1167 = LINE('',#1168,#1169);
#1168 = CARTESIAN_POINT('',(-5.763077190085,23.1));
#1169 = VECTOR('',#1170,1.);
#1170 = DIRECTION('',(-1.,0.));
#1171 = ( GEOMETRIC_REPRESENTATION_CONTEXT(2) 
PARAMETRIC_REPRESENTATION_CONTEXT() REPRESENTATION_CONTEXT('2D SPACE',''
  ) );
#1172 = ORIENTED_EDGE('',*,*,#1173,.F.);
#1173 = EDGE_CURVE('',#1174,#1150,#1176,.T.);
#1174 = VERTEX_POINT('',#1175);
#1175 = CARTESIAN_POINT('',(-5.381481176278,6.961960774452,-21.3));
#1176 = SURFACE_CURVE('',#1177,(#1187,#1200),.PCURVE_S1.);
#1177 = B_SPLINE_CURVE_WITH_KNOTS('',8,(#1178,#1179,#1180,#1181,#1182,
    #1183,#1184,#1185,#1186),.UNSPECIFIED.,.F.,.F.,(9,9),(0.,1.),
  .PIECEWISE_BEZIER_KNOTS.);
#1178 = CARTESIAN_POINT('',(-5.381481176278,6.961960775613,-21.3));
#1179 = CARTESIAN_POINT('',(-5.406882704556,6.956727561242,-21.3));
#1180 = CARTESIAN_POINT('',(-5.432648923398,6.953201295471,
    -21.30368708649));
#1181 = CARTESIAN_POINT('',(-5.458170385312,6.951150582124,
    -21.31124642524));
#1182 = CARTESIAN_POINT('',(-5.482740724625,6.950228645625,
    -21.32275262336));
#1183 = CARTESIAN_POINT('',(-5.505580761642,6.950000294035,
    -21.33810988408));
#1184 = CARTESIAN_POINT('',(-5.525880905907,6.95000001534,
    -21.35700028355));
#1185 = CARTESIAN_POINT('',(-5.542919177059,6.95000005,-21.37881378977)
  );
#1186 = CARTESIAN_POINT('',(-5.556225605571,6.95000005,-21.40271493212)
  );
#1187 = PCURVE('',#147,#1188);
#1188 = DEFINITIONAL_REPRESENTATION('',(#1189),#1199);
#1189 = B_SPLINE_CURVE_WITH_KNOTS('',8,(#1190,#1191,#1192,#1193,#1194,
    #1195,#1196,#1197,#1198),.UNSPECIFIED.,.F.,.F.,(9,9),(0.,1.),
  .PIECEWISE_BEZIER_KNOTS.);
#1190 = CARTESIAN_POINT('',(-5.779153731269,4.943464621669));
#1191 = CARTESIAN_POINT('',(-5.778875566591,4.89268684572));
#1192 = CARTESIAN_POINT('',(-5.778519882555,4.845947462108));
#1193 = CARTESIAN_POINT('',(-5.77808955688,4.804284924002));
#1194 = CARTESIAN_POINT('',(-5.7775907888,4.768885054595));
#1195 = CARTESIAN_POINT('',(-5.777034063271,4.741015734858));
#1196 = CARTESIAN_POINT('',(-5.776434771943,4.721934648713));
#1197 = CARTESIAN_POINT('',(-5.775813254065,4.712388980385));
#1198 = CARTESIAN_POINT('',(-5.775191537215,4.712388980385));
#1199 = ( GEOMETRIC_REPRESENTATION_CONTEXT(2) 
PARAMETRIC_REPRESENTATION_CONTEXT() REPRESENTATION_CONTEXT('2D SPACE',''
  ) );
#1200 = PCURVE('',#1201,#1206);
#1201 = CYLINDRICAL_SURFACE('',#1202,0.2);
#1202 = AXIS2_PLACEMENT_3D('',#1203,#1204,#1205);
#1203 = CARTESIAN_POINT('',(-5.381481176278,-11.19999995,-21.5));
#1204 = DIRECTION('',(0.,1.,-1.110223024625E-16));
#1205 = DIRECTION('',(0.,1.110223024625E-16,1.));
#1206 = DEFINITIONAL_REPRESENTATION('',(#1207),#1217);
#1207 = B_SPLINE_CURVE_WITH_KNOTS('',8,(#1208,#1209,#1210,#1211,#1212,
    #1213,#1214,#1215,#1216),.UNSPECIFIED.,.F.,.F.,(9,9),(0.,1.),
  .PIECEWISE_BEZIER_KNOTS.);
#1208 = CARTESIAN_POINT('',(0.,18.161960725613));
#1209 = CARTESIAN_POINT('',(-0.12700764139,18.156727511242));
#1210 = CARTESIAN_POINT('',(-0.255838923196,18.153201245471));
#1211 = CARTESIAN_POINT('',(-0.386566992327,18.151150532124));
#1212 = CARTESIAN_POINT('',(-0.519164466928,18.150228595625));
#1213 = CARTESIAN_POINT('',(-0.653495320372,18.150000244035));
#1214 = CARTESIAN_POINT('',(-0.789290707701,18.14999996534));
#1215 = CARTESIAN_POINT('',(-0.926024849796,18.15));
#1216 = CARTESIAN_POINT('',(-1.062802556831,18.15));
#1217 = ( GEOMETRIC_REPRESENTATION_CONTEXT(2) 
PARAMETRIC_REPRESENTATION_CONTEXT() REPRESENTATION_CONTEXT('2D SPACE',''
  ) );
#1218 = ORIENTED_EDGE('',*,*,#1219,.T.);
#1219 = EDGE_CURVE('',#1174,#934,#1220,.T.);
#1220 = SURFACE_CURVE('',#1221,(#1240,#1262),.PCURVE_S1.);
#1221 = B_SPLINE_CURVE_WITH_KNOTS('',5,(#1222,#1223,#1224,#1225,#1226,
    #1227,#1228,#1229,#1230,#1231,#1232,#1233,#1234,#1235,#1236,#1237,
    #1238,#1239),.UNSPECIFIED.,.F.,.F.,(6,4,4,4,6),(0.,0.252830329819,
    0.502983536833,0.751819295234,1.),.UNSPECIFIED.);
#1222 = CARTESIAN_POINT('',(-5.499220837106,6.95000005,-21.3));
#1223 = CARTESIAN_POINT('',(-5.458883887475,6.95000005,-21.3));
#1224 = CARTESIAN_POINT('',(-5.418556839832,6.953460561995,-21.3));
#1225 = CARTESIAN_POINT('',(-5.378730756038,6.960382288033,-21.3));
#1226 = CARTESIAN_POINT('',(-5.339898059128,6.970695564938,-21.3));
#1227 = CARTESIAN_POINT('',(-5.265564527173,6.997669388703,-21.3));
#1228 = CARTESIAN_POINT('',(-5.230032665055,7.014261583184,-21.3));
#1229 = CARTESIAN_POINT('',(-5.19639790324,7.033888981716,-21.3));
#1230 = CARTESIAN_POINT('',(-5.165103515763,7.056335058132,-21.3));
#1231 = CARTESIAN_POINT('',(-5.108131676315,7.106138586712,-21.3));
#1232 = CARTESIAN_POINT('',(-5.082424758944,7.133470148244,-21.3));
#1233 = CARTESIAN_POINT('',(-5.059809039324,7.163004364059,-21.3));
#1234 = CARTESIAN_POINT('',(-5.040616313923,7.194371628218,-21.3));
#1235 = CARTESIAN_POINT('',(-5.009584414651,7.259821452121,-21.3));
#1236 = CARTESIAN_POINT('',(-4.997725141148,7.293898385274,-21.3));
#1237 = CARTESIAN_POINT('',(-4.989734732081,7.328941245943,-21.3));
#1238 = CARTESIAN_POINT('',(-4.985739836586,7.364471247068,-21.3));
#1239 = CARTESIAN_POINT('',(-4.985739836586,7.40000005,-21.3));
#1240 = PCURVE('',#147,#1241);
#1241 = DEFINITIONAL_REPRESENTATION('',(#1242),#1261);
#1242 = B_SPLINE_CURVE_WITH_KNOTS('',5,(#1243,#1244,#1245,#1246,#1247,
    #1248,#1249,#1250,#1251,#1252,#1253,#1254,#1255,#1256,#1257,#1258,
    #1259,#1260),.UNSPECIFIED.,.F.,.F.,(6,4,4,4,6),(0.,0.252830329819,
    0.502983536833,0.751819295234,1.),.UNSPECIFIED.);
#1243 = CARTESIAN_POINT('',(-5.777861378451,4.712388980385));
#1244 = CARTESIAN_POINT('',(-5.778305168238,4.790823525429));
#1245 = CARTESIAN_POINT('',(-5.778747959243,4.86926296173));
#1246 = CARTESIAN_POINT('',(-5.779184351891,4.947757120951));
#1247 = CARTESIAN_POINT('',(-5.779609022566,5.026353443344));
#1248 = CARTESIAN_POINT('',(-5.780420480786,5.182988994363));
#1249 = CARTESIAN_POINT('',(-5.780807622921,5.261025610726));
#1250 = CARTESIAN_POINT('',(-5.781173432566,5.33923076002));
#1251 = CARTESIAN_POINT('',(-5.781513254337,5.417627493931));
#1252 = CARTESIAN_POINT('',(-5.782131107766,5.574391320416));
#1253 = CARTESIAN_POINT('',(-5.782409463454,5.652758391627));
#1254 = CARTESIAN_POINT('',(-5.782654028418,5.731314338989));
#1255 = CARTESIAN_POINT('',(-5.782861384802,5.8100465305));
#1256 = CARTESIAN_POINT('',(-5.783196442301,5.967576729028));
#1257 = CARTESIAN_POINT('',(-5.783324360958,6.046378110722));
#1258 = CARTESIAN_POINT('',(-5.78341050008,6.125276962262));
#1259 = CARTESIAN_POINT('',(-5.783453566976,6.204232411776));
#1260 = CARTESIAN_POINT('',(-5.783453566976,6.28318530718));
#1261 = ( GEOMETRIC_REPRESENTATION_CONTEXT(2) 
PARAMETRIC_REPRESENTATION_CONTEXT() REPRESENTATION_CONTEXT('2D SPACE',''
  ) );
#1262 = PCURVE('',#973,#1263);
#1263 = DEFINITIONAL_REPRESENTATION('',(#1264),#1283);
#1264 = B_SPLINE_CURVE_WITH_KNOTS('',5,(#1265,#1266,#1267,#1268,#1269,
    #1270,#1271,#1272,#1273,#1274,#1275,#1276,#1277,#1278,#1279,#1280,
    #1281,#1282),.UNSPECIFIED.,.F.,.F.,(6,4,4,4,6),(0.,0.252830329819,
    0.502983536833,0.751819295234,1.),.UNSPECIFIED.);
#1265 = CARTESIAN_POINT('',(6.65,6.500779212894));
#1266 = CARTESIAN_POINT('',(6.65,6.541116162525));
#1267 = CARTESIAN_POINT('',(6.646539488005,6.581443210168));
#1268 = CARTESIAN_POINT('',(6.639617761967,6.621269293962));
#1269 = CARTESIAN_POINT('',(6.629304485062,6.660101990872));
#1270 = CARTESIAN_POINT('',(6.602330661297,6.734435522827));
#1271 = CARTESIAN_POINT('',(6.585738466816,6.769967384945));
#1272 = CARTESIAN_POINT('',(6.566111068284,6.80360214676));
#1273 = CARTESIAN_POINT('',(6.543664991868,6.834896534237));
#1274 = CARTESIAN_POINT('',(6.493861463288,6.891868373685));
#1275 = CARTESIAN_POINT('',(6.466529901756,6.917575291056));
#1276 = CARTESIAN_POINT('',(6.436995685941,6.940191010676));
#1277 = CARTESIAN_POINT('',(6.405628421782,6.959383736077));
#1278 = CARTESIAN_POINT('',(6.340178597879,6.990415635349));
#1279 = CARTESIAN_POINT('',(6.306101664726,7.002274908852));
#1280 = CARTESIAN_POINT('',(6.271058804057,7.010265317919));
#1281 = CARTESIAN_POINT('',(6.235528802932,7.014260213414));
#1282 = CARTESIAN_POINT('',(6.2,7.014260213414));
#1283 = ( GEOMETRIC_REPRESENTATION_CONTEXT(2) 
PARAMETRIC_REPRESENTATION_CONTEXT() REPRESENTATION_CONTEXT('2D SPACE',''
  ) );
#1284 = ORIENTED_EDGE('',*,*,#933,.F.);
#1285 = ORIENTED_EDGE('',*,*,#130,.F.);
#1286 = ADVANCED_FACE('',(#1287),#263,.F.);
#1287 = FACE_BOUND('',#1288,.T.);
#1288 = EDGE_LOOP('',(#1289,#1313,#1466,#1467));
#1289 = ORIENTED_EDGE('',*,*,#1290,.F.);
#1290 = EDGE_CURVE('',#1291,#559,#1293,.T.);
#1291 = VERTEX_POINT('',#1292);
#1292 = CARTESIAN_POINT('',(-0.213419665329,-16.14999995,24.13991255611)
  );
#1293 = SURFACE_CURVE('',#1294,(#1299,#1306),.PCURVE_S1.);
#1294 = CIRCLE('',#1295,50.);
#1295 = AXIS2_PLACEMENT_3D('',#1296,#1297,#1298);
#1296 = CARTESIAN_POINT('',(-44.00000005,-16.14999995,
    -1.468669630361E-12));
#1297 = DIRECTION('',(0.,1.,-1.110223024625E-16));
#1298 = DIRECTION('',(0.867765453369,5.51751934172E-17,0.496973961028));
#1299 = PCURVE('',#263,#1300);
#1300 = DEFINITIONAL_REPRESENTATION('',(#1301),#1305);
#1301 = LINE('',#1302,#1303);
#1302 = CARTESIAN_POINT('',(-6.803293424274,1.570796326795));
#1303 = VECTOR('',#1304,1.);
#1304 = DIRECTION('',(1.,-0.));
#1305 = ( GEOMETRIC_REPRESENTATION_CONTEXT(2) 
PARAMETRIC_REPRESENTATION_CONTEXT() REPRESENTATION_CONTEXT('2D SPACE',''
  ) );
#1306 = PCURVE('',#574,#1307);
#1307 = DEFINITIONAL_REPRESENTATION('',(#1308),#1312);
#1308 = LINE('',#1309,#1310);
#1309 = CARTESIAN_POINT('',(6.803293424274,23.1));
#1310 = VECTOR('',#1311,1.);
#1311 = DIRECTION('',(-1.,-0.));
#1312 = ( GEOMETRIC_REPRESENTATION_CONTEXT(2) 
PARAMETRIC_REPRESENTATION_CONTEXT() REPRESENTATION_CONTEXT('2D SPACE',''
  ) );
#1313 = ORIENTED_EDGE('',*,*,#1314,.F.);
#1314 = EDGE_CURVE('',#243,#1291,#1315,.T.);
#1315 = SURFACE_CURVE('',#1316,(#1364,#1415),.PCURVE_S1.);
#1316 = B_SPLINE_CURVE_WITH_KNOTS('',6,(#1317,#1318,#1319,#1320,#1321,
    #1322,#1323,#1324,#1325,#1326,#1327,#1328,#1329,#1330,#1331,#1332,
    #1333,#1334,#1335,#1336,#1337,#1338,#1339,#1340,#1341,#1342,#1343,
    #1344,#1345,#1346,#1347,#1348,#1349,#1350,#1351,#1352,#1353,#1354,
    #1355,#1356,#1357,#1358,#1359,#1360,#1361,#1362,#1363),
  .UNSPECIFIED.,.F.,.F.,(7,5,5,5,5,5,5,5,5,7),(0.,0.187076439968,
    0.36464564209,0.436764482709,0.547435336007,0.672717268022,
    0.761707249606,0.844023736402,0.915715799626,1.),.UNSPECIFIED.);
#1317 = CARTESIAN_POINT('',(-0.904929648815,-16.80429567488,
    24.553622477857));
#1318 = CARTESIAN_POINT('',(-0.923332224799,-16.77311749906,
    24.553831252475));
#1319 = CARTESIAN_POINT('',(-0.938242951769,-16.74017361668,
    24.553492357752));
#1320 = CARTESIAN_POINT('',(-0.949498622335,-16.70584336082,
    24.552965890976));
#1321 = CARTESIAN_POINT('',(-0.957006430802,-16.6705706361,
    24.552525673258));
#1322 = CARTESIAN_POINT('',(-0.960720074483,-16.6348298704,
    24.552308855323));
#1323 = CARTESIAN_POINT('',(-0.960564512901,-16.56518172118,
    24.552317939099));
#1324 = CARTESIAN_POINT('',(-0.957071080475,-16.53127224258,
    24.552521907156));
#1325 = CARTESIAN_POINT('',(-0.950160380719,-16.49777697844,
    24.552924045758));
#1326 = CARTESIAN_POINT('',(-0.939870987165,-16.46510129223,
    24.553410194595));
#1327 = CARTESIAN_POINT('',(-0.926279298845,-16.43362654328,
    24.55375539354));
#1328 = CARTESIAN_POINT('',(-0.902709745134,-16.39152311793,
    24.553623181704));
#1329 = CARTESIAN_POINT('',(-0.895379084709,-16.37961478984,
    24.553512623276));
#1330 = CARTESIAN_POINT('',(-0.887534234341,-16.36798145948,
    24.553309452689));
#1331 = CARTESIAN_POINT('',(-0.879185531073,-16.35664376492,
    24.552991824341));
#1332 = CARTESIAN_POINT('',(-0.870344908941,-16.34562063218,
    24.552536288266));
#1333 = CARTESIAN_POINT('',(-0.846725297693,-16.31852272199,
    24.550968666231));
#1334 = CARTESIAN_POINT('',(-0.831298148692,-16.30289721805,
    24.549635992523));
#1335 = CARTESIAN_POINT('',(-0.814793645113,-16.28811451073,
    24.547830122881));
#1336 = CARTESIAN_POINT('',(-0.797270554946,-16.27422468611,
    24.545455043777));
#1337 = CARTESIAN_POINT('',(-0.778797311866,-16.26126387113,
    24.542411960042));
#1338 = CARTESIAN_POINT('',(-0.737552891538,-16.23565415055,
    24.534290915814));
#1339 = CARTESIAN_POINT('',(-0.714536533627,-16.22327243103,
    24.528997483381));
#1340 = CARTESIAN_POINT('',(-0.690515374463,-16.21213542714,
    24.522579716361));
#1341 = CARTESIAN_POINT('',(-0.665617605342,-16.20224479215,
    24.514896893003));
#1342 = CARTESIAN_POINT('',(-0.63998459337,-16.19357344794,
    24.505812782803));
#1343 = CARTESIAN_POINT('',(-0.595146243971,-16.18072964986,
    24.487658118456));
#1344 = CARTESIAN_POINT('',(-0.576230634632,-16.17598185119,
    24.479346253945));
#1345 = CARTESIAN_POINT('',(-0.557075334281,-16.171799776,
    24.470215451792));
#1346 = CARTESIAN_POINT('',(-0.537738731531,-16.16815573225,
    24.460221207227));
#1347 = CARTESIAN_POINT('',(-0.518283649402,-16.16501501425,
    24.449321457915));
#1348 = CARTESIAN_POINT('',(-0.480733848807,-16.15985770181,
    24.42651997521));
#1349 = CARTESIAN_POINT('',(-0.46264767926,-16.1577746167,
    24.414755418988));
#1350 = CARTESIAN_POINT('',(-0.444571434214,-16.15605384502,
    24.402151666544));
#1351 = CARTESIAN_POINT('',(-0.426565089552,-16.15465775294,
    24.388681478034));
#1352 = CARTESIAN_POINT('',(-0.408695612112,-16.15354501694,
    24.374324435357));
#1353 = CARTESIAN_POINT('',(-0.375656749303,-16.15191122295,
    24.34578396557));
#1354 = CARTESIAN_POINT('',(-0.360437269209,-16.15133237872,
    24.331817903284));
#1355 = CARTESIAN_POINT('',(-0.3454275716,-16.15090661151,
    24.317165641318));
#1356 = CARTESIAN_POINT('',(-0.33068360205,-16.15060385171,
    24.301829205227));
#1357 = CARTESIAN_POINT('',(-0.31626596303,-16.15039500319,
    24.285822452268));
#1358 = CARTESIAN_POINT('',(-0.285746278555,-16.15008902516,
    24.249603448783));
#1359 = CARTESIAN_POINT('',(-0.269791714222,-16.15001808661,
    24.229144685638));
#1360 = CARTESIAN_POINT('',(-0.254481436613,-16.14999966571,
    24.207851579784));
#1361 = CARTESIAN_POINT('',(-0.239921509214,-16.15000010339,
    24.185803391595));
#1362 = CARTESIAN_POINT('',(-0.226208279683,-16.14999995,24.163109396161
    ));
#1363 = CARTESIAN_POINT('',(-0.213419665329,-16.14999995,24.13991255611)
  );
#1364 = PCURVE('',#263,#1365);
#1365 = DEFINITIONAL_REPRESENTATION('',(#1366),#1414);
#1366 = B_SPLINE_CURVE_WITH_KNOTS('',6,(#1367,#1368,#1369,#1370,#1371,
    #1372,#1373,#1374,#1375,#1376,#1377,#1378,#1379,#1380,#1381,#1382,
    #1383,#1384,#1385,#1386,#1387,#1388,#1389,#1390,#1391,#1392,#1393,
    #1394,#1395,#1396,#1397,#1398,#1399,#1400,#1401,#1402,#1403,#1404,
    #1405,#1406,#1407,#1408,#1409,#1410,#1411,#1412,#1413),
  .UNSPECIFIED.,.F.,.F.,(7,5,5,5,5,5,5,5,5,7),(0.18628927253,
    0.187076439968,0.36464564209,0.436764482709,0.547435336007,
    0.672717268022,0.761707249606,0.844023736402,0.915715799626,1.),
  .UNSPECIFIED.);
#1367 = CARTESIAN_POINT('',(-6.801602380213,3.14159265359));
#1368 = CARTESIAN_POINT('',(-6.801602380213,3.141258539829));
#1369 = CARTESIAN_POINT('',(-6.80160237961,3.140924426095));
#1370 = CARTESIAN_POINT('',(-6.801602378404,3.140590312401));
#1371 = CARTESIAN_POINT('',(-6.801602376596,3.140256198757));
#1372 = CARTESIAN_POINT('',(-6.801602374184,3.139922085176));
#1373 = CARTESIAN_POINT('',(-6.801601691175,3.064218658993));
#1374 = CARTESIAN_POINT('',(-6.801570331946,2.988850475636));
#1375 = CARTESIAN_POINT('',(-6.801508274094,2.913618277093));
#1376 = CARTESIAN_POINT('',(-6.80141393037,2.83865349269));
#1377 = CARTESIAN_POINT('',(-6.80128418015,2.764104005355));
#1378 = CARTESIAN_POINT('',(-6.801046581024,2.660124352587));
#1379 = CARTESIAN_POINT('',(-6.800971485466,2.63019068616));
#1380 = CARTESIAN_POINT('',(-6.800889660228,2.600368743931));
#1381 = CARTESIAN_POINT('',(-6.800800832716,2.570672086471));
#1382 = CARTESIAN_POINT('',(-6.800704718992,2.541115488431));
#1383 = CARTESIAN_POINT('',(-6.800441896996,2.466597963325));
#1384 = CARTESIAN_POINT('',(-6.800264920295,2.421848322593));
#1385 = CARTESIAN_POINT('',(-6.800069044843,2.377524814453));
#1386 = CARTESIAN_POINT('',(-6.799853210258,2.33369337867));
#1387 = CARTESIAN_POINT('',(-6.799616406024,2.290429593243));
#1388 = CARTESIAN_POINT('',(-6.799064909012,2.199587464485));
#1389 = CARTESIAN_POINT('',(-6.798744065602,2.152194066158));
#1390 = CARTESIAN_POINT('',(-6.798393874478,2.105766823477));
#1391 = CARTESIAN_POINT('',(-6.798013202712,2.060451031647));
#1392 = CARTESIAN_POINT('',(-6.797601119718,2.01641845311));
#1393 = CARTESIAN_POINT('',(-6.796841370265,1.943654495685));
#1394 = CARTESIAN_POINT('',(-6.79650963578,1.914187162122));
#1395 = CARTESIAN_POINT('',(-6.796161428721,1.885544285767));
#1396 = CARTESIAN_POINT('',(-6.795796558042,1.857811360071));
#1397 = CARTESIAN_POINT('',(-6.795414913816,1.831087422505));
#1398 = CARTESIAN_POINT('',(-6.79464790077,1.781802647327));
#1399 = CARTESIAN_POINT('',(-6.79426498146,1.759081723937));
#1400 = CARTESIAN_POINT('',(-6.793867681288,1.7374108454));
#1401 = CARTESIAN_POINT('',(-6.793456109586,1.716895775368));
#1402 = CARTESIAN_POINT('',(-6.793030556738,1.697656054877));
#1403 = CARTESIAN_POINT('',(-6.792209182299,1.664288959521));
#1404 = CARTESIAN_POINT('',(-6.791816630055,1.649822997813));
#1405 = CARTESIAN_POINT('',(-6.791414250675,1.6365096952));
#1406 = CARTESIAN_POINT('',(-6.791002611234,1.624443696748));
#1407 = CARTESIAN_POINT('',(-6.790582525932,1.613719772415));
#1408 = CARTESIAN_POINT('',(-6.789652612461,1.593496152506));
#1409 = CARTESIAN_POINT('',(-6.789139938149,1.584541230374));
#1410 = CARTESIAN_POINT('',(-6.788619012935,1.577702486804));
#1411 = CARTESIAN_POINT('',(-6.788092206943,1.57309770196));
#1412 = CARTESIAN_POINT('',(-6.787562315609,1.570796326806));
#1413 = CARTESIAN_POINT('',(-6.787032545075,1.570796326806));
#1414 = ( GEOMETRIC_REPRESENTATION_CONTEXT(2) 
PARAMETRIC_REPRESENTATION_CONTEXT() REPRESENTATION_CONTEXT('2D SPACE',''
  ) );
#1415 = PCURVE('',#296,#1416);
#1416 = DEFINITIONAL_REPRESENTATION('',(#1417),#1465);
#1417 = B_SPLINE_CURVE_WITH_KNOTS('',6,(#1418,#1419,#1420,#1421,#1422,
    #1423,#1424,#1425,#1426,#1427,#1428,#1429,#1430,#1431,#1432,#1433,
    #1434,#1435,#1436,#1437,#1438,#1439,#1440,#1441,#1442,#1443,#1444,
    #1445,#1446,#1447,#1448,#1449,#1450,#1451,#1452,#1453,#1454,#1455,
    #1456,#1457,#1458,#1459,#1460,#1461,#1462,#1463,#1464),
  .UNSPECIFIED.,.F.,.F.,(7,5,5,5,5,5,5,5,5,7),(0.18628927253,
    0.187076439968,0.36464564209,0.436764482709,0.547435336007,
    0.672717268022,0.761707249606,0.844023736402,0.915715799626,1.),
  .UNSPECIFIED.);
#1418 = CARTESIAN_POINT('',(-0.461779646291,23.55));
#1419 = CARTESIAN_POINT('',(-0.461779646293,23.549849648806));
#1420 = CARTESIAN_POINT('',(-0.461779730391,23.549699297624));
#1421 = CARTESIAN_POINT('',(-0.461779898585,23.549548946491));
#1422 = CARTESIAN_POINT('',(-0.461780150875,23.549398595442));
#1423 = CARTESIAN_POINT('',(-0.461780487262,23.549248244511));
#1424 = CARTESIAN_POINT('',(-0.461875760106,23.515181771181));
#1425 = CARTESIAN_POINT('',(-0.466249952648,23.481272292589));
#1426 = CARTESIAN_POINT('',(-0.47490310279,23.447777028447));
#1427 = CARTESIAN_POINT('',(-0.487778001913,23.415101342235));
#1428 = CARTESIAN_POINT('',(-0.504764882672,23.383626593289));
#1429 = CARTESIAN_POINT('',(-0.534227288328,23.341523167936));
#1430 = CARTESIAN_POINT('',(-0.543391319214,23.329614839847));
#1431 = CARTESIAN_POINT('',(-0.553199687289,23.317981509489));
#1432 = CARTESIAN_POINT('',(-0.563641734891,23.306643814927));
#1433 = CARTESIAN_POINT('',(-0.574706043481,23.295620682182));
#1434 = CARTESIAN_POINT('',(-0.604295512531,23.268522771995));
#1435 = CARTESIAN_POINT('',(-0.623647453123,23.252897268059));
#1436 = CARTESIAN_POINT('',(-0.64439258389,23.238114560737));
#1437 = CARTESIAN_POINT('',(-0.666484364377,23.224224736115));
#1438 = CARTESIAN_POINT('',(-0.689875749774,23.211263921132));
#1439 = CARTESIAN_POINT('',(-0.74242117012,23.185654200553));
#1440 = CARTESIAN_POINT('',(-0.771927935264,23.173272481032));
#1441 = CARTESIAN_POINT('',(-0.802977575965,23.162135477148));
#1442 = CARTESIAN_POINT('',(-0.835508682316,23.152244842159));
#1443 = CARTESIAN_POINT('',(-0.869469402685,23.143573497941));
#1444 = CARTESIAN_POINT('',(-0.929937232644,23.130729699865));
#1445 = CARTESIAN_POINT('',(-0.955752876344,23.125981901198));
#1446 = CARTESIAN_POINT('',(-0.982258591227,23.121799826004));
#1447 = CARTESIAN_POINT('',(-1.009444415706,23.11815578225));
#1448 = CARTESIAN_POINT('',(-1.037302903414,23.115015064256));
#1449 = CARTESIAN_POINT('',(-1.092216118158,23.109857751816));
#1450 = CARTESIAN_POINT('',(-1.119172918314,23.107774666703));
#1451 = CARTESIAN_POINT('',(-1.146696573197,23.106053895022));
#1452 = CARTESIAN_POINT('',(-1.174781065706,23.104657802948));
#1453 = CARTESIAN_POINT('',(-1.203416024622,23.103545066946));
#1454 = CARTESIAN_POINT('',(-1.257990012121,23.101911272958));
#1455 = CARTESIAN_POINT('',(-1.283798827969,23.101332428722));
#1456 = CARTESIAN_POINT('',(-1.309999296427,23.100906661514));
#1457 = CARTESIAN_POINT('',(-1.336571383179,23.100603901713));
#1458 = CARTESIAN_POINT('',(-1.363484953635,23.100395053198));
#1459 = CARTESIAN_POINT('',(-1.422688882899,23.100089075167));
#1460 = CARTESIAN_POINT('',(-1.455096150941,23.100018136615));
#1461 = CARTESIAN_POINT('',(-1.487840541035,23.099999715716));
#1462 = CARTESIAN_POINT('',(-1.520828454341,23.100000153396));
#1463 = CARTESIAN_POINT('',(-1.553946547649,23.1));
#1464 = CARTESIAN_POINT('',(-1.587057205994,23.1));
#1465 = ( GEOMETRIC_REPRESENTATION_CONTEXT(2) 
PARAMETRIC_REPRESENTATION_CONTEXT() REPRESENTATION_CONTEXT('2D SPACE',''
  ) );
#1466 = ORIENTED_EDGE('',*,*,#242,.T.);
#1467 = ORIENTED_EDGE('',*,*,#586,.T.);
#1468 = ADVANCED_FACE('',(#1469),#324,.F.);
#1469 = FACE_BOUND('',#1470,.F.);
#1470 = EDGE_LOOP('',(#1471,#1501,#1522,#1523,#1524,#1547));
#1471 = ORIENTED_EDGE('',*,*,#1472,.F.);
#1472 = EDGE_CURVE('',#1473,#1475,#1477,.T.);
#1473 = VERTEX_POINT('',#1474);
#1474 = CARTESIAN_POINT('',(-1.311584120305,7.40000005,24.447886317907)
  );
#1475 = VERTEX_POINT('',#1476);
#1476 = CARTESIAN_POINT('',(-5.427825647751,7.40000005,22.090492567673)
  );
#1477 = SURFACE_CURVE('',#1478,(#1482,#1489),.PCURVE_S1.);
#1478 = LINE('',#1479,#1480);
#1479 = CARTESIAN_POINT('',(-14.00000005,7.40000005,17.18116199826));
#1480 = VECTOR('',#1481,1.);
#1481 = DIRECTION('',(-0.867765453369,-5.51751934172E-17,-0.496973961028
    ));
#1482 = PCURVE('',#324,#1483);
#1483 = DEFINITIONAL_REPRESENTATION('',(#1484),#1488);
#1484 = LINE('',#1485,#1486);
#1485 = CARTESIAN_POINT('',(34.5715537344,-5.2));
#1486 = VECTOR('',#1487,1.);
#1487 = DIRECTION('',(1.,0.));
#1488 = ( GEOMETRIC_REPRESENTATION_CONTEXT(2) 
PARAMETRIC_REPRESENTATION_CONTEXT() REPRESENTATION_CONTEXT('2D SPACE',''
  ) );
#1489 = PCURVE('',#1490,#1495);
#1490 = PLANE('',#1491);
#1491 = AXIS2_PLACEMENT_3D('',#1492,#1493,#1494);
#1492 = CARTESIAN_POINT('',(-44.00000005,7.40000005,-1.468669630361E-12)
  );
#1493 = DIRECTION('',(0.,-1.,1.110223024625E-16));
#1494 = DIRECTION('',(1.,-0.,-0.));
#1495 = DEFINITIONAL_REPRESENTATION('',(#1496),#1500);
#1496 = LINE('',#1497,#1498);
#1497 = CARTESIAN_POINT('',(30.,17.181161998262));
#1498 = VECTOR('',#1499,1.);
#1499 = DIRECTION('',(-0.867765453369,-0.496973961028));
#1500 = ( GEOMETRIC_REPRESENTATION_CONTEXT(2) 
PARAMETRIC_REPRESENTATION_CONTEXT() REPRESENTATION_CONTEXT('2D SPACE',''
  ) );
#1501 = ORIENTED_EDGE('',*,*,#1502,.T.);
#1502 = EDGE_CURVE('',#1473,#276,#1503,.T.);
#1503 = SURFACE_CURVE('',#1504,(#1508,#1515),.PCURVE_S1.);
#1504 = LINE('',#1505,#1506);
#1505 = CARTESIAN_POINT('',(-1.311584120305,6.95000005,24.447886317907)
  );
#1506 = VECTOR('',#1507,1.);
#1507 = DIRECTION('',(0.,-1.,1.110223024625E-16));
#1508 = PCURVE('',#324,#1509);
#1509 = DEFINITIONAL_REPRESENTATION('',(#1510),#1514);
#1510 = LINE('',#1511,#1512);
#1511 = CARTESIAN_POINT('',(19.949611963805,-5.65));
#1512 = VECTOR('',#1513,1.);
#1513 = DIRECTION('',(0.,-1.));
#1514 = ( GEOMETRIC_REPRESENTATION_CONTEXT(2) 
PARAMETRIC_REPRESENTATION_CONTEXT() REPRESENTATION_CONTEXT('2D SPACE',''
  ) );
#1515 = PCURVE('',#296,#1516);
#1516 = DEFINITIONAL_REPRESENTATION('',(#1517),#1521);
#1517 = LINE('',#1518,#1519);
#1518 = CARTESIAN_POINT('',(-0.,0.));
#1519 = VECTOR('',#1520,1.);
#1520 = DIRECTION('',(-0.,1.));
#1521 = ( GEOMETRIC_REPRESENTATION_CONTEXT(2) 
PARAMETRIC_REPRESENTATION_CONTEXT() REPRESENTATION_CONTEXT('2D SPACE',''
  ) );
#1522 = ORIENTED_EDGE('',*,*,#308,.F.);
#1523 = ORIENTED_EDGE('',*,*,#907,.F.);
#1524 = ORIENTED_EDGE('',*,*,#1525,.T.);
#1525 = EDGE_CURVE('',#744,#1526,#1528,.T.);
#1526 = VERTEX_POINT('',#1527);
#1527 = CARTESIAN_POINT('',(-5.645159667155,6.996662980474,
    21.96602420117));
#1528 = SURFACE_CURVE('',#1529,(#1533,#1540),.PCURVE_S1.);
#1529 = LINE('',#1530,#1531);
#1530 = CARTESIAN_POINT('',(-5.645159667155,-16.14999995,21.96602420117)
  );
#1531 = VECTOR('',#1532,1.);
#1532 = DIRECTION('',(0.,1.,-1.110223024625E-16));
#1533 = PCURVE('',#324,#1534);
#1534 = DEFINITIONAL_REPRESENTATION('',(#1535),#1539);
#1535 = LINE('',#1536,#1537);
#1536 = CARTESIAN_POINT('',(24.943559959804,-28.75));
#1537 = VECTOR('',#1538,1.);
#1538 = DIRECTION('',(0.,1.));
#1539 = ( GEOMETRIC_REPRESENTATION_CONTEXT(2) 
PARAMETRIC_REPRESENTATION_CONTEXT() REPRESENTATION_CONTEXT('2D SPACE',''
  ) );
#1540 = PCURVE('',#793,#1541);
#1541 = DEFINITIONAL_REPRESENTATION('',(#1542),#1546);
#1542 = LINE('',#1543,#1544);
#1543 = CARTESIAN_POINT('',(1.566271424476,0.));
#1544 = VECTOR('',#1545,1.);
#1545 = DIRECTION('',(0.,1.));
#1546 = ( GEOMETRIC_REPRESENTATION_CONTEXT(2) 
PARAMETRIC_REPRESENTATION_CONTEXT() REPRESENTATION_CONTEXT('2D SPACE',''
  ) );
#1547 = ORIENTED_EDGE('',*,*,#1548,.F.);
#1548 = EDGE_CURVE('',#1475,#1526,#1549,.T.);
#1549 = SURFACE_CURVE('',#1550,(#1555,#1562),.PCURVE_S1.);
#1550 = CIRCLE('',#1551,0.45);
#1551 = AXIS2_PLACEMENT_3D('',#1552,#1553,#1554);
#1552 = CARTESIAN_POINT('',(-5.818320101767,7.40000005,21.866854285211)
  );
#1553 = DIRECTION('',(0.496973961028,-9.634131863045E-17,-0.867765453369
    ));
#1554 = DIRECTION('',(0.867765453369,5.51751934172E-17,0.496973961028));
#1555 = PCURVE('',#324,#1556);
#1556 = DEFINITIONAL_REPRESENTATION('',(#1557),#1561);
#1557 = CIRCLE('',#1558,0.45);
#1558 = AXIS2_PLACEMENT_2D('',#1559,#1560);
#1559 = CARTESIAN_POINT('',(25.1431074688,-5.2));
#1560 = DIRECTION('',(-1.,0.));
#1561 = ( GEOMETRIC_REPRESENTATION_CONTEXT(2) 
PARAMETRIC_REPRESENTATION_CONTEXT() REPRESENTATION_CONTEXT('2D SPACE',''
  ) );
#1562 = PCURVE('',#1563,#1568);
#1563 = TOROIDAL_SURFACE('',#1564,44.,0.45);
#1564 = AXIS2_PLACEMENT_3D('',#1565,#1566,#1567);
#1565 = CARTESIAN_POINT('',(-44.00000005,7.40000005,-1.468669630361E-12)
  );
#1566 = DIRECTION('',(0.,1.,-1.110223024625E-16));
#1567 = DIRECTION('',(1.,0.,0.));
#1568 = DEFINITIONAL_REPRESENTATION('',(#1569),#1573);
#1569 = LINE('',#1570,#1571);
#1570 = CARTESIAN_POINT('',(-6.803293424274,6.28318530718));
#1571 = VECTOR('',#1572,1.);
#1572 = DIRECTION('',(-0.,-1.));
#1573 = ( GEOMETRIC_REPRESENTATION_CONTEXT(2) 
PARAMETRIC_REPRESENTATION_CONTEXT() REPRESENTATION_CONTEXT('2D SPACE',''
  ) );
#1574 = ADVANCED_FACE('',(#1575),#296,.T.);
#1575 = FACE_BOUND('',#1576,.F.);
#1576 = EDGE_LOOP('',(#1577,#1605,#1762,#1783,#1784,#1785));
#1577 = ORIENTED_EDGE('',*,*,#1578,.T.);
#1578 = EDGE_CURVE('',#1473,#1579,#1581,.T.);
#1579 = VERTEX_POINT('',#1580);
#1580 = CARTESIAN_POINT('',(-0.960641273191,7.40000005,24.552313456801)
  );
#1581 = SURFACE_CURVE('',#1582,(#1587,#1594),.PCURVE_S1.);
#1582 = CIRCLE('',#1583,0.8);
#1583 = AXIS2_PLACEMENT_3D('',#1584,#1585,#1586);
#1584 = CARTESIAN_POINT('',(-0.914004951483,7.40000005,23.753673955212)
  );
#1585 = DIRECTION('',(0.,1.,-1.110223024625E-16));
#1586 = DIRECTION('',(0.,-1.110223024625E-16,-1.));
#1587 = PCURVE('',#296,#1588);
#1588 = DEFINITIONAL_REPRESENTATION('',(#1589),#1593);
#1589 = LINE('',#1590,#1591);
#1590 = CARTESIAN_POINT('',(2.621484536495,-0.45));
#1591 = VECTOR('',#1592,1.);
#1592 = DIRECTION('',(-1.,0.));
#1593 = ( GEOMETRIC_REPRESENTATION_CONTEXT(2) 
PARAMETRIC_REPRESENTATION_CONTEXT() REPRESENTATION_CONTEXT('2D SPACE',''
  ) );
#1594 = PCURVE('',#1490,#1595);
#1595 = DEFINITIONAL_REPRESENTATION('',(#1596),#1604);
#1596 = ( BOUNDED_CURVE() B_SPLINE_CURVE(2,(#1597,#1598,#1599,#1600,
#1601,#1602,#1603),.UNSPECIFIED.,.T.,.F.) B_SPLINE_CURVE_WITH_KNOTS((1,2
    ,2,2,2,1),(-2.094395102393,0.,2.094395102393,4.188790204786,
6.28318530718,8.377580409573),.UNSPECIFIED.) CURVE() 
GEOMETRIC_REPRESENTATION_ITEM() RATIONAL_B_SPLINE_CURVE((1.,0.5,1.,0.5,
1.,0.5,1.)) REPRESENTATION_ITEM('') );
#1597 = CARTESIAN_POINT('',(43.085995098517,22.953673955214));
#1598 = CARTESIAN_POINT('',(41.700354452462,22.953673955214));
#1599 = CARTESIAN_POINT('',(42.393174775489,24.153673955214));
#1600 = CARTESIAN_POINT('',(43.085995098517,25.353673955214));
#1601 = CARTESIAN_POINT('',(43.778815421544,24.153673955214));
#1602 = CARTESIAN_POINT('',(44.471635744572,22.953673955214));
#1603 = CARTESIAN_POINT('',(43.085995098517,22.953673955214));
#1604 = ( GEOMETRIC_REPRESENTATION_CONTEXT(2) 
PARAMETRIC_REPRESENTATION_CONTEXT() REPRESENTATION_CONTEXT('2D SPACE',''
  ) );
#1605 = ORIENTED_EDGE('',*,*,#1606,.T.);
#1606 = EDGE_CURVE('',#1579,#1607,#1609,.T.);
#1607 = VERTEX_POINT('',#1608);
#1608 = CARTESIAN_POINT('',(-0.213419665329,6.95000005,24.13991255611));
#1609 = SURFACE_CURVE('',#1610,(#1661,#1709),.PCURVE_S1.);
#1610 = B_SPLINE_CURVE_WITH_KNOTS('',7,(#1611,#1612,#1613,#1614,#1615,
    #1616,#1617,#1618,#1619,#1620,#1621,#1622,#1623,#1624,#1625,#1626,
    #1627,#1628,#1629,#1630,#1631,#1632,#1633,#1634,#1635,#1636,#1637,
    #1638,#1639,#1640,#1641,#1642,#1643,#1644,#1645,#1646,#1647,#1648,
    #1649,#1650,#1651,#1652,#1653,#1654,#1655,#1656,#1657,#1658,#1659,
    #1660),.UNSPECIFIED.,.F.,.F.,(8,6,6,6,6,6,6,6,8),(0.,0.185533868908,
    0.363464458746,0.434535179269,0.543995326075,0.670054475323,
    0.760015970302,0.84369646201,1.),.UNSPECIFIED.);
#1611 = CARTESIAN_POINT('',(-0.904929648815,7.604295774883,
    24.553622477857));
#1612 = CARTESIAN_POINT('',(-0.920572225306,7.57779366993,
    24.553799940671));
#1613 = CARTESIAN_POINT('',(-0.933761894396,7.550051224366,
    24.553592684087));
#1614 = CARTESIAN_POINT('',(-0.944407711257,7.52127983126,
    24.553201394569));
#1615 = CARTESIAN_POINT('',(-0.952447895364,7.491717657448,
    24.552790988592));
#1616 = CARTESIAN_POINT('',(-0.957843302112,7.461620308133,
    24.552476816825));
#1617 = CARTESIAN_POINT('',(-0.960574194678,7.431252296054,
    24.552317373751));
#1618 = CARTESIAN_POINT('',(-0.960703727868,7.371751035651,
    24.552309809854));
#1619 = CARTESIAN_POINT('',(-0.958316306353,7.342617314836,
    24.552449201844));
#1620 = CARTESIAN_POINT('',(-0.953477712549,7.313712434172,
    24.552732593526));
#1621 = CARTESIAN_POINT('',(-0.946204099182,7.285269903769,
    24.553112172218));
#1622 = CARTESIAN_POINT('',(-0.936527952894,7.257516174498,
    24.553491868399));
#1623 = CARTESIAN_POINT('',(-0.924500600968,7.230663751384,
    24.553732970555));
#1624 = CARTESIAN_POINT('',(-0.904484255783,7.194614388041,
    24.55363770246));
#1625 = CARTESIAN_POINT('',(-0.898408024668,7.184499274995,
    24.553561236417));
#1626 = CARTESIAN_POINT('',(-0.89197342873,7.174570624261,
    24.553424488479));
#1627 = CARTESIAN_POINT('',(-0.88518585043,7.164840005364,
    24.553215794547));
#1628 = CARTESIAN_POINT('',(-0.878051315263,7.155318302256,
    24.55292283399));
#1629 = CARTESIAN_POINT('',(-0.870576491754,7.146015713316,
    24.552532629643));
#1630 = CARTESIAN_POINT('',(-0.850743444492,7.122966415204,
    24.551259802559));
#1631 = CARTESIAN_POINT('',(-0.837928346859,7.109533238769,
    24.550225183347));
#1632 = CARTESIAN_POINT('',(-0.824350272114,7.096676729613,
    24.548878361077));
#1633 = CARTESIAN_POINT('',(-0.810040005334,7.084426665954,
    24.547167326543));
#1634 = CARTESIAN_POINT('',(-0.795032279819,7.072807469495,
    24.545038366659));
#1635 = CARTESIAN_POINT('',(-0.779365813794,7.061837578263,
    24.542437040672));
#1636 = CARTESIAN_POINT('',(-0.74433173789,7.039656796585,24.53570694643
    ));
#1637 = CARTESIAN_POINT('',(-0.724763305793,7.028661685368,
    24.531406467235));
#1638 = CARTESIAN_POINT('',(-0.704442735394,7.018561465414,
    24.526324541859));
#1639 = CARTESIAN_POINT('',(-0.683441695803,7.00936232073,
    24.520378804442));
#1640 = CARTESIAN_POINT('',(-0.661838062675,7.001058108413,
    24.513488434168));
#1641 = CARTESIAN_POINT('',(-0.639715140211,6.993629827351,
    24.505574889222));
#1642 = CARTESIAN_POINT('',(-0.601065147998,6.982345919125,
    24.490131093736));
#1643 = CARTESIAN_POINT('',(-0.584750253598,6.978076518781,
    24.483140162785));
#1644 = CARTESIAN_POINT('',(-0.568247796648,6.97422510361,
    24.475562156659));
#1645 = CARTESIAN_POINT('',(-0.551591443126,6.970776717017,
    24.467370336772));
#1646 = CARTESIAN_POINT('',(-0.534816842085,6.967713243989,
    24.458538990182));
#1647 = CARTESIAN_POINT('',(-0.517961539427,6.965013426999,
    24.449043502584));
#1648 = CARTESIAN_POINT('',(-0.48534794754,6.960457147234,24.42938832979
    ));
#1649 = CARTESIAN_POINT('',(-0.469596158506,6.958555070167,
    24.41932183436));
#1650 = CARTESIAN_POINT('',(-0.453840886653,6.956927139966,
    24.408642060337));
#1651 = CARTESIAN_POINT('',(-0.438116838642,6.955551624734,
    24.397331909187));
#1652 = CARTESIAN_POINT('',(-0.422461950055,6.954404916703,
    24.385376922225));
#1653 = CARTESIAN_POINT('',(-0.40691726973,6.95346187751,24.37276613432)
  );
#1654 = CARTESIAN_POINT('',(-0.36277966624,6.951265973371,
    24.334700420654));
#1655 = CARTESIAN_POINT('',(-0.334546163911,6.9504534996,24.307575777137
    ));
#1656 = CARTESIAN_POINT('',(-0.307150150315,6.950091487642,
    24.278099668222));
#1657 = CARTESIAN_POINT('',(-0.280960282619,6.949999753266,
    24.246334711101));
#1658 = CARTESIAN_POINT('',(-0.2563689943,6.950000119819,24.212457009642
    ));
#1659 = CARTESIAN_POINT('',(-0.233757275382,6.95000005,24.176802267097)
  );
#1660 = CARTESIAN_POINT('',(-0.213419665329,6.95000005,24.13991255611));
#1661 = PCURVE('',#296,#1662);
#1662 = DEFINITIONAL_REPRESENTATION('',(#1663),#1708);
#1663 = B_SPLINE_CURVE_WITH_KNOTS('',7,(#1664,#1665,#1666,#1667,#1668,
    #1669,#1670,#1671,#1672,#1673,#1674,#1675,#1676,#1677,#1678,#1679,
    #1680,#1681,#1682,#1683,#1684,#1685,#1686,#1687,#1688,#1689,#1690,
    #1691,#1692,#1693,#1694,#1695,#1696,#1697,#1698,#1699,#1700,#1701,
    #1702,#1703,#1704,#1705,#1706,#1707),.UNSPECIFIED.,.F.,.F.,(8,6,6,6,
    6,6,6,8),(0.186301154252,0.363464458746,0.434535179269,
    0.543995326075,0.670054475323,0.760015970302,0.84369646201,1.),
  .UNSPECIFIED.);
#1664 = CARTESIAN_POINT('',(-0.461779646293,-0.45));
#1665 = CARTESIAN_POINT('',(-0.461779646039,-0.420997254445));
#1666 = CARTESIAN_POINT('',(-0.464821979231,-0.391994122258));
#1667 = CARTESIAN_POINT('',(-0.470906841373,-0.363221853227));
#1668 = CARTESIAN_POINT('',(-0.480010312196,-0.334910859063));
#1669 = CARTESIAN_POINT('',(-0.492085517439,-0.307284554834));
#1670 = CARTESIAN_POINT('',(-0.50706547081,-0.280552617036));
#1671 = CARTESIAN_POINT('',(-0.532009085576,-0.244614338041));
#1672 = CARTESIAN_POINT('',(-0.539604792647,-0.234499224995));
#1673 = CARTESIAN_POINT('',(-0.547649335182,-0.224570574261));
#1674 = CARTESIAN_POINT('',(-0.556137019311,-0.214839955364));
#1675 = CARTESIAN_POINT('',(-0.56506183944,-0.205318252256));
#1676 = CARTESIAN_POINT('',(-0.57441747825,-0.196015663316));
#1677 = CARTESIAN_POINT('',(-0.59925978882,-0.172966365204));
#1678 = CARTESIAN_POINT('',(-0.615328614086,-0.159533188769));
#1679 = CARTESIAN_POINT('',(-0.632379745169,-0.146676679613));
#1680 = CARTESIAN_POINT('',(-0.650387932915,-0.134426615954));
#1681 = CARTESIAN_POINT('',(-0.669327348404,-0.122807419495));
#1682 = CARTESIAN_POINT('',(-0.689172215015,-0.111837528263));
#1683 = CARTESIAN_POINT('',(-0.733765527345,-8.96567465851E-02));
#1684 = CARTESIAN_POINT('',(-0.758800983812,-7.866163536836E-02));
#1685 = CARTESIAN_POINT('',(-0.784966175437,-6.856141541431E-02));
#1686 = CARTESIAN_POINT('',(-0.812224622215,-5.936227073003E-02));
#1687 = CARTESIAN_POINT('',(-0.840542954191,-5.105805841338E-02));
#1688 = CARTESIAN_POINT('',(-0.869892867067,-4.362977735072E-02));
#1689 = CARTESIAN_POINT('',(-0.921919493619,-3.23458691253E-02));
#1690 = CARTESIAN_POINT('',(-0.944099752763,-2.807646878137E-02));
#1691 = CARTESIAN_POINT('',(-0.966786640314,-2.422505361012E-02));
#1692 = CARTESIAN_POINT('',(-0.989973635196,-2.077666701698E-02));
#1693 = CARTESIAN_POINT('',(-1.013655229982,-1.771319398915E-02));
#1694 = CARTESIAN_POINT('',(-1.037827250695,-1.501337699916E-02));
#1695 = CARTESIAN_POINT('',(-1.085425376205,-1.045709723402E-02));
#1696 = CARTESIAN_POINT('',(-1.108784410956,-8.555020167485E-03));
#1697 = CARTESIAN_POINT('',(-1.132562542391,-6.927089966295E-03));
#1698 = CARTESIAN_POINT('',(-1.156756680803,-5.551574734422E-03));
#1699 = CARTESIAN_POINT('',(-1.181362000063,-4.404866702885E-03));
#1700 = CARTESIAN_POINT('',(-1.206371552423,-3.461827510257E-03));
#1701 = CARTESIAN_POINT('',(-1.279227645583,-1.265923370773E-03));
#1702 = CARTESIAN_POINT('',(-1.32809705991,-4.534495997109E-04));
#1703 = CARTESIAN_POINT('',(-1.378267880574,-9.143764214636E-05));
#1704 = CARTESIAN_POINT('',(-1.429561564097,2.967338272875E-07));
#1705 = CARTESIAN_POINT('',(-1.48172554607,-6.981889755231E-08));
#1706 = CARTESIAN_POINT('',(-1.534401645399,1.110223024625E-16));
#1707 = CARTESIAN_POINT('',(-1.587057205994,1.110223024625E-16));
#1708 = ( GEOMETRIC_REPRESENTATION_CONTEXT(2) 
PARAMETRIC_REPRESENTATION_CONTEXT() REPRESENTATION_CONTEXT('2D SPACE',''
  ) );
#1709 = PCURVE('',#1710,#1715);
#1710 = TOROIDAL_SURFACE('',#1711,50.,0.45);
#1711 = AXIS2_PLACEMENT_3D('',#1712,#1713,#1714);
#1712 = CARTESIAN_POINT('',(-44.00000005,7.40000005,-1.468669630361E-12)
  );
#1713 = DIRECTION('',(0.,1.,-1.110223024625E-16));
#1714 = DIRECTION('',(1.,0.,0.));
#1715 = DEFINITIONAL_REPRESENTATION('',(#1716),#1761);
#1716 = B_SPLINE_CURVE_WITH_KNOTS('',7,(#1717,#1718,#1719,#1720,#1721,
    #1722,#1723,#1724,#1725,#1726,#1727,#1728,#1729,#1730,#1731,#1732,
    #1733,#1734,#1735,#1736,#1737,#1738,#1739,#1740,#1741,#1742,#1743,
    #1744,#1745,#1746,#1747,#1748,#1749,#1750,#1751,#1752,#1753,#1754,
    #1755,#1756,#1757,#1758,#1759,#1760),.UNSPECIFIED.,.F.,.F.,(8,6,6,6,
    6,6,6,8),(0.186301154252,0.363464458746,0.434535179269,
    0.543995326075,0.670054475323,0.760015970302,0.84369646201,1.),
  .UNSPECIFIED.);
#1717 = CARTESIAN_POINT('',(-6.801602380213,3.14159265359));
#1718 = CARTESIAN_POINT('',(-6.801602380204,3.206043198734));
#1719 = CARTESIAN_POINT('',(-6.801580569461,3.270494583818));
#1720 = CARTESIAN_POINT('',(-6.801536948668,3.334870309848));
#1721 = CARTESIAN_POINT('',(-6.801470853067,3.399095390345));
#1722 = CARTESIAN_POINT('',(-6.801380960624,3.463090734816));
#1723 = CARTESIAN_POINT('',(-6.801265414116,3.526767064192));
#1724 = CARTESIAN_POINT('',(-6.801064548167,3.615392207847));
#1725 = CARTESIAN_POINT('',(-6.801002564558,3.640697707198));
#1726 = CARTESIAN_POINT('',(-6.800935964113,3.665928131479));
#1727 = CARTESIAN_POINT('',(-6.800864599866,3.691076269292));
#1728 = CARTESIAN_POINT('',(-6.800788320104,3.716134422658));
#1729 = CARTESIAN_POINT('',(-6.800706968361,3.741094407019));
#1730 = CARTESIAN_POINT('',(-6.80048702893,3.804225322936));
#1731 = CARTESIAN_POINT('',(-6.800341263233,3.842249756567));
#1732 = CARTESIAN_POINT('',(-6.800182507191,3.879988624907));
#1733 = CARTESIAN_POINT('',(-6.800010175584,3.917406793892));
#1734 = CARTESIAN_POINT('',(-6.799823693975,3.954465551821));
#1735 = CARTESIAN_POINT('',(-6.799622515561,3.991121938571));
#1736 = CARTESIAN_POINT('',(-6.79915694811,4.069024663598));
#1737 = CARTESIAN_POINT('',(-6.798887603209,4.110123784171));
#1738 = CARTESIAN_POINT('',(-6.798597322898,4.150553046157));
#1739 = CARTESIAN_POINT('',(-6.798285410588,4.190231701178));
#1740 = CARTESIAN_POINT('',(-6.797951256492,4.229068600096));
#1741 = CARTESIAN_POINT('',(-6.797594340575,4.266960150256));
#1742 = CARTESIAN_POINT('',(-6.79694297537,4.330070482123));
#1743 = CARTESIAN_POINT('',(-6.796659913364,4.355810215927));
#1744 = CARTESIAN_POINT('',(-6.796364886257,4.380965090446));
#1745 = CARTESIAN_POINT('',(-6.796057766369,4.405487299329));
#1746 = CARTESIAN_POINT('',(-6.79573846144,4.429323254854));
#1747 = CARTESIAN_POINT('',(-6.795406914516,4.452413229194));
#1748 = CARTESIAN_POINT('',(-6.794743297588,4.495413355351));
#1749 = CARTESIAN_POINT('',(-6.794412898636,4.51543169975));
#1750 = CARTESIAN_POINT('',(-6.794071886061,4.534693401463));
#1751 = CARTESIAN_POINT('',(-6.793720300678,4.553137986774));
#1752 = CARTESIAN_POINT('',(-6.793358258303,4.570698163866));
#1753 = CARTESIAN_POINT('',(-6.792985963019,4.587300851015));
#1754 = CARTESIAN_POINT('',(-6.791889744422,4.63194585981));
#1755 = CARTESIAN_POINT('',(-6.79114045668,4.657436340603));
#1756 = CARTESIAN_POINT('',(-6.790358625352,4.678786443494));
#1757 = CARTESIAN_POINT('',(-6.789548840928,4.695404964172));
#1758 = CARTESIAN_POINT('',(-6.788717851725,4.706730470061));
#1759 = CARTESIAN_POINT('',(-6.787875034045,4.712388980393));
#1760 = CARTESIAN_POINT('',(-6.787032545075,4.712388980393));
#1761 = ( GEOMETRIC_REPRESENTATION_CONTEXT(2) 
PARAMETRIC_REPRESENTATION_CONTEXT() REPRESENTATION_CONTEXT('2D SPACE',''
  ) );
#1762 = ORIENTED_EDGE('',*,*,#1763,.T.);
#1763 = EDGE_CURVE('',#1607,#1291,#1764,.T.);
#1764 = SURFACE_CURVE('',#1765,(#1769,#1776),.PCURVE_S1.);
#1765 = LINE('',#1766,#1767);
#1766 = CARTESIAN_POINT('',(-0.213419665329,6.95000005,24.13991255611));
#1767 = VECTOR('',#1768,1.);
#1768 = DIRECTION('',(0.,-1.,1.110223024625E-16));
#1769 = PCURVE('',#296,#1770);
#1770 = DEFINITIONAL_REPRESENTATION('',(#1771),#1775);
#1771 = LINE('',#1772,#1773);
#1772 = CARTESIAN_POINT('',(-1.587057205994,0.));
#1773 = VECTOR('',#1774,1.);
#1774 = DIRECTION('',(-0.,1.));
#1775 = ( GEOMETRIC_REPRESENTATION_CONTEXT(2) 
PARAMETRIC_REPRESENTATION_CONTEXT() REPRESENTATION_CONTEXT('2D SPACE',''
  ) );
#1776 = PCURVE('',#574,#1777);
#1777 = DEFINITIONAL_REPRESENTATION('',(#1778),#1782);
#1778 = LINE('',#1779,#1780);
#1779 = CARTESIAN_POINT('',(6.787032545075,0.));
#1780 = VECTOR('',#1781,1.);
#1781 = DIRECTION('',(0.,1.));
#1782 = ( GEOMETRIC_REPRESENTATION_CONTEXT(2) 
PARAMETRIC_REPRESENTATION_CONTEXT() REPRESENTATION_CONTEXT('2D SPACE',''
  ) );
#1783 = ORIENTED_EDGE('',*,*,#1314,.F.);
#1784 = ORIENTED_EDGE('',*,*,#275,.F.);
#1785 = ORIENTED_EDGE('',*,*,#1502,.F.);
#1786 = ADVANCED_FACE('',(#1787),#499,.F.);
#1787 = FACE_BOUND('',#1788,.T.);
#1788 = EDGE_LOOP('',(#1789,#1790,#1942,#1964));
#1789 = ORIENTED_EDGE('',*,*,#1018,.F.);
#1790 = ORIENTED_EDGE('',*,*,#1791,.T.);
#1791 = EDGE_CURVE('',#986,#1792,#1794,.T.);
#1792 = VERTEX_POINT('',#1793);
#1793 = CARTESIAN_POINT('',(0.67188837927,6.95000005,-22.45934959349));
#1794 = SURFACE_CURVE('',#1795,(#1846,#1894),.PCURVE_S1.);
#1795 = B_SPLINE_CURVE_WITH_KNOTS('',7,(#1796,#1797,#1798,#1799,#1800,
    #1801,#1802,#1803,#1804,#1805,#1806,#1807,#1808,#1809,#1810,#1811,
    #1812,#1813,#1814,#1815,#1816,#1817,#1818,#1819,#1820,#1821,#1822,
    #1823,#1824,#1825,#1826,#1827,#1828,#1829,#1830,#1831,#1832,#1833,
    #1834,#1835,#1836,#1837,#1838,#1839,#1840,#1841,#1842,#1843,#1844,
    #1845),.UNSPECIFIED.,.F.,.F.,(8,6,6,6,6,6,6,6,8),(0.,0.185533866793,
    0.363464458072,0.434535178582,0.543995325348,0.670054474501,
    0.760015969331,0.843696460718,1.),.UNSPECIFIED.);
#1796 = CARTESIAN_POINT('',(0.622002153135,7.604295774883,
    -21.65507767365));
#1797 = CARTESIAN_POINT('',(0.613301929,7.577793670232,-21.64207660497)
  );
#1798 = CARTESIAN_POINT('',(0.605671649558,7.550051224998,
    -21.63131606788));
#1799 = CARTESIAN_POINT('',(0.599328257822,7.521279832245,
    -21.62275756894));
#1800 = CARTESIAN_POINT('',(0.594442702946,7.491717658796,
    -21.61635879195));
#1801 = CARTESIAN_POINT('',(0.591132254672,7.461620309849,
    -21.61208678414));
#1802 = CARTESIAN_POINT('',(0.58945631648,7.431252298131,-21.60992474155
    ));
#1803 = CARTESIAN_POINT('',(0.589376821334,7.371751037839,
    -21.60982219071));
#1804 = CARTESIAN_POINT('',(0.590841974556,7.342617316775,
    -21.61171230632));
#1805 = CARTESIAN_POINT('',(0.593812135091,7.313712435854,
    -21.61554250818));
#1806 = CARTESIAN_POINT('',(0.598238735895,7.28526990519,-21.62132651509
    ));
#1807 = CARTESIAN_POINT('',(0.604024174101,7.257516175663,
    -21.62909186638));
#1808 = CARTESIAN_POINT('',(0.611025024012,7.230663752301,
    -21.63887467916));
#1809 = CARTESIAN_POINT('',(0.622266598709,7.194614388717,
    -21.65543638651));
#1810 = CARTESIAN_POINT('',(0.625639917942,7.184499275662,
    -21.66049080524));
#1811 = CARTESIAN_POINT('',(0.629166193079,7.174570624919,
    -21.66587486582));
#1812 = CARTESIAN_POINT('',(0.632832760511,7.164840006012,-21.6715907258
    ));
#1813 = CARTESIAN_POINT('',(0.63662605151,7.155318302894,-21.67764038372
    ));
#1814 = CARTESIAN_POINT('',(0.64053159223,7.146015713943,-21.68402567912
    ));
#1815 = CARTESIAN_POINT('',(0.650698350221,7.122966415804,-21.70110218)
  );
#1816 = CARTESIAN_POINT('',(0.657092596088,7.109533239352,
    -21.71225613818));
#1817 = CARTESIAN_POINT('',(0.66366086054,7.096676730178,-21.72421590177
    ));
#1818 = CARTESIAN_POINT('',(0.670342840333,7.084426666499,
    -21.73698549533));
#1819 = CARTESIAN_POINT('',(0.677074594103,7.072807470019,
    -21.75056665085));
#1820 = CARTESIAN_POINT('',(0.683789326715,7.061837578766,
    -21.76495822545));
#1821 = CARTESIAN_POINT('',(0.698052247064,7.039656797044,
    -21.79765760986));
#1822 = CARTESIAN_POINT('',(0.705572395795,7.028661685804,
    -21.81622815151));
#1823 = CARTESIAN_POINT('',(0.712873440293,7.018561465825,
    -21.83586093771));
#1824 = CARTESIAN_POINT('',(0.719846919891,7.009362321115,-21.8565434433
    ));
#1825 = CARTESIAN_POINT('',(0.726382138063,7.001058108771,
    -21.87825715068));
#1826 = CARTESIAN_POINT('',(0.732367207732,6.99362982768,-21.90097777634
    ));
#1827 = CARTESIAN_POINT('',(0.74148875013,6.982345919411,-21.94158726012
    ));
#1828 = CARTESIAN_POINT('',(0.74495001442,6.97807651905,-21.95899612403)
  );
#1829 = CARTESIAN_POINT('',(0.748033182641,6.974225103861,
    -21.97689169147));
#1830 = CARTESIAN_POINT('',(0.750697163389,6.97077671725,-21.9952613194)
  );
#1831 = CARTESIAN_POINT('',(0.75290058961,6.967713244204,-22.01409014925
    ));
#1832 = CARTESIAN_POINT('',(0.754601927559,6.965013427196,
    -22.03336113675));
#1833 = CARTESIAN_POINT('',(0.756836417659,6.960457147401,
    -22.07137401925));
#1834 = CARTESIAN_POINT('',(0.757442748885,6.958555070321,
    -22.09005785041));
#1835 = CARTESIAN_POINT('',(0.757545268257,6.956927140106,
    -22.10909139055));
#1836 = CARTESIAN_POINT('',(0.757110246138,6.95555162486,-22.12845568648
    ));
#1837 = CARTESIAN_POINT('',(0.75610430392,6.954404916814,-22.14812762909
    ));
#1838 = CARTESIAN_POINT('',(0.754495183503,6.953461877607,
    -22.16807956597));
#1839 = CARTESIAN_POINT('',(0.748063526706,6.951265973411,
    -22.22600849145));
#1840 = CARTESIAN_POINT('',(0.741660676282,6.950453499615,
    -22.26463335997));
#1841 = CARTESIAN_POINT('',(0.732844893738,6.950091487645,
    -22.30389739645));
#1842 = CARTESIAN_POINT('',(0.721459328342,6.949999753266,
    -22.34346115004));
#1843 = CARTESIAN_POINT('',(0.707427277229,6.950000119819,
    -22.38290137934));
#1844 = CARTESIAN_POINT('',(0.690810133722,6.95000005,-22.42171401993));
#1845 = CARTESIAN_POINT('',(0.67188837927,6.95000005,-22.45934959349));
#1846 = PCURVE('',#499,#1847);
#1847 = DEFINITIONAL_REPRESENTATION('',(#1848),#1893);
#1848 = B_SPLINE_CURVE_WITH_KNOTS('',7,(#1849,#1850,#1851,#1852,#1853,
    #1854,#1855,#1856,#1857,#1858,#1859,#1860,#1861,#1862,#1863,#1864,
    #1865,#1866,#1867,#1868,#1869,#1870,#1871,#1872,#1873,#1874,#1875,
    #1876,#1877,#1878,#1879,#1880,#1881,#1882,#1883,#1884,#1885,#1886,
    #1887,#1888,#1889,#1890,#1891,#1892),.UNSPECIFIED.,.F.,.F.,(8,6,6,6,
    6,6,6,8),(0.186301154253,0.363464458072,0.434535178582,
    0.543995325348,0.670054474501,0.760015969331,0.843696460718,1.),
  .UNSPECIFIED.);
#1849 = CARTESIAN_POINT('',(-5.831899988996,3.141592653582));
#1850 = CARTESIAN_POINT('',(-5.831899988988,3.20604319848));
#1851 = CARTESIAN_POINT('',(-5.831878178245,3.270494583319));
#1852 = CARTESIAN_POINT('',(-5.831834557452,3.334870309104));
#1853 = CARTESIAN_POINT('',(-5.831768461851,3.399095389359));
#1854 = CARTESIAN_POINT('',(-5.831678569409,3.46309073359));
#1855 = CARTESIAN_POINT('',(-5.831563022902,3.526767062729));
#1856 = CARTESIAN_POINT('',(-5.831362156954,3.615392206152));
#1857 = CARTESIAN_POINT('',(-5.831300173345,3.640697705502));
#1858 = CARTESIAN_POINT('',(-5.8312335729,3.665928129783));
#1859 = CARTESIAN_POINT('',(-5.831162208654,3.691076267596));
#1860 = CARTESIAN_POINT('',(-5.831085928892,3.716134420962));
#1861 = CARTESIAN_POINT('',(-5.83100457715,3.741094405323));
#1862 = CARTESIAN_POINT('',(-5.830784637719,3.804225321238));
#1863 = CARTESIAN_POINT('',(-5.830638872023,3.842249754865));
#1864 = CARTESIAN_POINT('',(-5.830480115981,3.879988623204));
#1865 = CARTESIAN_POINT('',(-5.830307784376,3.917406792188));
#1866 = CARTESIAN_POINT('',(-5.830121302767,3.954465550119));
#1867 = CARTESIAN_POINT('',(-5.829920124354,3.991121936871));
#1868 = CARTESIAN_POINT('',(-5.829454556904,4.069024661892));
#1869 = CARTESIAN_POINT('',(-5.829185212004,4.110123782458));
#1870 = CARTESIAN_POINT('',(-5.828894931694,4.150553044439));
#1871 = CARTESIAN_POINT('',(-5.828583019385,4.190231699459));
#1872 = CARTESIAN_POINT('',(-5.828248865291,4.22906859838));
#1873 = CARTESIAN_POINT('',(-5.827891949374,4.266960148548));
#1874 = CARTESIAN_POINT('',(-5.827240584172,4.330070480415));
#1875 = CARTESIAN_POINT('',(-5.826957522167,4.35581021421));
#1876 = CARTESIAN_POINT('',(-5.826662495061,4.380965088723));
#1877 = CARTESIAN_POINT('',(-5.826355375174,4.405487297605));
#1878 = CARTESIAN_POINT('',(-5.826036070246,4.429323253134));
#1879 = CARTESIAN_POINT('',(-5.825704523324,4.452413227484));
#1880 = CARTESIAN_POINT('',(-5.825040906399,4.495413353627));
#1881 = CARTESIAN_POINT('',(-5.824710507449,4.515431698003));
#1882 = CARTESIAN_POINT('',(-5.824369494876,4.534693399703));
#1883 = CARTESIAN_POINT('',(-5.824017909496,4.553137985012));
#1884 = CARTESIAN_POINT('',(-5.823655867123,4.570698162113));
#1885 = CARTESIAN_POINT('',(-5.823283571841,4.587300849284));
#1886 = CARTESIAN_POINT('',(-5.822187353243,4.631945858536));
#1887 = CARTESIAN_POINT('',(-5.821438065495,4.657436339712));
#1888 = CARTESIAN_POINT('',(-5.820656234162,4.678786442935));
#1889 = CARTESIAN_POINT('',(-5.819846449732,4.695404963883));
#1890 = CARTESIAN_POINT('',(-5.819015460522,4.706730469958));
#1891 = CARTESIAN_POINT('',(-5.818172642835,4.712388980385));
#1892 = CARTESIAN_POINT('',(-5.817330153858,4.712388980385));
#1893 = ( GEOMETRIC_REPRESENTATION_CONTEXT(2) 
PARAMETRIC_REPRESENTATION_CONTEXT() REPRESENTATION_CONTEXT('2D SPACE',''
  ) );
#1894 = PCURVE('',#1006,#1895);
#1895 = DEFINITIONAL_REPRESENTATION('',(#1896),#1941);
#1896 = B_SPLINE_CURVE_WITH_KNOTS('',7,(#1897,#1898,#1899,#1900,#1901,
    #1902,#1903,#1904,#1905,#1906,#1907,#1908,#1909,#1910,#1911,#1912,
    #1913,#1914,#1915,#1916,#1917,#1918,#1919,#1920,#1921,#1922,#1923,
    #1924,#1925,#1926,#1927,#1928,#1929,#1930,#1931,#1932,#1933,#1934,
    #1935,#1936,#1937,#1938,#1939,#1940),.UNSPECIFIED.,.F.,.F.,(8,6,6,6,
    6,6,6,8),(0.186301154253,0.363464458072,0.434535178582,
    0.543995325348,0.670054474501,0.760015969331,0.843696460718,1.),
  .UNSPECIFIED.);
#1897 = CARTESIAN_POINT('',(-0.911373920415,-0.45));
#1898 = CARTESIAN_POINT('',(-0.911373920162,-0.420997254556));
#1899 = CARTESIAN_POINT('',(-0.91441625333,-0.391994122479));
#1900 = CARTESIAN_POINT('',(-0.920501115426,-0.363221853556));
#1901 = CARTESIAN_POINT('',(-0.92960458618,-0.334910859494));
#1902 = CARTESIAN_POINT('',(-0.941679791331,-0.30728455536));
#1903 = CARTESIAN_POINT('',(-0.95665974459,-0.280552617647));
#1904 = CARTESIAN_POINT('',(-0.981603359197,-0.244614338717));
#1905 = CARTESIAN_POINT('',(-0.989199066241,-0.234499225662));
#1906 = CARTESIAN_POINT('',(-0.997243608748,-0.224570574919));
#1907 = CARTESIAN_POINT('',(-1.005731292851,-0.214839956012));
#1908 = CARTESIAN_POINT('',(-1.014656112953,-0.205318252894));
#1909 = CARTESIAN_POINT('',(-1.024011751736,-0.196015663943));
#1910 = CARTESIAN_POINT('',(-1.048854062236,-0.172966365804));
#1911 = CARTESIAN_POINT('',(-1.064922887458,-0.159533189352));
#1912 = CARTESIAN_POINT('',(-1.081974018498,-0.146676680178));
#1913 = CARTESIAN_POINT('',(-1.099982206201,-0.134426616499));
#1914 = CARTESIAN_POINT('',(-1.118921621647,-0.122807420019));
#1915 = CARTESIAN_POINT('',(-1.138766488215,-0.111837528766));
#1916 = CARTESIAN_POINT('',(-1.183359800444,-8.965674704382E-02));
#1917 = CARTESIAN_POINT('',(-1.208395256851,-7.866163580387E-02));
#1918 = CARTESIAN_POINT('',(-1.234560448416,-6.856141582501E-02));
#1919 = CARTESIAN_POINT('',(-1.261818895133,-5.936227111457E-02));
#1920 = CARTESIAN_POINT('',(-1.290137227048,-5.105805877074E-02));
#1921 = CARTESIAN_POINT('',(-1.319487139862,-4.362977768024E-02));
#1922 = CARTESIAN_POINT('',(-1.371513766288,-3.234586941085E-02));
#1923 = CARTESIAN_POINT('',(-1.393694025366,-2.807646905016E-02));
#1924 = CARTESIAN_POINT('',(-1.41638091285,-2.422505386143E-02));
#1925 = CARTESIAN_POINT('',(-1.439567907665,-2.077666725032E-02));
#1926 = CARTESIAN_POINT('',(-1.463249502381,-1.771319420424E-02));
#1927 = CARTESIAN_POINT('',(-1.487421523023,-1.501337719592E-02));
#1928 = CARTESIAN_POINT('',(-1.535019648343,-1.045709740064E-02));
#1929 = CARTESIAN_POINT('',(-1.558378682974,-8.55502032095E-03));
#1930 = CARTESIAN_POINT('',(-1.582156814285,-6.927090105803E-03));
#1931 = CARTESIAN_POINT('',(-1.60635095257,-5.551574859525E-03));
#1932 = CARTESIAN_POINT('',(-1.630956271701,-4.40486681351E-03));
#1933 = CARTESIAN_POINT('',(-1.655965823928,-3.461827606704E-03));
#1934 = CARTESIAN_POINT('',(-1.728821917278,-1.265923411113E-03));
#1935 = CARTESIAN_POINT('',(-1.777691331957,-4.534496146223E-04));
#1936 = CARTESIAN_POINT('',(-1.827862152998,-9.143764534381E-05));
#1937 = CARTESIAN_POINT('',(-1.879155836924,2.967339831628E-07));
#1938 = CARTESIAN_POINT('',(-1.931319819319,-6.9818955728E-08));
#1939 = CARTESIAN_POINT('',(-1.983995919085,-2.22044604925E-16));
#1940 = CARTESIAN_POINT('',(-2.036651480116,-2.22044604925E-16));
#1941 = ( GEOMETRIC_REPRESENTATION_CONTEXT(2) 
PARAMETRIC_REPRESENTATION_CONTEXT() REPRESENTATION_CONTEXT('2D SPACE',''
  ) );
#1942 = ORIENTED_EDGE('',*,*,#1943,.T.);
#1943 = EDGE_CURVE('',#1792,#390,#1944,.T.);
#1944 = SURFACE_CURVE('',#1945,(#1950,#1957),.PCURVE_S1.);
#1945 = CIRCLE('',#1946,50.);
#1946 = AXIS2_PLACEMENT_3D('',#1947,#1948,#1949);
#1947 = CARTESIAN_POINT('',(-44.00000005,6.95000005,-1.468669630361E-12)
  );
#1948 = DIRECTION('',(0.,1.,-1.110223024625E-16));
#1949 = DIRECTION('',(0.867765453369,5.51751934172E-17,0.496973961028));
#1950 = PCURVE('',#499,#1951);
#1951 = DEFINITIONAL_REPRESENTATION('',(#1952),#1956);
#1952 = LINE('',#1953,#1954);
#1953 = CARTESIAN_POINT('',(-6.803293424274,4.712388980385));
#1954 = VECTOR('',#1955,1.);
#1955 = DIRECTION('',(1.,-0.));
#1956 = ( GEOMETRIC_REPRESENTATION_CONTEXT(2) 
PARAMETRIC_REPRESENTATION_CONTEXT() REPRESENTATION_CONTEXT('2D SPACE',''
  ) );
#1957 = PCURVE('',#574,#1958);
#1958 = DEFINITIONAL_REPRESENTATION('',(#1959),#1963);
#1959 = LINE('',#1960,#1961);
#1960 = CARTESIAN_POINT('',(6.803293424274,0.));
#1961 = VECTOR('',#1962,1.);
#1962 = DIRECTION('',(-1.,-0.));
#1963 = ( GEOMETRIC_REPRESENTATION_CONTEXT(2) 
PARAMETRIC_REPRESENTATION_CONTEXT() REPRESENTATION_CONTEXT('2D SPACE',''
  ) );
#1964 = ORIENTED_EDGE('',*,*,#389,.F.);
#1965 = ADVANCED_FACE('',(#1966),#574,.T.);
#1966 = FACE_BOUND('',#1967,.T.);
#1967 = EDGE_LOOP('',(#1968,#1992,#1993,#1994,#1995,#1996,#2019,#2048,
    #2076,#2105,#2240,#2269,#2408,#2437,#2465,#2494,#2522,#2551,#2579,
    #2608,#2636,#2665,#2798,#2827,#2960,#2989,#3017,#3046,#3074,#3103,
    #3131,#3160,#3188,#3217,#3356,#3385,#3520,#3549,#3577,#3606));
#1968 = ORIENTED_EDGE('',*,*,#1969,.F.);
#1969 = EDGE_CURVE('',#1607,#1970,#1972,.T.);
#1970 = VERTEX_POINT('',#1971);
#1971 = CARTESIAN_POINT('',(0.67188837927,6.95000005,22.459349593494));
#1972 = SURFACE_CURVE('',#1973,(#1978,#1985),.PCURVE_S1.);
#1973 = CIRCLE('',#1974,50.);
#1974 = AXIS2_PLACEMENT_3D('',#1975,#1976,#1977);
#1975 = CARTESIAN_POINT('',(-44.00000005,6.95000005,-1.468669630361E-12)
  );
#1976 = DIRECTION('',(0.,1.,-1.110223024625E-16));
#1977 = DIRECTION('',(0.867765453369,5.51751934172E-17,0.496973961028));
#1978 = PCURVE('',#574,#1979);
#1979 = DEFINITIONAL_REPRESENTATION('',(#1980),#1984);
#1980 = LINE('',#1981,#1982);
#1981 = CARTESIAN_POINT('',(6.803293424274,0.));
#1982 = VECTOR('',#1983,1.);
#1983 = DIRECTION('',(-1.,-0.));
#1984 = ( GEOMETRIC_REPRESENTATION_CONTEXT(2) 
PARAMETRIC_REPRESENTATION_CONTEXT() REPRESENTATION_CONTEXT('2D SPACE',''
  ) );
#1985 = PCURVE('',#1710,#1986);
#1986 = DEFINITIONAL_REPRESENTATION('',(#1987),#1991);
#1987 = LINE('',#1988,#1989);
#1988 = CARTESIAN_POINT('',(-6.803293424274,4.712388980385));
#1989 = VECTOR('',#1990,1.);
#1990 = DIRECTION('',(1.,-0.));
#1991 = ( GEOMETRIC_REPRESENTATION_CONTEXT(2) 
PARAMETRIC_REPRESENTATION_CONTEXT() REPRESENTATION_CONTEXT('2D SPACE',''
  ) );
#1992 = ORIENTED_EDGE('',*,*,#1763,.T.);
#1993 = ORIENTED_EDGE('',*,*,#1290,.T.);
#1994 = ORIENTED_EDGE('',*,*,#558,.F.);
#1995 = ORIENTED_EDGE('',*,*,#1943,.F.);
#1996 = ORIENTED_EDGE('',*,*,#1997,.T.);
#1997 = EDGE_CURVE('',#1792,#1998,#2000,.T.);
#1998 = VERTEX_POINT('',#1999);
#1999 = CARTESIAN_POINT('',(0.67188837927,-11.19999995,-22.45934959349)
  );
#2000 = SURFACE_CURVE('',#2001,(#2005,#2012),.PCURVE_S1.);
#2001 = LINE('',#2002,#2003);
#2002 = CARTESIAN_POINT('',(0.67188837927,6.95000005,-22.45934959349));
#2003 = VECTOR('',#2004,1.);
#2004 = DIRECTION('',(0.,-1.,1.110223024625E-16));
#2005 = PCURVE('',#574,#2006);
#2006 = DEFINITIONAL_REPRESENTATION('',(#2007),#2011);
#2007 = LINE('',#2008,#2009);
#2008 = CARTESIAN_POINT('',(5.817330153858,0.));
#2009 = VECTOR('',#2010,1.);
#2010 = DIRECTION('',(0.,1.));
#2011 = ( GEOMETRIC_REPRESENTATION_CONTEXT(2) 
PARAMETRIC_REPRESENTATION_CONTEXT() REPRESENTATION_CONTEXT('2D SPACE',''
  ) );
#2012 = PCURVE('',#1006,#2013);
#2013 = DEFINITIONAL_REPRESENTATION('',(#2014),#2018);
#2014 = LINE('',#2015,#2016);
#2015 = CARTESIAN_POINT('',(-2.036651480116,0.));
#2016 = VECTOR('',#2017,1.);
#2017 = DIRECTION('',(-0.,1.));
#2018 = ( GEOMETRIC_REPRESENTATION_CONTEXT(2) 
PARAMETRIC_REPRESENTATION_CONTEXT() REPRESENTATION_CONTEXT('2D SPACE',''
  ) );
#2019 = ORIENTED_EDGE('',*,*,#2020,.T.);
#2020 = EDGE_CURVE('',#1998,#2021,#2023,.T.);
#2021 = VERTEX_POINT('',#2022);
#2022 = CARTESIAN_POINT('',(1.226735405923,-11.19999995,-21.32));
#2023 = SURFACE_CURVE('',#2024,(#2029,#2036),.PCURVE_S1.);
#2024 = CIRCLE('',#2025,50.);
#2025 = AXIS2_PLACEMENT_3D('',#2026,#2027,#2028);
#2026 = CARTESIAN_POINT('',(-44.00000005,-11.19999995,
    -1.468669630361E-12));
#2027 = DIRECTION('',(0.,-1.,1.110223024625E-16));
#2028 = DIRECTION('',(0.893437768585,-4.986977407361E-17,-0.44918699187)
  );
#2029 = PCURVE('',#574,#2030);
#2030 = DEFINITIONAL_REPRESENTATION('',(#2031),#2035);
#2031 = LINE('',#2032,#2033);
#2032 = CARTESIAN_POINT('',(5.817330153858,18.15));
#2033 = VECTOR('',#2034,1.);
#2034 = DIRECTION('',(1.,-0.));
#2035 = ( GEOMETRIC_REPRESENTATION_CONTEXT(2) 
PARAMETRIC_REPRESENTATION_CONTEXT() REPRESENTATION_CONTEXT('2D SPACE',''
  ) );
#2036 = PCURVE('',#2037,#2042);
#2037 = PLANE('',#2038);
#2038 = AXIS2_PLACEMENT_3D('',#2039,#2040,#2041);
#2039 = CARTESIAN_POINT('',(-12.00000005,-11.19999995,-21.3));
#2040 = DIRECTION('',(0.,-1.,1.110223024625E-16));
#2041 = DIRECTION('',(1.,0.,0.));
#2042 = DEFINITIONAL_REPRESENTATION('',(#2043),#2047);
#2043 = CIRCLE('',#2044,50.);
#2044 = AXIS2_PLACEMENT_2D('',#2045,#2046);
#2045 = CARTESIAN_POINT('',(-32.,21.3));
#2046 = DIRECTION('',(0.893437768585,-0.44918699187));
#2047 = ( GEOMETRIC_REPRESENTATION_CONTEXT(2) 
PARAMETRIC_REPRESENTATION_CONTEXT() REPRESENTATION_CONTEXT('2D SPACE',''
  ) );
#2048 = ORIENTED_EDGE('',*,*,#2049,.F.);
#2049 = EDGE_CURVE('',#2050,#2021,#2052,.T.);
#2050 = VERTEX_POINT('',#2051);
#2051 = CARTESIAN_POINT('',(1.226735405923,-10.37999995,-21.32));
#2052 = SURFACE_CURVE('',#2053,(#2057,#2064),.PCURVE_S1.);
#2053 = LINE('',#2054,#2055);
#2054 = CARTESIAN_POINT('',(1.226735405923,6.95000005,-21.32));
#2055 = VECTOR('',#2056,1.);
#2056 = DIRECTION('',(0.,-1.,1.110223024625E-16));
#2057 = PCURVE('',#574,#2058);
#2058 = DEFINITIONAL_REPRESENTATION('',(#2059),#2063);
#2059 = LINE('',#2060,#2061);
#2060 = CARTESIAN_POINT('',(5.842676228096,0.));
#2061 = VECTOR('',#2062,1.);
#2062 = DIRECTION('',(0.,1.));
#2063 = ( GEOMETRIC_REPRESENTATION_CONTEXT(2) 
PARAMETRIC_REPRESENTATION_CONTEXT() REPRESENTATION_CONTEXT('2D SPACE',''
  ) );
#2064 = PCURVE('',#2065,#2070);
#2065 = PLANE('',#2066);
#2066 = AXIS2_PLACEMENT_3D('',#2067,#2068,#2069);
#2067 = CARTESIAN_POINT('',(-12.00000005,-10.37999995,-21.32));
#2068 = DIRECTION('',(0.,-1.110223024625E-16,-1.));
#2069 = DIRECTION('',(-0.,1.,-1.110223024625E-16));
#2070 = DEFINITIONAL_REPRESENTATION('',(#2071),#2075);
#2071 = LINE('',#2072,#2073);
#2072 = CARTESIAN_POINT('',(17.33,13.226735455923));
#2073 = VECTOR('',#2074,1.);
#2074 = DIRECTION('',(-1.,0.));
#2075 = ( GEOMETRIC_REPRESENTATION_CONTEXT(2) 
PARAMETRIC_REPRESENTATION_CONTEXT() REPRESENTATION_CONTEXT('2D SPACE',''
  ) );
#2076 = ORIENTED_EDGE('',*,*,#2077,.T.);
#2077 = EDGE_CURVE('',#2050,#2078,#2080,.T.);
#2078 = VERTEX_POINT('',#2079);
#2079 = CARTESIAN_POINT('',(1.23627578701,-10.37999995,-21.29974996092)
  );
#2080 = SURFACE_CURVE('',#2081,(#2086,#2093),.PCURVE_S1.);
#2081 = CIRCLE('',#2082,50.);
#2082 = AXIS2_PLACEMENT_3D('',#2083,#2084,#2085);
#2083 = CARTESIAN_POINT('',(-44.00000005,-10.37999995,
    -1.468669630361E-12));
#2084 = DIRECTION('',(0.,-1.,1.110223024625E-16));
#2085 = DIRECTION('',(1.,0.,0.));
#2086 = PCURVE('',#574,#2087);
#2087 = DEFINITIONAL_REPRESENTATION('',(#2088),#2092);
#2088 = LINE('',#2089,#2090);
#2089 = CARTESIAN_POINT('',(0.,17.33));
#2090 = VECTOR('',#2091,1.);
#2091 = DIRECTION('',(1.,0.));
#2092 = ( GEOMETRIC_REPRESENTATION_CONTEXT(2) 
PARAMETRIC_REPRESENTATION_CONTEXT() REPRESENTATION_CONTEXT('2D SPACE',''
  ) );
#2093 = PCURVE('',#2094,#2099);
#2094 = PLANE('',#2095);
#2095 = AXIS2_PLACEMENT_3D('',#2096,#2097,#2098);
#2096 = CARTESIAN_POINT('',(-12.00000005,-10.37999995,-20.5));
#2097 = DIRECTION('',(0.,-1.,1.110223024625E-16));
#2098 = DIRECTION('',(-1.,-0.,0.));
#2099 = DEFINITIONAL_REPRESENTATION('',(#2100),#2104);
#2100 = CIRCLE('',#2101,50.);
#2101 = AXIS2_PLACEMENT_2D('',#2102,#2103);
#2102 = CARTESIAN_POINT('',(32.,-20.5));
#2103 = DIRECTION('',(-1.,0.));
#2104 = ( GEOMETRIC_REPRESENTATION_CONTEXT(2) 
PARAMETRIC_REPRESENTATION_CONTEXT() REPRESENTATION_CONTEXT('2D SPACE',''
  ) );
#2105 = ORIENTED_EDGE('',*,*,#2106,.T.);
#2106 = EDGE_CURVE('',#2078,#2107,#2109,.T.);
#2107 = VERTEX_POINT('',#2108);
#2108 = CARTESIAN_POINT('',(1.604276065294,-11.19999995,-20.5));
#2109 = SURFACE_CURVE('',#2110,(#2133,#2184),.PCURVE_S1.);
#2110 = B_SPLINE_CURVE_WITH_KNOTS('',6,(#2111,#2112,#2113,#2114,#2115,
    #2116,#2117,#2118,#2119,#2120,#2121,#2122,#2123,#2124,#2125,#2126,
    #2127,#2128,#2129,#2130,#2131,#2132),.UNSPECIFIED.,.F.,.F.,(7,5,5,5,
    7),(0.,0.531244052254,1.,35.442607759404,61.033458750974),
  .UNSPECIFIED.);
#2111 = CARTESIAN_POINT('',(1.23627578701,-10.37999995,-21.29974996092)
  );
#2112 = CARTESIAN_POINT('',(1.236254939227,-10.38177045207,
    -21.29979423731));
#2113 = CARTESIAN_POINT('',(1.23623630626,-10.38354105342,
    -21.29983380976));
#2114 = CARTESIAN_POINT('',(1.236219888202,-10.38531174085,
    -21.29986867811));
#2115 = CARTESIAN_POINT('',(1.236205685131,-10.38708250118,
    -21.29989884225));
#2116 = CARTESIAN_POINT('',(1.236193697109,-10.38885332122,
    -21.29992430208));
#2117 = CARTESIAN_POINT('',(1.236175300799,-10.39218675445,
    -21.29996337161));
#2118 = CARTESIAN_POINT('',(1.236168402055,-10.39374935733,
    -21.29997802293));
#2119 = CARTESIAN_POINT('',(1.236163227977,-10.39531198739,
    -21.29998901146));
#2120 = CARTESIAN_POINT('',(1.236159778585,-10.39687463555,
    -21.29999633715));
#2121 = CARTESIAN_POINT('',(1.236158053889,-10.39843729277,-21.3));
#2122 = CARTESIAN_POINT('',(1.236158053889,-10.51481873795,-21.3));
#2123 = CARTESIAN_POINT('',(1.245469347679,-10.62991050896,
    -21.28022496409));
#2124 = CARTESIAN_POINT('',(1.264175174875,-10.74142126686,
    -21.24049845848));
#2125 = CARTESIAN_POINT('',(1.291921019768,-10.84544144312,
    -21.1814040277));
#2126 = CARTESIAN_POINT('',(1.327933869196,-10.93808911986,
    -21.10423966955));
#2127 = CARTESIAN_POINT('',(1.403078266644,-11.0728622811,
    -20.94197435566));
#2128 = CARTESIAN_POINT('',(1.439063805282,-11.12191364483,
    -20.86393592015));
#2129 = CARTESIAN_POINT('',(1.478255593998,-11.16040051458,
    -20.7784843761));
#2130 = CARTESIAN_POINT('',(1.519618754657,-11.18673662749,
    -20.68770648349));
#2131 = CARTESIAN_POINT('',(1.562006507869,-11.19999995,-20.5940328082)
  );
#2132 = CARTESIAN_POINT('',(1.604276065294,-11.19999995,-20.5));
#2133 = PCURVE('',#574,#2134);
#2134 = DEFINITIONAL_REPRESENTATION('',(#2135),#2183);
#2135 = B_SPLINE_CURVE_WITH_KNOTS('',3,(#2136,#2137,#2138,#2139,#2140,
    #2141,#2142,#2143,#2144,#2145,#2146,#2147,#2148,#2149,#2150,#2151,
    #2152,#2153,#2154,#2155,#2156,#2157,#2158,#2159,#2160,#2161,#2162,
    #2163,#2164,#2165,#2166,#2167,#2168,#2169,#2170,#2171,#2172,#2173,
    #2174,#2175,#2176,#2177,#2178,#2179,#2180,#2181,#2182),
  .UNSPECIFIED.,.F.,.F.,(4,1,1,1,1,1,1,1,1,1,1,1,1,1,1,1,1,1,1,1,1,1,1,1
    ,1,1,1,1,1,1,1,1,1,1,1,1,1,1,1,1,1,1,1,1,4),(0.,1.387124062522,
    2.774248125044,4.161372187566,5.548496250089,6.935620312611,
    8.322744375133,9.709868437655,11.096992500177,12.484116562699,
    13.871240625221,15.258364687743,16.645488750266,18.032612812788,
    19.41973687531,20.806860937832,22.193985000354,23.581109062876,
    24.968233125398,26.355357187921,27.742481250443,29.129605312965,
    30.516729375487,31.903853438009,33.290977500531,34.678101563053,
    36.065225625576,37.452349688098,38.83947375062,40.226597813142,
    41.613721875664,43.000845938186,44.387970000708,45.77509406323,
    47.162218125753,48.549342188275,49.936466250797,51.323590313319,
    52.710714375841,54.097838438363,55.484962500885,56.872086563408,
    58.25921062593,59.646334688452,61.033458750974),
  .QUASI_UNIFORM_KNOTS.);
#2136 = CARTESIAN_POINT('',(5.843123925745,17.33));
#2137 = CARTESIAN_POINT('',(5.843118814577,17.339244682257));
#2138 = CARTESIAN_POINT('',(5.843115680368,17.357743408745));
#2139 = CARTESIAN_POINT('',(5.843132257796,17.385492465395));
#2140 = CARTESIAN_POINT('',(5.84317013381,17.413217168334));
#2141 = CARTESIAN_POINT('',(5.843229309074,17.44088590261));
#2142 = CARTESIAN_POINT('',(5.843309768571,17.468468688168));
#2143 = CARTESIAN_POINT('',(5.843411480732,17.495935061457));
#2144 = CARTESIAN_POINT('',(5.84353439772,17.523254648579));
#2145 = CARTESIAN_POINT('',(5.843678455398,17.550397016532));
#2146 = CARTESIAN_POINT('',(5.843843573366,17.577331717177));
#2147 = CARTESIAN_POINT('',(5.844029654969,17.604028278864));
#2148 = CARTESIAN_POINT('',(5.844236587303,17.630456211374));
#2149 = CARTESIAN_POINT('',(5.844464241207,17.656585006578));
#2150 = CARTESIAN_POINT('',(5.844712471246,17.682384139545));
#2151 = CARTESIAN_POINT('',(5.844981115689,17.707823068819));
#2152 = CARTESIAN_POINT('',(5.845269996471,17.732871236211));
#2153 = CARTESIAN_POINT('',(5.845578919151,17.757498066014));
#2154 = CARTESIAN_POINT('',(5.845907672862,17.781672963663));
#2155 = CARTESIAN_POINT('',(5.84625603024,17.805365313847));
#2156 = CARTESIAN_POINT('',(5.846623747361,17.828544478028));
#2157 = CARTESIAN_POINT('',(5.847010563655,17.851179791511));
#2158 = CARTESIAN_POINT('',(5.847416201812,17.873240559575));
#2159 = CARTESIAN_POINT('',(5.847840367692,17.894696054459));
#2160 = CARTESIAN_POINT('',(5.848282750184,17.915515506511));
#2161 = CARTESIAN_POINT('',(5.8487430212,17.935668114493));
#2162 = CARTESIAN_POINT('',(5.849220835121,17.955122981736));
#2163 = CARTESIAN_POINT('',(5.849715830237,17.973849326419));
#2164 = CARTESIAN_POINT('',(5.850227687086,17.991817992691));
#2165 = CARTESIAN_POINT('',(5.850755705616,18.008987810512));
#2166 = CARTESIAN_POINT('',(5.851299190849,18.025321365167));
#2167 = CARTESIAN_POINT('',(5.851857398118,18.040782597412));
#2168 = CARTESIAN_POINT('',(5.85242955051,18.055337481787));
#2169 = CARTESIAN_POINT('',(5.853014836929,18.068953879733));
#2170 = CARTESIAN_POINT('',(5.853612415323,18.08160161339));
#2171 = CARTESIAN_POINT('',(5.854221414488,18.093252479857));
#2172 = CARTESIAN_POINT('',(5.854840936219,18.103880280981));
#2173 = CARTESIAN_POINT('',(5.855470057345,18.113460848592));
#2174 = CARTESIAN_POINT('',(5.856107831751,18.121972070431));
#2175 = CARTESIAN_POINT('',(5.856753292372,18.129393915928));
#2176 = CARTESIAN_POINT('',(5.857405453173,18.135708459881));
#2177 = CARTESIAN_POINT('',(5.858063311071,18.140899912728));
#2178 = CARTESIAN_POINT('',(5.858725847927,18.144954624579));
#2179 = CARTESIAN_POINT('',(5.859392032161,18.147861185617));
#2180 = CARTESIAN_POINT('',(5.860060821653,18.149610165329));
#2181 = CARTESIAN_POINT('',(5.860507715044,18.150000187145));
#2182 = CARTESIAN_POINT('',(5.860731244993,18.15));
#2183 = ( GEOMETRIC_REPRESENTATION_CONTEXT(2) 
PARAMETRIC_REPRESENTATION_CONTEXT() REPRESENTATION_CONTEXT('2D SPACE',''
  ) );
#2184 = PCURVE('',#2185,#2190);
#2185 = CYLINDRICAL_SURFACE('',#2186,0.8);
#2186 = AXIS2_PLACEMENT_3D('',#2187,#2188,#2189);
#2187 = CARTESIAN_POINT('',(-12.00000005,-10.39999995,-20.5));
#2188 = DIRECTION('',(-1.,0.,0.));
#2189 = DIRECTION('',(0.,-1.110223024625E-16,-1.));
#2190 = DEFINITIONAL_REPRESENTATION('',(#2191),#2239);
#2191 = B_SPLINE_CURVE_WITH_KNOTS('',3,(#2192,#2193,#2194,#2195,#2196,
    #2197,#2198,#2199,#2200,#2201,#2202,#2203,#2204,#2205,#2206,#2207,
    #2208,#2209,#2210,#2211,#2212,#2213,#2214,#2215,#2216,#2217,#2218,
    #2219,#2220,#2221,#2222,#2223,#2224,#2225,#2226,#2227,#2228,#2229,
    #2230,#2231,#2232,#2233,#2234,#2235,#2236,#2237,#2238),
  .UNSPECIFIED.,.F.,.F.,(4,1,1,1,1,1,1,1,1,1,1,1,1,1,1,1,1,1,1,1,1,1,1,1
    ,1,1,1,1,1,1,1,1,1,1,1,1,1,1,1,1,1,1,1,1,4),(0.,1.387124062522,
    2.774248125044,4.161372187566,5.548496250089,6.935620312611,
    8.322744375133,9.709868437655,11.096992500177,12.484116562699,
    13.871240625221,15.258364687743,16.645488750266,18.032612812788,
    19.41973687531,20.806860937832,22.193985000354,23.581109062876,
    24.968233125398,26.355357187921,27.742481250443,29.129605312965,
    30.516729375487,31.903853438009,33.290977500531,34.678101563053,
    36.065225625576,37.452349688098,38.83947375062,40.226597813142,
    41.613721875664,43.000845938186,44.387970000708,45.77509406323,
    47.162218125753,48.549342188275,49.936466250797,51.323590313319,
    52.710714375841,54.097838438363,55.484962500885,56.872086563408,
    58.25921062593,59.646334688452,61.033458750974),
  .QUASI_UNIFORM_KNOTS.);
#2192 = CARTESIAN_POINT('',(6.25818270228,-13.23627583701));
#2193 = CARTESIAN_POINT('',(6.26974217661,-13.23616696539));
#2194 = CARTESIAN_POINT('',(6.292862775522,-13.23610021311));
#2195 = CARTESIAN_POINT('',(6.327556544995,-13.23645330994));
#2196 = CARTESIAN_POINT('',(6.362273308451,-13.23726002524));
#2197 = CARTESIAN_POINT('',(6.397015479899,-13.23852025921));
#2198 = CARTESIAN_POINT('',(6.431787621784,-13.24023352239));
#2199 = CARTESIAN_POINT('',(6.466593811009,-13.24239890984));
#2200 = CARTESIAN_POINT('',(6.501438352245,-13.24501511002));
#2201 = CARTESIAN_POINT('',(6.536325594595,-13.24808040432));
#2202 = CARTESIAN_POINT('',(6.571259988773,-13.25159266918));
#2203 = CARTESIAN_POINT('',(6.60624608014,-13.25554937746));
#2204 = CARTESIAN_POINT('',(6.641288519283,-13.25994760011));
#2205 = CARTESIAN_POINT('',(6.676392068319,-13.2647840077));
#2206 = CARTESIAN_POINT('',(6.711561608885,-13.27005487206));
#2207 = CARTESIAN_POINT('',(6.746802150324,-13.27575606789));
#2208 = CARTESIAN_POINT('',(6.782118838628,-13.28188307438));
#2209 = CARTESIAN_POINT('',(6.817516966146,-13.28843097688));
#2210 = CARTESIAN_POINT('',(6.853001982253,-13.29539446854));
#2211 = CARTESIAN_POINT('',(6.888579505139,-13.30276785198));
#2212 = CARTESIAN_POINT('',(6.92425533488,-13.31054504101));
#2213 = CARTESIAN_POINT('',(6.960035468117,-13.31871956228));
#2214 = CARTESIAN_POINT('',(6.995926114041,-13.32728455703));
#2215 = CARTESIAN_POINT('',(7.031933713854,-13.33623278292));
#2216 = CARTESIAN_POINT('',(7.068064956613,-13.34555661516));
#2217 = CARTESIAN_POINT('',(7.104326819022,-13.35524805073));
#2218 = CARTESIAN_POINT('',(7.140726527375,-13.36529870081));
#2219 = CARTESIAN_POINT('',(7.177271822623,-13.37569982755));
#2220 = CARTESIAN_POINT('',(7.213974776653,-13.38644356421));
#2221 = CARTESIAN_POINT('',(7.250822447822,-13.39751406554));
#2222 = CARTESIAN_POINT('',(7.287806109386,-13.40889562096));
#2223 = CARTESIAN_POINT('',(7.324916757544,-13.42057151406));
#2224 = CARTESIAN_POINT('',(7.362146234152,-13.43252439961));
#2225 = CARTESIAN_POINT('',(7.39948685128,-13.44473627245));
#2226 = CARTESIAN_POINT('',(7.436931422903,-13.45718854446));
#2227 = CARTESIAN_POINT('',(7.474473192579,-13.46986209107));
#2228 = CARTESIAN_POINT('',(7.512105793388,-13.48273730466));
#2229 = CARTESIAN_POINT('',(7.549823202899,-13.49579414459));
#2230 = CARTESIAN_POINT('',(7.587619702379,-13.50901218685));
#2231 = CARTESIAN_POINT('',(7.625489837024,-13.52237067237));
#2232 = CARTESIAN_POINT('',(7.663428377304,-13.5358485543));
#2233 = CARTESIAN_POINT('',(7.701430280637,-13.54942454415));
#2234 = CARTESIAN_POINT('',(7.73949065297,-13.56307715715));
#2235 = CARTESIAN_POINT('',(7.777604709353,-13.576784755));
#2236 = CARTESIAN_POINT('',(7.815767734481,-13.59052559338));
#2237 = CARTESIAN_POINT('',(7.841239269723,-13.59969376217));
#2238 = CARTESIAN_POINT('',(7.853981633974,-13.60427611529));
#2239 = ( GEOMETRIC_REPRESENTATION_CONTEXT(2) 
PARAMETRIC_REPRESENTATION_CONTEXT() REPRESENTATION_CONTEXT('2D SPACE',''
  ) );
#2240 = ORIENTED_EDGE('',*,*,#2241,.T.);
#2241 = EDGE_CURVE('',#2107,#2242,#2244,.T.);
#2242 = VERTEX_POINT('',#2243);
#2243 = CARTESIAN_POINT('',(5.089204465861,-11.19999995,-9.500000000001)
  );
#2244 = SURFACE_CURVE('',#2245,(#2250,#2257),.PCURVE_S1.);
#2245 = CIRCLE('',#2246,50.);
#2246 = AXIS2_PLACEMENT_3D('',#2247,#2248,#2249);
#2247 = CARTESIAN_POINT('',(-44.00000005,-11.19999995,
    -1.468669630361E-12));
#2248 = DIRECTION('',(0.,-1.,1.110223024625E-16));
#2249 = DIRECTION('',(0.893437768585,-4.986977407361E-17,-0.44918699187)
  );
#2250 = PCURVE('',#574,#2251);
#2251 = DEFINITIONAL_REPRESENTATION('',(#2252),#2256);
#2252 = LINE('',#2253,#2254);
#2253 = CARTESIAN_POINT('',(5.817330153858,18.15));
#2254 = VECTOR('',#2255,1.);
#2255 = DIRECTION('',(1.,-0.));
#2256 = ( GEOMETRIC_REPRESENTATION_CONTEXT(2) 
PARAMETRIC_REPRESENTATION_CONTEXT() REPRESENTATION_CONTEXT('2D SPACE',''
  ) );
#2257 = PCURVE('',#2258,#2263);
#2258 = PLANE('',#2259);
#2259 = AXIS2_PLACEMENT_3D('',#2260,#2261,#2262);
#2260 = CARTESIAN_POINT('',(-12.00000005,-11.19999995,-21.3));
#2261 = DIRECTION('',(0.,-1.,1.110223024625E-16));
#2262 = DIRECTION('',(1.,0.,0.));
#2263 = DEFINITIONAL_REPRESENTATION('',(#2264),#2268);
#2264 = CIRCLE('',#2265,50.);
#2265 = AXIS2_PLACEMENT_2D('',#2266,#2267);
#2266 = CARTESIAN_POINT('',(-32.,21.3));
#2267 = DIRECTION('',(0.893437768585,-0.44918699187));
#2268 = ( GEOMETRIC_REPRESENTATION_CONTEXT(2) 
PARAMETRIC_REPRESENTATION_CONTEXT() REPRESENTATION_CONTEXT('2D SPACE',''
  ) );
#2269 = ORIENTED_EDGE('',*,*,#2270,.T.);
#2270 = EDGE_CURVE('',#2242,#2271,#2273,.T.);
#2271 = VERTEX_POINT('',#2272);
#2272 = CARTESIAN_POINT('',(5.237238390611,-10.37999995,-8.700250039076)
  );
#2273 = SURFACE_CURVE('',#2274,(#2301,#2352),.PCURVE_S1.);
#2274 = B_SPLINE_CURVE_WITH_KNOTS('',7,(#2275,#2276,#2277,#2278,#2279,
    #2280,#2281,#2282,#2283,#2284,#2285,#2286,#2287,#2288,#2289,#2290,
    #2291,#2292,#2293,#2294,#2295,#2296,#2297,#2298,#2299,#2300),
  .UNSPECIFIED.,.F.,.F.,(8,6,6,6,8),(0.,0.416353342947,1.,1.008042585782
    ,1.017157149458),.UNSPECIFIED.);
#2275 = CARTESIAN_POINT('',(5.089204465861,-11.19999995,-9.500000000001)
  );
#2276 = CARTESIAN_POINT('',(5.104949225855,-11.19999995,-9.418642342798)
  );
#2277 = CARTESIAN_POINT('',(5.120463466273,-11.19034693576,
    -9.337632729372));
#2278 = CARTESIAN_POINT('',(5.135445750958,-11.17119076012,
    -9.258541840676));
#2279 = CARTESIAN_POINT('',(5.149625559079,-11.14306030116,
    -9.182881524963));
#2280 = CARTESIAN_POINT('',(5.162776087292,-11.10684605316,
    -9.112021788083));
#2281 = CARTESIAN_POINT('',(5.174725756934,-11.06377984033,
    -9.047090491612));
#2282 = CARTESIAN_POINT('',(5.20028738511,-10.94760883382,-8.90722195501
    ));
#2283 = CARTESIAN_POINT('',(5.212704161638,-10.86908687789,
    -8.838385785217));
#2284 = CARTESIAN_POINT('',(5.222588039116,-10.78257437808,
    -8.783021115483));
#2285 = CARTESIAN_POINT('',(5.229959710112,-10.6903845998,
    -8.741443523673));
#2286 = CARTESIAN_POINT('',(5.234847999248,-10.59461422883,-8.7137783386
    ));
#2287 = CARTESIAN_POINT('',(5.237282572013,-10.49720082422,
    -8.700000000001));
#2288 = CARTESIAN_POINT('',(5.237282572013,-10.3986605328,
    -8.700000000001));
#2289 = CARTESIAN_POINT('',(5.237282109724,-10.3973211156,
    -8.700002616308));
#2290 = CARTESIAN_POINT('',(5.237281185146,-10.39598170293,
    -8.70000784892));
#2291 = CARTESIAN_POINT('',(5.237279798277,-10.39464229929,
    -8.700015697839));
#2292 = CARTESIAN_POINT('',(5.237277949116,-10.39330290921,
    -8.700026163067));
#2293 = CARTESIAN_POINT('',(5.23727563766,-10.3919635372,-8.700039244606
    ));
#2294 = CARTESIAN_POINT('',(5.237269720439,-10.38910631957,
    -8.700072732647));
#2295 = CARTESIAN_POINT('',(5.237265983224,-10.38758848037,
    -8.700093883075));
#2296 = CARTESIAN_POINT('',(5.237261652253,-10.38607067677,
    -8.700118393749));
#2297 = CARTESIAN_POINT('',(5.237256727516,-10.38455291535,
    -8.700146264677));
#2298 = CARTESIAN_POINT('',(5.237251209005,-10.38303520269,
    -8.700177495867));
#2299 = CARTESIAN_POINT('',(5.237245096708,-10.38151754538,
    -8.70021208733));
#2300 = CARTESIAN_POINT('',(5.237238390611,-10.37999995,-8.700250039076)
  );
#2301 = PCURVE('',#574,#2302);
#2302 = DEFINITIONAL_REPRESENTATION('',(#2303),#2351);
#2303 = B_SPLINE_CURVE_WITH_KNOTS('',3,(#2304,#2305,#2306,#2307,#2308,
    #2309,#2310,#2311,#2312,#2313,#2314,#2315,#2316,#2317,#2318,#2319,
    #2320,#2321,#2322,#2323,#2324,#2325,#2326,#2327,#2328,#2329,#2330,
    #2331,#2332,#2333,#2334,#2335,#2336,#2337,#2338,#2339,#2340,#2341,
    #2342,#2343,#2344,#2345,#2346,#2347,#2348,#2349,#2350),
  .UNSPECIFIED.,.F.,.F.,(4,1,1,1,1,1,1,1,1,1,1,1,1,1,1,1,1,1,1,1,1,1,1,1
    ,1,1,1,1,1,1,1,1,1,1,1,1,1,1,1,1,1,1,1,1,4),(0.,2.311720794224E-02,
    4.623441588447E-02,6.935162382671E-02,9.246883176895E-02,
    0.115586039711,0.138703247653,0.161820455596,0.184937663538,
    0.20805487148,0.231172079422,0.254289287365,0.277406495307,
    0.300523703249,0.323640911191,0.346758119134,0.369875327076,
    0.392992535018,0.41610974296,0.439226950902,0.462344158845,
    0.485461366787,0.508578574729,0.531695782671,0.554812990614,
    0.577930198556,0.601047406498,0.62416461444,0.647281822383,
    0.670399030325,0.693516238267,0.716633446209,0.739750654152,
    0.762867862094,0.785985070036,0.809102277978,0.832219485921,
    0.855336693863,0.878453901805,0.901571109747,0.924688317689,
    0.947805525632,0.970922733574,0.994039941516,1.017157149458),
  .QUASI_UNIFORM_KNOTS.);
#2304 = CARTESIAN_POINT('',(6.092023160649,18.15));
#2305 = CARTESIAN_POINT('',(6.092237876802,18.150000249806));
#2306 = CARTESIAN_POINT('',(6.092666972336,18.149583182547));
#2307 = CARTESIAN_POINT('',(6.093308475269,18.147715069593));
#2308 = CARTESIAN_POINT('',(6.093946702204,18.144613462609));
#2309 = CARTESIAN_POINT('',(6.094580537045,18.140291476425));
#2310 = CARTESIAN_POINT('',(6.095208879465,18.134764880708));
#2311 = CARTESIAN_POINT('',(6.095830648946,18.128052455212));
#2312 = CARTESIAN_POINT('',(6.096444786795,18.120175862923));
#2313 = CARTESIAN_POINT('',(6.097050258757,18.111159651856));
#2314 = CARTESIAN_POINT('',(6.097646057538,18.101031221805));
#2315 = CARTESIAN_POINT('',(6.098231205411,18.08982080009));
#2316 = CARTESIAN_POINT('',(6.098804756876,18.07756141378));
#2317 = CARTESIAN_POINT('',(6.099365801313,18.064288864517));
#2318 = CARTESIAN_POINT('',(6.099913465911,18.050041693861));
#2319 = CARTESIAN_POINT('',(6.100446917808,18.034861181434));
#2320 = CARTESIAN_POINT('',(6.100965369398,18.018791218789));
#2321 = CARTESIAN_POINT('',(6.101468072079,18.001878645014));
#2322 = CARTESIAN_POINT('',(6.101954353345,17.984171857155));
#2323 = CARTESIAN_POINT('',(6.102423492385,17.965725857056));
#2324 = CARTESIAN_POINT('',(6.102875198595,17.94658327516));
#2325 = CARTESIAN_POINT('',(6.103309622653,17.926766614137));
#2326 = CARTESIAN_POINT('',(6.103726526472,17.906313648607));
#2327 = CARTESIAN_POINT('',(6.104125793218,17.885257078576));
#2328 = CARTESIAN_POINT('',(6.104507289759,17.86363003391));
#2329 = CARTESIAN_POINT('',(6.104870902645,17.84146465076));
#2330 = CARTESIAN_POINT('',(6.105216527642,17.818792501456));
#2331 = CARTESIAN_POINT('',(6.105544071762,17.795644525035));
#2332 = CARTESIAN_POINT('',(6.105853451991,17.77205108899));
#2333 = CARTESIAN_POINT('',(6.106144594951,17.748042013447));
#2334 = CARTESIAN_POINT('',(6.106417436345,17.723646603139));
#2335 = CARTESIAN_POINT('',(6.106671920504,17.698893675189));
#2336 = CARTESIAN_POINT('',(6.106907999941,17.673811586069));
#2337 = CARTESIAN_POINT('',(6.10712563493,17.648428256986));
#2338 = CARTESIAN_POINT('',(6.10732479311,17.622771198061));
#2339 = CARTESIAN_POINT('',(6.107505449107,17.596867531336));
#2340 = CARTESIAN_POINT('',(6.107667584173,17.570744012854));
#2341 = CARTESIAN_POINT('',(6.107811185841,17.544427053541));
#2342 = CARTESIAN_POINT('',(6.107936247588,17.517942740447));
#2343 = CARTESIAN_POINT('',(6.108042768507,17.491316853183));
#2344 = CARTESIAN_POINT('',(6.108130752995,17.464574895339));
#2345 = CARTESIAN_POINT('',(6.108200210423,17.437742067695));
#2346 = CARTESIAN_POINT('',(6.108251154876,17.410843456916));
#2347 = CARTESIAN_POINT('',(6.108283604638,17.383903418882));
#2348 = CARTESIAN_POINT('',(6.108297582631,17.356947967158));
#2349 = CARTESIAN_POINT('',(6.108294603058,17.338979953122));
#2350 = CARTESIAN_POINT('',(6.108290042711,17.33));
#2351 = ( GEOMETRIC_REPRESENTATION_CONTEXT(2) 
PARAMETRIC_REPRESENTATION_CONTEXT() REPRESENTATION_CONTEXT('2D SPACE',''
  ) );
#2352 = PCURVE('',#2353,#2358);
#2353 = CYLINDRICAL_SURFACE('',#2354,0.8);
#2354 = AXIS2_PLACEMENT_3D('',#2355,#2356,#2357);
#2355 = CARTESIAN_POINT('',(-12.00000005,-10.39999995,-9.500000000001));
#2356 = DIRECTION('',(-1.,0.,0.));
#2357 = DIRECTION('',(0.,1.110223024625E-16,1.));
#2358 = DEFINITIONAL_REPRESENTATION('',(#2359),#2407);
#2359 = B_SPLINE_CURVE_WITH_KNOTS('',3,(#2360,#2361,#2362,#2363,#2364,
    #2365,#2366,#2367,#2368,#2369,#2370,#2371,#2372,#2373,#2374,#2375,
    #2376,#2377,#2378,#2379,#2380,#2381,#2382,#2383,#2384,#2385,#2386,
    #2387,#2388,#2389,#2390,#2391,#2392,#2393,#2394,#2395,#2396,#2397,
    #2398,#2399,#2400,#2401,#2402,#2403,#2404,#2405,#2406),
  .UNSPECIFIED.,.F.,.F.,(4,1,1,1,1,1,1,1,1,1,1,1,1,1,1,1,1,1,1,1,1,1,1,1
    ,1,1,1,1,1,1,1,1,1,1,1,1,1,1,1,1,1,1,1,1,4),(0.,2.311720794224E-02,
    4.623441588447E-02,6.935162382671E-02,9.246883176895E-02,
    0.115586039711,0.138703247653,0.161820455596,0.184937663538,
    0.20805487148,0.231172079422,0.254289287365,0.277406495307,
    0.300523703249,0.323640911191,0.346758119134,0.369875327076,
    0.392992535018,0.41610974296,0.439226950902,0.462344158845,
    0.485461366787,0.508578574729,0.531695782671,0.554812990614,
    0.577930198556,0.601047406498,0.62416461444,0.647281822383,
    0.670399030325,0.693516238267,0.716633446209,0.739750654152,
    0.762867862094,0.785985070036,0.809102277978,0.832219485921,
    0.855336693863,0.878453901805,0.901571109747,0.924688317689,
    0.947805525632,0.970922733574,0.994039941516,1.017157149458),
  .QUASI_UNIFORM_KNOTS.);
#2360 = CARTESIAN_POINT('',(-7.853981633974,-17.08920451586));
#2361 = CARTESIAN_POINT('',(-7.840806397532,-17.09124433138));
#2362 = CARTESIAN_POINT('',(-7.814474687657,-17.09531392929));
#2363 = CARTESIAN_POINT('',(-7.775042269507,-17.10137781012));
#2364 = CARTESIAN_POINT('',(-7.735683816955,-17.10739064962));
#2365 = CARTESIAN_POINT('',(-7.696408284411,-17.11334230276));
#2366 = CARTESIAN_POINT('',(-7.6572248169,-17.11922289476));
#2367 = CARTESIAN_POINT('',(-7.618142834602,-17.12502287138));
#2368 = CARTESIAN_POINT('',(-7.579172107614,-17.130733006));
#2369 = CARTESIAN_POINT('',(-7.540322832219,-17.13634441799));
#2370 = CARTESIAN_POINT('',(-7.501605706414,-17.1418485879));
#2371 = CARTESIAN_POINT('',(-7.463032006714,-17.14723737313));
#2372 = CARTESIAN_POINT('',(-7.424613665292,-17.15250302345));
#2373 = CARTESIAN_POINT('',(-7.386363354432,-17.15763819577));
#2374 = CARTESIAN_POINT('',(-7.34829455687,-17.16263597073));
#2375 = CARTESIAN_POINT('',(-7.310421706427,-17.16748986163));
#2376 = CARTESIAN_POINT('',(-7.272760088445,-17.17219385113));
#2377 = CARTESIAN_POINT('',(-7.235326663264,-17.17674232332));
#2378 = CARTESIAN_POINT('',(-7.198137475638,-17.18113038535));
#2379 = CARTESIAN_POINT('',(-7.161217840461,-17.18535273433));
#2380 = CARTESIAN_POINT('',(-7.12456488511,-17.1894079525));
#2381 = CARTESIAN_POINT('',(-7.088140896837,-17.19329855183));
#2382 = CARTESIAN_POINT('',(-7.051940594692,-17.19702351241));
#2383 = CARTESIAN_POINT('',(-7.015950654291,-17.20058287255));
#2384 = CARTESIAN_POINT('',(-6.980160490814,-17.20397648766));
#2385 = CARTESIAN_POINT('',(-6.944559316736,-17.20720435203));
#2386 = CARTESIAN_POINT('',(-6.909136882297,-17.2102665026));
#2387 = CARTESIAN_POINT('',(-6.873883233522,-17.21316303535));
#2388 = CARTESIAN_POINT('',(-6.838788737153,-17.21589409225));
#2389 = CARTESIAN_POINT('',(-6.803844037158,-17.21845985671));
#2390 = CARTESIAN_POINT('',(-6.769040032149,-17.22086054732));
#2391 = CARTESIAN_POINT('',(-6.734367849327,-17.22309641255));
#2392 = CARTESIAN_POINT('',(-6.699818821108,-17.22516772581));
#2393 = CARTESIAN_POINT('',(-6.665384462446,-17.22707478078));
#2394 = CARTESIAN_POINT('',(-6.631056449109,-17.22881788713));
#2395 = CARTESIAN_POINT('',(-6.596826596578,-17.23039736652));
#2396 = CARTESIAN_POINT('',(-6.562686839548,-17.23181354887));
#2397 = CARTESIAN_POINT('',(-6.528629211434,-17.23306676888));
#2398 = CARTESIAN_POINT('',(-6.494645825505,-17.23415736276));
#2399 = CARTESIAN_POINT('',(-6.460728850978,-17.23508566508));
#2400 = CARTESIAN_POINT('',(-6.426870508381,-17.23585200589));
#2401 = CARTESIAN_POINT('',(-6.393062992963,-17.23645670761));
#2402 = CARTESIAN_POINT('',(-6.35929866602,-17.23690008322));
#2403 = CARTESIAN_POINT('',(-6.325569245105,-17.23718243006));
#2404 = CARTESIAN_POINT('',(-6.291868728604,-17.23730404007));
#2405 = CARTESIAN_POINT('',(-6.269411163439,-17.2372781126));
#2406 = CARTESIAN_POINT('',(-6.25818270228,-17.23723844061));
#2407 = ( GEOMETRIC_REPRESENTATION_CONTEXT(2) 
PARAMETRIC_REPRESENTATION_CONTEXT() REPRESENTATION_CONTEXT('2D SPACE',''
  ) );
#2408 = ORIENTED_EDGE('',*,*,#2409,.T.);
#2409 = EDGE_CURVE('',#2271,#2410,#2412,.T.);
#2410 = VERTEX_POINT('',#2411);
#2411 = CARTESIAN_POINT('',(5.240812290984,-10.37999995,-8.680000000001)
  );
#2412 = SURFACE_CURVE('',#2413,(#2418,#2425),.PCURVE_S1.);
#2413 = CIRCLE('',#2414,50.);
#2414 = AXIS2_PLACEMENT_3D('',#2415,#2416,#2417);
#2415 = CARTESIAN_POINT('',(-44.00000005,-10.37999995,
    -1.468669630361E-12));
#2416 = DIRECTION('',(0.,-1.,1.110223024625E-16));
#2417 = DIRECTION('',(1.,0.,0.));
#2418 = PCURVE('',#574,#2419);
#2419 = DEFINITIONAL_REPRESENTATION('',(#2420),#2424);
#2420 = LINE('',#2421,#2422);
#2421 = CARTESIAN_POINT('',(0.,17.33));
#2422 = VECTOR('',#2423,1.);
#2423 = DIRECTION('',(1.,0.));
#2424 = ( GEOMETRIC_REPRESENTATION_CONTEXT(2) 
PARAMETRIC_REPRESENTATION_CONTEXT() REPRESENTATION_CONTEXT('2D SPACE',''
  ) );
#2425 = PCURVE('',#2426,#2431);
#2426 = PLANE('',#2427);
#2427 = AXIS2_PLACEMENT_3D('',#2428,#2429,#2430);
#2428 = CARTESIAN_POINT('',(-12.00000005,-10.37999995,-9.500000000001));
#2429 = DIRECTION('',(0.,-1.,1.110223024625E-16));
#2430 = DIRECTION('',(1.,0.,0.));
#2431 = DEFINITIONAL_REPRESENTATION('',(#2432),#2436);
#2432 = CIRCLE('',#2433,50.);
#2433 = AXIS2_PLACEMENT_2D('',#2434,#2435);
#2434 = CARTESIAN_POINT('',(-32.,9.5));
#2435 = DIRECTION('',(1.,0.));
#2436 = ( GEOMETRIC_REPRESENTATION_CONTEXT(2) 
PARAMETRIC_REPRESENTATION_CONTEXT() REPRESENTATION_CONTEXT('2D SPACE',''
  ) );
#2437 = ORIENTED_EDGE('',*,*,#2438,.T.);
#2438 = EDGE_CURVE('',#2410,#2439,#2441,.T.);
#2439 = VERTEX_POINT('',#2440);
#2440 = CARTESIAN_POINT('',(5.240812290984,-11.19999995,-8.680000000001)
  );
#2441 = SURFACE_CURVE('',#2442,(#2446,#2453),.PCURVE_S1.);
#2442 = LINE('',#2443,#2444);
#2443 = CARTESIAN_POINT('',(5.240812290984,6.95000005,-8.680000000001));
#2444 = VECTOR('',#2445,1.);
#2445 = DIRECTION('',(0.,-1.,1.110223024625E-16));
#2446 = PCURVE('',#574,#2447);
#2447 = DEFINITIONAL_REPRESENTATION('',(#2448),#2452);
#2448 = LINE('',#2449,#2450);
#2449 = CARTESIAN_POINT('',(6.108701302654,0.));
#2450 = VECTOR('',#2451,1.);
#2451 = DIRECTION('',(0.,1.));
#2452 = ( GEOMETRIC_REPRESENTATION_CONTEXT(2) 
PARAMETRIC_REPRESENTATION_CONTEXT() REPRESENTATION_CONTEXT('2D SPACE',''
  ) );
#2453 = PCURVE('',#2454,#2459);
#2454 = PLANE('',#2455);
#2455 = AXIS2_PLACEMENT_3D('',#2456,#2457,#2458);
#2456 = CARTESIAN_POINT('',(-12.00000005,-10.37999995,-8.680000000001));
#2457 = DIRECTION('',(0.,1.110223024625E-16,1.));
#2458 = DIRECTION('',(0.,-1.,1.110223024625E-16));
#2459 = DEFINITIONAL_REPRESENTATION('',(#2460),#2464);
#2460 = LINE('',#2461,#2462);
#2461 = CARTESIAN_POINT('',(-17.33,17.240812340984));
#2462 = VECTOR('',#2463,1.);
#2463 = DIRECTION('',(1.,0.));
#2464 = ( GEOMETRIC_REPRESENTATION_CONTEXT(2) 
PARAMETRIC_REPRESENTATION_CONTEXT() REPRESENTATION_CONTEXT('2D SPACE',''
  ) );
#2465 = ORIENTED_EDGE('',*,*,#2466,.T.);
#2466 = EDGE_CURVE('',#2439,#2467,#2469,.T.);
#2467 = VERTEX_POINT('',#2468);
#2468 = CARTESIAN_POINT('',(5.351229982735,-11.19999995,-8.028455284554)
  );
#2469 = SURFACE_CURVE('',#2470,(#2475,#2482),.PCURVE_S1.);
#2470 = CIRCLE('',#2471,50.);
#2471 = AXIS2_PLACEMENT_3D('',#2472,#2473,#2474);
#2472 = CARTESIAN_POINT('',(-44.00000005,-11.19999995,
    -1.468669630361E-12));
#2473 = DIRECTION('',(0.,-1.,1.110223024625E-16));
#2474 = DIRECTION('',(0.893437768585,-4.986977407361E-17,-0.44918699187)
  );
#2475 = PCURVE('',#574,#2476);
#2476 = DEFINITIONAL_REPRESENTATION('',(#2477),#2481);
#2477 = LINE('',#2478,#2479);
#2478 = CARTESIAN_POINT('',(5.817330153858,18.15));
#2479 = VECTOR('',#2480,1.);
#2480 = DIRECTION('',(1.,-0.));
#2481 = ( GEOMETRIC_REPRESENTATION_CONTEXT(2) 
PARAMETRIC_REPRESENTATION_CONTEXT() REPRESENTATION_CONTEXT('2D SPACE',''
  ) );
#2482 = PCURVE('',#2483,#2488);
#2483 = PLANE('',#2484);
#2484 = AXIS2_PLACEMENT_3D('',#2485,#2486,#2487);
#2485 = CARTESIAN_POINT('',(-12.00000005,-11.19999995,-21.3));
#2486 = DIRECTION('',(0.,-1.,1.110223024625E-16));
#2487 = DIRECTION('',(1.,0.,0.));
#2488 = DEFINITIONAL_REPRESENTATION('',(#2489),#2493);
#2489 = CIRCLE('',#2490,50.);
#2490 = AXIS2_PLACEMENT_2D('',#2491,#2492);
#2491 = CARTESIAN_POINT('',(-32.,21.3));
#2492 = DIRECTION('',(0.893437768585,-0.44918699187));
#2493 = ( GEOMETRIC_REPRESENTATION_CONTEXT(2) 
PARAMETRIC_REPRESENTATION_CONTEXT() REPRESENTATION_CONTEXT('2D SPACE',''
  ) );
#2494 = ORIENTED_EDGE('',*,*,#2495,.F.);
#2495 = EDGE_CURVE('',#2496,#2467,#2498,.T.);
#2496 = VERTEX_POINT('',#2497);
#2497 = CARTESIAN_POINT('',(5.351229982735,6.95000005,-8.028455284554));
#2498 = SURFACE_CURVE('',#2499,(#2503,#2510),.PCURVE_S1.);
#2499 = LINE('',#2500,#2501);
#2500 = CARTESIAN_POINT('',(5.351229982735,6.95000005,-8.028455284554));
#2501 = VECTOR('',#2502,1.);
#2502 = DIRECTION('',(0.,-1.,1.110223024625E-16));
#2503 = PCURVE('',#574,#2504);
#2504 = DEFINITIONAL_REPRESENTATION('',(#2505),#2509);
#2505 = LINE('',#2506,#2507);
#2506 = CARTESIAN_POINT('',(6.121918094095,0.));
#2507 = VECTOR('',#2508,1.);
#2508 = DIRECTION('',(0.,1.));
#2509 = ( GEOMETRIC_REPRESENTATION_CONTEXT(2) 
PARAMETRIC_REPRESENTATION_CONTEXT() REPRESENTATION_CONTEXT('2D SPACE',''
  ) );
#2510 = PCURVE('',#2511,#2516);
#2511 = CYLINDRICAL_SURFACE('',#2512,0.8);
#2512 = AXIS2_PLACEMENT_3D('',#2513,#2514,#2515);
#2513 = CARTESIAN_POINT('',(4.561610302211,6.95000005,-7.900000000001));
#2514 = DIRECTION('',(0.,-1.,1.110223024625E-16));
#2515 = DIRECTION('',(0.,-1.110223024625E-16,-1.));
#2516 = DEFINITIONAL_REPRESENTATION('',(#2517),#2521);
#2517 = LINE('',#2518,#2519);
#2518 = CARTESIAN_POINT('',(1.409529113711,0.));
#2519 = VECTOR('',#2520,1.);
#2520 = DIRECTION('',(0.,1.));
#2521 = ( GEOMETRIC_REPRESENTATION_CONTEXT(2) 
PARAMETRIC_REPRESENTATION_CONTEXT() REPRESENTATION_CONTEXT('2D SPACE',''
  ) );
#2522 = ORIENTED_EDGE('',*,*,#2523,.F.);
#2523 = EDGE_CURVE('',#2524,#2496,#2526,.T.);
#2524 = VERTEX_POINT('',#2525);
#2525 = CARTESIAN_POINT('',(5.47663405501,6.95000005,-7.215447154473));
#2526 = SURFACE_CURVE('',#2527,(#2532,#2539),.PCURVE_S1.);
#2527 = CIRCLE('',#2528,50.);
#2528 = AXIS2_PLACEMENT_3D('',#2529,#2530,#2531);
#2529 = CARTESIAN_POINT('',(-44.00000005,6.95000005,-1.468669630361E-12)
  );
#2530 = DIRECTION('',(0.,1.,-1.110223024625E-16));
#2531 = DIRECTION('',(0.867765453369,5.51751934172E-17,0.496973961028));
#2532 = PCURVE('',#574,#2533);
#2533 = DEFINITIONAL_REPRESENTATION('',(#2534),#2538);
#2534 = LINE('',#2535,#2536);
#2535 = CARTESIAN_POINT('',(6.803293424274,0.));
#2536 = VECTOR('',#2537,1.);
#2537 = DIRECTION('',(-1.,-0.));
#2538 = ( GEOMETRIC_REPRESENTATION_CONTEXT(2) 
PARAMETRIC_REPRESENTATION_CONTEXT() REPRESENTATION_CONTEXT('2D SPACE',''
  ) );
#2539 = PCURVE('',#2540,#2545);
#2540 = TOROIDAL_SURFACE('',#2541,50.,0.45);
#2541 = AXIS2_PLACEMENT_3D('',#2542,#2543,#2544);
#2542 = CARTESIAN_POINT('',(-44.00000005,7.40000005,-1.468669630361E-12)
  );
#2543 = DIRECTION('',(0.,1.,-1.110223024625E-16));
#2544 = DIRECTION('',(1.,0.,0.));
#2545 = DEFINITIONAL_REPRESENTATION('',(#2546),#2550);
#2546 = LINE('',#2547,#2548);
#2547 = CARTESIAN_POINT('',(-6.803293424274,4.712388980385));
#2548 = VECTOR('',#2549,1.);
#2549 = DIRECTION('',(1.,-0.));
#2550 = ( GEOMETRIC_REPRESENTATION_CONTEXT(2) 
PARAMETRIC_REPRESENTATION_CONTEXT() REPRESENTATION_CONTEXT('2D SPACE',''
  ) );
#2551 = ORIENTED_EDGE('',*,*,#2552,.T.);
#2552 = EDGE_CURVE('',#2524,#2553,#2555,.T.);
#2553 = VERTEX_POINT('',#2554);
#2554 = CARTESIAN_POINT('',(5.47663405501,-11.19999995,-7.215447154473)
  );
#2555 = SURFACE_CURVE('',#2556,(#2560,#2567),.PCURVE_S1.);
#2556 = LINE('',#2557,#2558);
#2557 = CARTESIAN_POINT('',(5.47663405501,6.95000005,-7.215447154473));
#2558 = VECTOR('',#2559,1.);
#2559 = DIRECTION('',(0.,-1.,1.110223024625E-16));
#2560 = PCURVE('',#574,#2561);
#2561 = DEFINITIONAL_REPRESENTATION('',(#2562),#2566);
#2562 = LINE('',#2563,#2564);
#2563 = CARTESIAN_POINT('',(6.138370737238,0.));
#2564 = VECTOR('',#2565,1.);
#2565 = DIRECTION('',(0.,1.));
#2566 = ( GEOMETRIC_REPRESENTATION_CONTEXT(2) 
PARAMETRIC_REPRESENTATION_CONTEXT() REPRESENTATION_CONTEXT('2D SPACE',''
  ) );
#2567 = PCURVE('',#2568,#2573);
#2568 = CYLINDRICAL_SURFACE('',#2569,0.8);
#2569 = AXIS2_PLACEMENT_3D('',#2570,#2571,#2572);
#2570 = CARTESIAN_POINT('',(4.68500790933,6.95000005,-7.100000000001));
#2571 = DIRECTION('',(0.,-1.,1.110223024625E-16));
#2572 = DIRECTION('',(0.,1.110223024625E-16,1.));
#2573 = DEFINITIONAL_REPRESENTATION('',(#2574),#2578);
#2574 = LINE('',#2575,#2576);
#2575 = CARTESIAN_POINT('',(-1.715610896736,0.));
#2576 = VECTOR('',#2577,1.);
#2577 = DIRECTION('',(-0.,1.));
#2578 = ( GEOMETRIC_REPRESENTATION_CONTEXT(2) 
PARAMETRIC_REPRESENTATION_CONTEXT() REPRESENTATION_CONTEXT('2D SPACE',''
  ) );
#2579 = ORIENTED_EDGE('',*,*,#2580,.T.);
#2580 = EDGE_CURVE('',#2553,#2581,#2583,.T.);
#2581 = VERTEX_POINT('',#2582);
#2582 = CARTESIAN_POINT('',(5.598967681194,-11.19999995,-6.32));
#2583 = SURFACE_CURVE('',#2584,(#2589,#2596),.PCURVE_S1.);
#2584 = CIRCLE('',#2585,50.);
#2585 = AXIS2_PLACEMENT_3D('',#2586,#2587,#2588);
#2586 = CARTESIAN_POINT('',(-44.00000005,-11.19999995,
    -1.468669630361E-12));
#2587 = DIRECTION('',(0.,-1.,1.110223024625E-16));
#2588 = DIRECTION('',(0.9895326821,-1.602151112772E-17,-0.144308943089)
  );
#2589 = PCURVE('',#574,#2590);
#2590 = DEFINITIONAL_REPRESENTATION('',(#2591),#2595);
#2591 = LINE('',#2592,#2593);
#2592 = CARTESIAN_POINT('',(6.138370737238,18.15));
#2593 = VECTOR('',#2594,1.);
#2594 = DIRECTION('',(1.,-0.));
#2595 = ( GEOMETRIC_REPRESENTATION_CONTEXT(2) 
PARAMETRIC_REPRESENTATION_CONTEXT() REPRESENTATION_CONTEXT('2D SPACE',''
  ) );
#2596 = PCURVE('',#2597,#2602);
#2597 = PLANE('',#2598);
#2598 = AXIS2_PLACEMENT_3D('',#2599,#2600,#2601);
#2599 = CARTESIAN_POINT('',(-12.00000005,-11.19999995,-6.300000000001));
#2600 = DIRECTION('',(0.,-1.,1.110223024625E-16));
#2601 = DIRECTION('',(1.,0.,0.));
#2602 = DEFINITIONAL_REPRESENTATION('',(#2603),#2607);
#2603 = CIRCLE('',#2604,50.);
#2604 = AXIS2_PLACEMENT_2D('',#2605,#2606);
#2605 = CARTESIAN_POINT('',(-32.,6.3));
#2606 = DIRECTION('',(0.9895326821,-0.144308943089));
#2607 = ( GEOMETRIC_REPRESENTATION_CONTEXT(2) 
PARAMETRIC_REPRESENTATION_CONTEXT() REPRESENTATION_CONTEXT('2D SPACE',''
  ) );
#2608 = ORIENTED_EDGE('',*,*,#2609,.F.);
#2609 = EDGE_CURVE('',#2610,#2581,#2612,.T.);
#2610 = VERTEX_POINT('',#2611);
#2611 = CARTESIAN_POINT('',(5.598967681194,-10.37999995,-6.320000000001)
  );
#2612 = SURFACE_CURVE('',#2613,(#2617,#2624),.PCURVE_S1.);
#2613 = LINE('',#2614,#2615);
#2614 = CARTESIAN_POINT('',(5.598967681194,6.95000005,-6.320000000001));
#2615 = VECTOR('',#2616,1.);
#2616 = DIRECTION('',(0.,-1.,1.110223024625E-16));
#2617 = PCURVE('',#574,#2618);
#2618 = DEFINITIONAL_REPRESENTATION('',(#2619),#2623);
#2619 = LINE('',#2620,#2621);
#2620 = CARTESIAN_POINT('',(6.156446282727,0.));
#2621 = VECTOR('',#2622,1.);
#2622 = DIRECTION('',(0.,1.));
#2623 = ( GEOMETRIC_REPRESENTATION_CONTEXT(2) 
PARAMETRIC_REPRESENTATION_CONTEXT() REPRESENTATION_CONTEXT('2D SPACE',''
  ) );
#2624 = PCURVE('',#2625,#2630);
#2625 = PLANE('',#2626);
#2626 = AXIS2_PLACEMENT_3D('',#2627,#2628,#2629);
#2627 = CARTESIAN_POINT('',(-12.00000005,-10.37999995,-6.320000000001));
#2628 = DIRECTION('',(0.,-1.110223024625E-16,-1.));
#2629 = DIRECTION('',(-0.,1.,-1.110223024625E-16));
#2630 = DEFINITIONAL_REPRESENTATION('',(#2631),#2635);
#2631 = LINE('',#2632,#2633);
#2632 = CARTESIAN_POINT('',(17.33,17.598967731194));
#2633 = VECTOR('',#2634,1.);
#2634 = DIRECTION('',(-1.,0.));
#2635 = ( GEOMETRIC_REPRESENTATION_CONTEXT(2) 
PARAMETRIC_REPRESENTATION_CONTEXT() REPRESENTATION_CONTEXT('2D SPACE',''
  ) );
#2636 = ORIENTED_EDGE('',*,*,#2637,.T.);
#2637 = EDGE_CURVE('',#2610,#2638,#2640,.T.);
#2638 = VERTEX_POINT('',#2639);
#2639 = CARTESIAN_POINT('',(5.601543781113,-10.37999995,-6.299749960927)
  );
#2640 = SURFACE_CURVE('',#2641,(#2646,#2653),.PCURVE_S1.);
#2641 = CIRCLE('',#2642,50.);
#2642 = AXIS2_PLACEMENT_3D('',#2643,#2644,#2645);
#2643 = CARTESIAN_POINT('',(-44.00000005,-10.37999995,
    -1.468669630361E-12));
#2644 = DIRECTION('',(0.,-1.,1.110223024625E-16));
#2645 = DIRECTION('',(1.,0.,0.));
#2646 = PCURVE('',#574,#2647);
#2647 = DEFINITIONAL_REPRESENTATION('',(#2648),#2652);
#2648 = LINE('',#2649,#2650);
#2649 = CARTESIAN_POINT('',(0.,17.33));
#2650 = VECTOR('',#2651,1.);
#2651 = DIRECTION('',(1.,0.));
#2652 = ( GEOMETRIC_REPRESENTATION_CONTEXT(2) 
PARAMETRIC_REPRESENTATION_CONTEXT() REPRESENTATION_CONTEXT('2D SPACE',''
  ) );
#2653 = PCURVE('',#2654,#2659);
#2654 = PLANE('',#2655);
#2655 = AXIS2_PLACEMENT_3D('',#2656,#2657,#2658);
#2656 = CARTESIAN_POINT('',(-12.00000005,-10.37999995,-5.500000000001));
#2657 = DIRECTION('',(0.,-1.,1.110223024625E-16));
#2658 = DIRECTION('',(-1.,-0.,0.));
#2659 = DEFINITIONAL_REPRESENTATION('',(#2660),#2664);
#2660 = CIRCLE('',#2661,50.);
#2661 = AXIS2_PLACEMENT_2D('',#2662,#2663);
#2662 = CARTESIAN_POINT('',(32.,-5.5));
#2663 = DIRECTION('',(-1.,0.));
#2664 = ( GEOMETRIC_REPRESENTATION_CONTEXT(2) 
PARAMETRIC_REPRESENTATION_CONTEXT() REPRESENTATION_CONTEXT('2D SPACE',''
  ) );
#2665 = ORIENTED_EDGE('',*,*,#2666,.T.);
#2666 = EDGE_CURVE('',#2638,#2667,#2669,.T.);
#2667 = VERTEX_POINT('',#2668);
#2668 = CARTESIAN_POINT('',(5.696579309147,-11.19999995,-5.500000000001)
  );
#2669 = SURFACE_CURVE('',#2670,(#2691,#2742),.PCURVE_S1.);
#2670 = B_SPLINE_CURVE_WITH_KNOTS('',7,(#2671,#2672,#2673,#2674,#2675,
    #2676,#2677,#2678,#2679,#2680,#2681,#2682,#2683,#2684,#2685,#2686,
    #2687,#2688,#2689,#2690),.UNSPECIFIED.,.F.,.F.,(8,6,6,8),(0.,1.,
    35.561855223904,59.080644571077),.UNSPECIFIED.);
#2671 = CARTESIAN_POINT('',(5.601543781113,-10.37999995,-6.299749960927)
  );
#2672 = CARTESIAN_POINT('',(5.601534707716,-10.38285665907,
    -6.299821400982));
#2673 = CARTESIAN_POINT('',(5.601527146457,-10.38571358506,
    -6.299880934149));
#2674 = CARTESIAN_POINT('',(5.601521097393,-10.38857068456,
    -6.299928560554));
#2675 = CARTESIAN_POINT('',(5.601516560567,-10.39142791418,
    -6.299964280294));
#2676 = CARTESIAN_POINT('',(5.601513536006,-10.39428523054,
    -6.299988093432));
#2677 = CARTESIAN_POINT('',(5.601512023726,-10.39714259026,
    -6.300000000001));
#2678 = CARTESIAN_POINT('',(5.601512023726,-10.49875560333,
    -6.300000000001));
#2679 = CARTESIAN_POINT('',(5.603318469571,-10.59771981444,
    -6.285777348752));
#2680 = CARTESIAN_POINT('',(5.606945136064,-10.69498500165,
    -6.257223885368));
#2681 = CARTESIAN_POINT('',(5.612372528122,-10.78854726359,
    -6.214286556628));
#2682 = CARTESIAN_POINT('',(5.619536083126,-10.87620916024,
    -6.15705612727));
#2683 = CARTESIAN_POINT('',(5.628319403786,-10.95550907142,
    -6.085816518953));
#2684 = CARTESIAN_POINT('',(5.645498913256,-11.06974957035,
    -5.943718697195));
#2685 = CARTESIAN_POINT('',(5.653144524837,-11.11091731163,
    -5.879825766446));
#2686 = CARTESIAN_POINT('',(5.66136002554,-11.14553124629,
    -5.810308281651));
#2687 = CARTESIAN_POINT('',(5.669986443509,-11.17242620315,
    -5.73622465662));
#2688 = CARTESIAN_POINT('',(5.678847621752,-11.19075378693,
    -5.658857887586));
#2689 = CARTESIAN_POINT('',(5.687767107304,-11.19999995,-5.579624779679)
  );
#2690 = CARTESIAN_POINT('',(5.696579309147,-11.19999995,-5.500000000001)
  );
#2691 = PCURVE('',#574,#2692);
#2692 = DEFINITIONAL_REPRESENTATION('',(#2693),#2741);
#2693 = B_SPLINE_CURVE_WITH_KNOTS('',3,(#2694,#2695,#2696,#2697,#2698,
    #2699,#2700,#2701,#2702,#2703,#2704,#2705,#2706,#2707,#2708,#2709,
    #2710,#2711,#2712,#2713,#2714,#2715,#2716,#2717,#2718,#2719,#2720,
    #2721,#2722,#2723,#2724,#2725,#2726,#2727,#2728,#2729,#2730,#2731,
    #2732,#2733,#2734,#2735,#2736,#2737,#2738,#2739,#2740),
  .UNSPECIFIED.,.F.,.F.,(4,1,1,1,1,1,1,1,1,1,1,1,1,1,1,1,1,1,1,1,1,1,1,1
    ,1,1,1,1,1,1,1,1,1,1,1,1,1,1,1,1,1,1,1,1,4),(0.,1.34274192207,
    2.68548384414,4.02822576621,5.37096768828,6.71370961035,
    8.05645153242,9.39919345449,10.741935376559,12.084677298629,
    13.427419220699,14.770161142769,16.112903064839,17.455644986909,
    18.798386908979,20.141128831049,21.483870753119,22.826612675189,
    24.169354597259,25.512096519329,26.854838441399,28.197580363469,
    29.540322285538,30.883064207608,32.225806129678,33.568548051748,
    34.911289973818,36.254031895888,37.596773817958,38.939515740028,
    40.282257662098,41.624999584168,42.967741506238,44.310483428308,
    45.653225350378,46.995967272448,48.338709194517,49.681451116587,
    51.024193038657,52.366934960727,53.709676882797,55.052418804867,
    56.395160726937,57.737902649007,59.080644571077),
  .QUASI_UNIFORM_KNOTS.);
#2694 = CARTESIAN_POINT('',(6.156854547532,17.33));
#2695 = CARTESIAN_POINT('',(6.156850036254,17.338949126446));
#2696 = CARTESIAN_POINT('',(6.156847067883,17.356855205261));
#2697 = CARTESIAN_POINT('',(6.156860800949,17.383717437892));
#2698 = CARTESIAN_POINT('',(6.156892742802,17.410564374587));
#2699 = CARTESIAN_POINT('',(6.156942916261,17.437370769449));
#2700 = CARTESIAN_POINT('',(6.157011340378,17.464112919271));
#2701 = CARTESIAN_POINT('',(6.157098030883,17.490766392049));
#2702 = CARTESIAN_POINT('',(6.157202999599,17.517306609178));
#2703 = CARTESIAN_POINT('',(6.157326254136,17.543708662939));
#2704 = CARTESIAN_POINT('',(6.157467797509,17.569947338673));
#2705 = CARTESIAN_POINT('',(6.157627627775,17.595997081721));
#2706 = CARTESIAN_POINT('',(6.157805737657,17.621831978624));
#2707 = CARTESIAN_POINT('',(6.158002114162,17.647425733798));
#2708 = CARTESIAN_POINT('',(6.158216738185,17.672751646562));
#2709 = CARTESIAN_POINT('',(6.158449584101,17.697782587046));
#2710 = CARTESIAN_POINT('',(6.158700619338,17.722490971216));
#2711 = CARTESIAN_POINT('',(6.158969803931,17.746848734798));
#2712 = CARTESIAN_POINT('',(6.159257090055,17.770827305992));
#2713 = CARTESIAN_POINT('',(6.15956242153,17.794397576843));
#2714 = CARTESIAN_POINT('',(6.1598857333,17.817529873161));
#2715 = CARTESIAN_POINT('',(6.160226950882,17.840193922842));
#2716 = CARTESIAN_POINT('',(6.16058598977,17.862358822451));
#2717 = CARTESIAN_POINT('',(6.160962754844,17.883993002088));
#2718 = CARTESIAN_POINT('',(6.161357139611,17.905064187813));
#2719 = CARTESIAN_POINT('',(6.161769025848,17.925539363715));
#2720 = CARTESIAN_POINT('',(6.162198281565,17.945384725306));
#2721 = CARTESIAN_POINT('',(6.162644765031,17.96456565463));
#2722 = CARTESIAN_POINT('',(6.163108305931,17.983046603121));
#2723 = CARTESIAN_POINT('',(6.163589124175,18.000804839384));
#2724 = CARTESIAN_POINT('',(6.16408648007,18.017781239445));
#2725 = CARTESIAN_POINT('',(6.164599712437,18.033925333409));
#2726 = CARTESIAN_POINT('',(6.16512807324,18.049187777295));
#2727 = CARTESIAN_POINT('',(6.165670775873,18.063522407699));
#2728 = CARTESIAN_POINT('',(6.166226986135,18.076885728173));
#2729 = CARTESIAN_POINT('',(6.166795828485,18.089237083195));
#2730 = CARTESIAN_POINT('',(6.167376388134,18.100538647309));
#2731 = CARTESIAN_POINT('',(6.167967714193,18.110755463259));
#2732 = CARTESIAN_POINT('',(6.168568822458,18.119855466248));
#2733 = CARTESIAN_POINT('',(6.169178698228,18.127809511963));
#2734 = CARTESIAN_POINT('',(6.169796299053,18.13459140065));
#2735 = CARTESIAN_POINT('',(6.170420557396,18.140177910526));
#2736 = CARTESIAN_POINT('',(6.171050383387,18.144548795027));
#2737 = CARTESIAN_POINT('',(6.171684666968,18.147686912642));
#2738 = CARTESIAN_POINT('',(6.172322282061,18.149577859834));
#2739 = CARTESIAN_POINT('',(6.172748815966,18.150000257467));
#2740 = CARTESIAN_POINT('',(6.172962257192,18.15));
#2741 = ( GEOMETRIC_REPRESENTATION_CONTEXT(2) 
PARAMETRIC_REPRESENTATION_CONTEXT() REPRESENTATION_CONTEXT('2D SPACE',''
  ) );
#2742 = PCURVE('',#2743,#2748);
#2743 = CYLINDRICAL_SURFACE('',#2744,0.8);
#2744 = AXIS2_PLACEMENT_3D('',#2745,#2746,#2747);
#2745 = CARTESIAN_POINT('',(-12.00000005,-10.39999995,-5.500000000001));
#2746 = DIRECTION('',(-1.,0.,0.));
#2747 = DIRECTION('',(0.,-1.110223024625E-16,-1.));
#2748 = DEFINITIONAL_REPRESENTATION('',(#2749),#2797);
#2749 = B_SPLINE_CURVE_WITH_KNOTS('',3,(#2750,#2751,#2752,#2753,#2754,
    #2755,#2756,#2757,#2758,#2759,#2760,#2761,#2762,#2763,#2764,#2765,
    #2766,#2767,#2768,#2769,#2770,#2771,#2772,#2773,#2774,#2775,#2776,
    #2777,#2778,#2779,#2780,#2781,#2782,#2783,#2784,#2785,#2786,#2787,
    #2788,#2789,#2790,#2791,#2792,#2793,#2794,#2795,#2796),
  .UNSPECIFIED.,.F.,.F.,(4,1,1,1,1,1,1,1,1,1,1,1,1,1,1,1,1,1,1,1,1,1,1,1
    ,1,1,1,1,1,1,1,1,1,1,1,1,1,1,1,1,1,1,1,1,4),(0.,1.34274192207,
    2.68548384414,4.02822576621,5.37096768828,6.71370961035,
    8.05645153242,9.39919345449,10.741935376559,12.084677298629,
    13.427419220699,14.770161142769,16.112903064839,17.455644986909,
    18.798386908979,20.141128831049,21.483870753119,22.826612675189,
    24.169354597259,25.512096519329,26.854838441399,28.197580363469,
    29.540322285538,30.883064207608,32.225806129678,33.568548051748,
    34.911289973818,36.254031895888,37.596773817958,38.939515740028,
    40.282257662098,41.624999584168,42.967741506238,44.310483428308,
    45.653225350378,46.995967272448,48.338709194517,49.681451116587,
    51.024193038657,52.366934960727,53.709676882797,55.052418804867,
    56.395160726937,57.737902649007,59.080644571077),
  .QUASI_UNIFORM_KNOTS.);
#2750 = CARTESIAN_POINT('',(6.25818270228,-17.60154383111));
#2751 = CARTESIAN_POINT('',(6.269372617709,-17.60151540711));
#2752 = CARTESIAN_POINT('',(6.291752805132,-17.60149671144));
#2753 = CARTESIAN_POINT('',(6.325336660386,-17.6015832283));
#2754 = CARTESIAN_POINT('',(6.35894897109,-17.60178442892));
#2755 = CARTESIAN_POINT('',(6.392596299398,-17.60210036664));
#2756 = CARTESIAN_POINT('',(6.426287349714,-17.60253102625));
#2757 = CARTESIAN_POINT('',(6.460030194705,-17.60307632048));
#2758 = CARTESIAN_POINT('',(6.493833046774,-17.603736088));
#2759 = CARTESIAN_POINT('',(6.527704078816,-17.60451009097));
#2760 = CARTESIAN_POINT('',(6.561651499203,-17.60539801288));
#2761 = CARTESIAN_POINT('',(6.595683558322,-17.60639945631));
#2762 = CARTESIAN_POINT('',(6.629808573305,-17.60751394078));
#2763 = CARTESIAN_POINT('',(6.664034947897,-17.60874090061));
#2764 = CARTESIAN_POINT('',(6.698371193789,-17.61007968284));
#2765 = CARTESIAN_POINT('',(6.732825951899,-17.61152954512));
#2766 = CARTESIAN_POINT('',(6.76740801418,-17.61308965362));
#2767 = CARTESIAN_POINT('',(6.802126345981,-17.61475908098));
#2768 = CARTESIAN_POINT('',(6.836990109193,-17.61653680422));
#2769 = CARTESIAN_POINT('',(6.872008686366,-17.61842170262));
#2770 = CARTESIAN_POINT('',(6.907191706016,-17.62041255567));
#2771 = CARTESIAN_POINT('',(6.942549069546,-17.6225080409));
#2772 = CARTESIAN_POINT('',(6.97809097956,-17.6247067317));
#2773 = CARTESIAN_POINT('',(7.013827972029,-17.62700709526));
#2774 = CARTESIAN_POINT('',(7.049770944978,-17.62940748978));
#2775 = CARTESIAN_POINT('',(7.085931213203,-17.63190616417));
#2776 = CARTESIAN_POINT('',(7.122320481343,-17.6345012483));
#2777 = CARTESIAN_POINT('',(7.158951139902,-17.63719077824));
#2778 = CARTESIAN_POINT('',(7.195835377294,-17.63997259041));
#2779 = CARTESIAN_POINT('',(7.233016388444,-17.64284681365));
#2780 = CARTESIAN_POINT('',(7.270464748026,-17.64580781489));
#2781 = CARTESIAN_POINT('',(7.308163587193,-17.64885045789));
#2782 = CARTESIAN_POINT('',(7.346094398176,-17.65196912036));
#2783 = CARTESIAN_POINT('',(7.384240688532,-17.65515799767));
#2784 = CARTESIAN_POINT('',(7.42258686253,-17.65841106045));
#2785 = CARTESIAN_POINT('',(7.461118390308,-17.6617221037));
#2786 = CARTESIAN_POINT('',(7.499821639772,-17.66508477012));
#2787 = CARTESIAN_POINT('',(7.53868380548,-17.66849257907));
#2788 = CARTESIAN_POINT('',(7.577692816951,-17.67193895278));
#2789 = CARTESIAN_POINT('',(7.616837256724,-17.67541724194));
#2790 = CARTESIAN_POINT('',(7.656106278734,-17.67892075028));
#2791 = CARTESIAN_POINT('',(7.695489528769,-17.68244275826));
#2792 = CARTESIAN_POINT('',(7.734977064037,-17.68597654495));
#2793 = CARTESIAN_POINT('',(7.77455927692,-17.68951541216));
#2794 = CARTESIAN_POINT('',(7.814226801047,-17.69305269543));
#2795 = CARTESIAN_POINT('',(7.840722585756,-17.69540544462));
#2796 = CARTESIAN_POINT('',(7.853981633974,-17.69657935914));
#2797 = ( GEOMETRIC_REPRESENTATION_CONTEXT(2) 
PARAMETRIC_REPRESENTATION_CONTEXT() REPRESENTATION_CONTEXT('2D SPACE',''
  ) );
#2798 = ORIENTED_EDGE('',*,*,#2799,.T.);
#2799 = EDGE_CURVE('',#2667,#2800,#2802,.T.);
#2800 = VERTEX_POINT('',#2801);
#2801 = CARTESIAN_POINT('',(5.696579309147,-11.19999995,5.499999999999)
  );
#2802 = SURFACE_CURVE('',#2803,(#2808,#2815),.PCURVE_S1.);
#2803 = CIRCLE('',#2804,50.);
#2804 = AXIS2_PLACEMENT_3D('',#2805,#2806,#2807);
#2805 = CARTESIAN_POINT('',(-44.00000005,-11.19999995,
    -1.468669630361E-12));
#2806 = DIRECTION('',(0.,-1.,1.110223024625E-16));
#2807 = DIRECTION('',(0.9895326821,-1.602151112772E-17,-0.144308943089)
  );
#2808 = PCURVE('',#574,#2809);
#2809 = DEFINITIONAL_REPRESENTATION('',(#2810),#2814);
#2810 = LINE('',#2811,#2812);
#2811 = CARTESIAN_POINT('',(6.138370737238,18.15));
#2812 = VECTOR('',#2813,1.);
#2813 = DIRECTION('',(1.,-0.));
#2814 = ( GEOMETRIC_REPRESENTATION_CONTEXT(2) 
PARAMETRIC_REPRESENTATION_CONTEXT() REPRESENTATION_CONTEXT('2D SPACE',''
  ) );
#2815 = PCURVE('',#2816,#2821);
#2816 = PLANE('',#2817);
#2817 = AXIS2_PLACEMENT_3D('',#2818,#2819,#2820);
#2818 = CARTESIAN_POINT('',(-12.00000005,-11.19999995,-6.300000000001));
#2819 = DIRECTION('',(0.,-1.,1.110223024625E-16));
#2820 = DIRECTION('',(1.,0.,0.));
#2821 = DEFINITIONAL_REPRESENTATION('',(#2822),#2826);
#2822 = CIRCLE('',#2823,50.);
#2823 = AXIS2_PLACEMENT_2D('',#2824,#2825);
#2824 = CARTESIAN_POINT('',(-32.,6.3));
#2825 = DIRECTION('',(0.9895326821,-0.144308943089));
#2826 = ( GEOMETRIC_REPRESENTATION_CONTEXT(2) 
PARAMETRIC_REPRESENTATION_CONTEXT() REPRESENTATION_CONTEXT('2D SPACE',''
  ) );
#2827 = ORIENTED_EDGE('',*,*,#2828,.T.);
#2828 = EDGE_CURVE('',#2800,#2829,#2831,.T.);
#2829 = VERTEX_POINT('',#2830);
#2830 = CARTESIAN_POINT('',(5.601543781113,-10.37999995,6.299749960924)
  );
#2831 = SURFACE_CURVE('',#2832,(#2853,#2904),.PCURVE_S1.);
#2832 = B_SPLINE_CURVE_WITH_KNOTS('',7,(#2833,#2834,#2835,#2836,#2837,
    #2838,#2839,#2840,#2841,#2842,#2843,#2844,#2845,#2846,#2847,#2848,
    #2849,#2850,#2851,#2852),.UNSPECIFIED.,.F.,.F.,(8,6,6,8),(0.,
    0.404933339168,1.,1.017217439775),.UNSPECIFIED.);
#2833 = CARTESIAN_POINT('',(5.696579309147,-11.19999995,5.499999999999)
  );
#2834 = CARTESIAN_POINT('',(5.687767107304,-11.19999995,5.579624779676)
  );
#2835 = CARTESIAN_POINT('',(5.678847621752,-11.19075378693,
    5.658857887583));
#2836 = CARTESIAN_POINT('',(5.669986443509,-11.17242620315,
    5.736224656617));
#2837 = CARTESIAN_POINT('',(5.66136002554,-11.14553124629,5.810308281648
    ));
#2838 = CARTESIAN_POINT('',(5.653144524837,-11.11091731163,
    5.879825766443));
#2839 = CARTESIAN_POINT('',(5.645498913256,-11.06974957035,
    5.943718697192));
#2840 = CARTESIAN_POINT('',(5.628319403786,-10.95550907142,6.08581651895
    ));
#2841 = CARTESIAN_POINT('',(5.619536083126,-10.87620916024,
    6.157056127267));
#2842 = CARTESIAN_POINT('',(5.612372528122,-10.78854726359,
    6.214286556625));
#2843 = CARTESIAN_POINT('',(5.606945136064,-10.69498500165,
    6.257223885365));
#2844 = CARTESIAN_POINT('',(5.603318469571,-10.59771981444,6.28577734875
    ));
#2845 = CARTESIAN_POINT('',(5.601512023726,-10.49875560333,
    6.299999999999));
#2846 = CARTESIAN_POINT('',(5.601512023726,-10.39714259026,
    6.299999999999));
#2847 = CARTESIAN_POINT('',(5.601513536006,-10.39428523054,
    6.299988093429));
#2848 = CARTESIAN_POINT('',(5.601516560567,-10.39142791418,
    6.299964280291));
#2849 = CARTESIAN_POINT('',(5.601521097393,-10.38857068456,
    6.299928560551));
#2850 = CARTESIAN_POINT('',(5.601527146457,-10.38571358506,
    6.299880934146));
#2851 = CARTESIAN_POINT('',(5.601534707716,-10.38285665907,
    6.299821400979));
#2852 = CARTESIAN_POINT('',(5.601543781113,-10.37999995,6.299749960924)
  );
#2853 = PCURVE('',#574,#2854);
#2854 = DEFINITIONAL_REPRESENTATION('',(#2855),#2903);
#2855 = B_SPLINE_CURVE_WITH_KNOTS('',3,(#2856,#2857,#2858,#2859,#2860,
    #2861,#2862,#2863,#2864,#2865,#2866,#2867,#2868,#2869,#2870,#2871,
    #2872,#2873,#2874,#2875,#2876,#2877,#2878,#2879,#2880,#2881,#2882,
    #2883,#2884,#2885,#2886,#2887,#2888,#2889,#2890,#2891,#2892,#2893,
    #2894,#2895,#2896,#2897,#2898,#2899,#2900,#2901,#2902),
  .UNSPECIFIED.,.F.,.F.,(4,1,1,1,1,1,1,1,1,1,1,1,1,1,1,1,1,1,1,1,1,1,1,1
    ,1,1,1,1,1,1,1,1,1,1,1,1,1,1,1,1,1,1,1,1,4),(0.,2.311857817671E-02,
    4.623715635341E-02,6.935573453012E-02,9.247431270682E-02,
    0.115592890884,0.13871146906,0.161830047237,0.184948625414,
    0.20806720359,0.231185781767,0.254304359944,0.27742293812,
    0.300541516297,0.323660094474,0.346778672651,0.369897250827,
    0.393015829004,0.416134407181,0.439252985357,0.462371563534,
    0.485490141711,0.508608719888,0.531727298064,0.554845876241,
    0.577964454418,0.601083032594,0.624201610771,0.647320188948,
    0.670438767124,0.693557345301,0.716675923478,0.739794501655,
    0.762913079831,0.786031658008,0.809150236185,0.832268814361,
    0.855387392538,0.878505970715,0.901624548892,0.924743127068,
    0.947861705245,0.970980283422,0.994098861598,1.017217439775),
  .QUASI_UNIFORM_KNOTS.);
#2856 = CARTESIAN_POINT('',(6.393408357167,18.15));
#2857 = CARTESIAN_POINT('',(6.393621798393,18.150000257467));
#2858 = CARTESIAN_POINT('',(6.394048332298,18.149577859834));
#2859 = CARTESIAN_POINT('',(6.394685947392,18.147686912642));
#2860 = CARTESIAN_POINT('',(6.395320230972,18.144548795027));
#2861 = CARTESIAN_POINT('',(6.395950056964,18.140177910526));
#2862 = CARTESIAN_POINT('',(6.396574315306,18.13459140065));
#2863 = CARTESIAN_POINT('',(6.397191916131,18.127809511963));
#2864 = CARTESIAN_POINT('',(6.397801791901,18.119855466248));
#2865 = CARTESIAN_POINT('',(6.398402900166,18.110755463259));
#2866 = CARTESIAN_POINT('',(6.398994226225,18.100538647309));
#2867 = CARTESIAN_POINT('',(6.399574785874,18.089237083195));
#2868 = CARTESIAN_POINT('',(6.400143628224,18.076885728173));
#2869 = CARTESIAN_POINT('',(6.400699838486,18.063522407699));
#2870 = CARTESIAN_POINT('',(6.401242541119,18.049187777295));
#2871 = CARTESIAN_POINT('',(6.401770901922,18.033925333409));
#2872 = CARTESIAN_POINT('',(6.402284134289,18.017781239445));
#2873 = CARTESIAN_POINT('',(6.402781490185,18.000804839385));
#2874 = CARTESIAN_POINT('',(6.403262308428,17.983046603121));
#2875 = CARTESIAN_POINT('',(6.403725849329,17.96456565463));
#2876 = CARTESIAN_POINT('',(6.404172332794,17.945384725306));
#2877 = CARTESIAN_POINT('',(6.404601588511,17.925539363715));
#2878 = CARTESIAN_POINT('',(6.405013474749,17.905064187813));
#2879 = CARTESIAN_POINT('',(6.405407859515,17.883993002088));
#2880 = CARTESIAN_POINT('',(6.405784624589,17.862358822451));
#2881 = CARTESIAN_POINT('',(6.406143663478,17.840193922842));
#2882 = CARTESIAN_POINT('',(6.406484881059,17.817529873161));
#2883 = CARTESIAN_POINT('',(6.406808192829,17.794397576844));
#2884 = CARTESIAN_POINT('',(6.407113524304,17.770827305992));
#2885 = CARTESIAN_POINT('',(6.407400810428,17.746848734798));
#2886 = CARTESIAN_POINT('',(6.407669995021,17.722490971216));
#2887 = CARTESIAN_POINT('',(6.407921030258,17.697782587046));
#2888 = CARTESIAN_POINT('',(6.408153876174,17.672751646562));
#2889 = CARTESIAN_POINT('',(6.408368500197,17.647425733798));
#2890 = CARTESIAN_POINT('',(6.408564876702,17.621831978624));
#2891 = CARTESIAN_POINT('',(6.408742986584,17.595997081721));
#2892 = CARTESIAN_POINT('',(6.40890281685,17.569947338673));
#2893 = CARTESIAN_POINT('',(6.409044360223,17.543708662939));
#2894 = CARTESIAN_POINT('',(6.40916761476,17.517306609178));
#2895 = CARTESIAN_POINT('',(6.409272583476,17.490766392049));
#2896 = CARTESIAN_POINT('',(6.409359273982,17.464112919271));
#2897 = CARTESIAN_POINT('',(6.409427698099,17.437370769449));
#2898 = CARTESIAN_POINT('',(6.409477871557,17.410564374587));
#2899 = CARTESIAN_POINT('',(6.409509813411,17.383717437892));
#2900 = CARTESIAN_POINT('',(6.409523546476,17.356855205261));
#2901 = CARTESIAN_POINT('',(6.409520578105,17.338949126446));
#2902 = CARTESIAN_POINT('',(6.409516066827,17.33));
#2903 = ( GEOMETRIC_REPRESENTATION_CONTEXT(2) 
PARAMETRIC_REPRESENTATION_CONTEXT() REPRESENTATION_CONTEXT('2D SPACE',''
  ) );
#2904 = PCURVE('',#2905,#2910);
#2905 = CYLINDRICAL_SURFACE('',#2906,0.8);
#2906 = AXIS2_PLACEMENT_3D('',#2907,#2908,#2909);
#2907 = CARTESIAN_POINT('',(-12.00000005,-10.39999995,5.499999999999));
#2908 = DIRECTION('',(-1.,0.,0.));
#2909 = DIRECTION('',(0.,1.110223024625E-16,1.));
#2910 = DEFINITIONAL_REPRESENTATION('',(#2911),#2959);
#2911 = B_SPLINE_CURVE_WITH_KNOTS('',3,(#2912,#2913,#2914,#2915,#2916,
    #2917,#2918,#2919,#2920,#2921,#2922,#2923,#2924,#2925,#2926,#2927,
    #2928,#2929,#2930,#2931,#2932,#2933,#2934,#2935,#2936,#2937,#2938,
    #2939,#2940,#2941,#2942,#2943,#2944,#2945,#2946,#2947,#2948,#2949,
    #2950,#2951,#2952,#2953,#2954,#2955,#2956,#2957,#2958),
  .UNSPECIFIED.,.F.,.F.,(4,1,1,1,1,1,1,1,1,1,1,1,1,1,1,1,1,1,1,1,1,1,1,1
    ,1,1,1,1,1,1,1,1,1,1,1,1,1,1,1,1,1,1,1,1,4),(0.,2.311857817671E-02,
    4.623715635341E-02,6.935573453012E-02,9.247431270682E-02,
    0.115592890884,0.13871146906,0.161830047237,0.184948625414,
    0.20806720359,0.231185781767,0.254304359944,0.27742293812,
    0.300541516297,0.323660094474,0.346778672651,0.369897250827,
    0.393015829004,0.416134407181,0.439252985357,0.462371563534,
    0.485490141711,0.508608719888,0.531727298064,0.554845876241,
    0.577964454418,0.601083032594,0.624201610771,0.647320188948,
    0.670438767124,0.693557345301,0.716675923478,0.739794501655,
    0.762913079831,0.786031658008,0.809150236185,0.832268814361,
    0.855387392538,0.878505970715,0.901624548892,0.924743127068,
    0.947861705245,0.970980283422,0.994098861598,1.017217439775),
  .QUASI_UNIFORM_KNOTS.);
#2912 = CARTESIAN_POINT('',(-7.853981633974,-17.69657935914));
#2913 = CARTESIAN_POINT('',(-7.840722585756,-17.69540544462));
#2914 = CARTESIAN_POINT('',(-7.814226801047,-17.69305269543));
#2915 = CARTESIAN_POINT('',(-7.77455927692,-17.68951541216));
#2916 = CARTESIAN_POINT('',(-7.734977064037,-17.68597654495));
#2917 = CARTESIAN_POINT('',(-7.695489528769,-17.68244275826));
#2918 = CARTESIAN_POINT('',(-7.656106278734,-17.67892075028));
#2919 = CARTESIAN_POINT('',(-7.616837256724,-17.67541724194));
#2920 = CARTESIAN_POINT('',(-7.577692816952,-17.67193895278));
#2921 = CARTESIAN_POINT('',(-7.53868380548,-17.66849257907));
#2922 = CARTESIAN_POINT('',(-7.499821639773,-17.66508477012));
#2923 = CARTESIAN_POINT('',(-7.461118390308,-17.6617221037));
#2924 = CARTESIAN_POINT('',(-7.42258686253,-17.65841106045));
#2925 = CARTESIAN_POINT('',(-7.384240688532,-17.65515799767));
#2926 = CARTESIAN_POINT('',(-7.346094398176,-17.65196912036));
#2927 = CARTESIAN_POINT('',(-7.308163587194,-17.64885045789));
#2928 = CARTESIAN_POINT('',(-7.270464748027,-17.64580781489));
#2929 = CARTESIAN_POINT('',(-7.233016388444,-17.64284681365));
#2930 = CARTESIAN_POINT('',(-7.195835377294,-17.63997259041));
#2931 = CARTESIAN_POINT('',(-7.158951139902,-17.63719077824));
#2932 = CARTESIAN_POINT('',(-7.122320481343,-17.6345012483));
#2933 = CARTESIAN_POINT('',(-7.085931213203,-17.63190616417));
#2934 = CARTESIAN_POINT('',(-7.049770944978,-17.62940748978));
#2935 = CARTESIAN_POINT('',(-7.013827972029,-17.62700709526));
#2936 = CARTESIAN_POINT('',(-6.97809097956,-17.6247067317));
#2937 = CARTESIAN_POINT('',(-6.942549069546,-17.6225080409));
#2938 = CARTESIAN_POINT('',(-6.907191706016,-17.62041255567));
#2939 = CARTESIAN_POINT('',(-6.872008686366,-17.61842170262));
#2940 = CARTESIAN_POINT('',(-6.836990109193,-17.61653680422));
#2941 = CARTESIAN_POINT('',(-6.802126345981,-17.61475908098));
#2942 = CARTESIAN_POINT('',(-6.76740801418,-17.61308965362));
#2943 = CARTESIAN_POINT('',(-6.7328259519,-17.61152954512));
#2944 = CARTESIAN_POINT('',(-6.698371193789,-17.61007968284));
#2945 = CARTESIAN_POINT('',(-6.664034947897,-17.60874090061));
#2946 = CARTESIAN_POINT('',(-6.629808573305,-17.60751394078));
#2947 = CARTESIAN_POINT('',(-6.595683558322,-17.60639945631));
#2948 = CARTESIAN_POINT('',(-6.561651499203,-17.60539801288));
#2949 = CARTESIAN_POINT('',(-6.527704078816,-17.60451009097));
#2950 = CARTESIAN_POINT('',(-6.493833046774,-17.603736088));
#2951 = CARTESIAN_POINT('',(-6.460030194705,-17.60307632048));
#2952 = CARTESIAN_POINT('',(-6.426287349714,-17.60253102625));
#2953 = CARTESIAN_POINT('',(-6.392596299398,-17.60210036664));
#2954 = CARTESIAN_POINT('',(-6.35894897109,-17.60178442892));
#2955 = CARTESIAN_POINT('',(-6.325336660386,-17.6015832283));
#2956 = CARTESIAN_POINT('',(-6.291752805132,-17.60149671144));
#2957 = CARTESIAN_POINT('',(-6.269372617709,-17.60151540711));
#2958 = CARTESIAN_POINT('',(-6.25818270228,-17.60154383111));
#2959 = ( GEOMETRIC_REPRESENTATION_CONTEXT(2) 
PARAMETRIC_REPRESENTATION_CONTEXT() REPRESENTATION_CONTEXT('2D SPACE',''
  ) );
#2960 = ORIENTED_EDGE('',*,*,#2961,.T.);
#2961 = EDGE_CURVE('',#2829,#2962,#2964,.T.);
#2962 = VERTEX_POINT('',#2963);
#2963 = CARTESIAN_POINT('',(5.598967681194,-10.37999995,6.319999999999)
  );
#2964 = SURFACE_CURVE('',#2965,(#2970,#2977),.PCURVE_S1.);
#2965 = CIRCLE('',#2966,50.);
#2966 = AXIS2_PLACEMENT_3D('',#2967,#2968,#2969);
#2967 = CARTESIAN_POINT('',(-44.00000005,-10.37999995,
    -1.468669630361E-12));
#2968 = DIRECTION('',(0.,-1.,1.110223024625E-16));
#2969 = DIRECTION('',(1.,0.,0.));
#2970 = PCURVE('',#574,#2971);
#2971 = DEFINITIONAL_REPRESENTATION('',(#2972),#2976);
#2972 = LINE('',#2973,#2974);
#2973 = CARTESIAN_POINT('',(6.28318530718,17.33));
#2974 = VECTOR('',#2975,1.);
#2975 = DIRECTION('',(1.,0.));
#2976 = ( GEOMETRIC_REPRESENTATION_CONTEXT(2) 
PARAMETRIC_REPRESENTATION_CONTEXT() REPRESENTATION_CONTEXT('2D SPACE',''
  ) );
#2977 = PCURVE('',#2978,#2983);
#2978 = PLANE('',#2979);
#2979 = AXIS2_PLACEMENT_3D('',#2980,#2981,#2982);
#2980 = CARTESIAN_POINT('',(-12.00000005,-10.37999995,5.499999999999));
#2981 = DIRECTION('',(0.,-1.,1.110223024625E-16));
#2982 = DIRECTION('',(1.,0.,0.));
#2983 = DEFINITIONAL_REPRESENTATION('',(#2984),#2988);
#2984 = CIRCLE('',#2985,50.);
#2985 = AXIS2_PLACEMENT_2D('',#2986,#2987);
#2986 = CARTESIAN_POINT('',(-32.,-5.5));
#2987 = DIRECTION('',(1.,0.));
#2988 = ( GEOMETRIC_REPRESENTATION_CONTEXT(2) 
PARAMETRIC_REPRESENTATION_CONTEXT() REPRESENTATION_CONTEXT('2D SPACE',''
  ) );
#2989 = ORIENTED_EDGE('',*,*,#2990,.T.);
#2990 = EDGE_CURVE('',#2962,#2991,#2993,.T.);
#2991 = VERTEX_POINT('',#2992);
#2992 = CARTESIAN_POINT('',(5.598967681194,-11.19999995,6.319999999997)
  );
#2993 = SURFACE_CURVE('',#2994,(#2998,#3005),.PCURVE_S1.);
#2994 = LINE('',#2995,#2996);
#2995 = CARTESIAN_POINT('',(5.598967681194,6.95000005,6.319999999999));
#2996 = VECTOR('',#2997,1.);
#2997 = DIRECTION('',(0.,-1.,1.110223024625E-16));
#2998 = PCURVE('',#574,#2999);
#2999 = DEFINITIONAL_REPRESENTATION('',(#3000),#3004);
#3000 = LINE('',#3001,#3002);
#3001 = CARTESIAN_POINT('',(6.409924331633,0.));
#3002 = VECTOR('',#3003,1.);
#3003 = DIRECTION('',(0.,1.));
#3004 = ( GEOMETRIC_REPRESENTATION_CONTEXT(2) 
PARAMETRIC_REPRESENTATION_CONTEXT() REPRESENTATION_CONTEXT('2D SPACE',''
  ) );
#3005 = PCURVE('',#3006,#3011);
#3006 = PLANE('',#3007);
#3007 = AXIS2_PLACEMENT_3D('',#3008,#3009,#3010);
#3008 = CARTESIAN_POINT('',(-12.00000005,-10.37999995,6.319999999999));
#3009 = DIRECTION('',(0.,1.110223024625E-16,1.));
#3010 = DIRECTION('',(0.,-1.,1.110223024625E-16));
#3011 = DEFINITIONAL_REPRESENTATION('',(#3012),#3016);
#3012 = LINE('',#3013,#3014);
#3013 = CARTESIAN_POINT('',(-17.33,17.598967731194));
#3014 = VECTOR('',#3015,1.);
#3015 = DIRECTION('',(1.,0.));
#3016 = ( GEOMETRIC_REPRESENTATION_CONTEXT(2) 
PARAMETRIC_REPRESENTATION_CONTEXT() REPRESENTATION_CONTEXT('2D SPACE',''
  ) );
#3017 = ORIENTED_EDGE('',*,*,#3018,.T.);
#3018 = EDGE_CURVE('',#2991,#3019,#3021,.T.);
#3019 = VERTEX_POINT('',#3020);
#3020 = CARTESIAN_POINT('',(5.47663405501,-11.19999995,7.21544715447));
#3021 = SURFACE_CURVE('',#3022,(#3027,#3034),.PCURVE_S1.);
#3022 = CIRCLE('',#3023,50.);
#3023 = AXIS2_PLACEMENT_3D('',#3024,#3025,#3026);
#3024 = CARTESIAN_POINT('',(-44.00000005,-11.19999995,
    -1.468669630361E-12));
#3025 = DIRECTION('',(0.,-1.,1.110223024625E-16));
#3026 = DIRECTION('',(0.9895326821,-1.602151112772E-17,-0.144308943089)
  );
#3027 = PCURVE('',#574,#3028);
#3028 = DEFINITIONAL_REPRESENTATION('',(#3029),#3033);
#3029 = LINE('',#3030,#3031);
#3030 = CARTESIAN_POINT('',(6.138370737238,18.15));
#3031 = VECTOR('',#3032,1.);
#3032 = DIRECTION('',(1.,-0.));
#3033 = ( GEOMETRIC_REPRESENTATION_CONTEXT(2) 
PARAMETRIC_REPRESENTATION_CONTEXT() REPRESENTATION_CONTEXT('2D SPACE',''
  ) );
#3034 = PCURVE('',#3035,#3040);
#3035 = PLANE('',#3036);
#3036 = AXIS2_PLACEMENT_3D('',#3037,#3038,#3039);
#3037 = CARTESIAN_POINT('',(-12.00000005,-11.19999995,-6.300000000001));
#3038 = DIRECTION('',(0.,-1.,1.110223024625E-16));
#3039 = DIRECTION('',(1.,0.,0.));
#3040 = DEFINITIONAL_REPRESENTATION('',(#3041),#3045);
#3041 = CIRCLE('',#3042,50.);
#3042 = AXIS2_PLACEMENT_2D('',#3043,#3044);
#3043 = CARTESIAN_POINT('',(-32.,6.3));
#3044 = DIRECTION('',(0.9895326821,-0.144308943089));
#3045 = ( GEOMETRIC_REPRESENTATION_CONTEXT(2) 
PARAMETRIC_REPRESENTATION_CONTEXT() REPRESENTATION_CONTEXT('2D SPACE',''
  ) );
#3046 = ORIENTED_EDGE('',*,*,#3047,.F.);
#3047 = EDGE_CURVE('',#3048,#3019,#3050,.T.);
#3048 = VERTEX_POINT('',#3049);
#3049 = CARTESIAN_POINT('',(5.47663405501,6.95000005,7.21544715447));
#3050 = SURFACE_CURVE('',#3051,(#3055,#3062),.PCURVE_S1.);
#3051 = LINE('',#3052,#3053);
#3052 = CARTESIAN_POINT('',(5.47663405501,6.95000005,7.21544715447));
#3053 = VECTOR('',#3054,1.);
#3054 = DIRECTION('',(0.,-1.,1.110223024625E-16));
#3055 = PCURVE('',#574,#3056);
#3056 = DEFINITIONAL_REPRESENTATION('',(#3057),#3061);
#3057 = LINE('',#3058,#3059);
#3058 = CARTESIAN_POINT('',(6.427999877121,0.));
#3059 = VECTOR('',#3060,1.);
#3060 = DIRECTION('',(0.,1.));
#3061 = ( GEOMETRIC_REPRESENTATION_CONTEXT(2) 
PARAMETRIC_REPRESENTATION_CONTEXT() REPRESENTATION_CONTEXT('2D SPACE',''
  ) );
#3062 = PCURVE('',#3063,#3068);
#3063 = CYLINDRICAL_SURFACE('',#3064,0.8);
#3064 = AXIS2_PLACEMENT_3D('',#3065,#3066,#3067);
#3065 = CARTESIAN_POINT('',(4.68500790933,6.95000005,7.099999999999));
#3066 = DIRECTION('',(0.,-1.,1.110223024625E-16));
#3067 = DIRECTION('',(0.,-1.110223024625E-16,-1.));
#3068 = DEFINITIONAL_REPRESENTATION('',(#3069),#3073);
#3069 = LINE('',#3070,#3071);
#3070 = CARTESIAN_POINT('',(1.715610896736,0.));
#3071 = VECTOR('',#3072,1.);
#3072 = DIRECTION('',(0.,1.));
#3073 = ( GEOMETRIC_REPRESENTATION_CONTEXT(2) 
PARAMETRIC_REPRESENTATION_CONTEXT() REPRESENTATION_CONTEXT('2D SPACE',''
  ) );
#3074 = ORIENTED_EDGE('',*,*,#3075,.F.);
#3075 = EDGE_CURVE('',#3076,#3048,#3078,.T.);
#3076 = VERTEX_POINT('',#3077);
#3077 = CARTESIAN_POINT('',(5.351229982735,6.95000005,8.028455284551));
#3078 = SURFACE_CURVE('',#3079,(#3084,#3091),.PCURVE_S1.);
#3079 = CIRCLE('',#3080,50.);
#3080 = AXIS2_PLACEMENT_3D('',#3081,#3082,#3083);
#3081 = CARTESIAN_POINT('',(-44.00000005,6.95000005,-1.468669630361E-12)
  );
#3082 = DIRECTION('',(0.,1.,-1.110223024625E-16));
#3083 = DIRECTION('',(0.867765453369,5.51751934172E-17,0.496973961028));
#3084 = PCURVE('',#574,#3085);
#3085 = DEFINITIONAL_REPRESENTATION('',(#3086),#3090);
#3086 = LINE('',#3087,#3088);
#3087 = CARTESIAN_POINT('',(6.803293424274,0.));
#3088 = VECTOR('',#3089,1.);
#3089 = DIRECTION('',(-1.,-0.));
#3090 = ( GEOMETRIC_REPRESENTATION_CONTEXT(2) 
PARAMETRIC_REPRESENTATION_CONTEXT() REPRESENTATION_CONTEXT('2D SPACE',''
  ) );
#3091 = PCURVE('',#3092,#3097);
#3092 = TOROIDAL_SURFACE('',#3093,50.,0.45);
#3093 = AXIS2_PLACEMENT_3D('',#3094,#3095,#3096);
#3094 = CARTESIAN_POINT('',(-44.00000005,7.40000005,-1.468669630361E-12)
  );
#3095 = DIRECTION('',(0.,1.,-1.110223024625E-16));
#3096 = DIRECTION('',(1.,0.,0.));
#3097 = DEFINITIONAL_REPRESENTATION('',(#3098),#3102);
#3098 = LINE('',#3099,#3100);
#3099 = CARTESIAN_POINT('',(-6.803293424274,4.712388980385));
#3100 = VECTOR('',#3101,1.);
#3101 = DIRECTION('',(1.,-0.));
#3102 = ( GEOMETRIC_REPRESENTATION_CONTEXT(2) 
PARAMETRIC_REPRESENTATION_CONTEXT() REPRESENTATION_CONTEXT('2D SPACE',''
  ) );
#3103 = ORIENTED_EDGE('',*,*,#3104,.T.);
#3104 = EDGE_CURVE('',#3076,#3105,#3107,.T.);
#3105 = VERTEX_POINT('',#3106);
#3106 = CARTESIAN_POINT('',(5.351229982735,-11.19999995,8.028455284551)
  );
#3107 = SURFACE_CURVE('',#3108,(#3112,#3119),.PCURVE_S1.);
#3108 = LINE('',#3109,#3110);
#3109 = CARTESIAN_POINT('',(5.351229982735,6.95000005,8.028455284551));
#3110 = VECTOR('',#3111,1.);
#3111 = DIRECTION('',(0.,-1.,1.110223024625E-16));
#3112 = PCURVE('',#574,#3113);
#3113 = DEFINITIONAL_REPRESENTATION('',(#3114),#3118);
#3114 = LINE('',#3115,#3116);
#3115 = CARTESIAN_POINT('',(6.444452520264,0.));
#3116 = VECTOR('',#3117,1.);
#3117 = DIRECTION('',(0.,1.));
#3118 = ( GEOMETRIC_REPRESENTATION_CONTEXT(2) 
PARAMETRIC_REPRESENTATION_CONTEXT() REPRESENTATION_CONTEXT('2D SPACE',''
  ) );
#3119 = PCURVE('',#3120,#3125);
#3120 = CYLINDRICAL_SURFACE('',#3121,0.8);
#3121 = AXIS2_PLACEMENT_3D('',#3122,#3123,#3124);
#3122 = CARTESIAN_POINT('',(4.561610302211,6.95000005,7.899999999999));
#3123 = DIRECTION('',(0.,-1.,1.110223024625E-16));
#3124 = DIRECTION('',(0.,1.110223024625E-16,1.));
#3125 = DEFINITIONAL_REPRESENTATION('',(#3126),#3130);
#3126 = LINE('',#3127,#3128);
#3127 = CARTESIAN_POINT('',(-1.409529113711,0.));
#3128 = VECTOR('',#3129,1.);
#3129 = DIRECTION('',(-0.,1.));
#3130 = ( GEOMETRIC_REPRESENTATION_CONTEXT(2) 
PARAMETRIC_REPRESENTATION_CONTEXT() REPRESENTATION_CONTEXT('2D SPACE',''
  ) );
#3131 = ORIENTED_EDGE('',*,*,#3132,.T.);
#3132 = EDGE_CURVE('',#3105,#3133,#3135,.T.);
#3133 = VERTEX_POINT('',#3134);
#3134 = CARTESIAN_POINT('',(5.240812290984,-11.19999995,8.679999999998)
  );
#3135 = SURFACE_CURVE('',#3136,(#3141,#3148),.PCURVE_S1.);
#3136 = CIRCLE('',#3137,50.);
#3137 = AXIS2_PLACEMENT_3D('',#3138,#3139,#3140);
#3138 = CARTESIAN_POINT('',(-44.00000005,-11.19999995,
    -1.468669630361E-12));
#3139 = DIRECTION('',(0.,-1.,1.110223024625E-16));
#3140 = DIRECTION('',(0.987024600655,1.782675181817E-17,0.160569105691)
  );
#3141 = PCURVE('',#574,#3142);
#3142 = DEFINITIONAL_REPRESENTATION('',(#3143),#3147);
#3143 = LINE('',#3144,#3145);
#3144 = CARTESIAN_POINT('',(6.444452520264,18.15));
#3145 = VECTOR('',#3146,1.);
#3146 = DIRECTION('',(1.,-0.));
#3147 = ( GEOMETRIC_REPRESENTATION_CONTEXT(2) 
PARAMETRIC_REPRESENTATION_CONTEXT() REPRESENTATION_CONTEXT('2D SPACE',''
  ) );
#3148 = PCURVE('',#3149,#3154);
#3149 = PLANE('',#3150);
#3150 = AXIS2_PLACEMENT_3D('',#3151,#3152,#3153);
#3151 = CARTESIAN_POINT('',(-12.00000005,-11.19999995,8.699999999999));
#3152 = DIRECTION('',(0.,-1.,1.110223024625E-16));
#3153 = DIRECTION('',(1.,0.,0.));
#3154 = DEFINITIONAL_REPRESENTATION('',(#3155),#3159);
#3155 = CIRCLE('',#3156,50.);
#3156 = AXIS2_PLACEMENT_2D('',#3157,#3158);
#3157 = CARTESIAN_POINT('',(-32.,-8.7));
#3158 = DIRECTION('',(0.987024600655,0.160569105691));
#3159 = ( GEOMETRIC_REPRESENTATION_CONTEXT(2) 
PARAMETRIC_REPRESENTATION_CONTEXT() REPRESENTATION_CONTEXT('2D SPACE',''
  ) );
#3160 = ORIENTED_EDGE('',*,*,#3161,.F.);
#3161 = EDGE_CURVE('',#3162,#3133,#3164,.T.);
#3162 = VERTEX_POINT('',#3163);
#3163 = CARTESIAN_POINT('',(5.240812290984,-10.37999995,8.679999999999)
  );
#3164 = SURFACE_CURVE('',#3165,(#3169,#3176),.PCURVE_S1.);
#3165 = LINE('',#3166,#3167);
#3166 = CARTESIAN_POINT('',(5.240812290984,6.95000005,8.679999999999));
#3167 = VECTOR('',#3168,1.);
#3168 = DIRECTION('',(0.,-1.,1.110223024625E-16));
#3169 = PCURVE('',#574,#3170);
#3170 = DEFINITIONAL_REPRESENTATION('',(#3171),#3175);
#3171 = LINE('',#3172,#3173);
#3172 = CARTESIAN_POINT('',(6.457669311705,0.));
#3173 = VECTOR('',#3174,1.);
#3174 = DIRECTION('',(0.,1.));
#3175 = ( GEOMETRIC_REPRESENTATION_CONTEXT(2) 
PARAMETRIC_REPRESENTATION_CONTEXT() REPRESENTATION_CONTEXT('2D SPACE',''
  ) );
#3176 = PCURVE('',#3177,#3182);
#3177 = PLANE('',#3178);
#3178 = AXIS2_PLACEMENT_3D('',#3179,#3180,#3181);
#3179 = CARTESIAN_POINT('',(-12.00000005,-10.37999995,8.679999999999));
#3180 = DIRECTION('',(0.,-1.110223024625E-16,-1.));
#3181 = DIRECTION('',(-0.,1.,-1.110223024625E-16));
#3182 = DEFINITIONAL_REPRESENTATION('',(#3183),#3187);
#3183 = LINE('',#3184,#3185);
#3184 = CARTESIAN_POINT('',(17.33,17.240812340984));
#3185 = VECTOR('',#3186,1.);
#3186 = DIRECTION('',(-1.,0.));
#3187 = ( GEOMETRIC_REPRESENTATION_CONTEXT(2) 
PARAMETRIC_REPRESENTATION_CONTEXT() REPRESENTATION_CONTEXT('2D SPACE',''
  ) );
#3188 = ORIENTED_EDGE('',*,*,#3189,.T.);
#3189 = EDGE_CURVE('',#3162,#3190,#3192,.T.);
#3190 = VERTEX_POINT('',#3191);
#3191 = CARTESIAN_POINT('',(5.237238390611,-10.37999995,8.700250039073)
  );
#3192 = SURFACE_CURVE('',#3193,(#3198,#3205),.PCURVE_S1.);
#3193 = CIRCLE('',#3194,50.);
#3194 = AXIS2_PLACEMENT_3D('',#3195,#3196,#3197);
#3195 = CARTESIAN_POINT('',(-44.00000005,-10.37999995,
    -1.468669630361E-12));
#3196 = DIRECTION('',(0.,-1.,1.110223024625E-16));
#3197 = DIRECTION('',(1.,0.,0.));
#3198 = PCURVE('',#574,#3199);
#3199 = DEFINITIONAL_REPRESENTATION('',(#3200),#3204);
#3200 = LINE('',#3201,#3202);
#3201 = CARTESIAN_POINT('',(6.28318530718,17.33));
#3202 = VECTOR('',#3203,1.);
#3203 = DIRECTION('',(1.,0.));
#3204 = ( GEOMETRIC_REPRESENTATION_CONTEXT(2) 
PARAMETRIC_REPRESENTATION_CONTEXT() REPRESENTATION_CONTEXT('2D SPACE',''
  ) );
#3205 = PCURVE('',#3206,#3211);
#3206 = PLANE('',#3207);
#3207 = AXIS2_PLACEMENT_3D('',#3208,#3209,#3210);
#3208 = CARTESIAN_POINT('',(-12.00000005,-10.37999995,9.499999999999));
#3209 = DIRECTION('',(0.,-1.,1.110223024625E-16));
#3210 = DIRECTION('',(-1.,-0.,0.));
#3211 = DEFINITIONAL_REPRESENTATION('',(#3212),#3216);
#3212 = CIRCLE('',#3213,50.);
#3213 = AXIS2_PLACEMENT_2D('',#3214,#3215);
#3214 = CARTESIAN_POINT('',(32.,9.5));
#3215 = DIRECTION('',(-1.,0.));
#3216 = ( GEOMETRIC_REPRESENTATION_CONTEXT(2) 
PARAMETRIC_REPRESENTATION_CONTEXT() REPRESENTATION_CONTEXT('2D SPACE',''
  ) );
#3217 = ORIENTED_EDGE('',*,*,#3218,.T.);
#3218 = EDGE_CURVE('',#3190,#3219,#3221,.T.);
#3219 = VERTEX_POINT('',#3220);
#3220 = CARTESIAN_POINT('',(5.089204465861,-11.19999995,9.499999999999)
  );
#3221 = SURFACE_CURVE('',#3222,(#3249,#3300),.PCURVE_S1.);
#3222 = B_SPLINE_CURVE_WITH_KNOTS('',7,(#3223,#3224,#3225,#3226,#3227,
    #3228,#3229,#3230,#3231,#3232,#3233,#3234,#3235,#3236,#3237,#3238,
    #3239,#3240,#3241,#3242,#3243,#3244,#3245,#3246,#3247,#3248),
  .UNSPECIFIED.,.F.,.F.,(8,6,6,6,8),(0.,0.531239976563,1.,35.01769381717
    ,59.284740272427),.UNSPECIFIED.);
#3223 = CARTESIAN_POINT('',(5.237238390611,-10.37999995,8.700250039073)
  );
#3224 = CARTESIAN_POINT('',(5.237245096708,-10.38151754538,
    8.700212087327));
#3225 = CARTESIAN_POINT('',(5.237251209005,-10.38303520269,
    8.700177495864));
#3226 = CARTESIAN_POINT('',(5.237256727516,-10.38455291535,
    8.700146264674));
#3227 = CARTESIAN_POINT('',(5.237261652253,-10.38607067677,
    8.700118393746));
#3228 = CARTESIAN_POINT('',(5.237265983224,-10.38758848037,
    8.700093883072));
#3229 = CARTESIAN_POINT('',(5.237269720439,-10.38910631957,
    8.700072732644));
#3230 = CARTESIAN_POINT('',(5.23727563766,-10.3919635372,8.700039244603)
  );
#3231 = CARTESIAN_POINT('',(5.237277949116,-10.39330290921,
    8.700026163064));
#3232 = CARTESIAN_POINT('',(5.237279798277,-10.39464229929,
    8.700015697836));
#3233 = CARTESIAN_POINT('',(5.237281185146,-10.39598170293,
    8.700007848917));
#3234 = CARTESIAN_POINT('',(5.237282109724,-10.3973211156,8.700002616305
    ));
#3235 = CARTESIAN_POINT('',(5.237282572013,-10.3986605328,8.699999999999
    ));
#3236 = CARTESIAN_POINT('',(5.237282572013,-10.49720082422,
    8.699999999999));
#3237 = CARTESIAN_POINT('',(5.234847999248,-10.59461422883,
    8.713778338598));
#3238 = CARTESIAN_POINT('',(5.229959710112,-10.6903845998,8.74144352367)
  );
#3239 = CARTESIAN_POINT('',(5.222588039116,-10.78257437808,8.78302111548
    ));
#3240 = CARTESIAN_POINT('',(5.212704161638,-10.86908687789,
    8.838385785214));
#3241 = CARTESIAN_POINT('',(5.20028738511,-10.94760883382,8.907221955008
    ));
#3242 = CARTESIAN_POINT('',(5.174725756934,-11.06377984033,
    9.047090491609));
#3243 = CARTESIAN_POINT('',(5.162776087292,-11.10684605316,9.11202178808
    ));
#3244 = CARTESIAN_POINT('',(5.149625559079,-11.14306030116,9.18288152496
    ));
#3245 = CARTESIAN_POINT('',(5.135445750958,-11.17119076012,
    9.258541840673));
#3246 = CARTESIAN_POINT('',(5.120463466273,-11.19034693576,
    9.337632729369));
#3247 = CARTESIAN_POINT('',(5.104949225855,-11.19999995,9.418642342795)
  );
#3248 = CARTESIAN_POINT('',(5.089204465861,-11.19999995,9.499999999999)
  );
#3249 = PCURVE('',#574,#3250);
#3250 = DEFINITIONAL_REPRESENTATION('',(#3251),#3299);
#3251 = B_SPLINE_CURVE_WITH_KNOTS('',3,(#3252,#3253,#3254,#3255,#3256,
    #3257,#3258,#3259,#3260,#3261,#3262,#3263,#3264,#3265,#3266,#3267,
    #3268,#3269,#3270,#3271,#3272,#3273,#3274,#3275,#3276,#3277,#3278,
    #3279,#3280,#3281,#3282,#3283,#3284,#3285,#3286,#3287,#3288,#3289,
    #3290,#3291,#3292,#3293,#3294,#3295,#3296,#3297,#3298),
  .UNSPECIFIED.,.F.,.F.,(4,1,1,1,1,1,1,1,1,1,1,1,1,1,1,1,1,1,1,1,1,1,1,1
    ,1,1,1,1,1,1,1,1,1,1,1,1,1,1,1,1,1,1,1,1,4),(0.,1.347380460737,
    2.694760921474,4.042141382211,5.389521842948,6.736902303685,
    8.084282764422,9.431663225159,10.779043685896,12.126424146633,
    13.47380460737,14.821185068107,16.168565528844,17.515945989581,
    18.863326450318,20.210706911054,21.558087371791,22.905467832528,
    24.252848293265,25.600228754002,26.947609214739,28.294989675476,
    29.642370136213,30.98975059695,32.337131057687,33.684511518424,
    35.031891979161,36.379272439898,37.726652900635,39.074033361372,
    40.421413822109,41.768794282846,43.116174743583,44.46355520432,
    45.810935665057,47.158316125794,48.505696586531,49.853077047268,
    51.200457508005,52.547837968742,53.895218429479,55.242598890216,
    56.589979350953,57.93735981169,59.284740272427),
  .QUASI_UNIFORM_KNOTS.);
#3252 = CARTESIAN_POINT('',(6.458080571648,17.33));
#3253 = CARTESIAN_POINT('',(6.458076011301,17.338979953122));
#3254 = CARTESIAN_POINT('',(6.458073031728,17.356947967158));
#3255 = CARTESIAN_POINT('',(6.458087009721,17.383903418882));
#3256 = CARTESIAN_POINT('',(6.458119459483,17.410843456916));
#3257 = CARTESIAN_POINT('',(6.458170403936,17.437742067695));
#3258 = CARTESIAN_POINT('',(6.458239861364,17.464574895339));
#3259 = CARTESIAN_POINT('',(6.458327845852,17.491316853183));
#3260 = CARTESIAN_POINT('',(6.458434366771,17.517942740447));
#3261 = CARTESIAN_POINT('',(6.458559428518,17.544427053541));
#3262 = CARTESIAN_POINT('',(6.458703030186,17.570744012854));
#3263 = CARTESIAN_POINT('',(6.458865165253,17.596867531336));
#3264 = CARTESIAN_POINT('',(6.459045821249,17.622771198061));
#3265 = CARTESIAN_POINT('',(6.459244979429,17.648428256986));
#3266 = CARTESIAN_POINT('',(6.459462614418,17.67381158607));
#3267 = CARTESIAN_POINT('',(6.459698693855,17.698893675189));
#3268 = CARTESIAN_POINT('',(6.459953178015,17.723646603139));
#3269 = CARTESIAN_POINT('',(6.460226019408,17.748042013447));
#3270 = CARTESIAN_POINT('',(6.460517162368,17.77205108899));
#3271 = CARTESIAN_POINT('',(6.460826542597,17.795644525035));
#3272 = CARTESIAN_POINT('',(6.461154086717,17.818792501456));
#3273 = CARTESIAN_POINT('',(6.461499711714,17.84146465076));
#3274 = CARTESIAN_POINT('',(6.4618633246,17.86363003391));
#3275 = CARTESIAN_POINT('',(6.462244821142,17.885257078576));
#3276 = CARTESIAN_POINT('',(6.462644087887,17.906313648607));
#3277 = CARTESIAN_POINT('',(6.463060991706,17.926766614137));
#3278 = CARTESIAN_POINT('',(6.463495415764,17.94658327516));
#3279 = CARTESIAN_POINT('',(6.463947121975,17.965725857056));
#3280 = CARTESIAN_POINT('',(6.464416261014,17.984171857155));
#3281 = CARTESIAN_POINT('',(6.46490254228,18.001878645014));
#3282 = CARTESIAN_POINT('',(6.465405244961,18.018791218789));
#3283 = CARTESIAN_POINT('',(6.465923696551,18.034861181434));
#3284 = CARTESIAN_POINT('',(6.466457148448,18.050041693861));
#3285 = CARTESIAN_POINT('',(6.467004813046,18.064288864517));
#3286 = CARTESIAN_POINT('',(6.467565857483,18.07756141378));
#3287 = CARTESIAN_POINT('',(6.468139408948,18.08982080009));
#3288 = CARTESIAN_POINT('',(6.468724556821,18.101031221805));
#3289 = CARTESIAN_POINT('',(6.469320355603,18.111159651856));
#3290 = CARTESIAN_POINT('',(6.469925827564,18.120175862923));
#3291 = CARTESIAN_POINT('',(6.470539965413,18.128052455212));
#3292 = CARTESIAN_POINT('',(6.471161734894,18.134764880708));
#3293 = CARTESIAN_POINT('',(6.471790077314,18.140291476425));
#3294 = CARTESIAN_POINT('',(6.472423912155,18.144613462609));
#3295 = CARTESIAN_POINT('',(6.473062139091,18.147715069593));
#3296 = CARTESIAN_POINT('',(6.473703642024,18.149583182547));
#3297 = CARTESIAN_POINT('',(6.474132737557,18.150000249806));
#3298 = CARTESIAN_POINT('',(6.474347453711,18.15));
#3299 = ( GEOMETRIC_REPRESENTATION_CONTEXT(2) 
PARAMETRIC_REPRESENTATION_CONTEXT() REPRESENTATION_CONTEXT('2D SPACE',''
  ) );
#3300 = PCURVE('',#3301,#3306);
#3301 = CYLINDRICAL_SURFACE('',#3302,0.8);
#3302 = AXIS2_PLACEMENT_3D('',#3303,#3304,#3305);
#3303 = CARTESIAN_POINT('',(-12.00000005,-10.39999995,9.499999999999));
#3304 = DIRECTION('',(-1.,0.,0.));
#3305 = DIRECTION('',(0.,-1.110223024625E-16,-1.));
#3306 = DEFINITIONAL_REPRESENTATION('',(#3307),#3355);
#3307 = B_SPLINE_CURVE_WITH_KNOTS('',3,(#3308,#3309,#3310,#3311,#3312,
    #3313,#3314,#3315,#3316,#3317,#3318,#3319,#3320,#3321,#3322,#3323,
    #3324,#3325,#3326,#3327,#3328,#3329,#3330,#3331,#3332,#3333,#3334,
    #3335,#3336,#3337,#3338,#3339,#3340,#3341,#3342,#3343,#3344,#3345,
    #3346,#3347,#3348,#3349,#3350,#3351,#3352,#3353,#3354),
  .UNSPECIFIED.,.F.,.F.,(4,1,1,1,1,1,1,1,1,1,1,1,1,1,1,1,1,1,1,1,1,1,1,1
    ,1,1,1,1,1,1,1,1,1,1,1,1,1,1,1,1,1,1,1,1,4),(0.,1.347380460737,
    2.694760921474,4.042141382211,5.389521842948,6.736902303685,
    8.084282764422,9.431663225159,10.779043685896,12.126424146633,
    13.47380460737,14.821185068107,16.168565528844,17.515945989581,
    18.863326450318,20.210706911054,21.558087371791,22.905467832528,
    24.252848293265,25.600228754002,26.947609214739,28.294989675476,
    29.642370136213,30.98975059695,32.337131057687,33.684511518424,
    35.031891979161,36.379272439898,37.726652900635,39.074033361372,
    40.421413822109,41.768794282846,43.116174743583,44.46355520432,
    45.810935665057,47.158316125794,48.505696586531,49.853077047268,
    51.200457508005,52.547837968742,53.895218429479,55.242598890216,
    56.589979350953,57.93735981169,59.284740272427),
  .QUASI_UNIFORM_KNOTS.);
#3308 = CARTESIAN_POINT('',(6.25818270228,-17.23723844061));
#3309 = CARTESIAN_POINT('',(6.269411163439,-17.2372781126));
#3310 = CARTESIAN_POINT('',(6.291868728603,-17.23730404007));
#3311 = CARTESIAN_POINT('',(6.325569245105,-17.23718243006));
#3312 = CARTESIAN_POINT('',(6.35929866602,-17.23690008322));
#3313 = CARTESIAN_POINT('',(6.393062992963,-17.23645670761));
#3314 = CARTESIAN_POINT('',(6.426870508381,-17.23585200589));
#3315 = CARTESIAN_POINT('',(6.460728850978,-17.23508566508));
#3316 = CARTESIAN_POINT('',(6.494645825505,-17.23415736276));
#3317 = CARTESIAN_POINT('',(6.528629211434,-17.23306676888));
#3318 = CARTESIAN_POINT('',(6.562686839548,-17.23181354887));
#3319 = CARTESIAN_POINT('',(6.596826596578,-17.23039736652));
#3320 = CARTESIAN_POINT('',(6.631056449109,-17.22881788713));
#3321 = CARTESIAN_POINT('',(6.665384462446,-17.22707478078));
#3322 = CARTESIAN_POINT('',(6.699818821108,-17.22516772581));
#3323 = CARTESIAN_POINT('',(6.734367849327,-17.22309641255));
#3324 = CARTESIAN_POINT('',(6.769040032149,-17.22086054732));
#3325 = CARTESIAN_POINT('',(6.803844037158,-17.21845985671));
#3326 = CARTESIAN_POINT('',(6.838788737153,-17.21589409225));
#3327 = CARTESIAN_POINT('',(6.873883233522,-17.21316303535));
#3328 = CARTESIAN_POINT('',(6.909136882297,-17.2102665026));
#3329 = CARTESIAN_POINT('',(6.944559316736,-17.20720435203));
#3330 = CARTESIAN_POINT('',(6.980160490814,-17.20397648766));
#3331 = CARTESIAN_POINT('',(7.015950654291,-17.20058287255));
#3332 = CARTESIAN_POINT('',(7.051940594693,-17.19702351241));
#3333 = CARTESIAN_POINT('',(7.088140896837,-17.19329855183));
#3334 = CARTESIAN_POINT('',(7.12456488511,-17.1894079525));
#3335 = CARTESIAN_POINT('',(7.161217840461,-17.18535273433));
#3336 = CARTESIAN_POINT('',(7.198137475638,-17.18113038535));
#3337 = CARTESIAN_POINT('',(7.235326663264,-17.17674232332));
#3338 = CARTESIAN_POINT('',(7.272760088445,-17.17219385113));
#3339 = CARTESIAN_POINT('',(7.310421706427,-17.16748986163));
#3340 = CARTESIAN_POINT('',(7.34829455687,-17.16263597073));
#3341 = CARTESIAN_POINT('',(7.386363354432,-17.15763819577));
#3342 = CARTESIAN_POINT('',(7.424613665292,-17.15250302345));
#3343 = CARTESIAN_POINT('',(7.463032006714,-17.14723737313));
#3344 = CARTESIAN_POINT('',(7.501605706414,-17.1418485879));
#3345 = CARTESIAN_POINT('',(7.540322832219,-17.13634441799));
#3346 = CARTESIAN_POINT('',(7.579172107614,-17.130733006));
#3347 = CARTESIAN_POINT('',(7.618142834602,-17.12502287138));
#3348 = CARTESIAN_POINT('',(7.6572248169,-17.11922289476));
#3349 = CARTESIAN_POINT('',(7.696408284411,-17.11334230276));
#3350 = CARTESIAN_POINT('',(7.735683816955,-17.10739064962));
#3351 = CARTESIAN_POINT('',(7.775042269507,-17.10137781012));
#3352 = CARTESIAN_POINT('',(7.814474687657,-17.09531392929));
#3353 = CARTESIAN_POINT('',(7.840806397532,-17.09124433138));
#3354 = CARTESIAN_POINT('',(7.853981633974,-17.08920451586));
#3355 = ( GEOMETRIC_REPRESENTATION_CONTEXT(2) 
PARAMETRIC_REPRESENTATION_CONTEXT() REPRESENTATION_CONTEXT('2D SPACE',''
  ) );
#3356 = ORIENTED_EDGE('',*,*,#3357,.T.);
#3357 = EDGE_CURVE('',#3219,#3358,#3360,.T.);
#3358 = VERTEX_POINT('',#3359);
#3359 = CARTESIAN_POINT('',(1.604276065294,-11.19999995,20.499999999999)
  );
#3360 = SURFACE_CURVE('',#3361,(#3366,#3373),.PCURVE_S1.);
#3361 = CIRCLE('',#3362,50.);
#3362 = AXIS2_PLACEMENT_3D('',#3363,#3364,#3365);
#3363 = CARTESIAN_POINT('',(-44.00000005,-11.19999995,
    -1.468669630361E-12));
#3364 = DIRECTION('',(0.,-1.,1.110223024625E-16));
#3365 = DIRECTION('',(0.987024600655,1.782675181817E-17,0.160569105691)
  );
#3366 = PCURVE('',#574,#3367);
#3367 = DEFINITIONAL_REPRESENTATION('',(#3368),#3372);
#3368 = LINE('',#3369,#3370);
#3369 = CARTESIAN_POINT('',(6.444452520264,18.15));
#3370 = VECTOR('',#3371,1.);
#3371 = DIRECTION('',(1.,-0.));
#3372 = ( GEOMETRIC_REPRESENTATION_CONTEXT(2) 
PARAMETRIC_REPRESENTATION_CONTEXT() REPRESENTATION_CONTEXT('2D SPACE',''
  ) );
#3373 = PCURVE('',#3374,#3379);
#3374 = PLANE('',#3375);
#3375 = AXIS2_PLACEMENT_3D('',#3376,#3377,#3378);
#3376 = CARTESIAN_POINT('',(-12.00000005,-11.19999995,8.699999999999));
#3377 = DIRECTION('',(0.,-1.,1.110223024625E-16));
#3378 = DIRECTION('',(1.,0.,0.));
#3379 = DEFINITIONAL_REPRESENTATION('',(#3380),#3384);
#3380 = CIRCLE('',#3381,50.);
#3381 = AXIS2_PLACEMENT_2D('',#3382,#3383);
#3382 = CARTESIAN_POINT('',(-32.,-8.7));
#3383 = DIRECTION('',(0.987024600655,0.160569105691));
#3384 = ( GEOMETRIC_REPRESENTATION_CONTEXT(2) 
PARAMETRIC_REPRESENTATION_CONTEXT() REPRESENTATION_CONTEXT('2D SPACE',''
  ) );
#3385 = ORIENTED_EDGE('',*,*,#3386,.T.);
#3386 = EDGE_CURVE('',#3358,#3387,#3389,.T.);
#3387 = VERTEX_POINT('',#3388);
#3388 = CARTESIAN_POINT('',(1.23627578701,-10.37999995,21.299749960924)
  );
#3389 = SURFACE_CURVE('',#3390,(#3413,#3464),.PCURVE_S1.);
#3390 = B_SPLINE_CURVE_WITH_KNOTS('',6,(#3391,#3392,#3393,#3394,#3395,
    #3396,#3397,#3398,#3399,#3400,#3401,#3402,#3403,#3404,#3405,#3406,
    #3407,#3408,#3409,#3410,#3411,#3412),.UNSPECIFIED.,.F.,.F.,(7,5,5,5,
    7),(0.,0.426276471918,1.,1.007808244892,1.016657377746),
  .UNSPECIFIED.);
#3391 = CARTESIAN_POINT('',(1.604276065294,-11.19999995,20.499999999999)
  );
#3392 = CARTESIAN_POINT('',(1.562006507869,-11.19999995,20.594032808197)
  );
#3393 = CARTESIAN_POINT('',(1.519618754657,-11.18673662749,
    20.687706483492));
#3394 = CARTESIAN_POINT('',(1.478255593998,-11.16040051458,
    20.778484376105));
#3395 = CARTESIAN_POINT('',(1.439063805282,-11.12191364483,
    20.863935920151));
#3396 = CARTESIAN_POINT('',(1.403078266644,-11.0728622811,
    20.941974355663));
#3397 = CARTESIAN_POINT('',(1.327933869201,-10.93808911987,
    21.104239669535));
#3398 = CARTESIAN_POINT('',(1.291921019764,-10.84544144313,
    21.181404027712));
#3399 = CARTESIAN_POINT('',(1.264175174872,-10.74142126684,
    21.240498458489));
#3400 = CARTESIAN_POINT('',(1.245469347681,-10.62991050896,
    21.28022496409));
#3401 = CARTESIAN_POINT('',(1.236158053889,-10.51481873797,
    21.299999999999));
#3402 = CARTESIAN_POINT('',(1.236158053889,-10.39843729277,
    21.299999999999));
#3403 = CARTESIAN_POINT('',(1.236159778585,-10.39687463555,
    21.299996337152));
#3404 = CARTESIAN_POINT('',(1.236163227977,-10.39531198739,
    21.299989011459));
#3405 = CARTESIAN_POINT('',(1.236168402055,-10.39374935733,
    21.299978022936));
#3406 = CARTESIAN_POINT('',(1.236175300799,-10.39218675445,
    21.299963371613));
#3407 = CARTESIAN_POINT('',(1.236193697109,-10.38885332122,
    21.299924302084));
#3408 = CARTESIAN_POINT('',(1.236205685131,-10.38708250118,
    21.299898842252));
#3409 = CARTESIAN_POINT('',(1.236219888202,-10.38531174085,
    21.299868678112));
#3410 = CARTESIAN_POINT('',(1.23623630626,-10.38354105342,
    21.299833809759));
#3411 = CARTESIAN_POINT('',(1.236254939227,-10.38177045207,
    21.299794237314));
#3412 = CARTESIAN_POINT('',(1.23627578701,-10.37999995,21.299749960924)
  );
#3413 = PCURVE('',#574,#3414);
#3414 = DEFINITIONAL_REPRESENTATION('',(#3415),#3463);
#3415 = B_SPLINE_CURVE_WITH_KNOTS('',3,(#3416,#3417,#3418,#3419,#3420,
    #3421,#3422,#3423,#3424,#3425,#3426,#3427,#3428,#3429,#3430,#3431,
    #3432,#3433,#3434,#3435,#3436,#3437,#3438,#3439,#3440,#3441,#3442,
    #3443,#3444,#3445,#3446,#3447,#3448,#3449,#3450,#3451,#3452,#3453,
    #3454,#3455,#3456,#3457,#3458,#3459,#3460,#3461,#3462),
  .UNSPECIFIED.,.F.,.F.,(4,1,1,1,1,1,1,1,1,1,1,1,1,1,1,1,1,1,1,1,1,1,1,1
    ,1,1,1,1,1,1,1,1,1,1,1,1,1,1,1,1,1,1,1,1,4),(0.,2.310584949423E-02,
    4.621169898845E-02,6.931754848268E-02,9.242339797691E-02,
    0.115529247471,0.138635096965,0.16174094646,0.184846795954,
    0.207952645448,0.231058494942,0.254164344436,0.277270193931,
    0.300376043425,0.323481892919,0.346587742413,0.369693591908,
    0.392799441402,0.415905290896,0.43901114039,0.462116989885,
    0.485222839379,0.508328688873,0.531434538367,0.554540387861,
    0.577646237356,0.60075208685,0.623857936344,0.646963785838,
    0.670069635333,0.693175484827,0.716281334321,0.739387183815,
    0.762493033309,0.785598882804,0.808704732298,0.831810581792,
    0.854916431286,0.878022280781,0.901128130275,0.924233979769,
    0.947339829263,0.970445678758,0.993551528252,1.016657377746),
  .QUASI_UNIFORM_KNOTS.);
#3416 = CARTESIAN_POINT('',(6.705639369366,18.15));
#3417 = CARTESIAN_POINT('',(6.705862899315,18.150000187145));
#3418 = CARTESIAN_POINT('',(6.706309792706,18.149610165329));
#3419 = CARTESIAN_POINT('',(6.706978582198,18.147861185618));
#3420 = CARTESIAN_POINT('',(6.707644766432,18.14495462458));
#3421 = CARTESIAN_POINT('',(6.708307303288,18.140899912729));
#3422 = CARTESIAN_POINT('',(6.708965161186,18.135708459883));
#3423 = CARTESIAN_POINT('',(6.709617321987,18.129393915931));
#3424 = CARTESIAN_POINT('',(6.710262782608,18.121972070435));
#3425 = CARTESIAN_POINT('',(6.710900557013,18.113460848597));
#3426 = CARTESIAN_POINT('',(6.711529678139,18.103880280987));
#3427 = CARTESIAN_POINT('',(6.712149199871,18.093252479866));
#3428 = CARTESIAN_POINT('',(6.712758199035,18.0816016134));
#3429 = CARTESIAN_POINT('',(6.71335577743,18.068953879745));
#3430 = CARTESIAN_POINT('',(6.713941063849,18.055337481801));
#3431 = CARTESIAN_POINT('',(6.714513216241,18.040782597427));
#3432 = CARTESIAN_POINT('',(6.715071423509,18.025321365185));
#3433 = CARTESIAN_POINT('',(6.715614908743,18.008987810532));
#3434 = CARTESIAN_POINT('',(6.716142927273,17.991817992714));
#3435 = CARTESIAN_POINT('',(6.716654784122,17.973849326443));
#3436 = CARTESIAN_POINT('',(6.717149779238,17.955122981763));
#3437 = CARTESIAN_POINT('',(6.717627593159,17.935668114522));
#3438 = CARTESIAN_POINT('',(6.718087864175,17.91551550654));
#3439 = CARTESIAN_POINT('',(6.718530246667,17.894696054488));
#3440 = CARTESIAN_POINT('',(6.718954412547,17.873240559603));
#3441 = CARTESIAN_POINT('',(6.719360050704,17.851179791538));
#3442 = CARTESIAN_POINT('',(6.719746866997,17.828544478053));
#3443 = CARTESIAN_POINT('',(6.720114584119,17.805365313871));
#3444 = CARTESIAN_POINT('',(6.720462941497,17.781672963685));
#3445 = CARTESIAN_POINT('',(6.720791695208,17.757498066034));
#3446 = CARTESIAN_POINT('',(6.721100617888,17.732871236229));
#3447 = CARTESIAN_POINT('',(6.72138949867,17.707823068836));
#3448 = CARTESIAN_POINT('',(6.721658143113,17.682384139561));
#3449 = CARTESIAN_POINT('',(6.721906373152,17.656585006593));
#3450 = CARTESIAN_POINT('',(6.722134027056,17.630456211389));
#3451 = CARTESIAN_POINT('',(6.72234095939,17.604028278878));
#3452 = CARTESIAN_POINT('',(6.722527040994,17.57733171719));
#3453 = CARTESIAN_POINT('',(6.722692158961,17.550397016545));
#3454 = CARTESIAN_POINT('',(6.722836216639,17.523254648593));
#3455 = CARTESIAN_POINT('',(6.722959133627,17.495935061471));
#3456 = CARTESIAN_POINT('',(6.723060845788,17.468468688182));
#3457 = CARTESIAN_POINT('',(6.723141305286,17.440885902623));
#3458 = CARTESIAN_POINT('',(6.723200480549,17.413217168346));
#3459 = CARTESIAN_POINT('',(6.723238356563,17.385492465404));
#3460 = CARTESIAN_POINT('',(6.723254933991,17.35774340875));
#3461 = CARTESIAN_POINT('',(6.723251799782,17.339244682259));
#3462 = CARTESIAN_POINT('',(6.723246688614,17.33));
#3463 = ( GEOMETRIC_REPRESENTATION_CONTEXT(2) 
PARAMETRIC_REPRESENTATION_CONTEXT() REPRESENTATION_CONTEXT('2D SPACE',''
  ) );
#3464 = PCURVE('',#3465,#3470);
#3465 = CYLINDRICAL_SURFACE('',#3466,0.8);
#3466 = AXIS2_PLACEMENT_3D('',#3467,#3468,#3469);
#3467 = CARTESIAN_POINT('',(-12.00000005,-10.39999995,20.499999999999));
#3468 = DIRECTION('',(-1.,0.,0.));
#3469 = DIRECTION('',(0.,1.110223024625E-16,1.));
#3470 = DEFINITIONAL_REPRESENTATION('',(#3471),#3519);
#3471 = B_SPLINE_CURVE_WITH_KNOTS('',3,(#3472,#3473,#3474,#3475,#3476,
    #3477,#3478,#3479,#3480,#3481,#3482,#3483,#3484,#3485,#3486,#3487,
    #3488,#3489,#3490,#3491,#3492,#3493,#3494,#3495,#3496,#3497,#3498,
    #3499,#3500,#3501,#3502,#3503,#3504,#3505,#3506,#3507,#3508,#3509,
    #3510,#3511,#3512,#3513,#3514,#3515,#3516,#3517,#3518),
  .UNSPECIFIED.,.F.,.F.,(4,1,1,1,1,1,1,1,1,1,1,1,1,1,1,1,1,1,1,1,1,1,1,1
    ,1,1,1,1,1,1,1,1,1,1,1,1,1,1,1,1,1,1,1,1,4),(0.,2.310584949423E-02,
    4.621169898845E-02,6.931754848268E-02,9.242339797691E-02,
    0.115529247471,0.138635096965,0.16174094646,0.184846795954,
    0.207952645448,0.231058494942,0.254164344436,0.277270193931,
    0.300376043425,0.323481892919,0.346587742413,0.369693591908,
    0.392799441402,0.415905290896,0.43901114039,0.462116989885,
    0.485222839379,0.508328688873,0.531434538367,0.554540387861,
    0.577646237356,0.60075208685,0.623857936344,0.646963785838,
    0.670069635333,0.693175484827,0.716281334321,0.739387183815,
    0.762493033309,0.785598882804,0.808704732298,0.831810581792,
    0.854916431286,0.878022280781,0.901128130275,0.924233979769,
    0.947339829263,0.970445678758,0.993551528252,1.016657377746),
  .QUASI_UNIFORM_KNOTS.);
#3472 = CARTESIAN_POINT('',(-7.853981633975,-13.60427611529));
#3473 = CARTESIAN_POINT('',(-7.841239269724,-13.59969376217));
#3474 = CARTESIAN_POINT('',(-7.815767734484,-13.59052559338));
#3475 = CARTESIAN_POINT('',(-7.777604709359,-13.576784755));
#3476 = CARTESIAN_POINT('',(-7.739490652979,-13.56307715715));
#3477 = CARTESIAN_POINT('',(-7.701430280648,-13.54942454416));
#3478 = CARTESIAN_POINT('',(-7.663428377318,-13.53584855431));
#3479 = CARTESIAN_POINT('',(-7.625489837041,-13.52237067237));
#3480 = CARTESIAN_POINT('',(-7.587619702399,-13.50901218686));
#3481 = CARTESIAN_POINT('',(-7.549823202922,-13.4957941446));
#3482 = CARTESIAN_POINT('',(-7.512105793413,-13.48273730467));
#3483 = CARTESIAN_POINT('',(-7.474473192607,-13.46986209108));
#3484 = CARTESIAN_POINT('',(-7.436931422934,-13.45718854447));
#3485 = CARTESIAN_POINT('',(-7.399486851314,-13.44473627246));
#3486 = CARTESIAN_POINT('',(-7.362146234188,-13.43252439962));
#3487 = CARTESIAN_POINT('',(-7.324916757583,-13.42057151408));
#3488 = CARTESIAN_POINT('',(-7.287806109428,-13.40889562097));
#3489 = CARTESIAN_POINT('',(-7.250822447866,-13.39751406556));
#3490 = CARTESIAN_POINT('',(-7.2139747767,-13.38644356423));
#3491 = CARTESIAN_POINT('',(-7.177271822672,-13.37569982757));
#3492 = CARTESIAN_POINT('',(-7.140726527427,-13.36529870083));
#3493 = CARTESIAN_POINT('',(-7.104326819074,-13.35524805074));
#3494 = CARTESIAN_POINT('',(-7.068064956664,-13.34555661517));
#3495 = CARTESIAN_POINT('',(-7.031933713903,-13.33623278294));
#3496 = CARTESIAN_POINT('',(-6.995926114087,-13.32728455704));
#3497 = CARTESIAN_POINT('',(-6.96003546816,-13.31871956229));
#3498 = CARTESIAN_POINT('',(-6.92425533492,-13.31054504102));
#3499 = CARTESIAN_POINT('',(-6.888579505175,-13.30276785199));
#3500 = CARTESIAN_POINT('',(-6.853001982285,-13.29539446854));
#3501 = CARTESIAN_POINT('',(-6.817516966175,-13.28843097689));
#3502 = CARTESIAN_POINT('',(-6.782118838654,-13.28188307438));
#3503 = CARTESIAN_POINT('',(-6.746802150348,-13.27575606789));
#3504 = CARTESIAN_POINT('',(-6.711561608906,-13.27005487206));
#3505 = CARTESIAN_POINT('',(-6.676392068339,-13.2647840077));
#3506 = CARTESIAN_POINT('',(-6.641288519302,-13.25994760011));
#3507 = CARTESIAN_POINT('',(-6.606246080158,-13.25554937747));
#3508 = CARTESIAN_POINT('',(-6.571259988791,-13.25159266918));
#3509 = CARTESIAN_POINT('',(-6.536325594613,-13.24808040432));
#3510 = CARTESIAN_POINT('',(-6.501438352263,-13.24501511002));
#3511 = CARTESIAN_POINT('',(-6.466593811027,-13.24239890984));
#3512 = CARTESIAN_POINT('',(-6.431787621801,-13.24023352239));
#3513 = CARTESIAN_POINT('',(-6.397015479915,-13.23852025921));
#3514 = CARTESIAN_POINT('',(-6.362273308466,-13.23726002524));
#3515 = CARTESIAN_POINT('',(-6.327556545007,-13.23645330994));
#3516 = CARTESIAN_POINT('',(-6.292862775529,-13.23610021311));
#3517 = CARTESIAN_POINT('',(-6.269742176612,-13.23616696539));
#3518 = CARTESIAN_POINT('',(-6.25818270228,-13.23627583701));
#3519 = ( GEOMETRIC_REPRESENTATION_CONTEXT(2) 
PARAMETRIC_REPRESENTATION_CONTEXT() REPRESENTATION_CONTEXT('2D SPACE',''
  ) );
#3520 = ORIENTED_EDGE('',*,*,#3521,.T.);
#3521 = EDGE_CURVE('',#3387,#3522,#3524,.T.);
#3522 = VERTEX_POINT('',#3523);
#3523 = CARTESIAN_POINT('',(1.226735405923,-10.37999995,21.319999999999)
  );
#3524 = SURFACE_CURVE('',#3525,(#3530,#3537),.PCURVE_S1.);
#3525 = CIRCLE('',#3526,50.);
#3526 = AXIS2_PLACEMENT_3D('',#3527,#3528,#3529);
#3527 = CARTESIAN_POINT('',(-44.00000005,-10.37999995,
    -1.468669630361E-12));
#3528 = DIRECTION('',(0.,-1.,1.110223024625E-16));
#3529 = DIRECTION('',(1.,0.,0.));
#3530 = PCURVE('',#574,#3531);
#3531 = DEFINITIONAL_REPRESENTATION('',(#3532),#3536);
#3532 = LINE('',#3533,#3534);
#3533 = CARTESIAN_POINT('',(6.28318530718,17.33));
#3534 = VECTOR('',#3535,1.);
#3535 = DIRECTION('',(1.,0.));
#3536 = ( GEOMETRIC_REPRESENTATION_CONTEXT(2) 
PARAMETRIC_REPRESENTATION_CONTEXT() REPRESENTATION_CONTEXT('2D SPACE',''
  ) );
#3537 = PCURVE('',#3538,#3543);
#3538 = PLANE('',#3539);
#3539 = AXIS2_PLACEMENT_3D('',#3540,#3541,#3542);
#3540 = CARTESIAN_POINT('',(-12.00000005,-10.37999995,20.499999999999));
#3541 = DIRECTION('',(0.,-1.,1.110223024625E-16));
#3542 = DIRECTION('',(1.,0.,0.));
#3543 = DEFINITIONAL_REPRESENTATION('',(#3544),#3548);
#3544 = CIRCLE('',#3545,50.);
#3545 = AXIS2_PLACEMENT_2D('',#3546,#3547);
#3546 = CARTESIAN_POINT('',(-32.,-20.5));
#3547 = DIRECTION('',(1.,0.));
#3548 = ( GEOMETRIC_REPRESENTATION_CONTEXT(2) 
PARAMETRIC_REPRESENTATION_CONTEXT() REPRESENTATION_CONTEXT('2D SPACE',''
  ) );
#3549 = ORIENTED_EDGE('',*,*,#3550,.T.);
#3550 = EDGE_CURVE('',#3522,#3551,#3553,.T.);
#3551 = VERTEX_POINT('',#3552);
#3552 = CARTESIAN_POINT('',(1.226735405923,-11.19999995,21.319999999998)
  );
#3553 = SURFACE_CURVE('',#3554,(#3558,#3565),.PCURVE_S1.);
#3554 = LINE('',#3555,#3556);
#3555 = CARTESIAN_POINT('',(1.226735405923,6.95000005,21.319999999999));
#3556 = VECTOR('',#3557,1.);
#3557 = DIRECTION('',(0.,-1.,1.110223024625E-16));
#3558 = PCURVE('',#574,#3559);
#3559 = DEFINITIONAL_REPRESENTATION('',(#3560),#3564);
#3560 = LINE('',#3561,#3562);
#3561 = CARTESIAN_POINT('',(6.723694386263,0.));
#3562 = VECTOR('',#3563,1.);
#3563 = DIRECTION('',(0.,1.));
#3564 = ( GEOMETRIC_REPRESENTATION_CONTEXT(2) 
PARAMETRIC_REPRESENTATION_CONTEXT() REPRESENTATION_CONTEXT('2D SPACE',''
  ) );
#3565 = PCURVE('',#3566,#3571);
#3566 = PLANE('',#3567);
#3567 = AXIS2_PLACEMENT_3D('',#3568,#3569,#3570);
#3568 = CARTESIAN_POINT('',(-12.00000005,-10.37999995,21.319999999999));
#3569 = DIRECTION('',(0.,1.110223024625E-16,1.));
#3570 = DIRECTION('',(0.,-1.,1.110223024625E-16));
#3571 = DEFINITIONAL_REPRESENTATION('',(#3572),#3576);
#3572 = LINE('',#3573,#3574);
#3573 = CARTESIAN_POINT('',(-17.33,13.226735455923));
#3574 = VECTOR('',#3575,1.);
#3575 = DIRECTION('',(1.,0.));
#3576 = ( GEOMETRIC_REPRESENTATION_CONTEXT(2) 
PARAMETRIC_REPRESENTATION_CONTEXT() REPRESENTATION_CONTEXT('2D SPACE',''
  ) );
#3577 = ORIENTED_EDGE('',*,*,#3578,.T.);
#3578 = EDGE_CURVE('',#3551,#3579,#3581,.T.);
#3579 = VERTEX_POINT('',#3580);
#3580 = CARTESIAN_POINT('',(0.67188837927,-11.19999995,22.459349593494)
  );
#3581 = SURFACE_CURVE('',#3582,(#3587,#3594),.PCURVE_S1.);
#3582 = CIRCLE('',#3583,50.);
#3583 = AXIS2_PLACEMENT_3D('',#3584,#3585,#3586);
#3584 = CARTESIAN_POINT('',(-44.00000005,-11.19999995,
    -1.468669630361E-12));
#3585 = DIRECTION('',(0.,-1.,1.110223024625E-16));
#3586 = DIRECTION('',(0.987024600655,1.782675181817E-17,0.160569105691)
  );
#3587 = PCURVE('',#574,#3588);
#3588 = DEFINITIONAL_REPRESENTATION('',(#3589),#3593);
#3589 = LINE('',#3590,#3591);
#3590 = CARTESIAN_POINT('',(6.444452520264,18.15));
#3591 = VECTOR('',#3592,1.);
#3592 = DIRECTION('',(1.,-0.));
#3593 = ( GEOMETRIC_REPRESENTATION_CONTEXT(2) 
PARAMETRIC_REPRESENTATION_CONTEXT() REPRESENTATION_CONTEXT('2D SPACE',''
  ) );
#3594 = PCURVE('',#3595,#3600);
#3595 = PLANE('',#3596);
#3596 = AXIS2_PLACEMENT_3D('',#3597,#3598,#3599);
#3597 = CARTESIAN_POINT('',(-12.00000005,-11.19999995,8.699999999999));
#3598 = DIRECTION('',(0.,-1.,1.110223024625E-16));
#3599 = DIRECTION('',(1.,0.,0.));
#3600 = DEFINITIONAL_REPRESENTATION('',(#3601),#3605);
#3601 = CIRCLE('',#3602,50.);
#3602 = AXIS2_PLACEMENT_2D('',#3603,#3604);
#3603 = CARTESIAN_POINT('',(-32.,-8.7));
#3604 = DIRECTION('',(0.987024600655,0.160569105691));
#3605 = ( GEOMETRIC_REPRESENTATION_CONTEXT(2) 
PARAMETRIC_REPRESENTATION_CONTEXT() REPRESENTATION_CONTEXT('2D SPACE',''
  ) );
#3606 = ORIENTED_EDGE('',*,*,#3607,.F.);
#3607 = EDGE_CURVE('',#1970,#3579,#3608,.T.);
#3608 = SURFACE_CURVE('',#3609,(#3613,#3620),.PCURVE_S1.);
#3609 = LINE('',#3610,#3611);
#3610 = CARTESIAN_POINT('',(0.67188837927,6.95000005,22.459349593494));
#3611 = VECTOR('',#3612,1.);
#3612 = DIRECTION('',(0.,-1.,1.110223024625E-16));
#3613 = PCURVE('',#574,#3614);
#3614 = DEFINITIONAL_REPRESENTATION('',(#3615),#3619);
#3615 = LINE('',#3616,#3617);
#3616 = CARTESIAN_POINT('',(6.749040460501,0.));
#3617 = VECTOR('',#3618,1.);
#3618 = DIRECTION('',(0.,1.));
#3619 = ( GEOMETRIC_REPRESENTATION_CONTEXT(2) 
PARAMETRIC_REPRESENTATION_CONTEXT() REPRESENTATION_CONTEXT('2D SPACE',''
  ) );
#3620 = PCURVE('',#3621,#3626);
#3621 = CYLINDRICAL_SURFACE('',#3622,0.8);
#3622 = AXIS2_PLACEMENT_3D('',#3623,#3624,#3625);
#3623 = CARTESIAN_POINT('',(-4.286183559846E-02,6.95000005,
    22.099999999999));
#3624 = DIRECTION('',(0.,-1.,1.110223024625E-16));
#3625 = DIRECTION('',(0.,-1.110223024625E-16,-1.));
#3626 = DEFINITIONAL_REPRESENTATION('',(#3627),#3631);
#3627 = LINE('',#3628,#3629);
#3628 = CARTESIAN_POINT('',(2.036651480116,0.));
#3629 = VECTOR('',#3630,1.);
#3630 = DIRECTION('',(0.,1.));
#3631 = ( GEOMETRIC_REPRESENTATION_CONTEXT(2) 
PARAMETRIC_REPRESENTATION_CONTEXT() REPRESENTATION_CONTEXT('2D SPACE',''
  ) );
#3632 = ADVANCED_FACE('',(#3633),#793,.T.);
#3633 = FACE_BOUND('',#3634,.T.);
#3634 = EDGE_LOOP('',(#3635,#3636,#3637,#3693));
#3635 = ORIENTED_EDGE('',*,*,#741,.T.);
#3636 = ORIENTED_EDGE('',*,*,#1525,.T.);
#3637 = ORIENTED_EDGE('',*,*,#3638,.F.);
#3638 = EDGE_CURVE('',#3639,#1526,#3641,.T.);
#3639 = VERTEX_POINT('',#3640);
#3640 = CARTESIAN_POINT('',(-5.71976593909,6.95000005,21.693862643933));
#3641 = SURFACE_CURVE('',#3642,(#3657,#3675),.PCURVE_S1.);
#3642 = B_SPLINE_CURVE_WITH_KNOTS('',7,(#3643,#3644,#3645,#3646,#3647,
    #3648,#3649,#3650,#3651,#3652,#3653,#3654,#3655,#3656),
  .UNSPECIFIED.,.F.,.F.,(8,6,8),(0.,0.465420037286,1.),.UNSPECIFIED.);
#3643 = CARTESIAN_POINT('',(-5.71976593909,6.95000005,21.693862643933));
#3644 = CARTESIAN_POINT('',(-5.730565417713,6.95000005,21.71291902761));
#3645 = CARTESIAN_POINT('',(-5.738932515555,6.950000111729,
    21.733359594355));
#3646 = CARTESIAN_POINT('',(-5.744604187042,6.949999846817,
    21.754725395819));
#3647 = CARTESIAN_POINT('',(-5.747471702162,6.950111001857,
    21.776505071932));
#3648 = CARTESIAN_POINT('',(-5.747573556819,6.950553921203,
    21.798213139641));
#3649 = CARTESIAN_POINT('',(-5.745045454583,6.951553746422,
    21.819426357922));
#3650 = CARTESIAN_POINT('',(-5.73439001468,6.955328273491,
    21.863182919126));
#3651 = CARTESIAN_POINT('',(-5.725485001759,6.958344604845,
    21.88546129003));
#3652 = CARTESIAN_POINT('',(-5.713663092055,6.962667616418,
    21.906117436217));
#3653 = CARTESIAN_POINT('',(-5.69930369408,6.968557007235,
    21.924750160562));
#3654 = CARTESIAN_POINT('',(-5.682823147427,6.976171867028,
    21.941066251111));
#3655 = CARTESIAN_POINT('',(-5.664640508386,6.985556319316,
    21.954867418201));
#3656 = CARTESIAN_POINT('',(-5.645159667155,6.996662980474,
    21.96602420117));
#3657 = PCURVE('',#793,#3658);
#3658 = DEFINITIONAL_REPRESENTATION('',(#3659),#3674);
#3659 = B_SPLINE_CURVE_WITH_KNOTS('',7,(#3660,#3661,#3662,#3663,#3664,
    #3665,#3666,#3667,#3668,#3669,#3670,#3671,#3672,#3673),
  .UNSPECIFIED.,.F.,.F.,(8,6,8),(0.,0.465420037286,1.),.UNSPECIFIED.);
#3660 = CARTESIAN_POINT('',(1.7763568394E-14,23.1));
#3661 = CARTESIAN_POINT('',(0.109518776632,23.1));
#3662 = CARTESIAN_POINT('',(0.219062532296,23.100000061729));
#3663 = CARTESIAN_POINT('',(0.328131330616,23.099999796817));
#3664 = CARTESIAN_POINT('',(0.436385018984,23.100110951857));
#3665 = CARTESIAN_POINT('',(0.54360364318,23.100553871203));
#3666 = CARTESIAN_POINT('',(0.649648838646,23.101553696422));
#3667 = CARTESIAN_POINT('',(0.874825161109,23.105328223491));
#3668 = CARTESIAN_POINT('',(0.993588424775,23.108344554845));
#3669 = CARTESIAN_POINT('',(1.110773061919,23.112667566418));
#3670 = CARTESIAN_POINT('',(1.226478574961,23.118556957235));
#3671 = CARTESIAN_POINT('',(1.340839171391,23.126171817028));
#3672 = CARTESIAN_POINT('',(1.454024266238,23.135556269316));
#3673 = CARTESIAN_POINT('',(1.566271424476,23.146662930474));
#3674 = ( GEOMETRIC_REPRESENTATION_CONTEXT(2) 
PARAMETRIC_REPRESENTATION_CONTEXT() REPRESENTATION_CONTEXT('2D SPACE',''
  ) );
#3675 = PCURVE('',#1563,#3676);
#3676 = DEFINITIONAL_REPRESENTATION('',(#3677),#3692);
#3677 = B_SPLINE_CURVE_WITH_KNOTS('',7,(#3678,#3679,#3680,#3681,#3682,
    #3683,#3684,#3685,#3686,#3687,#3688,#3689,#3690,#3691),
  .UNSPECIFIED.,.F.,.F.,(8,6,8),(0.,0.465420037286,1.),.UNSPECIFIED.);
#3678 = CARTESIAN_POINT('',(-6.798768521955,4.712388980385));
#3679 = CARTESIAN_POINT('',(-6.799266334576,4.712388980385));
#3680 = CARTESIAN_POINT('',(-6.79976426032,4.718636412024));
#3681 = CARTESIAN_POINT('',(-6.800250143925,4.731137297183));
#3682 = CARTESIAN_POINT('',(-6.800712520862,4.749536827838));
#3683 = CARTESIAN_POINT('',(-6.801142141277,4.773220778047));
#3684 = CARTESIAN_POINT('',(-6.801532143067,4.801517211018));
#3685 = CARTESIAN_POINT('',(-6.802274832438,4.870795766919));
#3686 = CARTESIAN_POINT('',(-6.802613461464,4.91304793953));
#3687 = CARTESIAN_POINT('',(-6.802886944944,4.95955440473));
#3688 = CARTESIAN_POINT('',(-6.803091742111,5.009406265331));
#3689 = CARTESIAN_POINT('',(-6.803226910274,5.061824878519));
#3690 = CARTESIAN_POINT('',(-6.803293424274,5.11616155989));
#3691 = CARTESIAN_POINT('',(-6.803293424274,5.17182079219));
#3692 = ( GEOMETRIC_REPRESENTATION_CONTEXT(2) 
PARAMETRIC_REPRESENTATION_CONTEXT() REPRESENTATION_CONTEXT('2D SPACE',''
  ) );
#3693 = ORIENTED_EDGE('',*,*,#3694,.F.);
#3694 = EDGE_CURVE('',#742,#3639,#3695,.T.);
#3695 = SURFACE_CURVE('',#3696,(#3700,#3707),.PCURVE_S1.);
#3696 = LINE('',#3697,#3698);
#3697 = CARTESIAN_POINT('',(-5.71976593909,-16.14999995,21.693862643933)
  );
#3698 = VECTOR('',#3699,1.);
#3699 = DIRECTION('',(0.,1.,-1.110223024625E-16));
#3700 = PCURVE('',#793,#3701);
#3701 = DEFINITIONAL_REPRESENTATION('',(#3702),#3706);
#3702 = LINE('',#3703,#3704);
#3703 = CARTESIAN_POINT('',(1.7763568394E-14,0.));
#3704 = VECTOR('',#3705,1.);
#3705 = DIRECTION('',(0.,1.));
#3706 = ( GEOMETRIC_REPRESENTATION_CONTEXT(2) 
PARAMETRIC_REPRESENTATION_CONTEXT() REPRESENTATION_CONTEXT('2D SPACE',''
  ) );
#3707 = PCURVE('',#839,#3708);
#3708 = DEFINITIONAL_REPRESENTATION('',(#3709),#3713);
#3709 = LINE('',#3710,#3711);
#3710 = CARTESIAN_POINT('',(-6.798768521955,0.));
#3711 = VECTOR('',#3712,1.);
#3712 = DIRECTION('',(-0.,1.));
#3713 = ( GEOMETRIC_REPRESENTATION_CONTEXT(2) 
PARAMETRIC_REPRESENTATION_CONTEXT() REPRESENTATION_CONTEXT('2D SPACE',''
  ) );
#3714 = ADVANCED_FACE('',(#3715),#839,.F.);
#3715 = FACE_BOUND('',#3716,.T.);
#3716 = EDGE_LOOP('',(#3717,#3752,#3780,#3813,#3841,#3869,#3997,#4025,
    #4153,#4181,#4209,#4242,#4270,#4298,#4326,#4359,#4387,#4415,#4543,
    #4571,#4701,#4729,#4757,#4790,#4811,#4812,#4813,#4814,#4815,#4839,
    #4867,#4900,#4928,#4956,#5086,#5114,#5242,#5270,#5298,#5331));
#3717 = ORIENTED_EDGE('',*,*,#3718,.T.);
#3718 = EDGE_CURVE('',#3719,#3721,#3723,.T.);
#3719 = VERTEX_POINT('',#3720);
#3720 = CARTESIAN_POINT('',(-0.689504469558,4.40000005,7.758928571427));
#3721 = VERTEX_POINT('',#3722);
#3722 = CARTESIAN_POINT('',(-0.556078927183,4.40000005,6.973214285713));
#3723 = SURFACE_CURVE('',#3724,(#3729,#3736),.PCURVE_S1.);
#3724 = CIRCLE('',#3725,44.);
#3725 = AXIS2_PLACEMENT_3D('',#3726,#3727,#3728);
#3726 = CARTESIAN_POINT('',(-44.00000005,4.40000005,-1.468669630361E-12)
  );
#3727 = DIRECTION('',(0.,1.,-1.110223024625E-16));
#3728 = DIRECTION('',(1.,0.,0.));
#3729 = PCURVE('',#839,#3730);
#3730 = DEFINITIONAL_REPRESENTATION('',(#3731),#3735);
#3731 = LINE('',#3732,#3733);
#3732 = CARTESIAN_POINT('',(-12.56637061435,20.55));
#3733 = VECTOR('',#3734,1.);
#3734 = DIRECTION('',(1.,-0.));
#3735 = ( GEOMETRIC_REPRESENTATION_CONTEXT(2) 
PARAMETRIC_REPRESENTATION_CONTEXT() REPRESENTATION_CONTEXT('2D SPACE',''
  ) );
#3736 = PCURVE('',#3737,#3742);
#3737 = PLANE('',#3738);
#3738 = AXIS2_PLACEMENT_3D('',#3739,#3740,#3741);
#3739 = CARTESIAN_POINT('',(-6.00000005,4.40000005,-8.000000000001));
#3740 = DIRECTION('',(0.,-1.,1.110223024625E-16));
#3741 = DIRECTION('',(1.,0.,0.));
#3742 = DEFINITIONAL_REPRESENTATION('',(#3743),#3751);
#3743 = ( BOUNDED_CURVE() B_SPLINE_CURVE(2,(#3744,#3745,#3746,#3747,
#3748,#3749,#3750),.UNSPECIFIED.,.T.,.F.) B_SPLINE_CURVE_WITH_KNOTS((1,2
    ,2,2,2,1),(-2.094395102393,0.,2.094395102393,4.188790204786,
6.28318530718,8.377580409573),.UNSPECIFIED.) CURVE() 
GEOMETRIC_REPRESENTATION_ITEM() RATIONAL_B_SPLINE_CURVE((1.,0.5,1.,0.5,
1.,0.5,1.)) REPRESENTATION_ITEM('') );
#3744 = CARTESIAN_POINT('',(6.,8.));
#3745 = CARTESIAN_POINT('',(6.,-68.21023553303));
#3746 = CARTESIAN_POINT('',(-60.,-30.10511776651));
#3747 = CARTESIAN_POINT('',(-126.,8.));
#3748 = CARTESIAN_POINT('',(-60.,46.105117766515));
#3749 = CARTESIAN_POINT('',(6.,84.210235533031));
#3750 = CARTESIAN_POINT('',(6.,8.));
#3751 = ( GEOMETRIC_REPRESENTATION_CONTEXT(2) 
PARAMETRIC_REPRESENTATION_CONTEXT() REPRESENTATION_CONTEXT('2D SPACE',''
  ) );
#3752 = ORIENTED_EDGE('',*,*,#3753,.F.);
#3753 = EDGE_CURVE('',#3754,#3721,#3756,.T.);
#3754 = VERTEX_POINT('',#3755);
#3755 = CARTESIAN_POINT('',(-0.556078927183,-11.19999995,6.973214285713)
  );
#3756 = SURFACE_CURVE('',#3757,(#3761,#3768),.PCURVE_S1.);
#3757 = LINE('',#3758,#3759);
#3758 = CARTESIAN_POINT('',(-0.556078927183,-11.19999995,6.973214285713)
  );
#3759 = VECTOR('',#3760,1.);
#3760 = DIRECTION('',(0.,1.,-1.110223024625E-16));
#3761 = PCURVE('',#839,#3762);
#3762 = DEFINITIONAL_REPRESENTATION('',(#3763),#3767);
#3763 = LINE('',#3764,#3765);
#3764 = CARTESIAN_POINT('',(-6.442338484217,4.95));
#3765 = VECTOR('',#3766,1.);
#3766 = DIRECTION('',(-0.,1.));
#3767 = ( GEOMETRIC_REPRESENTATION_CONTEXT(2) 
PARAMETRIC_REPRESENTATION_CONTEXT() REPRESENTATION_CONTEXT('2D SPACE',''
  ) );
#3768 = PCURVE('',#3769,#3774);
#3769 = CYLINDRICAL_SURFACE('',#3770,0.8);
#3770 = AXIS2_PLACEMENT_3D('',#3771,#3772,#3773);
#3771 = CARTESIAN_POINT('',(0.233810547777,-11.19999995,7.099999999999)
  );
#3772 = DIRECTION('',(0.,1.,-1.110223024625E-16));
#3773 = DIRECTION('',(-0.9873618437,-1.759505239919E-17,-0.158482142857)
  );
#3774 = DEFINITIONAL_REPRESENTATION('',(#3775),#3779);
#3775 = LINE('',#3776,#3777);
#3776 = CARTESIAN_POINT('',(-0.,0.));
#3777 = VECTOR('',#3778,1.);
#3778 = DIRECTION('',(-0.,1.));
#3779 = ( GEOMETRIC_REPRESENTATION_CONTEXT(2) 
PARAMETRIC_REPRESENTATION_CONTEXT() REPRESENTATION_CONTEXT('2D SPACE',''
  ) );
#3780 = ORIENTED_EDGE('',*,*,#3781,.T.);
#3781 = EDGE_CURVE('',#3754,#3782,#3784,.T.);
#3782 = VERTEX_POINT('',#3783);
#3783 = CARTESIAN_POINT('',(-0.456256526963,-11.19999995,6.319999999997)
  );
#3784 = SURFACE_CURVE('',#3785,(#3790,#3797),.PCURVE_S1.);
#3785 = CIRCLE('',#3786,44.);
#3786 = AXIS2_PLACEMENT_3D('',#3787,#3788,#3789);
#3787 = CARTESIAN_POINT('',(-44.00000005,-11.19999995,
    -1.468669630361E-12));
#3788 = DIRECTION('',(0.,1.,-1.110223024625E-16));
#3789 = DIRECTION('',(0.9873618437,1.759505239919E-17,0.158482142857));
#3790 = PCURVE('',#839,#3791);
#3791 = DEFINITIONAL_REPRESENTATION('',(#3792),#3796);
#3792 = LINE('',#3793,#3794);
#3793 = CARTESIAN_POINT('',(-6.442338484217,4.95));
#3794 = VECTOR('',#3795,1.);
#3795 = DIRECTION('',(1.,-0.));
#3796 = ( GEOMETRIC_REPRESENTATION_CONTEXT(2) 
PARAMETRIC_REPRESENTATION_CONTEXT() REPRESENTATION_CONTEXT('2D SPACE',''
  ) );
#3797 = PCURVE('',#3798,#3803);
#3798 = PLANE('',#3799);
#3799 = AXIS2_PLACEMENT_3D('',#3800,#3801,#3802);
#3800 = CARTESIAN_POINT('',(-12.00000005,-11.19999995,-6.300000000001));
#3801 = DIRECTION('',(0.,-1.,1.110223024625E-16));
#3802 = DIRECTION('',(1.,0.,0.));
#3803 = DEFINITIONAL_REPRESENTATION('',(#3804),#3812);
#3804 = ( BOUNDED_CURVE() B_SPLINE_CURVE(2,(#3805,#3806,#3807,#3808,
#3809,#3810,#3811),.UNSPECIFIED.,.T.,.F.) B_SPLINE_CURVE_WITH_KNOTS((1,2
    ,2,2,2,1),(-2.094395102393,0.,2.094395102393,4.188790204786,
6.28318530718,8.377580409573),.UNSPECIFIED.) CURVE() 
GEOMETRIC_REPRESENTATION_ITEM() RATIONAL_B_SPLINE_CURVE((1.,0.5,1.,0.5,
1.,0.5,1.)) REPRESENTATION_ITEM('') );
#3805 = CARTESIAN_POINT('',(11.443921122817,13.273214285714));
#3806 = CARTESIAN_POINT('',(23.521882557739,-61.97386437901));
#3807 = CARTESIAN_POINT('',(-47.68297984394,-34.81014647522));
#3808 = CARTESIAN_POINT('',(-118.8878422456,-7.646428571429));
#3809 = CARTESIAN_POINT('',(-59.76094127886,40.436932189509));
#3810 = CARTESIAN_POINT('',(-0.634040312106,88.520292950447));
#3811 = CARTESIAN_POINT('',(11.443921122817,13.273214285714));
#3812 = ( GEOMETRIC_REPRESENTATION_CONTEXT(2) 
PARAMETRIC_REPRESENTATION_CONTEXT() REPRESENTATION_CONTEXT('2D SPACE',''
  ) );
#3813 = ORIENTED_EDGE('',*,*,#3814,.T.);
#3814 = EDGE_CURVE('',#3782,#3815,#3817,.T.);
#3815 = VERTEX_POINT('',#3816);
#3816 = CARTESIAN_POINT('',(-0.456256526963,-10.37999995,6.319999999999)
  );
#3817 = SURFACE_CURVE('',#3818,(#3822,#3829),.PCURVE_S1.);
#3818 = LINE('',#3819,#3820);
#3819 = CARTESIAN_POINT('',(-0.456256526963,-16.14999995,6.319999999999)
  );
#3820 = VECTOR('',#3821,1.);
#3821 = DIRECTION('',(0.,1.,-1.110223024625E-16));
#3822 = PCURVE('',#839,#3823);
#3823 = DEFINITIONAL_REPRESENTATION('',(#3824),#3828);
#3824 = LINE('',#3825,#3826);
#3825 = CARTESIAN_POINT('',(-6.427320216726,0.));
#3826 = VECTOR('',#3827,1.);
#3827 = DIRECTION('',(-0.,1.));
#3828 = ( GEOMETRIC_REPRESENTATION_CONTEXT(2) 
PARAMETRIC_REPRESENTATION_CONTEXT() REPRESENTATION_CONTEXT('2D SPACE',''
  ) );
#3829 = PCURVE('',#3830,#3835);
#3830 = PLANE('',#3831);
#3831 = AXIS2_PLACEMENT_3D('',#3832,#3833,#3834);
#3832 = CARTESIAN_POINT('',(-12.00000005,-10.37999995,6.319999999999));
#3833 = DIRECTION('',(0.,1.110223024625E-16,1.));
#3834 = DIRECTION('',(0.,-1.,1.110223024625E-16));
#3835 = DEFINITIONAL_REPRESENTATION('',(#3836),#3840);
#3836 = LINE('',#3837,#3838);
#3837 = CARTESIAN_POINT('',(5.77,11.543743523037));
#3838 = VECTOR('',#3839,1.);
#3839 = DIRECTION('',(-1.,0.));
#3840 = ( GEOMETRIC_REPRESENTATION_CONTEXT(2) 
PARAMETRIC_REPRESENTATION_CONTEXT() REPRESENTATION_CONTEXT('2D SPACE',''
  ) );
#3841 = ORIENTED_EDGE('',*,*,#3842,.T.);
#3842 = EDGE_CURVE('',#3815,#3843,#3845,.T.);
#3843 = VERTEX_POINT('',#3844);
#3844 = CARTESIAN_POINT('',(-0.453322215407,-10.37999995,6.299749960924)
  );
#3845 = SURFACE_CURVE('',#3846,(#3851,#3858),.PCURVE_S1.);
#3846 = CIRCLE('',#3847,44.);
#3847 = AXIS2_PLACEMENT_3D('',#3848,#3849,#3850);
#3848 = CARTESIAN_POINT('',(-44.00000005,-10.37999995,
    -1.468669630361E-12));
#3849 = DIRECTION('',(0.,1.,-1.110223024625E-16));
#3850 = DIRECTION('',(1.,0.,0.));
#3851 = PCURVE('',#839,#3852);
#3852 = DEFINITIONAL_REPRESENTATION('',(#3853),#3857);
#3853 = LINE('',#3854,#3855);
#3854 = CARTESIAN_POINT('',(-12.56637061435,5.77));
#3855 = VECTOR('',#3856,1.);
#3856 = DIRECTION('',(1.,-0.));
#3857 = ( GEOMETRIC_REPRESENTATION_CONTEXT(2) 
PARAMETRIC_REPRESENTATION_CONTEXT() REPRESENTATION_CONTEXT('2D SPACE',''
  ) );
#3858 = PCURVE('',#2978,#3859);
#3859 = DEFINITIONAL_REPRESENTATION('',(#3860),#3868);
#3860 = ( BOUNDED_CURVE() B_SPLINE_CURVE(2,(#3861,#3862,#3863,#3864,
#3865,#3866,#3867),.UNSPECIFIED.,.T.,.F.) B_SPLINE_CURVE_WITH_KNOTS((1,2
    ,2,2,2,1),(-2.094395102393,0.,2.094395102393,4.188790204786,
6.28318530718,8.377580409573),.UNSPECIFIED.) CURVE() 
GEOMETRIC_REPRESENTATION_ITEM() RATIONAL_B_SPLINE_CURVE((1.,0.5,1.,0.5,
1.,0.5,1.)) REPRESENTATION_ITEM('') );
#3861 = CARTESIAN_POINT('',(12.,-5.5));
#3862 = CARTESIAN_POINT('',(12.,-81.71023553303));
#3863 = CARTESIAN_POINT('',(-54.,-43.60511776651));
#3864 = CARTESIAN_POINT('',(-120.,-5.5));
#3865 = CARTESIAN_POINT('',(-54.,32.605117766515));
#3866 = CARTESIAN_POINT('',(12.,70.710235533031));
#3867 = CARTESIAN_POINT('',(12.,-5.5));
#3868 = ( GEOMETRIC_REPRESENTATION_CONTEXT(2) 
PARAMETRIC_REPRESENTATION_CONTEXT() REPRESENTATION_CONTEXT('2D SPACE',''
  ) );
#3869 = ORIENTED_EDGE('',*,*,#3870,.T.);
#3870 = EDGE_CURVE('',#3843,#3871,#3873,.T.);
#3871 = VERTEX_POINT('',#3872);
#3872 = CARTESIAN_POINT('',(-0.345103417434,-11.19999995,5.499999999999)
  );
#3873 = SURFACE_CURVE('',#3874,(#3895,#3946),.PCURVE_S1.);
#3874 = B_SPLINE_CURVE_WITH_KNOTS('',7,(#3875,#3876,#3877,#3878,#3879,
    #3880,#3881,#3882,#3883,#3884,#3885,#3886,#3887,#3888,#3889,#3890,
    #3891,#3892,#3893,#3894),.UNSPECIFIED.,.F.,.F.,(8,6,6,8),(0.,1.,
    35.572749609752,59.122555598449),.UNSPECIFIED.);
#3875 = CARTESIAN_POINT('',(-0.453322215407,-10.37999995,6.299749960924)
  );
#3876 = CARTESIAN_POINT('',(-0.453332550391,-10.38285665745,
    6.299821400939));
#3877 = CARTESIAN_POINT('',(-0.453341162991,-10.38571358263,
    6.299880934098));
#3878 = CARTESIAN_POINT('',(-0.453348053138,-10.38857068196,
    6.299928560514));
#3879 = CARTESIAN_POINT('',(-0.453353220782,-10.39142791191,
    6.299964280271));
#3880 = CARTESIAN_POINT('',(-0.45335666589,-10.39428522891,
    6.299988093423));
#3881 = CARTESIAN_POINT('',(-0.453358388444,-10.39714258945,
    6.299999999999));
#3882 = CARTESIAN_POINT('',(-0.453358388444,-10.49878676058,
    6.299999999999));
#3883 = CARTESIAN_POINT('',(-0.45129946946,-10.59778343242,
    6.285768371785));
#3884 = CARTESIAN_POINT('',(-0.447165841043,-10.69507161963,
    6.257196253013));
#3885 = CARTESIAN_POINT('',(-0.440980904974,-10.78863886421,
    6.214237652728));
#3886 = CARTESIAN_POINT('',(-0.432820262007,-10.87628413935,
    6.156994958993));
#3887 = CARTESIAN_POINT('',(-0.42281889592,-10.95554890343,
    6.085766973981));
#3888 = CARTESIAN_POINT('',(-0.403258548492,-11.06976884927,
    5.943694717145));
#3889 = CARTESIAN_POINT('',(-0.394550237544,-11.11093986626,
    5.879787125462));
#3890 = CARTESIAN_POINT('',(-0.385194886103,-11.14554876312,
    5.810265035708));
#3891 = CARTESIAN_POINT('',(-0.375373404292,-11.17243606312,
    5.736185583541));
#3892 = CARTESIAN_POINT('',(-0.365286066267,-11.19075715381,
    5.658829369726));
#3893 = CARTESIAN_POINT('',(-0.355133373053,-11.19999995,5.579610304679)
  );
#3894 = CARTESIAN_POINT('',(-0.345103417434,-11.19999995,5.499999999999)
  );
#3895 = PCURVE('',#839,#3896);
#3896 = DEFINITIONAL_REPRESENTATION('',(#3897),#3945);
#3897 = B_SPLINE_CURVE_WITH_KNOTS('',3,(#3898,#3899,#3900,#3901,#3902,
    #3903,#3904,#3905,#3906,#3907,#3908,#3909,#3910,#3911,#3912,#3913,
    #3914,#3915,#3916,#3917,#3918,#3919,#3920,#3921,#3922,#3923,#3924,
    #3925,#3926,#3927,#3928,#3929,#3930,#3931,#3932,#3933,#3934,#3935,
    #3936,#3937,#3938,#3939,#3940,#3941,#3942,#3943,#3944),
  .UNSPECIFIED.,.F.,.F.,(4,1,1,1,1,1,1,1,1,1,1,1,1,1,1,1,1,1,1,1,1,1,1,1
    ,1,1,1,1,1,1,1,1,1,1,1,1,1,1,1,1,1,1,1,1,4),(0.,1.343694445419,
    2.687388890839,4.031083336258,5.374777781677,6.718472227097,
    8.062166672516,9.405861117935,10.749555563354,12.093250008774,
    13.436944454193,14.780638899612,16.124333345032,17.468027790451,
    18.81172223587,20.15541668129,21.499111126709,22.842805572128,
    24.186500017547,25.530194462967,26.873888908386,28.217583353805,
    29.561277799225,30.904972244644,32.248666690063,33.592361135483,
    34.936055580902,36.279750026321,37.623444471741,38.96713891716,
    40.310833362579,41.654527807998,42.998222253418,44.341916698837,
    45.685611144256,47.029305589676,48.373000035095,49.716694480514,
    51.060388925934,52.404083371353,53.747777816772,55.091472262191,
    56.435166707611,57.77886115303,59.122555598449),
  .QUASI_UNIFORM_KNOTS.);
#3898 = CARTESIAN_POINT('',(-6.426855181917,5.77));
#3899 = CARTESIAN_POINT('',(-6.426860324121,5.761044538847));
#3900 = CARTESIAN_POINT('',(-6.426863702709,5.743125739559));
#3901 = CARTESIAN_POINT('',(-6.42684802696,5.716244410234));
#3902 = CARTESIAN_POINT('',(-6.426811581155,5.689378488607));
#3903 = CARTESIAN_POINT('',(-6.426754339757,5.662553381383));
#3904 = CARTESIAN_POINT('',(-6.426676281838,5.635792937288));
#3905 = CARTESIAN_POINT('',(-6.42657739061,5.609121730833));
#3906 = CARTESIAN_POINT('',(-6.426457654059,5.582564476165));
#3907 = CARTESIAN_POINT('',(-6.426317065286,5.55614620998));
#3908 = CARTESIAN_POINT('',(-6.426155622929,5.529892268599));
#3909 = CARTESIAN_POINT('',(-6.425973331564,5.503828320594));
#3910 = CARTESIAN_POINT('',(-6.425770202119,5.477980385065));
#3911 = CARTESIAN_POINT('',(-6.4255462523,5.452374854476));
#3912 = CARTESIAN_POINT('',(-6.425301507028,5.427038517128));
#3913 = CARTESIAN_POINT('',(-6.425035998891,5.401998580747));
#3914 = CARTESIAN_POINT('',(-6.424749768619,5.37728269695));
#3915 = CARTESIAN_POINT('',(-6.424442865576,5.352918986815));
#3916 = CARTESIAN_POINT('',(-6.424115348284,5.328936067636));
#3917 = CARTESIAN_POINT('',(-6.423767284971,5.305363081023));
#3918 = CARTESIAN_POINT('',(-6.423398754149,5.282229722429));
#3919 = CARTESIAN_POINT('',(-6.423009845232,5.259566272303));
#3920 = CARTESIAN_POINT('',(-6.422600659191,5.237403628788));
#3921 = CARTESIAN_POINT('',(-6.422171309232,5.215773342767));
#3922 = CARTESIAN_POINT('',(-6.421721921585,5.194707652961));
#3923 = CARTESIAN_POINT('',(-6.421252636102,5.174239530116));
#3924 = CARTESIAN_POINT('',(-6.42076360779,5.154402697224));
#3925 = CARTESIAN_POINT('',(-6.420255005083,5.135231749707));
#3926 = CARTESIAN_POINT('',(-6.419727020539,5.116761913614));
#3927 = CARTESIAN_POINT('',(-6.419179429164,5.099016483306));
#3928 = CARTESIAN_POINT('',(-6.41861307556,5.082054212364));
#3929 = CARTESIAN_POINT('',(-6.418028712128,5.06592517649));
#3930 = CARTESIAN_POINT('',(-6.417427190223,5.050678362026));
#3931 = CARTESIAN_POINT('',(-6.416809404444,5.03635959507));
#3932 = CARTESIAN_POINT('',(-6.416176303145,5.023012059391));
#3933 = CARTESIAN_POINT('',(-6.415528881282,5.010676121255));
#3934 = CARTESIAN_POINT('',(-6.41486817807,4.999389340548));
#3935 = CARTESIAN_POINT('',(-6.414195273432,4.989186432508));
#3936 = CARTESIAN_POINT('',(-6.41351128484,4.980099243441));
#3937 = CARTESIAN_POINT('',(-6.412817364143,4.972156722629));
#3938 = CARTESIAN_POINT('',(-6.412114694455,4.965384898191));
#3939 = CARTESIAN_POINT('',(-6.411404487153,4.95980684366));
#3940 = CARTESIAN_POINT('',(-6.410687978759,4.955442680465));
#3941 = CARTESIAN_POINT('',(-6.409966428522,4.952309448806));
#3942 = CARTESIAN_POINT('',(-6.409241113712,4.950421471751));
#3943 = CARTESIAN_POINT('',(-6.40875592704,4.949999744451));
#3944 = CARTESIAN_POINT('',(-6.408513138348,4.95));
#3945 = ( GEOMETRIC_REPRESENTATION_CONTEXT(2) 
PARAMETRIC_REPRESENTATION_CONTEXT() REPRESENTATION_CONTEXT('2D SPACE',''
  ) );
#3946 = PCURVE('',#2905,#3947);
#3947 = DEFINITIONAL_REPRESENTATION('',(#3948),#3996);
#3948 = B_SPLINE_CURVE_WITH_KNOTS('',3,(#3949,#3950,#3951,#3952,#3953,
    #3954,#3955,#3956,#3957,#3958,#3959,#3960,#3961,#3962,#3963,#3964,
    #3965,#3966,#3967,#3968,#3969,#3970,#3971,#3972,#3973,#3974,#3975,
    #3976,#3977,#3978,#3979,#3980,#3981,#3982,#3983,#3984,#3985,#3986,
    #3987,#3988,#3989,#3990,#3991,#3992,#3993,#3994,#3995),
  .UNSPECIFIED.,.F.,.F.,(4,1,1,1,1,1,1,1,1,1,1,1,1,1,1,1,1,1,1,1,1,1,1,1
    ,1,1,1,1,1,1,1,1,1,1,1,1,1,1,1,1,1,1,1,1,4),(0.,1.343694445419,
    2.687388890839,4.031083336258,5.374777781677,6.718472227097,
    8.062166672516,9.405861117935,10.749555563354,12.093250008774,
    13.436944454193,14.780638899612,16.124333345032,17.468027790451,
    18.81172223587,20.15541668129,21.499111126709,22.842805572128,
    24.186500017547,25.530194462967,26.873888908386,28.217583353805,
    29.561277799225,30.904972244644,32.248666690063,33.592361135483,
    34.936055580902,36.279750026321,37.623444471741,38.96713891716,
    40.310833362579,41.654527807998,42.998222253418,44.341916698837,
    45.685611144256,47.029305589676,48.373000035095,49.716694480514,
    51.060388925934,52.404083371353,53.747777816772,55.091472262191,
    56.435166707611,57.77886115303,59.122555598449),
  .QUASI_UNIFORM_KNOTS.);
#3949 = CARTESIAN_POINT('',(-6.25818270228,-11.54667783459));
#3950 = CARTESIAN_POINT('',(-6.26938053859,-11.54664543533));
#3951 = CARTESIAN_POINT('',(-6.291776618208,-11.54662415602));
#3952 = CARTESIAN_POINT('',(-6.325384372391,-11.54672291158));
#3953 = CARTESIAN_POINT('',(-6.359020563963,-11.54695248236));
#3954 = CARTESIAN_POINT('',(-6.392691634486,-11.54731292593));
#3955 = CARTESIAN_POINT('',(-6.426406184948,-11.54780421962));
#3956 = CARTESIAN_POINT('',(-6.460172185305,-11.54842625633));
#3957 = CARTESIAN_POINT('',(-6.493997749778,-11.54917884242));
#3958 = CARTESIAN_POINT('',(-6.527890956036,-11.55006169499));
#3959 = CARTESIAN_POINT('',(-6.561859920101,-11.55107443954));
#3960 = CARTESIAN_POINT('',(-6.595912802429,-11.55221660753));
#3961 = CARTESIAN_POINT('',(-6.630057832319,-11.55348763403));
#3962 = CARTESIAN_POINT('',(-6.664303327439,-11.5548868554));
#3963 = CARTESIAN_POINT('',(-6.69865771485,-11.55641350701));
#3964 = CARTESIAN_POINT('',(-6.733129551982,-11.55806672099));
#3965 = CARTESIAN_POINT('',(-6.767727548137,-11.55984552396));
#3966 = CARTESIAN_POINT('',(-6.80246058657,-11.56174883477));
#3967 = CARTESIAN_POINT('',(-6.837337747339,-11.56377546233));
#3968 = CARTESIAN_POINT('',(-6.872368331131,-11.56592410327));
#3969 = CARTESIAN_POINT('',(-6.907561884295,-11.56819333975));
#3970 = CARTESIAN_POINT('',(-6.942928225393,-11.57058163711));
#3971 = CARTESIAN_POINT('',(-6.978477473478,-11.57308734157));
#3972 = CARTESIAN_POINT('',(-7.014220078916,-11.57570867794));
#3973 = CARTESIAN_POINT('',(-7.050166855528,-11.57844374691));
#3974 = CARTESIAN_POINT('',(-7.086329020778,-11.58129052364));
#3975 = CARTESIAN_POINT('',(-7.122718221299,-11.58424685139));
#3976 = CARTESIAN_POINT('',(-7.159346631206,-11.58731045326));
#3977 = CARTESIAN_POINT('',(-7.19622679991,-11.59047887604));
#3978 = CARTESIAN_POINT('',(-7.233400435182,-11.59375211717));
#3979 = CARTESIAN_POINT('',(-7.270838312732,-11.5971237533));
#3980 = CARTESIAN_POINT('',(-7.308523873792,-11.60058794368));
#3981 = CARTESIAN_POINT('',(-7.346438865729,-11.60413829414));
#3982 = CARTESIAN_POINT('',(-7.384567042263,-11.60776820703));
#3983 = CARTESIAN_POINT('',(-7.42289303447,-11.6114708315));
#3984 = CARTESIAN_POINT('',(-7.461402524575,-11.61523911946));
#3985 = CARTESIAN_POINT('',(-7.5000820784,-11.6190658518));
#3986 = CARTESIAN_POINT('',(-7.53891907583,-11.62294367114));
#3987 = CARTESIAN_POINT('',(-7.577901620408,-11.62686511137));
#3988 = CARTESIAN_POINT('',(-7.617018458715,-11.63082262669));
#3989 = CARTESIAN_POINT('',(-7.656258900057,-11.63480861919));
#3990 = CARTESIAN_POINT('',(-7.695612738223,-11.63881546575));
#3991 = CARTESIAN_POINT('',(-7.735070172376,-11.64283554267));
#3992 = CARTESIAN_POINT('',(-7.774621732088,-11.64686125296));
#3993 = CARTESIAN_POINT('',(-7.814258184877,-11.65088503866));
#3994 = CARTESIAN_POINT('',(-7.840733064209,-11.6535613086));
#3995 = CARTESIAN_POINT('',(-7.853981633974,-11.65489663256));
#3996 = ( GEOMETRIC_REPRESENTATION_CONTEXT(2) 
PARAMETRIC_REPRESENTATION_CONTEXT() REPRESENTATION_CONTEXT('2D SPACE',''
  ) );
#3997 = ORIENTED_EDGE('',*,*,#3998,.T.);
#3998 = EDGE_CURVE('',#3871,#3999,#4001,.T.);
#3999 = VERTEX_POINT('',#4000);
#4000 = CARTESIAN_POINT('',(-0.345103417434,-11.19999995,-5.500000000001
    ));
#4001 = SURFACE_CURVE('',#4002,(#4007,#4014),.PCURVE_S1.);
#4002 = CIRCLE('',#4003,44.);
#4003 = AXIS2_PLACEMENT_3D('',#4004,#4005,#4006);
#4004 = CARTESIAN_POINT('',(-44.00000005,-11.19999995,
    -1.468669630361E-12));
#4005 = DIRECTION('',(0.,1.,-1.110223024625E-16));
#4006 = DIRECTION('',(0.9873618437,1.759505239919E-17,0.158482142857));
#4007 = PCURVE('',#839,#4008);
#4008 = DEFINITIONAL_REPRESENTATION('',(#4009),#4013);
#4009 = LINE('',#4010,#4011);
#4010 = CARTESIAN_POINT('',(-6.442338484217,4.95));
#4011 = VECTOR('',#4012,1.);
#4012 = DIRECTION('',(1.,-0.));
#4013 = ( GEOMETRIC_REPRESENTATION_CONTEXT(2) 
PARAMETRIC_REPRESENTATION_CONTEXT() REPRESENTATION_CONTEXT('2D SPACE',''
  ) );
#4014 = PCURVE('',#2816,#4015);
#4015 = DEFINITIONAL_REPRESENTATION('',(#4016),#4024);
#4016 = ( BOUNDED_CURVE() B_SPLINE_CURVE(2,(#4017,#4018,#4019,#4020,
#4021,#4022,#4023),.UNSPECIFIED.,.T.,.F.) B_SPLINE_CURVE_WITH_KNOTS((1,2
    ,2,2,2,1),(-2.094395102393,0.,2.094395102393,4.188790204786,
6.28318530718,8.377580409573),.UNSPECIFIED.) CURVE() 
GEOMETRIC_REPRESENTATION_ITEM() RATIONAL_B_SPLINE_CURVE((1.,0.5,1.,0.5,
1.,0.5,1.)) REPRESENTATION_ITEM('') );
#4017 = CARTESIAN_POINT('',(11.443921122817,13.273214285714));
#4018 = CARTESIAN_POINT('',(23.521882557739,-61.97386437901));
#4019 = CARTESIAN_POINT('',(-47.68297984394,-34.81014647522));
#4020 = CARTESIAN_POINT('',(-118.8878422456,-7.646428571429));
#4021 = CARTESIAN_POINT('',(-59.76094127886,40.436932189509));
#4022 = CARTESIAN_POINT('',(-0.634040312106,88.520292950447));
#4023 = CARTESIAN_POINT('',(11.443921122817,13.273214285714));
#4024 = ( GEOMETRIC_REPRESENTATION_CONTEXT(2) 
PARAMETRIC_REPRESENTATION_CONTEXT() REPRESENTATION_CONTEXT('2D SPACE',''
  ) );
#4025 = ORIENTED_EDGE('',*,*,#4026,.T.);
#4026 = EDGE_CURVE('',#3999,#4027,#4029,.T.);
#4027 = VERTEX_POINT('',#4028);
#4028 = CARTESIAN_POINT('',(-0.453322215407,-10.37999995,-6.299749960927
    ));
#4029 = SURFACE_CURVE('',#4030,(#4051,#4102),.PCURVE_S1.);
#4030 = B_SPLINE_CURVE_WITH_KNOTS('',7,(#4031,#4032,#4033,#4034,#4035,
    #4036,#4037,#4038,#4039,#4040,#4041,#4042,#4043,#4044,#4045,#4046,
    #4047,#4048,#4049,#4050),.UNSPECIFIED.,.F.,.F.,(8,6,6,8),(0.,
    0.405174991812,1.,1.017205024619),.UNSPECIFIED.);
#4031 = CARTESIAN_POINT('',(-0.345103417434,-11.19999995,-5.500000000001
    ));
#4032 = CARTESIAN_POINT('',(-0.355133373053,-11.19999995,-5.579610304682
    ));
#4033 = CARTESIAN_POINT('',(-0.365286066267,-11.19075715381,
    -5.658829369729));
#4034 = CARTESIAN_POINT('',(-0.375373404292,-11.17243606312,
    -5.736185583543));
#4035 = CARTESIAN_POINT('',(-0.385194886103,-11.14554876312,
    -5.810265035711));
#4036 = CARTESIAN_POINT('',(-0.394550237544,-11.11093986626,
    -5.879787125465));
#4037 = CARTESIAN_POINT('',(-0.403258548492,-11.06976884927,
    -5.943694717148));
#4038 = CARTESIAN_POINT('',(-0.42281889592,-10.95554890343,
    -6.085766973984));
#4039 = CARTESIAN_POINT('',(-0.432820262007,-10.87628413935,
    -6.156994958996));
#4040 = CARTESIAN_POINT('',(-0.440980904974,-10.78863886421,
    -6.214237652731));
#4041 = CARTESIAN_POINT('',(-0.447165841043,-10.69507161963,
    -6.257196253016));
#4042 = CARTESIAN_POINT('',(-0.45129946946,-10.59778343242,
    -6.285768371788));
#4043 = CARTESIAN_POINT('',(-0.453358388444,-10.49878676058,
    -6.300000000001));
#4044 = CARTESIAN_POINT('',(-0.453358388444,-10.39714258945,
    -6.300000000001));
#4045 = CARTESIAN_POINT('',(-0.45335666589,-10.39428522891,
    -6.299988093426));
#4046 = CARTESIAN_POINT('',(-0.453353220782,-10.39142791191,
    -6.299964280273));
#4047 = CARTESIAN_POINT('',(-0.453348053138,-10.38857068196,
    -6.299928560517));
#4048 = CARTESIAN_POINT('',(-0.453341162991,-10.38571358263,
    -6.299880934101));
#4049 = CARTESIAN_POINT('',(-0.453332550391,-10.38285665745,
    -6.299821400942));
#4050 = CARTESIAN_POINT('',(-0.453322215407,-10.37999995,-6.299749960927
    ));
#4051 = PCURVE('',#839,#4052);
#4052 = DEFINITIONAL_REPRESENTATION('',(#4053),#4101);
#4053 = B_SPLINE_CURVE_WITH_KNOTS('',3,(#4054,#4055,#4056,#4057,#4058,
    #4059,#4060,#4061,#4062,#4063,#4064,#4065,#4066,#4067,#4068,#4069,
    #4070,#4071,#4072,#4073,#4074,#4075,#4076,#4077,#4078,#4079,#4080,
    #4081,#4082,#4083,#4084,#4085,#4086,#4087,#4088,#4089,#4090,#4091,
    #4092,#4093,#4094,#4095,#4096,#4097,#4098,#4099,#4100),
  .UNSPECIFIED.,.F.,.F.,(4,1,1,1,1,1,1,1,1,1,1,1,1,1,1,1,1,1,1,1,1,1,1,1
    ,1,1,1,1,1,1,1,1,1,1,1,1,1,1,1,1,1,1,1,1,4),(0.,2.311829601407E-02,
    4.623659202814E-02,6.935488804222E-02,9.247318405629E-02,
    0.11559148007,0.138709776084,0.161828072099,0.184946368113,
    0.208064664127,0.231182960141,0.254301256155,0.277419552169,
    0.300537848183,0.323656144197,0.346774440211,0.369892736225,
    0.393011032239,0.416129328253,0.439247624267,0.462365920281,
    0.485484216296,0.50860251231,0.531720808324,0.554839104338,
    0.577957400352,0.601075696366,0.62419399238,0.647312288394,
    0.670430584408,0.693548880422,0.716667176436,0.73978547245,
    0.762903768464,0.786022064478,0.809140360493,0.832258656507,
    0.855376952521,0.878495248535,0.901613544549,0.924731840563,
    0.947850136577,0.970968432591,0.994086728605,1.017205024619),
  .QUASI_UNIFORM_KNOTS.);
#4054 = CARTESIAN_POINT('',(-6.157857476012,4.95));
#4055 = CARTESIAN_POINT('',(-6.157614687319,4.949999744451));
#4056 = CARTESIAN_POINT('',(-6.157129500648,4.950421471751));
#4057 = CARTESIAN_POINT('',(-6.156404185837,4.952309448806));
#4058 = CARTESIAN_POINT('',(-6.1556826356,4.955442680465));
#4059 = CARTESIAN_POINT('',(-6.154966127207,4.95980684366));
#4060 = CARTESIAN_POINT('',(-6.154255919904,4.965384898191));
#4061 = CARTESIAN_POINT('',(-6.153553250216,4.972156722629));
#4062 = CARTESIAN_POINT('',(-6.152859329519,4.980099243441));
#4063 = CARTESIAN_POINT('',(-6.152175340928,4.989186432508));
#4064 = CARTESIAN_POINT('',(-6.151502436289,4.999389340548));
#4065 = CARTESIAN_POINT('',(-6.150841733077,5.010676121255));
#4066 = CARTESIAN_POINT('',(-6.150194311214,5.023012059391));
#4067 = CARTESIAN_POINT('',(-6.149561209915,5.03635959507));
#4068 = CARTESIAN_POINT('',(-6.148943424136,5.050678362026));
#4069 = CARTESIAN_POINT('',(-6.148341902231,5.06592517649));
#4070 = CARTESIAN_POINT('',(-6.147757538799,5.082054212364));
#4071 = CARTESIAN_POINT('',(-6.147191185195,5.099016483306));
#4072 = CARTESIAN_POINT('',(-6.14664359382,5.116761913614));
#4073 = CARTESIAN_POINT('',(-6.146115609276,5.135231749707));
#4074 = CARTESIAN_POINT('',(-6.145607006569,5.154402697224));
#4075 = CARTESIAN_POINT('',(-6.145117978257,5.174239530116));
#4076 = CARTESIAN_POINT('',(-6.144648692774,5.194707652961));
#4077 = CARTESIAN_POINT('',(-6.144199305128,5.215773342767));
#4078 = CARTESIAN_POINT('',(-6.143769955168,5.237403628788));
#4079 = CARTESIAN_POINT('',(-6.143360769127,5.259566272303));
#4080 = CARTESIAN_POINT('',(-6.14297186021,5.28222972243));
#4081 = CARTESIAN_POINT('',(-6.142603329388,5.305363081023));
#4082 = CARTESIAN_POINT('',(-6.142255266075,5.328936067636));
#4083 = CARTESIAN_POINT('',(-6.141927748783,5.352918986815));
#4084 = CARTESIAN_POINT('',(-6.14162084574,5.377282696951));
#4085 = CARTESIAN_POINT('',(-6.141334615468,5.401998580747));
#4086 = CARTESIAN_POINT('',(-6.141069107331,5.427038517128));
#4087 = CARTESIAN_POINT('',(-6.140824362059,5.452374854476));
#4088 = CARTESIAN_POINT('',(-6.140600412241,5.477980385065));
#4089 = CARTESIAN_POINT('',(-6.140397282796,5.503828320594));
#4090 = CARTESIAN_POINT('',(-6.14021499143,5.529892268599));
#4091 = CARTESIAN_POINT('',(-6.140053549073,5.55614620998));
#4092 = CARTESIAN_POINT('',(-6.1399129603,5.582564476165));
#4093 = CARTESIAN_POINT('',(-6.139793223749,5.609121730833));
#4094 = CARTESIAN_POINT('',(-6.139694332521,5.635792937288));
#4095 = CARTESIAN_POINT('',(-6.139616274603,5.662553381383));
#4096 = CARTESIAN_POINT('',(-6.139559033204,5.689378488607));
#4097 = CARTESIAN_POINT('',(-6.139522587399,5.716244410234));
#4098 = CARTESIAN_POINT('',(-6.13950691165,5.743125739559));
#4099 = CARTESIAN_POINT('',(-6.139510290238,5.761044538847));
#4100 = CARTESIAN_POINT('',(-6.139515432442,5.77));
#4101 = ( GEOMETRIC_REPRESENTATION_CONTEXT(2) 
PARAMETRIC_REPRESENTATION_CONTEXT() REPRESENTATION_CONTEXT('2D SPACE',''
  ) );
#4102 = PCURVE('',#2743,#4103);
#4103 = DEFINITIONAL_REPRESENTATION('',(#4104),#4152);
#4104 = B_SPLINE_CURVE_WITH_KNOTS('',3,(#4105,#4106,#4107,#4108,#4109,
    #4110,#4111,#4112,#4113,#4114,#4115,#4116,#4117,#4118,#4119,#4120,
    #4121,#4122,#4123,#4124,#4125,#4126,#4127,#4128,#4129,#4130,#4131,
    #4132,#4133,#4134,#4135,#4136,#4137,#4138,#4139,#4140,#4141,#4142,
    #4143,#4144,#4145,#4146,#4147,#4148,#4149,#4150,#4151),
  .UNSPECIFIED.,.F.,.F.,(4,1,1,1,1,1,1,1,1,1,1,1,1,1,1,1,1,1,1,1,1,1,1,1
    ,1,1,1,1,1,1,1,1,1,1,1,1,1,1,1,1,1,1,1,1,4),(0.,2.311829601407E-02,
    4.623659202814E-02,6.935488804222E-02,9.247318405629E-02,
    0.11559148007,0.138709776084,0.161828072099,0.184946368113,
    0.208064664127,0.231182960141,0.254301256155,0.277419552169,
    0.300537848183,0.323656144197,0.346774440211,0.369892736225,
    0.393011032239,0.416129328253,0.439247624267,0.462365920281,
    0.485484216296,0.50860251231,0.531720808324,0.554839104338,
    0.577957400352,0.601075696366,0.62419399238,0.647312288394,
    0.670430584408,0.693548880422,0.716667176436,0.73978547245,
    0.762903768464,0.786022064478,0.809140360493,0.832258656507,
    0.855376952521,0.878495248535,0.901613544549,0.924731840563,
    0.947850136577,0.970968432591,0.994086728605,1.017205024619),
  .QUASI_UNIFORM_KNOTS.);
#4105 = CARTESIAN_POINT('',(7.853981633974,-11.65489663256));
#4106 = CARTESIAN_POINT('',(7.840733064209,-11.6535613086));
#4107 = CARTESIAN_POINT('',(7.814258184877,-11.65088503866));
#4108 = CARTESIAN_POINT('',(7.774621732088,-11.64686125296));
#4109 = CARTESIAN_POINT('',(7.735070172375,-11.64283554267));
#4110 = CARTESIAN_POINT('',(7.695612738222,-11.63881546575));
#4111 = CARTESIAN_POINT('',(7.656258900057,-11.63480861919));
#4112 = CARTESIAN_POINT('',(7.617018458715,-11.63082262669));
#4113 = CARTESIAN_POINT('',(7.577901620408,-11.62686511137));
#4114 = CARTESIAN_POINT('',(7.53891907583,-11.62294367114));
#4115 = CARTESIAN_POINT('',(7.500082078399,-11.6190658518));
#4116 = CARTESIAN_POINT('',(7.461402524575,-11.61523911946));
#4117 = CARTESIAN_POINT('',(7.42289303447,-11.6114708315));
#4118 = CARTESIAN_POINT('',(7.384567042263,-11.60776820703));
#4119 = CARTESIAN_POINT('',(7.346438865729,-11.60413829414));
#4120 = CARTESIAN_POINT('',(7.308523873792,-11.60058794368));
#4121 = CARTESIAN_POINT('',(7.270838312732,-11.5971237533));
#4122 = CARTESIAN_POINT('',(7.233400435182,-11.59375211717));
#4123 = CARTESIAN_POINT('',(7.19622679991,-11.59047887604));
#4124 = CARTESIAN_POINT('',(7.159346631206,-11.58731045326));
#4125 = CARTESIAN_POINT('',(7.122718221299,-11.58424685139));
#4126 = CARTESIAN_POINT('',(7.086329020777,-11.58129052364));
#4127 = CARTESIAN_POINT('',(7.050166855528,-11.57844374691));
#4128 = CARTESIAN_POINT('',(7.014220078915,-11.57570867794));
#4129 = CARTESIAN_POINT('',(6.978477473478,-11.57308734157));
#4130 = CARTESIAN_POINT('',(6.942928225393,-11.57058163711));
#4131 = CARTESIAN_POINT('',(6.907561884294,-11.56819333975));
#4132 = CARTESIAN_POINT('',(6.872368331131,-11.56592410327));
#4133 = CARTESIAN_POINT('',(6.837337747339,-11.56377546233));
#4134 = CARTESIAN_POINT('',(6.80246058657,-11.56174883477));
#4135 = CARTESIAN_POINT('',(6.767727548137,-11.55984552396));
#4136 = CARTESIAN_POINT('',(6.733129551981,-11.55806672099));
#4137 = CARTESIAN_POINT('',(6.69865771485,-11.55641350701));
#4138 = CARTESIAN_POINT('',(6.664303327439,-11.5548868554));
#4139 = CARTESIAN_POINT('',(6.630057832319,-11.55348763403));
#4140 = CARTESIAN_POINT('',(6.595912802429,-11.55221660753));
#4141 = CARTESIAN_POINT('',(6.561859920101,-11.55107443954));
#4142 = CARTESIAN_POINT('',(6.527890956036,-11.55006169499));
#4143 = CARTESIAN_POINT('',(6.493997749778,-11.54917884242));
#4144 = CARTESIAN_POINT('',(6.460172185305,-11.54842625633));
#4145 = CARTESIAN_POINT('',(6.426406184948,-11.54780421962));
#4146 = CARTESIAN_POINT('',(6.392691634486,-11.54731292593));
#4147 = CARTESIAN_POINT('',(6.359020563963,-11.54695248236));
#4148 = CARTESIAN_POINT('',(6.325384372391,-11.54672291158));
#4149 = CARTESIAN_POINT('',(6.291776618208,-11.54662415602));
#4150 = CARTESIAN_POINT('',(6.26938053859,-11.54664543533));
#4151 = CARTESIAN_POINT('',(6.25818270228,-11.54667783459));
#4152 = ( GEOMETRIC_REPRESENTATION_CONTEXT(2) 
PARAMETRIC_REPRESENTATION_CONTEXT() REPRESENTATION_CONTEXT('2D SPACE',''
  ) );
#4153 = ORIENTED_EDGE('',*,*,#4154,.T.);
#4154 = EDGE_CURVE('',#4027,#4155,#4157,.T.);
#4155 = VERTEX_POINT('',#4156);
#4156 = CARTESIAN_POINT('',(-0.456256526963,-10.37999995,-6.320000000001
    ));
#4157 = SURFACE_CURVE('',#4158,(#4163,#4170),.PCURVE_S1.);
#4158 = CIRCLE('',#4159,44.);
#4159 = AXIS2_PLACEMENT_3D('',#4160,#4161,#4162);
#4160 = CARTESIAN_POINT('',(-44.00000005,-10.37999995,
    -1.468669630361E-12));
#4161 = DIRECTION('',(0.,1.,-1.110223024625E-16));
#4162 = DIRECTION('',(1.,0.,0.));
#4163 = PCURVE('',#839,#4164);
#4164 = DEFINITIONAL_REPRESENTATION('',(#4165),#4169);
#4165 = LINE('',#4166,#4167);
#4166 = CARTESIAN_POINT('',(-6.28318530718,5.77));
#4167 = VECTOR('',#4168,1.);
#4168 = DIRECTION('',(1.,-0.));
#4169 = ( GEOMETRIC_REPRESENTATION_CONTEXT(2) 
PARAMETRIC_REPRESENTATION_CONTEXT() REPRESENTATION_CONTEXT('2D SPACE',''
  ) );
#4170 = PCURVE('',#2654,#4171);
#4171 = DEFINITIONAL_REPRESENTATION('',(#4172),#4180);
#4172 = ( BOUNDED_CURVE() B_SPLINE_CURVE(2,(#4173,#4174,#4175,#4176,
#4177,#4178,#4179),.UNSPECIFIED.,.T.,.F.) B_SPLINE_CURVE_WITH_KNOTS((1,2
    ,2,2,2,1),(-2.094395102393,0.,2.094395102393,4.188790204786,
6.28318530718,8.377580409573),.UNSPECIFIED.) CURVE() 
GEOMETRIC_REPRESENTATION_ITEM() RATIONAL_B_SPLINE_CURVE((1.,0.5,1.,0.5,
1.,0.5,1.)) REPRESENTATION_ITEM('') );
#4173 = CARTESIAN_POINT('',(-12.,-5.5));
#4174 = CARTESIAN_POINT('',(-12.,70.710235533031));
#4175 = CARTESIAN_POINT('',(54.,32.605117766515));
#4176 = CARTESIAN_POINT('',(120.,-5.5));
#4177 = CARTESIAN_POINT('',(54.,-43.60511776651));
#4178 = CARTESIAN_POINT('',(-12.,-81.71023553303));
#4179 = CARTESIAN_POINT('',(-12.,-5.5));
#4180 = ( GEOMETRIC_REPRESENTATION_CONTEXT(2) 
PARAMETRIC_REPRESENTATION_CONTEXT() REPRESENTATION_CONTEXT('2D SPACE',''
  ) );
#4181 = ORIENTED_EDGE('',*,*,#4182,.F.);
#4182 = EDGE_CURVE('',#4183,#4155,#4185,.T.);
#4183 = VERTEX_POINT('',#4184);
#4184 = CARTESIAN_POINT('',(-0.456256526963,-11.19999995,-6.32));
#4185 = SURFACE_CURVE('',#4186,(#4190,#4197),.PCURVE_S1.);
#4186 = LINE('',#4187,#4188);
#4187 = CARTESIAN_POINT('',(-0.456256526963,-16.14999995,-6.320000000001
    ));
#4188 = VECTOR('',#4189,1.);
#4189 = DIRECTION('',(0.,1.,-1.110223024625E-16));
#4190 = PCURVE('',#839,#4191);
#4191 = DEFINITIONAL_REPRESENTATION('',(#4192),#4196);
#4192 = LINE('',#4193,#4194);
#4193 = CARTESIAN_POINT('',(-6.139050397633,0.));
#4194 = VECTOR('',#4195,1.);
#4195 = DIRECTION('',(-0.,1.));
#4196 = ( GEOMETRIC_REPRESENTATION_CONTEXT(2) 
PARAMETRIC_REPRESENTATION_CONTEXT() REPRESENTATION_CONTEXT('2D SPACE',''
  ) );
#4197 = PCURVE('',#4198,#4203);
#4198 = PLANE('',#4199);
#4199 = AXIS2_PLACEMENT_3D('',#4200,#4201,#4202);
#4200 = CARTESIAN_POINT('',(-12.00000005,-10.37999995,-6.320000000001));
#4201 = DIRECTION('',(0.,-1.110223024625E-16,-1.));
#4202 = DIRECTION('',(-0.,1.,-1.110223024625E-16));
#4203 = DEFINITIONAL_REPRESENTATION('',(#4204),#4208);
#4204 = LINE('',#4205,#4206);
#4205 = CARTESIAN_POINT('',(-5.77,11.543743523037));
#4206 = VECTOR('',#4207,1.);
#4207 = DIRECTION('',(1.,-0.));
#4208 = ( GEOMETRIC_REPRESENTATION_CONTEXT(2) 
PARAMETRIC_REPRESENTATION_CONTEXT() REPRESENTATION_CONTEXT('2D SPACE',''
  ) );
#4209 = ORIENTED_EDGE('',*,*,#4210,.T.);
#4210 = EDGE_CURVE('',#4183,#4211,#4213,.T.);
#4211 = VERTEX_POINT('',#4212);
#4212 = CARTESIAN_POINT('',(-0.556078927183,-11.19999995,-6.973214285716
    ));
#4213 = SURFACE_CURVE('',#4214,(#4219,#4226),.PCURVE_S1.);
#4214 = CIRCLE('',#4215,44.);
#4215 = AXIS2_PLACEMENT_3D('',#4216,#4217,#4218);
#4216 = CARTESIAN_POINT('',(-44.00000005,-11.19999995,
    -1.468669630361E-12));
#4217 = DIRECTION('',(0.,1.,-1.110223024625E-16));
#4218 = DIRECTION('',(0.9873618437,1.759505239919E-17,0.158482142857));
#4219 = PCURVE('',#839,#4220);
#4220 = DEFINITIONAL_REPRESENTATION('',(#4221),#4225);
#4221 = LINE('',#4222,#4223);
#4222 = CARTESIAN_POINT('',(-6.442338484217,4.95));
#4223 = VECTOR('',#4224,1.);
#4224 = DIRECTION('',(1.,-0.));
#4225 = ( GEOMETRIC_REPRESENTATION_CONTEXT(2) 
PARAMETRIC_REPRESENTATION_CONTEXT() REPRESENTATION_CONTEXT('2D SPACE',''
  ) );
#4226 = PCURVE('',#4227,#4232);
#4227 = PLANE('',#4228);
#4228 = AXIS2_PLACEMENT_3D('',#4229,#4230,#4231);
#4229 = CARTESIAN_POINT('',(-12.00000005,-11.19999995,-6.300000000001));
#4230 = DIRECTION('',(0.,-1.,1.110223024625E-16));
#4231 = DIRECTION('',(1.,0.,0.));
#4232 = DEFINITIONAL_REPRESENTATION('',(#4233),#4241);
#4233 = ( BOUNDED_CURVE() B_SPLINE_CURVE(2,(#4234,#4235,#4236,#4237,
#4238,#4239,#4240),.UNSPECIFIED.,.T.,.F.) B_SPLINE_CURVE_WITH_KNOTS((1,2
    ,2,2,2,1),(-2.094395102393,0.,2.094395102393,4.188790204786,
6.28318530718,8.377580409573),.UNSPECIFIED.) CURVE() 
GEOMETRIC_REPRESENTATION_ITEM() RATIONAL_B_SPLINE_CURVE((1.,0.5,1.,0.5,
1.,0.5,1.)) REPRESENTATION_ITEM('') );
#4234 = CARTESIAN_POINT('',(11.443921122817,13.273214285714));
#4235 = CARTESIAN_POINT('',(23.521882557739,-61.97386437901));
#4236 = CARTESIAN_POINT('',(-47.68297984394,-34.81014647522));
#4237 = CARTESIAN_POINT('',(-118.8878422456,-7.646428571429));
#4238 = CARTESIAN_POINT('',(-59.76094127886,40.436932189509));
#4239 = CARTESIAN_POINT('',(-0.634040312106,88.520292950447));
#4240 = CARTESIAN_POINT('',(11.443921122817,13.273214285714));
#4241 = ( GEOMETRIC_REPRESENTATION_CONTEXT(2) 
PARAMETRIC_REPRESENTATION_CONTEXT() REPRESENTATION_CONTEXT('2D SPACE',''
  ) );
#4242 = ORIENTED_EDGE('',*,*,#4243,.T.);
#4243 = EDGE_CURVE('',#4211,#4244,#4246,.T.);
#4244 = VERTEX_POINT('',#4245);
#4245 = CARTESIAN_POINT('',(-0.556078927183,4.40000005,-6.973214285716)
  );
#4246 = SURFACE_CURVE('',#4247,(#4251,#4258),.PCURVE_S1.);
#4247 = LINE('',#4248,#4249);
#4248 = CARTESIAN_POINT('',(-0.556078927183,-11.19999995,-6.973214285716
    ));
#4249 = VECTOR('',#4250,1.);
#4250 = DIRECTION('',(0.,1.,-1.110223024625E-16));
#4251 = PCURVE('',#839,#4252);
#4252 = DEFINITIONAL_REPRESENTATION('',(#4253),#4257);
#4253 = LINE('',#4254,#4255);
#4254 = CARTESIAN_POINT('',(-6.124032130142,4.95));
#4255 = VECTOR('',#4256,1.);
#4256 = DIRECTION('',(-0.,1.));
#4257 = ( GEOMETRIC_REPRESENTATION_CONTEXT(2) 
PARAMETRIC_REPRESENTATION_CONTEXT() REPRESENTATION_CONTEXT('2D SPACE',''
  ) );
#4258 = PCURVE('',#4259,#4264);
#4259 = CYLINDRICAL_SURFACE('',#4260,0.8);
#4260 = AXIS2_PLACEMENT_3D('',#4261,#4262,#4263);
#4261 = CARTESIAN_POINT('',(0.233810547777,-11.19999995,-7.100000000001)
  );
#4262 = DIRECTION('',(0.,1.,-1.110223024625E-16));
#4263 = DIRECTION('',(-0.9873618437,1.759505239919E-17,0.158482142857));
#4264 = DEFINITIONAL_REPRESENTATION('',(#4265),#4269);
#4265 = LINE('',#4266,#4267);
#4266 = CARTESIAN_POINT('',(0.,0.));
#4267 = VECTOR('',#4268,1.);
#4268 = DIRECTION('',(0.,1.));
#4269 = ( GEOMETRIC_REPRESENTATION_CONTEXT(2) 
PARAMETRIC_REPRESENTATION_CONTEXT() REPRESENTATION_CONTEXT('2D SPACE',''
  ) );
#4270 = ORIENTED_EDGE('',*,*,#4271,.T.);
#4271 = EDGE_CURVE('',#4244,#4272,#4274,.T.);
#4272 = VERTEX_POINT('',#4273);
#4273 = CARTESIAN_POINT('',(-0.689504469558,4.40000005,-7.75892857143));
#4274 = SURFACE_CURVE('',#4275,(#4280,#4287),.PCURVE_S1.);
#4275 = CIRCLE('',#4276,44.);
#4276 = AXIS2_PLACEMENT_3D('',#4277,#4278,#4279);
#4277 = CARTESIAN_POINT('',(-44.00000005,4.40000005,-1.468669630361E-12)
  );
#4278 = DIRECTION('',(0.,1.,-1.110223024625E-16));
#4279 = DIRECTION('',(1.,0.,0.));
#4280 = PCURVE('',#839,#4281);
#4281 = DEFINITIONAL_REPRESENTATION('',(#4282),#4286);
#4282 = LINE('',#4283,#4284);
#4283 = CARTESIAN_POINT('',(-12.56637061435,20.55));
#4284 = VECTOR('',#4285,1.);
#4285 = DIRECTION('',(1.,-0.));
#4286 = ( GEOMETRIC_REPRESENTATION_CONTEXT(2) 
PARAMETRIC_REPRESENTATION_CONTEXT() REPRESENTATION_CONTEXT('2D SPACE',''
  ) );
#4287 = PCURVE('',#3737,#4288);
#4288 = DEFINITIONAL_REPRESENTATION('',(#4289),#4297);
#4289 = ( BOUNDED_CURVE() B_SPLINE_CURVE(2,(#4290,#4291,#4292,#4293,
#4294,#4295,#4296),.UNSPECIFIED.,.T.,.F.) B_SPLINE_CURVE_WITH_KNOTS((1,2
    ,2,2,2,1),(-2.094395102393,0.,2.094395102393,4.188790204786,
6.28318530718,8.377580409573),.UNSPECIFIED.) CURVE() 
GEOMETRIC_REPRESENTATION_ITEM() RATIONAL_B_SPLINE_CURVE((1.,0.5,1.,0.5,
1.,0.5,1.)) REPRESENTATION_ITEM('') );
#4290 = CARTESIAN_POINT('',(6.,8.));
#4291 = CARTESIAN_POINT('',(6.,-68.21023553303));
#4292 = CARTESIAN_POINT('',(-60.,-30.10511776651));
#4293 = CARTESIAN_POINT('',(-126.,8.));
#4294 = CARTESIAN_POINT('',(-60.,46.105117766515));
#4295 = CARTESIAN_POINT('',(6.,84.210235533031));
#4296 = CARTESIAN_POINT('',(6.,8.));
#4297 = ( GEOMETRIC_REPRESENTATION_CONTEXT(2) 
PARAMETRIC_REPRESENTATION_CONTEXT() REPRESENTATION_CONTEXT('2D SPACE',''
  ) );
#4298 = ORIENTED_EDGE('',*,*,#4299,.F.);
#4299 = EDGE_CURVE('',#4300,#4272,#4302,.T.);
#4300 = VERTEX_POINT('',#4301);
#4301 = CARTESIAN_POINT('',(-0.689504469558,-11.19999995,-7.75892857143)
  );
#4302 = SURFACE_CURVE('',#4303,(#4307,#4314),.PCURVE_S1.);
#4303 = LINE('',#4304,#4305);
#4304 = CARTESIAN_POINT('',(-0.689504469558,-11.19999995,-7.75892857143)
  );
#4305 = VECTOR('',#4306,1.);
#4306 = DIRECTION('',(0.,1.,-1.110223024625E-16));
#4307 = PCURVE('',#839,#4308);
#4308 = DEFINITIONAL_REPRESENTATION('',(#4309),#4313);
#4309 = LINE('',#4310,#4311);
#4310 = CARTESIAN_POINT('',(-6.105919097195,4.95));
#4311 = VECTOR('',#4312,1.);
#4312 = DIRECTION('',(-0.,1.));
#4313 = ( GEOMETRIC_REPRESENTATION_CONTEXT(2) 
PARAMETRIC_REPRESENTATION_CONTEXT() REPRESENTATION_CONTEXT('2D SPACE',''
  ) );
#4314 = PCURVE('',#4315,#4320);
#4315 = CYLINDRICAL_SURFACE('',#4316,0.8);
#4316 = AXIS2_PLACEMENT_3D('',#4317,#4318,#4319);
#4317 = CARTESIAN_POINT('',(9.795908644985E-02,-11.19999995,
    -7.900000000001));
#4318 = DIRECTION('',(0.,1.,-1.110223024625E-16));
#4319 = DIRECTION('',(-0.98432944501,1.957759351459E-17,0.176339285714)
  );
#4320 = DEFINITIONAL_REPRESENTATION('',(#4321),#4325);
#4321 = LINE('',#4322,#4323);
#4322 = CARTESIAN_POINT('',(-0.,0.));
#4323 = VECTOR('',#4324,1.);
#4324 = DIRECTION('',(-0.,1.));
#4325 = ( GEOMETRIC_REPRESENTATION_CONTEXT(2) 
PARAMETRIC_REPRESENTATION_CONTEXT() REPRESENTATION_CONTEXT('2D SPACE',''
  ) );
#4326 = ORIENTED_EDGE('',*,*,#4327,.T.);
#4327 = EDGE_CURVE('',#4300,#4328,#4330,.T.);
#4328 = VERTEX_POINT('',#4329);
#4329 = CARTESIAN_POINT('',(-0.864659550591,-11.19999995,-8.680000000002
    ));
#4330 = SURFACE_CURVE('',#4331,(#4336,#4343),.PCURVE_S1.);
#4331 = CIRCLE('',#4332,44.);
#4332 = AXIS2_PLACEMENT_3D('',#4333,#4334,#4335);
#4333 = CARTESIAN_POINT('',(-44.00000005,-11.19999995,
    -1.468669630361E-12));
#4334 = DIRECTION('',(0.,1.,-1.110223024625E-16));
#4335 = DIRECTION('',(0.98432944501,-1.95775935146E-17,-0.176339285714)
  );
#4336 = PCURVE('',#839,#4337);
#4337 = DEFINITIONAL_REPRESENTATION('',(#4338),#4342);
#4338 = LINE('',#4339,#4340);
#4339 = CARTESIAN_POINT('',(-6.105919097195,4.95));
#4340 = VECTOR('',#4341,1.);
#4341 = DIRECTION('',(1.,-0.));
#4342 = ( GEOMETRIC_REPRESENTATION_CONTEXT(2) 
PARAMETRIC_REPRESENTATION_CONTEXT() REPRESENTATION_CONTEXT('2D SPACE',''
  ) );
#4343 = PCURVE('',#4344,#4349);
#4344 = PLANE('',#4345);
#4345 = AXIS2_PLACEMENT_3D('',#4346,#4347,#4348);
#4346 = CARTESIAN_POINT('',(-12.00000005,-11.19999995,-21.3));
#4347 = DIRECTION('',(0.,-1.,1.110223024625E-16));
#4348 = DIRECTION('',(1.,0.,0.));
#4349 = DEFINITIONAL_REPRESENTATION('',(#4350),#4358);
#4350 = ( BOUNDED_CURVE() B_SPLINE_CURVE(2,(#4351,#4352,#4353,#4354,
#4355,#4356,#4357),.UNSPECIFIED.,.T.,.F.) B_SPLINE_CURVE_WITH_KNOTS((1,2
    ,2,2,2,1),(-2.094395102393,0.,2.094395102393,4.188790204786,
6.28318530718,8.377580409573),.UNSPECIFIED.) CURVE() 
GEOMETRIC_REPRESENTATION_ITEM() RATIONAL_B_SPLINE_CURVE((1.,0.5,1.,0.5,
1.,0.5,1.)) REPRESENTATION_ITEM('') );
#4351 = CARTESIAN_POINT('',(11.310495580442,13.541071428571));
#4352 = CARTESIAN_POINT('',(-2.12836291757,-61.47490741774));
#4353 = CARTESIAN_POINT('',(-60.37467703922,-12.32852513744));
#4354 = CARTESIAN_POINT('',(-118.6209911608,36.817857142857));
#4355 = CARTESIAN_POINT('',(-46.93581854121,62.687453708871));
#4356 = CARTESIAN_POINT('',(24.749354078454,88.557050274884));
#4357 = CARTESIAN_POINT('',(11.310495580442,13.541071428571));
#4358 = ( GEOMETRIC_REPRESENTATION_CONTEXT(2) 
PARAMETRIC_REPRESENTATION_CONTEXT() REPRESENTATION_CONTEXT('2D SPACE',''
  ) );
#4359 = ORIENTED_EDGE('',*,*,#4360,.T.);
#4360 = EDGE_CURVE('',#4328,#4361,#4363,.T.);
#4361 = VERTEX_POINT('',#4362);
#4362 = CARTESIAN_POINT('',(-0.86465955059,-10.37999995,-8.680000000001)
  );
#4363 = SURFACE_CURVE('',#4364,(#4368,#4375),.PCURVE_S1.);
#4364 = LINE('',#4365,#4366);
#4365 = CARTESIAN_POINT('',(-0.86465955059,-16.14999995,-8.680000000001)
  );
#4366 = VECTOR('',#4367,1.);
#4367 = DIRECTION('',(0.,1.,-1.110223024625E-16));
#4368 = PCURVE('',#839,#4369);
#4369 = DEFINITIONAL_REPRESENTATION('',(#4370),#4374);
#4370 = LINE('',#4371,#4372);
#4371 = CARTESIAN_POINT('',(-6.084610110729,0.));
#4372 = VECTOR('',#4373,1.);
#4373 = DIRECTION('',(-0.,1.));
#4374 = ( GEOMETRIC_REPRESENTATION_CONTEXT(2) 
PARAMETRIC_REPRESENTATION_CONTEXT() REPRESENTATION_CONTEXT('2D SPACE',''
  ) );
#4375 = PCURVE('',#4376,#4381);
#4376 = PLANE('',#4377);
#4377 = AXIS2_PLACEMENT_3D('',#4378,#4379,#4380);
#4378 = CARTESIAN_POINT('',(-12.00000005,-10.37999995,-8.680000000001));
#4379 = DIRECTION('',(0.,1.110223024625E-16,1.));
#4380 = DIRECTION('',(0.,-1.,1.110223024625E-16));
#4381 = DEFINITIONAL_REPRESENTATION('',(#4382),#4386);
#4382 = LINE('',#4383,#4384);
#4383 = CARTESIAN_POINT('',(5.77,11.13534049941));
#4384 = VECTOR('',#4385,1.);
#4385 = DIRECTION('',(-1.,0.));
#4386 = ( GEOMETRIC_REPRESENTATION_CONTEXT(2) 
PARAMETRIC_REPRESENTATION_CONTEXT() REPRESENTATION_CONTEXT('2D SPACE',''
  ) );
#4387 = ORIENTED_EDGE('',*,*,#4388,.T.);
#4388 = EDGE_CURVE('',#4361,#4389,#4391,.T.);
#4389 = VERTEX_POINT('',#4390);
#4390 = CARTESIAN_POINT('',(-0.868739353638,-10.37999995,-8.700250039076
    ));
#4391 = SURFACE_CURVE('',#4392,(#4397,#4404),.PCURVE_S1.);
#4392 = CIRCLE('',#4393,44.);
#4393 = AXIS2_PLACEMENT_3D('',#4394,#4395,#4396);
#4394 = CARTESIAN_POINT('',(-44.00000005,-10.37999995,
    -1.468669630361E-12));
#4395 = DIRECTION('',(0.,1.,-1.110223024625E-16));
#4396 = DIRECTION('',(1.,0.,0.));
#4397 = PCURVE('',#839,#4398);
#4398 = DEFINITIONAL_REPRESENTATION('',(#4399),#4403);
#4399 = LINE('',#4400,#4401);
#4400 = CARTESIAN_POINT('',(-6.28318530718,5.77));
#4401 = VECTOR('',#4402,1.);
#4402 = DIRECTION('',(1.,-0.));
#4403 = ( GEOMETRIC_REPRESENTATION_CONTEXT(2) 
PARAMETRIC_REPRESENTATION_CONTEXT() REPRESENTATION_CONTEXT('2D SPACE',''
  ) );
#4404 = PCURVE('',#2426,#4405);
#4405 = DEFINITIONAL_REPRESENTATION('',(#4406),#4414);
#4406 = ( BOUNDED_CURVE() B_SPLINE_CURVE(2,(#4407,#4408,#4409,#4410,
#4411,#4412,#4413),.UNSPECIFIED.,.T.,.F.) B_SPLINE_CURVE_WITH_KNOTS((1,2
    ,2,2,2,1),(-2.094395102393,0.,2.094395102393,4.188790204786,
6.28318530718,8.377580409573),.UNSPECIFIED.) CURVE() 
GEOMETRIC_REPRESENTATION_ITEM() RATIONAL_B_SPLINE_CURVE((1.,0.5,1.,0.5,
1.,0.5,1.)) REPRESENTATION_ITEM('') );
#4407 = CARTESIAN_POINT('',(12.,9.5));
#4408 = CARTESIAN_POINT('',(12.,-66.71023553303));
#4409 = CARTESIAN_POINT('',(-54.,-28.60511776651));
#4410 = CARTESIAN_POINT('',(-120.,9.5));
#4411 = CARTESIAN_POINT('',(-54.,47.605117766515));
#4412 = CARTESIAN_POINT('',(12.,85.710235533031));
#4413 = CARTESIAN_POINT('',(12.,9.5));
#4414 = ( GEOMETRIC_REPRESENTATION_CONTEXT(2) 
PARAMETRIC_REPRESENTATION_CONTEXT() REPRESENTATION_CONTEXT('2D SPACE',''
  ) );
#4415 = ORIENTED_EDGE('',*,*,#4416,.T.);
#4416 = EDGE_CURVE('',#4389,#4417,#4419,.T.);
#4417 = VERTEX_POINT('',#4418);
#4418 = CARTESIAN_POINT('',(-1.037807368527,-11.19999995,-9.500000000001
    ));
#4419 = SURFACE_CURVE('',#4420,(#4441,#4492),.PCURVE_S1.);
#4420 = B_SPLINE_CURVE_WITH_KNOTS('',7,(#4421,#4422,#4423,#4424,#4425,
    #4426,#4427,#4428,#4429,#4430,#4431,#4432,#4433,#4434,#4435,#4436,
    #4437,#4438,#4439,#4440),.UNSPECIFIED.,.F.,.F.,(8,6,6,8),(0.,1.,
    34.455139098489,59.391250248994),.UNSPECIFIED.);
#4421 = CARTESIAN_POINT('',(-0.868739353638,-10.37999995,-8.700250039076
    ));
#4422 = CARTESIAN_POINT('',(-0.868724943102,-10.38285665085,
    -8.700178599227));
#4423 = CARTESIAN_POINT('',(-0.868712934482,-10.38571357272,
    -8.700119066094));
#4424 = CARTESIAN_POINT('',(-0.868703327681,-10.38857067139,
    -8.700071439634));
#4425 = CARTESIAN_POINT('',(-0.868696122628,-10.39142790266,
    -8.700035719812));
#4426 = CARTESIAN_POINT('',(-0.868691319275,-10.39428522231,
    -8.700011906605));
#4427 = CARTESIAN_POINT('',(-0.868688917599,-10.39714258615,
    -8.700000000001));
#4428 = CARTESIAN_POINT('',(-0.868688917599,-10.49559345491,
    -8.700000000001));
#4429 = CARTESIAN_POINT('',(-0.871376986773,-10.591385861,
    -8.713326412137));
#4430 = CARTESIAN_POINT('',(-0.876773245499,-10.68559955071,
    -8.74007911895));
#4431 = CARTESIAN_POINT('',(-0.88490713729,-10.776385295,-8.780269799522
    ));
#4432 = CARTESIAN_POINT('',(-0.895806682681,-10.86175546114,
    -8.833765152603));
#4433 = CARTESIAN_POINT('',(-0.909490805868,-10.93953304074,
    -8.900252816451));
#4434 = CARTESIAN_POINT('',(-0.938178186892,-11.05759574234,
    -9.037870424963));
#4435 = CARTESIAN_POINT('',(-0.9520011005,-11.10256098679,
    -9.103712427935));
#4436 = CARTESIAN_POINT('',(-0.967272327661,-11.14041704095,
    -9.175831837047));
#4437 = CARTESIAN_POINT('',(-0.983787279065,-11.16984639017,
    -9.253040599901));
#4438 = CARTESIAN_POINT('',(-1.001272901857,-11.18989591696,
    -9.333886642097));
#4439 = CARTESIAN_POINT('',(-1.01940171829,-11.19999995,-9.416763464008)
  );
#4440 = CARTESIAN_POINT('',(-1.037807368527,-11.19999995,-9.500000000001
    ));
#4441 = PCURVE('',#839,#4442);
#4442 = DEFINITIONAL_REPRESENTATION('',(#4443),#4491);
#4443 = B_SPLINE_CURVE_WITH_KNOTS('',3,(#4444,#4445,#4446,#4447,#4448,
    #4449,#4450,#4451,#4452,#4453,#4454,#4455,#4456,#4457,#4458,#4459,
    #4460,#4461,#4462,#4463,#4464,#4465,#4466,#4467,#4468,#4469,#4470,
    #4471,#4472,#4473,#4474,#4475,#4476,#4477,#4478,#4479,#4480,#4481,
    #4482,#4483,#4484,#4485,#4486,#4487,#4488,#4489,#4490),
  .UNSPECIFIED.,.F.,.F.,(4,1,1,1,1,1,1,1,1,1,1,1,1,1,1,1,1,1,1,1,1,1,1,1
    ,1,1,1,1,1,1,1,1,1,1,1,1,1,1,1,1,1,1,1,1,4),(0.,1.349801142023,
    2.699602284045,4.049403426068,5.39920456809,6.749005710113,
    8.098806852135,9.448607994158,10.798409136181,12.148210278203,
    13.498011420226,14.847812562248,16.197613704271,17.547414846294,
    18.897215988316,20.247017130339,21.596818272361,22.946619414384,
    24.296420556406,25.646221698429,26.996022840452,28.345823982474,
    29.695625124497,31.045426266519,32.395227408542,33.745028550565,
    35.094829692587,36.44463083461,37.794431976632,39.144233118655,
    40.494034260677,41.8438354027,43.193636544723,44.543437686745,
    45.893238828768,47.24303997079,48.592841112813,49.942642254836,
    51.292443396858,52.642244538881,53.992045680903,55.341846822926,
    56.691647964948,58.041449106971,59.391250248994),
  .QUASI_UNIFORM_KNOTS.);
#4444 = CARTESIAN_POINT('',(-6.084140634978,5.77));
#4445 = CARTESIAN_POINT('',(-6.084145850359,5.761003891687));
#4446 = CARTESIAN_POINT('',(-6.084149245081,5.743003559057));
#4447 = CARTESIAN_POINT('',(-6.084133202908,5.716000009098));
#4448 = CARTESIAN_POINT('',(-6.084095999637,5.689012722875));
#4449 = CARTESIAN_POINT('',(-6.084037610913,5.662067952993));
#4450 = CARTESIAN_POINT('',(-6.083958018033,5.635190341196));
#4451 = CARTESIAN_POINT('',(-6.083857207525,5.608405231221));
#4452 = CARTESIAN_POINT('',(-6.083735171677,5.581738071336));
#4453 = CARTESIAN_POINT('',(-6.083591908813,5.555214596891));
#4454 = CARTESIAN_POINT('',(-6.083427423643,5.528860804209));
#4455 = CARTESIAN_POINT('',(-6.083241727593,5.502702980897));
#4456 = CARTESIAN_POINT('',(-6.083034839153,5.476767721693));
#4457 = CARTESIAN_POINT('',(-6.082806784236,5.451081949005));
#4458 = CARTESIAN_POINT('',(-6.082557596543,5.425672933161));
#4459 = CARTESIAN_POINT('',(-6.082287317953,5.400568313863));
#4460 = CARTESIAN_POINT('',(-6.081995998927,5.375796122599));
#4461 = CARTESIAN_POINT('',(-6.081683698932,5.351384806233));
#4462 = CARTESIAN_POINT('',(-6.081350486892,5.327363251863));
#4463 = CARTESIAN_POINT('',(-6.080996441669,5.303760813129));
#4464 = CARTESIAN_POINT('',(-6.080621652558,5.280607337851));
#4465 = CARTESIAN_POINT('',(-6.080226219854,5.257933198082));
#4466 = CARTESIAN_POINT('',(-6.079810255336,5.235769319038));
#4467 = CARTESIAN_POINT('',(-6.079373883203,5.214147220732));
#4468 = CARTESIAN_POINT('',(-6.078917239514,5.19309902128));
#4469 = CARTESIAN_POINT('',(-6.078440477412,5.172657592914));
#4470 = CARTESIAN_POINT('',(-6.077943750943,5.15285615832));
#4471 = CARTESIAN_POINT('',(-6.077427279005,5.133729986538));
#4472 = CARTESIAN_POINT('',(-6.076890759612,5.115297746632));
#4473 = CARTESIAN_POINT('',(-6.07633496026,5.097616355587));
#4474 = CARTESIAN_POINT('',(-6.075760586199,5.080734968547));
#4475 = CARTESIAN_POINT('',(-6.075168433099,5.064701642523));
#4476 = CARTESIAN_POINT('',(-6.074559341972,5.049561513134));
#4477 = CARTESIAN_POINT('',(-6.073934207157,5.035357245958));
#4478 = CARTESIAN_POINT('',(-6.073293970155,5.022128878949));
#4479 = CARTESIAN_POINT('',(-6.07263961732,5.009913828555));
#4480 = CARTESIAN_POINT('',(-6.071972176597,4.998746852525));
#4481 = CARTESIAN_POINT('',(-6.071292714577,4.988660024814));
#4482 = CARTESIAN_POINT('',(-6.070602333544,4.979682707954));
#4483 = CARTESIAN_POINT('',(-6.06990216859,4.971841526041));
#4484 = CARTESIAN_POINT('',(-6.069193384778,4.965160340336));
#4485 = CARTESIAN_POINT('',(-6.0684771744,4.959660216361));
#4486 = CARTESIAN_POINT('',(-6.067754754123,4.955359424954));
#4487 = CARTESIAN_POINT('',(-6.067027362821,4.952273318551));
#4488 = CARTESIAN_POINT('',(-6.066296257105,4.95041467517));
#4489 = CARTESIAN_POINT('',(-6.065807229517,4.949999757656));
#4490 = CARTESIAN_POINT('',(-6.06556252185,4.95));
#4491 = ( GEOMETRIC_REPRESENTATION_CONTEXT(2) 
PARAMETRIC_REPRESENTATION_CONTEXT() REPRESENTATION_CONTEXT('2D SPACE',''
  ) );
#4492 = PCURVE('',#2353,#4493);
#4493 = DEFINITIONAL_REPRESENTATION('',(#4494),#4542);
#4494 = B_SPLINE_CURVE_WITH_KNOTS('',3,(#4495,#4496,#4497,#4498,#4499,
    #4500,#4501,#4502,#4503,#4504,#4505,#4506,#4507,#4508,#4509,#4510,
    #4511,#4512,#4513,#4514,#4515,#4516,#4517,#4518,#4519,#4520,#4521,
    #4522,#4523,#4524,#4525,#4526,#4527,#4528,#4529,#4530,#4531,#4532,
    #4533,#4534,#4535,#4536,#4537,#4538,#4539,#4540,#4541),
  .UNSPECIFIED.,.F.,.F.,(4,1,1,1,1,1,1,1,1,1,1,1,1,1,1,1,1,1,1,1,1,1,1,1
    ,1,1,1,1,1,1,1,1,1,1,1,1,1,1,1,1,1,1,1,1,4),(0.,1.349801142023,
    2.699602284045,4.049403426068,5.39920456809,6.749005710113,
    8.098806852135,9.448607994158,10.798409136181,12.148210278203,
    13.498011420226,14.847812562248,16.197613704271,17.547414846294,
    18.897215988316,20.247017130339,21.596818272361,22.946619414384,
    24.296420556406,25.646221698429,26.996022840452,28.345823982474,
    29.695625124497,31.045426266519,32.395227408542,33.745028550565,
    35.094829692587,36.44463083461,37.794431976632,39.144233118655,
    40.494034260677,41.8438354027,43.193636544723,44.543437686745,
    45.893238828768,47.24303997079,48.592841112813,49.942642254836,
    51.292443396858,52.642244538881,53.992045680903,55.341846822926,
    56.691647964948,58.041449106971,59.391250248994),
  .QUASI_UNIFORM_KNOTS.);
#4495 = CARTESIAN_POINT('',(-6.25818270228,-11.13126069636));
#4496 = CARTESIAN_POINT('',(-6.26943136346,-11.13130606668));
#4497 = CARTESIAN_POINT('',(-6.291929305841,-11.13133560673));
#4498 = CARTESIAN_POINT('',(-6.325690017355,-11.13119603815));
#4499 = CARTESIAN_POINT('',(-6.359478879456,-11.13087233062));
#4500 = CARTESIAN_POINT('',(-6.393301793111,-11.13036416579));
#4501 = CARTESIAN_POINT('',(-6.42716687469,-11.12967122196));
#4502 = CARTESIAN_POINT('',(-6.461081623751,-11.12879316301));
#4503 = CARTESIAN_POINT('',(-6.495053707346,-11.127729645));
#4504 = CARTESIAN_POINT('',(-6.529090774859,-11.12648031814));
#4505 = CARTESIAN_POINT('',(-6.563200532353,-11.12504483008));
#4506 = CARTESIAN_POINT('',(-6.597390747263,-11.12342282909));
#4507 = CARTESIAN_POINT('',(-6.631669271795,-11.12161396739));
#4508 = CARTESIAN_POINT('',(-6.666044061483,-11.11961790476));
#4509 = CARTESIAN_POINT('',(-6.700523195367,-11.11743431236));
#4510 = CARTESIAN_POINT('',(-6.735114896216,-11.11506287678));
#4511 = CARTESIAN_POINT('',(-6.769827551396,-11.11250330444));
#4512 = CARTESIAN_POINT('',(-6.804669734414,-11.10975532634));
#4513 = CARTESIAN_POINT('',(-6.839650227403,-11.10681870312));
#4514 = CARTESIAN_POINT('',(-6.874778044593,-11.10369323061));
#4515 = CARTESIAN_POINT('',(-6.910062457653,-11.10037874567));
#4516 = CARTESIAN_POINT('',(-6.945513020866,-11.09687513281));
#4517 = CARTESIAN_POINT('',(-6.98113960522,-11.09318233035));
#4518 = CARTESIAN_POINT('',(-7.016952409192,-11.08930034075));
#4519 = CARTESIAN_POINT('',(-7.05296206842,-11.08522922763));
#4520 = CARTESIAN_POINT('',(-7.089179410459,-11.0809691655));
#4521 = CARTESIAN_POINT('',(-7.125616550633,-11.07652029555));
#4522 = CARTESIAN_POINT('',(-7.162283002225,-11.07188330825));
#4523 = CARTESIAN_POINT('',(-7.199224943882,-11.06705415902));
#4524 = CARTESIAN_POINT('',(-7.236415811744,-11.06203839543));
#4525 = CARTESIAN_POINT('',(-7.273839732726,-11.05684102611));
#4526 = CARTESIAN_POINT('',(-7.31147957941,-11.05146790202));
#4527 = CARTESIAN_POINT('',(-7.349320030638,-11.04592532702));
#4528 = CARTESIAN_POINT('',(-7.387346621175,-11.04022014275));
#4529 = CARTESIAN_POINT('',(-7.425545874939,-11.03435968608));
#4530 = CARTESIAN_POINT('',(-7.463905155691,-11.02835178052));
#4531 = CARTESIAN_POINT('',(-7.50241260009,-11.02220471827));
#4532 = CARTESIAN_POINT('',(-7.541057034187,-11.01592724454));
#4533 = CARTESIAN_POINT('',(-7.579827898679,-11.00952854101));
#4534 = CARTESIAN_POINT('',(-7.618715174979,-11.00301820936));
#4535 = CARTESIAN_POINT('',(-7.657709313064,-10.99640625423));
#4536 = CARTESIAN_POINT('',(-7.696801159895,-10.98970306706));
#4537 = CARTESIAN_POINT('',(-7.735981887198,-10.98291940617));
#4538 = CARTESIAN_POINT('',(-7.775242920112,-10.97606638964));
#4539 = CARTESIAN_POINT('',(-7.81457585778,-10.96915543951));
#4540 = CARTESIAN_POINT('',(-7.840840230344,-10.96451741789));
#4541 = CARTESIAN_POINT('',(-7.853981633974,-10.96219268147));
#4542 = ( GEOMETRIC_REPRESENTATION_CONTEXT(2) 
PARAMETRIC_REPRESENTATION_CONTEXT() REPRESENTATION_CONTEXT('2D SPACE',''
  ) );
#4543 = ORIENTED_EDGE('',*,*,#4544,.T.);
#4544 = EDGE_CURVE('',#4417,#4545,#4547,.T.);
#4545 = VERTEX_POINT('',#4546);
#4546 = CARTESIAN_POINT('',(-5.067365923858,-11.19999995,-20.5));
#4547 = SURFACE_CURVE('',#4548,(#4553,#4560),.PCURVE_S1.);
#4548 = CIRCLE('',#4549,44.);
#4549 = AXIS2_PLACEMENT_3D('',#4550,#4551,#4552);
#4550 = CARTESIAN_POINT('',(-44.00000005,-11.19999995,
    -1.468669630361E-12));
#4551 = DIRECTION('',(0.,1.,-1.110223024625E-16));
#4552 = DIRECTION('',(0.98432944501,-1.95775935146E-17,-0.176339285714)
  );
#4553 = PCURVE('',#839,#4554);
#4554 = DEFINITIONAL_REPRESENTATION('',(#4555),#4559);
#4555 = LINE('',#4556,#4557);
#4556 = CARTESIAN_POINT('',(-6.105919097195,4.95));
#4557 = VECTOR('',#4558,1.);
#4558 = DIRECTION('',(1.,-0.));
#4559 = ( GEOMETRIC_REPRESENTATION_CONTEXT(2) 
PARAMETRIC_REPRESENTATION_CONTEXT() REPRESENTATION_CONTEXT('2D SPACE',''
  ) );
#4560 = PCURVE('',#2258,#4561);
#4561 = DEFINITIONAL_REPRESENTATION('',(#4562),#4570);
#4562 = ( BOUNDED_CURVE() B_SPLINE_CURVE(2,(#4563,#4564,#4565,#4566,
#4567,#4568,#4569),.UNSPECIFIED.,.T.,.F.) B_SPLINE_CURVE_WITH_KNOTS((1,2
    ,2,2,2,1),(-2.094395102393,0.,2.094395102393,4.188790204786,
6.28318530718,8.377580409573),.UNSPECIFIED.) CURVE() 
GEOMETRIC_REPRESENTATION_ITEM() RATIONAL_B_SPLINE_CURVE((1.,0.5,1.,0.5,
1.,0.5,1.)) REPRESENTATION_ITEM('') );
#4563 = CARTESIAN_POINT('',(11.310495580442,13.541071428571));
#4564 = CARTESIAN_POINT('',(-2.12836291757,-61.47490741774));
#4565 = CARTESIAN_POINT('',(-60.37467703922,-12.32852513744));
#4566 = CARTESIAN_POINT('',(-118.6209911608,36.817857142857));
#4567 = CARTESIAN_POINT('',(-46.93581854121,62.687453708871));
#4568 = CARTESIAN_POINT('',(24.749354078454,88.557050274884));
#4569 = CARTESIAN_POINT('',(11.310495580442,13.541071428571));
#4570 = ( GEOMETRIC_REPRESENTATION_CONTEXT(2) 
PARAMETRIC_REPRESENTATION_CONTEXT() REPRESENTATION_CONTEXT('2D SPACE',''
  ) );
#4571 = ORIENTED_EDGE('',*,*,#4572,.T.);
#4572 = EDGE_CURVE('',#4545,#4573,#4575,.T.);
#4573 = VERTEX_POINT('',#4574);
#4574 = CARTESIAN_POINT('',(-5.49908250766,-10.37999995,-21.29974996092)
  );
#4575 = SURFACE_CURVE('',#4576,(#4599,#4650),.PCURVE_S1.);
#4576 = B_SPLINE_CURVE_WITH_KNOTS('',6,(#4577,#4578,#4579,#4580,#4581,
    #4582,#4583,#4584,#4585,#4586,#4587,#4588,#4589,#4590,#4591,#4592,
    #4593,#4594,#4595,#4596,#4597,#4598),.UNSPECIFIED.,.F.,.F.,(7,5,5,5,
    7),(0.,0.420342650489,1.,1.00770822375,1.016444065389),
  .UNSPECIFIED.);
#4577 = CARTESIAN_POINT('',(-5.067365923858,-11.19999995,-20.5));
#4578 = CARTESIAN_POINT('',(-5.115529299249,-11.19999995,-20.59146961328
    ));
#4579 = CARTESIAN_POINT('',(-5.163870719421,-11.1874499009,
    -20.68265189628));
#4580 = CARTESIAN_POINT('',(-5.211186654537,-11.16249780918,
    -20.7712645073));
#4581 = CARTESIAN_POINT('',(-5.256260960564,-11.1259006045,
    -20.85510750692));
#4582 = CARTESIAN_POINT('',(-5.297972366589,-11.07896741409,
    -20.93225310023));
#4583 = CARTESIAN_POINT('',(-5.387141425999,-10.9469854932,
    -21.09641855509));
#4584 = CARTESIAN_POINT('',(-5.430816815112,-10.85418555497,
    -21.17615763357));
#4585 = CARTESIAN_POINT('',(-5.46476095228,-10.74890425001,
    -21.23771276634));
#4586 = CARTESIAN_POINT('',(-5.487761463521,-10.63524573125,
    -21.27928644835));
#4587 = CARTESIAN_POINT('',(-5.499220837106,-10.51751168241,-21.3));
#4588 = CARTESIAN_POINT('',(-5.499220837106,-10.39843729108,-21.3));
#4589 = CARTESIAN_POINT('',(-5.499218810685,-10.39687463216,
    -21.29999633714));
#4590 = CARTESIAN_POINT('',(-5.499214757842,-10.39531198281,
    -21.29998901143));
#4591 = CARTESIAN_POINT('',(-5.499208678595,-10.39374935259,
    -21.29997802289));
#4592 = CARTESIAN_POINT('',(-5.499200572976,-10.39218675106,
    -21.29996337157));
#4593 = CARTESIAN_POINT('',(-5.49917895836,-10.38885331222,
    -21.29992430198));
#4594 = CARTESIAN_POINT('',(-5.499164873072,-10.38708248579,
    -21.29989884202));
#4595 = CARTESIAN_POINT('',(-5.499148185246,-10.38531172242,
    -21.29986867778));
#4596 = CARTESIAN_POINT('',(-5.499128894979,-10.38354103605,
    -21.29983380938));
#4597 = CARTESIAN_POINT('',(-5.499107002399,-10.3817704406,
    -21.29979423703));
#4598 = CARTESIAN_POINT('',(-5.49908250766,-10.37999995,-21.29974996092)
  );
#4599 = PCURVE('',#839,#4600);
#4600 = DEFINITIONAL_REPRESENTATION('',(#4601),#4649);
#4601 = B_SPLINE_CURVE_WITH_KNOTS('',3,(#4602,#4603,#4604,#4605,#4606,
    #4607,#4608,#4609,#4610,#4611,#4612,#4613,#4614,#4615,#4616,#4617,
    #4618,#4619,#4620,#4621,#4622,#4623,#4624,#4625,#4626,#4627,#4628,
    #4629,#4630,#4631,#4632,#4633,#4634,#4635,#4636,#4637,#4638,#4639,
    #4640,#4641,#4642,#4643,#4644,#4645,#4646,#4647,#4648),
  .UNSPECIFIED.,.F.,.F.,(4,1,1,1,1,1,1,1,1,1,1,1,1,1,1,1,1,1,1,1,1,1,1,1
    ,1,1,1,1,1,1,1,1,1,1,1,1,1,1,1,1,1,1,1,1,4),(0.,2.310100148612E-02,
    4.620200297225E-02,6.930300445837E-02,9.240400594449E-02,
    0.115505007431,0.138606008917,0.161707010403,0.184808011889,
    0.207909013375,0.231010014861,0.254111016347,0.277212017833,
    0.30031301932,0.323414020806,0.346515022292,0.369616023778,
    0.392717025264,0.41581802675,0.438919028236,0.462020029722,
    0.485121031209,0.508222032695,0.531323034181,0.554424035667,
    0.577525037153,0.600626038639,0.623727040125,0.646828041611,
    0.669929043098,0.693030044584,0.71613104607,0.739232047556,
    0.762333049042,0.785434050528,0.808535052014,0.8316360535,
    0.854737054987,0.877838056473,0.900939057959,0.924040059445,
    0.947141060931,0.970242062417,0.993343063903,1.016444065389),
  .QUASI_UNIFORM_KNOTS.);
#4602 = CARTESIAN_POINT('',(-5.798523557828,4.95));
#4603 = CARTESIAN_POINT('',(-5.798265319083,4.94999983542));
#4604 = CARTESIAN_POINT('',(-5.797748961386,4.950379184961));
#4605 = CARTESIAN_POINT('',(-5.796975941276,4.952081130944));
#4606 = CARTESIAN_POINT('',(-5.796205597878,4.954910654135));
#4607 = CARTESIAN_POINT('',(-5.79543908018,4.95885971518));
#4608 = CARTESIAN_POINT('',(-5.794677527453,4.963918534947));
#4609 = CARTESIAN_POINT('',(-5.793922066482,4.970075365652));
#4610 = CARTESIAN_POINT('',(-5.793173809942,4.977316579556));
#4611 = CARTESIAN_POINT('',(-5.792433854435,4.985626672895));
#4612 = CARTESIAN_POINT('',(-5.791703278592,4.994988292858));
#4613 = CARTESIAN_POINT('',(-5.790983141133,5.005382258713));
#4614 = CARTESIAN_POINT('',(-5.790274478911,5.016787584826));
#4615 = CARTESIAN_POINT('',(-5.789578304935,5.02918150352));
#4616 = CARTESIAN_POINT('',(-5.788895606367,5.042539488253));
#4617 = CARTESIAN_POINT('',(-5.788227342508,5.056835277197));
#4618 = CARTESIAN_POINT('',(-5.787574442739,5.072040896484));
#4619 = CARTESIAN_POINT('',(-5.786937804526,5.088126685919));
#4620 = CARTESIAN_POINT('',(-5.786318291078,5.105061316713));
#4621 = CARTESIAN_POINT('',(-5.785716730211,5.122811840216));
#4622 = CARTESIAN_POINT('',(-5.785133908608,5.141343622203));
#4623 = CARTESIAN_POINT('',(-5.784570340835,5.160628671218));
#4624 = CARTESIAN_POINT('',(-5.784026566881,5.180637449362));
#4625 = CARTESIAN_POINT('',(-5.783503093204,5.201340457819));
#4626 = CARTESIAN_POINT('',(-5.783000406662,5.222707876876));
#4627 = CARTESIAN_POINT('',(-5.782518970731,5.244709672088));
#4628 = CARTESIAN_POINT('',(-5.782059226448,5.26731557594));
#4629 = CARTESIAN_POINT('',(-5.78162159209,5.290495103263));
#4630 = CARTESIAN_POINT('',(-5.781206463177,5.31421755801));
#4631 = CARTESIAN_POINT('',(-5.780814212376,5.338452042744));
#4632 = CARTESIAN_POINT('',(-5.780445189427,5.363167467797));
#4633 = CARTESIAN_POINT('',(-5.780099721049,5.388332560913));
#4634 = CARTESIAN_POINT('',(-5.779778110848,5.41391587717));
#4635 = CARTESIAN_POINT('',(-5.779480639207,5.439885809216));
#4636 = CARTESIAN_POINT('',(-5.779207563175,5.46621059782));
#4637 = CARTESIAN_POINT('',(-5.778959116353,5.492858342756));
#4638 = CARTESIAN_POINT('',(-5.778735508761,5.519797013935));
#4639 = CARTESIAN_POINT('',(-5.778536926705,5.546994463071));
#4640 = CARTESIAN_POINT('',(-5.778363532639,5.57441843488));
#4641 = CARTESIAN_POINT('',(-5.778215465015,5.602036581482));
#4642 = CARTESIAN_POINT('',(-5.77809283813,5.629816466346));
#4643 = CARTESIAN_POINT('',(-5.777995741933,5.657725608762));
#4644 = CARTESIAN_POINT('',(-5.777924241998,5.685731378525));
#4645 = CARTESIAN_POINT('',(-5.777878378784,5.713801451156));
#4646 = CARTESIAN_POINT('',(-5.777858169571,5.74190217263));
#4647 = CARTESIAN_POINT('',(-5.777861790086,5.760637209167));
#4648 = CARTESIAN_POINT('',(-5.777867872829,5.77));
#4649 = ( GEOMETRIC_REPRESENTATION_CONTEXT(2) 
PARAMETRIC_REPRESENTATION_CONTEXT() REPRESENTATION_CONTEXT('2D SPACE',''
  ) );
#4650 = PCURVE('',#2185,#4651);
#4651 = DEFINITIONAL_REPRESENTATION('',(#4652),#4700);
#4652 = B_SPLINE_CURVE_WITH_KNOTS('',3,(#4653,#4654,#4655,#4656,#4657,
    #4658,#4659,#4660,#4661,#4662,#4663,#4664,#4665,#4666,#4667,#4668,
    #4669,#4670,#4671,#4672,#4673,#4674,#4675,#4676,#4677,#4678,#4679,
    #4680,#4681,#4682,#4683,#4684,#4685,#4686,#4687,#4688,#4689,#4690,
    #4691,#4692,#4693,#4694,#4695,#4696,#4697,#4698,#4699),
  .UNSPECIFIED.,.F.,.F.,(4,1,1,1,1,1,1,1,1,1,1,1,1,1,1,1,1,1,1,1,1,1,1,1
    ,1,1,1,1,1,1,1,1,1,1,1,1,1,1,1,1,1,1,1,1,4),(0.,2.310100148612E-02,
    4.620200297225E-02,6.930300445837E-02,9.240400594449E-02,
    0.115505007431,0.138606008917,0.161707010403,0.184808011889,
    0.207909013375,0.231010014861,0.254111016347,0.277212017833,
    0.30031301932,0.323414020806,0.346515022292,0.369616023778,
    0.392717025264,0.41581802675,0.438919028236,0.462020029722,
    0.485121031209,0.508222032695,0.531323034181,0.554424035667,
    0.577525037153,0.600626038639,0.623727040125,0.646828041611,
    0.669929043098,0.693030044584,0.71613104607,0.739232047556,
    0.762333049042,0.785434050528,0.808535052014,0.8316360535,
    0.854737054987,0.877838056473,0.900939057959,0.924040059445,
    0.947141060931,0.970242062417,0.993343063903,1.016444065389),
  .QUASI_UNIFORM_KNOTS.);
#4653 = CARTESIAN_POINT('',(7.853981633974,-6.932634126142));
#4654 = CARTESIAN_POINT('',(7.84141426811,-6.927340243591));
#4655 = CARTESIAN_POINT('',(7.816290391471,-6.916747101772));
#4656 = CARTESIAN_POINT('',(7.778640328855,-6.900865241724));
#4657 = CARTESIAN_POINT('',(7.741029206037,-6.88501522884));
#4658 = CARTESIAN_POINT('',(7.70346020912,-6.869221016813));
#4659 = CARTESIAN_POINT('',(7.665936562201,-6.853506480408));
#4660 = CARTESIAN_POINT('',(7.628461553957,-6.837895372189));
#4661 = CARTESIAN_POINT('',(7.591038566331,-6.82241127931));
#4662 = CARTESIAN_POINT('',(7.553671101844,-6.807077578987));
#4663 = CARTESIAN_POINT('',(7.516362811009,-6.791917393013));
#4664 = CARTESIAN_POINT('',(7.479117520019,-6.776953541222));
#4665 = CARTESIAN_POINT('',(7.441939259255,-6.762208493928));
#4666 = CARTESIAN_POINT('',(7.40483229308,-6.74770432334));
#4667 = CARTESIAN_POINT('',(7.367801151352,-6.733462653908));
#4668 = CARTESIAN_POINT('',(7.330850663263,-6.719504611775));
#4669 = CARTESIAN_POINT('',(7.293985993401,-6.705850772716));
#4670 = CARTESIAN_POINT('',(7.257212682464,-6.6925211108));
#4671 = CARTESIAN_POINT('',(7.220536685505,-6.679534939518));
#4672 = CARTESIAN_POINT('',(7.183964435968,-6.666910876129));
#4673 = CARTESIAN_POINT('',(7.147502831662,-6.654666714474));
#4674 = CARTESIAN_POINT('',(7.111144153342,-6.642814557412));
#4675 = CARTESIAN_POINT('',(7.074883703964,-6.631367036664));
#4676 = CARTESIAN_POINT('',(7.038716328032,-6.620336081169));
#4677 = CARTESIAN_POINT('',(7.002637215826,-6.609733199492));
#4678 = CARTESIAN_POINT('',(6.966641673424,-6.599569394725));
#4679 = CARTESIAN_POINT('',(6.93072517132,-6.589855178024));
#4680 = CARTESIAN_POINT('',(6.894883319699,-6.580600555874));
#4681 = CARTESIAN_POINT('',(6.859111864553,-6.571815024554));
#4682 = CARTESIAN_POINT('',(6.823406679254,-6.563507562835));
#4683 = CARTESIAN_POINT('',(6.787763758285,-6.555686625306));
#4684 = CARTESIAN_POINT('',(6.752179211243,-6.548360135692));
#4685 = CARTESIAN_POINT('',(6.716649257531,-6.541535480345));
#4686 = CARTESIAN_POINT('',(6.681170221585,-6.53521950183));
#4687 = CARTESIAN_POINT('',(6.645738528621,-6.529418492661));
#4688 = CARTESIAN_POINT('',(6.610350700864,-6.52413818915));
#4689 = CARTESIAN_POINT('',(6.575003354344,-6.519383765385));
#4690 = CARTESIAN_POINT('',(6.539693195915,-6.515159827329));
#4691 = CARTESIAN_POINT('',(6.504417021751,-6.511470407074));
#4692 = CARTESIAN_POINT('',(6.469171712768,-6.508318957119));
#4693 = CARTESIAN_POINT('',(6.433954244002,-6.505708345131));
#4694 = CARTESIAN_POINT('',(6.398761644547,-6.503640847513));
#4695 = CARTESIAN_POINT('',(6.363591144806,-6.502118148036));
#4696 = CARTESIAN_POINT('',(6.328439627632,-6.501141318134));
#4697 = CARTESIAN_POINT('',(6.293305680548,-6.500710866262));
#4698 = CARTESIAN_POINT('',(6.269889856142,-6.500787975473));
#4699 = CARTESIAN_POINT('',(6.25818270228,-6.50091754234));
#4700 = ( GEOMETRIC_REPRESENTATION_CONTEXT(2) 
PARAMETRIC_REPRESENTATION_CONTEXT() REPRESENTATION_CONTEXT('2D SPACE',''
  ) );
#4701 = ORIENTED_EDGE('',*,*,#4702,.T.);
#4702 = EDGE_CURVE('',#4573,#4703,#4705,.T.);
#4703 = VERTEX_POINT('',#4704);
#4704 = CARTESIAN_POINT('',(-5.51029233482,-10.37999995,-21.32));
#4705 = SURFACE_CURVE('',#4706,(#4711,#4718),.PCURVE_S1.);
#4706 = CIRCLE('',#4707,44.);
#4707 = AXIS2_PLACEMENT_3D('',#4708,#4709,#4710);
#4708 = CARTESIAN_POINT('',(-44.00000005,-10.37999995,
    -1.468669630361E-12));
#4709 = DIRECTION('',(0.,1.,-1.110223024625E-16));
#4710 = DIRECTION('',(1.,0.,0.));
#4711 = PCURVE('',#839,#4712);
#4712 = DEFINITIONAL_REPRESENTATION('',(#4713),#4717);
#4713 = LINE('',#4714,#4715);
#4714 = CARTESIAN_POINT('',(-6.28318530718,5.77));
#4715 = VECTOR('',#4716,1.);
#4716 = DIRECTION('',(1.,-0.));
#4717 = ( GEOMETRIC_REPRESENTATION_CONTEXT(2) 
PARAMETRIC_REPRESENTATION_CONTEXT() REPRESENTATION_CONTEXT('2D SPACE',''
  ) );
#4718 = PCURVE('',#2094,#4719);
#4719 = DEFINITIONAL_REPRESENTATION('',(#4720),#4728);
#4720 = ( BOUNDED_CURVE() B_SPLINE_CURVE(2,(#4721,#4722,#4723,#4724,
#4725,#4726,#4727),.UNSPECIFIED.,.T.,.F.) B_SPLINE_CURVE_WITH_KNOTS((1,2
    ,2,2,2,1),(-2.094395102393,0.,2.094395102393,4.188790204786,
6.28318530718,8.377580409573),.UNSPECIFIED.) CURVE() 
GEOMETRIC_REPRESENTATION_ITEM() RATIONAL_B_SPLINE_CURVE((1.,0.5,1.,0.5,
1.,0.5,1.)) REPRESENTATION_ITEM('') );
#4721 = CARTESIAN_POINT('',(-12.,-20.5));
#4722 = CARTESIAN_POINT('',(-12.,55.710235533031));
#4723 = CARTESIAN_POINT('',(54.,17.605117766515));
#4724 = CARTESIAN_POINT('',(120.,-20.5));
#4725 = CARTESIAN_POINT('',(54.,-58.60511776651));
#4726 = CARTESIAN_POINT('',(-12.,-96.71023553303));
#4727 = CARTESIAN_POINT('',(-12.,-20.5));
#4728 = ( GEOMETRIC_REPRESENTATION_CONTEXT(2) 
PARAMETRIC_REPRESENTATION_CONTEXT() REPRESENTATION_CONTEXT('2D SPACE',''
  ) );
#4729 = ORIENTED_EDGE('',*,*,#4730,.F.);
#4730 = EDGE_CURVE('',#4731,#4703,#4733,.T.);
#4731 = VERTEX_POINT('',#4732);
#4732 = CARTESIAN_POINT('',(-5.51029233482,-11.19999995,-21.32));
#4733 = SURFACE_CURVE('',#4734,(#4738,#4745),.PCURVE_S1.);
#4734 = LINE('',#4735,#4736);
#4735 = CARTESIAN_POINT('',(-5.51029233482,-16.14999995,-21.32));
#4736 = VECTOR('',#4737,1.);
#4737 = DIRECTION('',(0.,1.,-1.110223024625E-16));
#4738 = PCURVE('',#839,#4739);
#4739 = DEFINITIONAL_REPRESENTATION('',(#4740),#4744);
#4740 = LINE('',#4741,#4742);
#4741 = CARTESIAN_POINT('',(-5.777341833755,0.));
#4742 = VECTOR('',#4743,1.);
#4743 = DIRECTION('',(-0.,1.));
#4744 = ( GEOMETRIC_REPRESENTATION_CONTEXT(2) 
PARAMETRIC_REPRESENTATION_CONTEXT() REPRESENTATION_CONTEXT('2D SPACE',''
  ) );
#4745 = PCURVE('',#4746,#4751);
#4746 = PLANE('',#4747);
#4747 = AXIS2_PLACEMENT_3D('',#4748,#4749,#4750);
#4748 = CARTESIAN_POINT('',(-12.00000005,-10.37999995,-21.32));
#4749 = DIRECTION('',(0.,-1.110223024625E-16,-1.));
#4750 = DIRECTION('',(-0.,1.,-1.110223024625E-16));
#4751 = DEFINITIONAL_REPRESENTATION('',(#4752),#4756);
#4752 = LINE('',#4753,#4754);
#4753 = CARTESIAN_POINT('',(-5.77,6.48970771518));
#4754 = VECTOR('',#4755,1.);
#4755 = DIRECTION('',(1.,-0.));
#4756 = ( GEOMETRIC_REPRESENTATION_CONTEXT(2) 
PARAMETRIC_REPRESENTATION_CONTEXT() REPRESENTATION_CONTEXT('2D SPACE',''
  ) );
#4757 = ORIENTED_EDGE('',*,*,#4758,.T.);
#4758 = EDGE_CURVE('',#4731,#4759,#4761,.T.);
#4759 = VERTEX_POINT('',#4760);
#4760 = CARTESIAN_POINT('',(-5.556225605571,-11.19999995,-21.40271493212
    ));
#4761 = SURFACE_CURVE('',#4762,(#4767,#4774),.PCURVE_S1.);
#4762 = CIRCLE('',#4763,44.);
#4763 = AXIS2_PLACEMENT_3D('',#4764,#4765,#4766);
#4764 = CARTESIAN_POINT('',(-44.00000005,-11.19999995,
    -1.468669630361E-12));
#4765 = DIRECTION('',(0.,1.,-1.110223024625E-16));
#4766 = DIRECTION('',(0.98432944501,-1.95775935146E-17,-0.176339285714)
  );
#4767 = PCURVE('',#839,#4768);
#4768 = DEFINITIONAL_REPRESENTATION('',(#4769),#4773);
#4769 = LINE('',#4770,#4771);
#4770 = CARTESIAN_POINT('',(-6.105919097195,4.95));
#4771 = VECTOR('',#4772,1.);
#4772 = DIRECTION('',(1.,-0.));
#4773 = ( GEOMETRIC_REPRESENTATION_CONTEXT(2) 
PARAMETRIC_REPRESENTATION_CONTEXT() REPRESENTATION_CONTEXT('2D SPACE',''
  ) );
#4774 = PCURVE('',#4775,#4780);
#4775 = PLANE('',#4776);
#4776 = AXIS2_PLACEMENT_3D('',#4777,#4778,#4779);
#4777 = CARTESIAN_POINT('',(-12.00000005,-11.19999995,-21.3));
#4778 = DIRECTION('',(0.,-1.,1.110223024625E-16));
#4779 = DIRECTION('',(1.,0.,0.));
#4780 = DEFINITIONAL_REPRESENTATION('',(#4781),#4789);
#4781 = ( BOUNDED_CURVE() B_SPLINE_CURVE(2,(#4782,#4783,#4784,#4785,
#4786,#4787,#4788),.UNSPECIFIED.,.T.,.F.) B_SPLINE_CURVE_WITH_KNOTS((1,2
    ,2,2,2,1),(-2.094395102393,0.,2.094395102393,4.188790204786,
6.28318530718,8.377580409573),.UNSPECIFIED.) CURVE() 
GEOMETRIC_REPRESENTATION_ITEM() RATIONAL_B_SPLINE_CURVE((1.,0.5,1.,0.5,
1.,0.5,1.)) REPRESENTATION_ITEM('') );
#4782 = CARTESIAN_POINT('',(11.310495580442,13.541071428571));
#4783 = CARTESIAN_POINT('',(-2.12836291757,-61.47490741774));
#4784 = CARTESIAN_POINT('',(-60.37467703922,-12.32852513744));
#4785 = CARTESIAN_POINT('',(-118.6209911608,36.817857142857));
#4786 = CARTESIAN_POINT('',(-46.93581854121,62.687453708871));
#4787 = CARTESIAN_POINT('',(24.749354078454,88.557050274884));
#4788 = CARTESIAN_POINT('',(11.310495580442,13.541071428571));
#4789 = ( GEOMETRIC_REPRESENTATION_CONTEXT(2) 
PARAMETRIC_REPRESENTATION_CONTEXT() REPRESENTATION_CONTEXT('2D SPACE',''
  ) );
#4790 = ORIENTED_EDGE('',*,*,#4791,.T.);
#4791 = EDGE_CURVE('',#4759,#1150,#4792,.T.);
#4792 = SURFACE_CURVE('',#4793,(#4797,#4804),.PCURVE_S1.);
#4793 = LINE('',#4794,#4795);
#4794 = CARTESIAN_POINT('',(-5.556225605571,-11.19999995,-21.40271493212
    ));
#4795 = VECTOR('',#4796,1.);
#4796 = DIRECTION('',(0.,1.,-1.110223024625E-16));
#4797 = PCURVE('',#839,#4798);
#4798 = DEFINITIONAL_REPRESENTATION('',(#4799),#4803);
#4799 = LINE('',#4800,#4801);
#4800 = CARTESIAN_POINT('',(-5.775191537215,4.95));
#4801 = VECTOR('',#4802,1.);
#4802 = DIRECTION('',(-0.,1.));
#4803 = ( GEOMETRIC_REPRESENTATION_CONTEXT(2) 
PARAMETRIC_REPRESENTATION_CONTEXT() REPRESENTATION_CONTEXT('2D SPACE',''
  ) );
#4804 = PCURVE('',#1201,#4805);
#4805 = DEFINITIONAL_REPRESENTATION('',(#4806),#4810);
#4806 = LINE('',#4807,#4808);
#4807 = CARTESIAN_POINT('',(-1.062802556831,0.));
#4808 = VECTOR('',#4809,1.);
#4809 = DIRECTION('',(-0.,1.));
#4810 = ( GEOMETRIC_REPRESENTATION_CONTEXT(2) 
PARAMETRIC_REPRESENTATION_CONTEXT() REPRESENTATION_CONTEXT('2D SPACE',''
  ) );
#4811 = ORIENTED_EDGE('',*,*,#1149,.F.);
#4812 = ORIENTED_EDGE('',*,*,#1049,.F.);
#4813 = ORIENTED_EDGE('',*,*,#822,.T.);
#4814 = ORIENTED_EDGE('',*,*,#3694,.T.);
#4815 = ORIENTED_EDGE('',*,*,#4816,.F.);
#4816 = EDGE_CURVE('',#4817,#3639,#4819,.T.);
#4817 = VERTEX_POINT('',#4818);
#4818 = CARTESIAN_POINT('',(-5.556225605571,6.95000005,21.402714932125)
  );
#4819 = SURFACE_CURVE('',#4820,(#4825,#4832),.PCURVE_S1.);
#4820 = CIRCLE('',#4821,44.);
#4821 = AXIS2_PLACEMENT_3D('',#4822,#4823,#4824);
#4822 = CARTESIAN_POINT('',(-44.00000005,6.95000005,-1.468669630361E-12)
  );
#4823 = DIRECTION('',(0.,-1.,1.110223024625E-16));
#4824 = DIRECTION('',(0.867765453369,-5.51751934172E-17,-0.496973961028)
  );
#4825 = PCURVE('',#839,#4826);
#4826 = DEFINITIONAL_REPRESENTATION('',(#4827),#4831);
#4827 = LINE('',#4828,#4829);
#4828 = CARTESIAN_POINT('',(-5.763077190085,23.1));
#4829 = VECTOR('',#4830,1.);
#4830 = DIRECTION('',(-1.,0.));
#4831 = ( GEOMETRIC_REPRESENTATION_CONTEXT(2) 
PARAMETRIC_REPRESENTATION_CONTEXT() REPRESENTATION_CONTEXT('2D SPACE',''
  ) );
#4832 = PCURVE('',#1563,#4833);
#4833 = DEFINITIONAL_REPRESENTATION('',(#4834),#4838);
#4834 = LINE('',#4835,#4836);
#4835 = CARTESIAN_POINT('',(-5.763077190085,4.712388980385));
#4836 = VECTOR('',#4837,1.);
#4837 = DIRECTION('',(-1.,0.));
#4838 = ( GEOMETRIC_REPRESENTATION_CONTEXT(2) 
PARAMETRIC_REPRESENTATION_CONTEXT() REPRESENTATION_CONTEXT('2D SPACE',''
  ) );
#4839 = ORIENTED_EDGE('',*,*,#4840,.F.);
#4840 = EDGE_CURVE('',#4841,#4817,#4843,.T.);
#4841 = VERTEX_POINT('',#4842);
#4842 = CARTESIAN_POINT('',(-5.556225605571,-11.19999995,21.402714932125
    ));
#4843 = SURFACE_CURVE('',#4844,(#4848,#4855),.PCURVE_S1.);
#4844 = LINE('',#4845,#4846);
#4845 = CARTESIAN_POINT('',(-5.556225605571,-11.19999995,21.402714932125
    ));
#4846 = VECTOR('',#4847,1.);
#4847 = DIRECTION('',(0.,1.,-1.110223024625E-16));
#4848 = PCURVE('',#839,#4849);
#4849 = DEFINITIONAL_REPRESENTATION('',(#4850),#4854);
#4850 = LINE('',#4851,#4852);
#4851 = CARTESIAN_POINT('',(-6.791179077144,4.95));
#4852 = VECTOR('',#4853,1.);
#4853 = DIRECTION('',(-0.,1.));
#4854 = ( GEOMETRIC_REPRESENTATION_CONTEXT(2) 
PARAMETRIC_REPRESENTATION_CONTEXT() REPRESENTATION_CONTEXT('2D SPACE',''
  ) );
#4855 = PCURVE('',#4856,#4861);
#4856 = CYLINDRICAL_SURFACE('',#4857,0.2);
#4857 = AXIS2_PLACEMENT_3D('',#4858,#4859,#4860);
#4858 = CARTESIAN_POINT('',(-5.381481176278,-11.19999995,21.499999999999
    ));
#4859 = DIRECTION('',(0.,1.,-1.110223024625E-16));
#4860 = DIRECTION('',(-0.873722146464,-5.40040611526E-17,-0.486425339367
    ));
#4861 = DEFINITIONAL_REPRESENTATION('',(#4862),#4866);
#4862 = LINE('',#4863,#4864);
#4863 = CARTESIAN_POINT('',(-0.,0.));
#4864 = VECTOR('',#4865,1.);
#4865 = DIRECTION('',(-0.,1.));
#4866 = ( GEOMETRIC_REPRESENTATION_CONTEXT(2) 
PARAMETRIC_REPRESENTATION_CONTEXT() REPRESENTATION_CONTEXT('2D SPACE',''
  ) );
#4867 = ORIENTED_EDGE('',*,*,#4868,.T.);
#4868 = EDGE_CURVE('',#4841,#4869,#4871,.T.);
#4869 = VERTEX_POINT('',#4870);
#4870 = CARTESIAN_POINT('',(-5.51029233482,-11.19999995,21.319999999998)
  );
#4871 = SURFACE_CURVE('',#4872,(#4877,#4884),.PCURVE_S1.);
#4872 = CIRCLE('',#4873,44.);
#4873 = AXIS2_PLACEMENT_3D('',#4874,#4875,#4876);
#4874 = CARTESIAN_POINT('',(-44.00000005,-11.19999995,
    -1.468669630361E-12));
#4875 = DIRECTION('',(0.,1.,-1.110223024625E-16));
#4876 = DIRECTION('',(0.873722146464,5.400406115258E-17,0.486425339367)
  );
#4877 = PCURVE('',#839,#4878);
#4878 = DEFINITIONAL_REPRESENTATION('',(#4879),#4883);
#4879 = LINE('',#4880,#4881);
#4880 = CARTESIAN_POINT('',(-6.791179077144,4.95));
#4881 = VECTOR('',#4882,1.);
#4882 = DIRECTION('',(1.,-0.));
#4883 = ( GEOMETRIC_REPRESENTATION_CONTEXT(2) 
PARAMETRIC_REPRESENTATION_CONTEXT() REPRESENTATION_CONTEXT('2D SPACE',''
  ) );
#4884 = PCURVE('',#4885,#4890);
#4885 = PLANE('',#4886);
#4886 = AXIS2_PLACEMENT_3D('',#4887,#4888,#4889);
#4887 = CARTESIAN_POINT('',(-12.00000005,-11.19999995,8.699999999999));
#4888 = DIRECTION('',(0.,-1.,1.110223024625E-16));
#4889 = DIRECTION('',(1.,0.,0.));
#4890 = DEFINITIONAL_REPRESENTATION('',(#4891),#4899);
#4891 = ( BOUNDED_CURVE() B_SPLINE_CURVE(2,(#4892,#4893,#4894,#4895,
#4896,#4897,#4898),.UNSPECIFIED.,.T.,.F.) B_SPLINE_CURVE_WITH_KNOTS((1,2
    ,2,2,2,1),(-2.094395102393,0.,2.094395102393,4.188790204786,
6.28318530718,8.377580409573),.UNSPECIFIED.) CURVE() 
GEOMETRIC_REPRESENTATION_ITEM() RATIONAL_B_SPLINE_CURVE((1.,0.5,1.,0.5,
1.,0.5,1.)) REPRESENTATION_ITEM('') );
#4892 = CARTESIAN_POINT('',(6.443774444429,12.702714932127));
#4893 = CARTESIAN_POINT('',(43.514364126785,-53.88385564034));
#4894 = CARTESIAN_POINT('',(-32.68659238103,-52.69464275229));
#4895 = CARTESIAN_POINT('',(-108.8875488888,-51.50542986425));
#4896 = CARTESIAN_POINT('',(-69.75718206339,13.891927820171));
#4897 = CARTESIAN_POINT('',(-30.62681523792,79.289285504595));
#4898 = CARTESIAN_POINT('',(6.443774444429,12.702714932127));
#4899 = ( GEOMETRIC_REPRESENTATION_CONTEXT(2) 
PARAMETRIC_REPRESENTATION_CONTEXT() REPRESENTATION_CONTEXT('2D SPACE',''
  ) );
#4900 = ORIENTED_EDGE('',*,*,#4901,.T.);
#4901 = EDGE_CURVE('',#4869,#4902,#4904,.T.);
#4902 = VERTEX_POINT('',#4903);
#4903 = CARTESIAN_POINT('',(-5.51029233482,-10.37999995,21.319999999999)
  );
#4904 = SURFACE_CURVE('',#4905,(#4909,#4916),.PCURVE_S1.);
#4905 = LINE('',#4906,#4907);
#4906 = CARTESIAN_POINT('',(-5.51029233482,-16.14999995,21.319999999999)
  );
#4907 = VECTOR('',#4908,1.);
#4908 = DIRECTION('',(0.,1.,-1.110223024625E-16));
#4909 = PCURVE('',#839,#4910);
#4910 = DEFINITIONAL_REPRESENTATION('',(#4911),#4915);
#4911 = LINE('',#4912,#4913);
#4912 = CARTESIAN_POINT('',(-6.789028780604,0.));
#4913 = VECTOR('',#4914,1.);
#4914 = DIRECTION('',(-0.,1.));
#4915 = ( GEOMETRIC_REPRESENTATION_CONTEXT(2) 
PARAMETRIC_REPRESENTATION_CONTEXT() REPRESENTATION_CONTEXT('2D SPACE',''
  ) );
#4916 = PCURVE('',#4917,#4922);
#4917 = PLANE('',#4918);
#4918 = AXIS2_PLACEMENT_3D('',#4919,#4920,#4921);
#4919 = CARTESIAN_POINT('',(-12.00000005,-10.37999995,21.319999999999));
#4920 = DIRECTION('',(0.,1.110223024625E-16,1.));
#4921 = DIRECTION('',(0.,-1.,1.110223024625E-16));
#4922 = DEFINITIONAL_REPRESENTATION('',(#4923),#4927);
#4923 = LINE('',#4924,#4925);
#4924 = CARTESIAN_POINT('',(5.77,6.48970771518));
#4925 = VECTOR('',#4926,1.);
#4926 = DIRECTION('',(-1.,0.));
#4927 = ( GEOMETRIC_REPRESENTATION_CONTEXT(2) 
PARAMETRIC_REPRESENTATION_CONTEXT() REPRESENTATION_CONTEXT('2D SPACE',''
  ) );
#4928 = ORIENTED_EDGE('',*,*,#4929,.T.);
#4929 = EDGE_CURVE('',#4902,#4930,#4932,.T.);
#4930 = VERTEX_POINT('',#4931);
#4931 = CARTESIAN_POINT('',(-5.49908250766,-10.37999995,21.299749960924)
  );
#4932 = SURFACE_CURVE('',#4933,(#4938,#4945),.PCURVE_S1.);
#4933 = CIRCLE('',#4934,44.);
#4934 = AXIS2_PLACEMENT_3D('',#4935,#4936,#4937);
#4935 = CARTESIAN_POINT('',(-44.00000005,-10.37999995,
    -1.468669630361E-12));
#4936 = DIRECTION('',(0.,1.,-1.110223024625E-16));
#4937 = DIRECTION('',(1.,0.,0.));
#4938 = PCURVE('',#839,#4939);
#4939 = DEFINITIONAL_REPRESENTATION('',(#4940),#4944);
#4940 = LINE('',#4941,#4942);
#4941 = CARTESIAN_POINT('',(-12.56637061435,5.77));
#4942 = VECTOR('',#4943,1.);
#4943 = DIRECTION('',(1.,-0.));
#4944 = ( GEOMETRIC_REPRESENTATION_CONTEXT(2) 
PARAMETRIC_REPRESENTATION_CONTEXT() REPRESENTATION_CONTEXT('2D SPACE',''
  ) );
#4945 = PCURVE('',#3538,#4946);
#4946 = DEFINITIONAL_REPRESENTATION('',(#4947),#4955);
#4947 = ( BOUNDED_CURVE() B_SPLINE_CURVE(2,(#4948,#4949,#4950,#4951,
#4952,#4953,#4954),.UNSPECIFIED.,.T.,.F.) B_SPLINE_CURVE_WITH_KNOTS((1,2
    ,2,2,2,1),(-2.094395102393,0.,2.094395102393,4.188790204786,
6.28318530718,8.377580409573),.UNSPECIFIED.) CURVE() 
GEOMETRIC_REPRESENTATION_ITEM() RATIONAL_B_SPLINE_CURVE((1.,0.5,1.,0.5,
1.,0.5,1.)) REPRESENTATION_ITEM('') );
#4948 = CARTESIAN_POINT('',(12.,-20.5));
#4949 = CARTESIAN_POINT('',(12.,-96.71023553303));
#4950 = CARTESIAN_POINT('',(-54.,-58.60511776651));
#4951 = CARTESIAN_POINT('',(-120.,-20.5));
#4952 = CARTESIAN_POINT('',(-54.,17.605117766515));
#4953 = CARTESIAN_POINT('',(12.,55.710235533031));
#4954 = CARTESIAN_POINT('',(12.,-20.5));
#4955 = ( GEOMETRIC_REPRESENTATION_CONTEXT(2) 
PARAMETRIC_REPRESENTATION_CONTEXT() REPRESENTATION_CONTEXT('2D SPACE',''
  ) );
#4956 = ORIENTED_EDGE('',*,*,#4957,.T.);
#4957 = EDGE_CURVE('',#4930,#4958,#4960,.T.);
#4958 = VERTEX_POINT('',#4959);
#4959 = CARTESIAN_POINT('',(-5.067365923858,-11.19999995,20.499999999999
    ));
#4960 = SURFACE_CURVE('',#4961,(#4984,#5035),.PCURVE_S1.);
#4961 = B_SPLINE_CURVE_WITH_KNOTS('',6,(#4962,#4963,#4964,#4965,#4966,
    #4967,#4968,#4969,#4970,#4971,#4972,#4973,#4974,#4975,#4976,#4977,
    #4978,#4979,#4980,#4981,#4982,#4983),.UNSPECIFIED.,.F.,.F.,(7,5,5,5,
    7),(0.,0.531245858746,1.,36.250245956992,61.812212571376),
  .UNSPECIFIED.);
#4962 = CARTESIAN_POINT('',(-5.49908250766,-10.37999995,21.299749960924)
  );
#4963 = CARTESIAN_POINT('',(-5.499107002399,-10.3817704406,
    21.299794237027));
#4964 = CARTESIAN_POINT('',(-5.499128894979,-10.38354103605,
    21.299833809386));
#4965 = CARTESIAN_POINT('',(-5.499148185246,-10.38531172242,
    21.299868677779));
#4966 = CARTESIAN_POINT('',(-5.499164873072,-10.38708248579,
    21.299898842023));
#4967 = CARTESIAN_POINT('',(-5.49917895836,-10.38885331222,
    21.299924301978));
#4968 = CARTESIAN_POINT('',(-5.499200572976,-10.39218675106,
    21.299963371574));
#4969 = CARTESIAN_POINT('',(-5.499208678595,-10.39374935259,
    21.299978022896));
#4970 = CARTESIAN_POINT('',(-5.499214757842,-10.39531198281,
    21.299989011435));
#4971 = CARTESIAN_POINT('',(-5.499218810685,-10.39687463216,
    21.299996337144));
#4972 = CARTESIAN_POINT('',(-5.499220837106,-10.39843729108,
    21.299999999999));
#4973 = CARTESIAN_POINT('',(-5.499220837106,-10.51751168241,
    21.299999999999));
#4974 = CARTESIAN_POINT('',(-5.487761463521,-10.63524573125,
    21.279286448352));
#4975 = CARTESIAN_POINT('',(-5.46476095228,-10.74890425001,
    21.237712766338));
#4976 = CARTESIAN_POINT('',(-5.430816815112,-10.85418555497,
    21.176157633567));
#4977 = CARTESIAN_POINT('',(-5.387141425999,-10.9469854932,
    21.096418555088));
#4978 = CARTESIAN_POINT('',(-5.297972366589,-11.07896741409,
    20.932253100232));
#4979 = CARTESIAN_POINT('',(-5.256260960564,-11.1259006045,
    20.85510750692));
#4980 = CARTESIAN_POINT('',(-5.211186654537,-11.16249780918,
    20.771264507297));
#4981 = CARTESIAN_POINT('',(-5.163870719421,-11.1874499009,
    20.682651896279));
#4982 = CARTESIAN_POINT('',(-5.115529299249,-11.19999995,20.591469613284
    ));
#4983 = CARTESIAN_POINT('',(-5.067365923858,-11.19999995,20.499999999999
    ));
#4984 = PCURVE('',#839,#4985);
#4985 = DEFINITIONAL_REPRESENTATION('',(#4986),#5034);
#4986 = B_SPLINE_CURVE_WITH_KNOTS('',3,(#4987,#4988,#4989,#4990,#4991,
    #4992,#4993,#4994,#4995,#4996,#4997,#4998,#4999,#5000,#5001,#5002,
    #5003,#5004,#5005,#5006,#5007,#5008,#5009,#5010,#5011,#5012,#5013,
    #5014,#5015,#5016,#5017,#5018,#5019,#5020,#5021,#5022,#5023,#5024,
    #5025,#5026,#5027,#5028,#5029,#5030,#5031,#5032,#5033),
  .UNSPECIFIED.,.F.,.F.,(4,1,1,1,1,1,1,1,1,1,1,1,1,1,1,1,1,1,1,1,1,1,1,1
    ,1,1,1,1,1,1,1,1,1,1,1,1,1,1,1,1,1,1,1,1,4),(0.,1.404823012986,
    2.809646025972,4.214469038957,5.619292051943,7.024115064929,
    8.428938077915,9.833761090901,11.238584103886,12.643407116872,
    14.048230129858,15.453053142844,16.85787615583,18.262699168816,
    19.667522181801,21.072345194787,22.477168207773,23.881991220759,
    25.286814233745,26.69163724673,28.096460259716,29.501283272702,
    30.906106285688,32.310929298674,33.715752311659,35.120575324645,
    36.525398337631,37.930221350617,39.335044363603,40.739867376589,
    42.144690389574,43.54951340256,44.954336415546,46.359159428532,
    47.763982441518,49.168805454503,50.573628467489,51.978451480475,
    53.383274493461,54.788097506447,56.192920519432,57.597743532418,
    59.002566545404,60.40738955839,61.812212571376),
  .QUASI_UNIFORM_KNOTS.);
#4987 = CARTESIAN_POINT('',(-6.78850274153,5.77));
#4988 = CARTESIAN_POINT('',(-6.788508824273,5.760637209167));
#4989 = CARTESIAN_POINT('',(-6.788512444788,5.74190217263));
#4990 = CARTESIAN_POINT('',(-6.788492235575,5.713801451156));
#4991 = CARTESIAN_POINT('',(-6.788446372361,5.685731378525));
#4992 = CARTESIAN_POINT('',(-6.788374872426,5.657725608762));
#4993 = CARTESIAN_POINT('',(-6.788277776229,5.629816466346));
#4994 = CARTESIAN_POINT('',(-6.788155149345,5.602036581482));
#4995 = CARTESIAN_POINT('',(-6.78800708172,5.57441843488));
#4996 = CARTESIAN_POINT('',(-6.787833687655,5.546994463071));
#4997 = CARTESIAN_POINT('',(-6.787635105599,5.519797013935));
#4998 = CARTESIAN_POINT('',(-6.787411498006,5.492858342756));
#4999 = CARTESIAN_POINT('',(-6.787163051184,5.46621059782));
#5000 = CARTESIAN_POINT('',(-6.786889975152,5.439885809216));
#5001 = CARTESIAN_POINT('',(-6.786592503511,5.41391587717));
#5002 = CARTESIAN_POINT('',(-6.78627089331,5.388332560913));
#5003 = CARTESIAN_POINT('',(-6.785925424933,5.363167467797));
#5004 = CARTESIAN_POINT('',(-6.785556401983,5.338452042744));
#5005 = CARTESIAN_POINT('',(-6.785164151182,5.31421755801));
#5006 = CARTESIAN_POINT('',(-6.784749022269,5.290495103263));
#5007 = CARTESIAN_POINT('',(-6.784311387911,5.26731557594));
#5008 = CARTESIAN_POINT('',(-6.783851643628,5.244709672088));
#5009 = CARTESIAN_POINT('',(-6.783370207697,5.222707876876));
#5010 = CARTESIAN_POINT('',(-6.782867521156,5.201340457819));
#5011 = CARTESIAN_POINT('',(-6.782344047478,5.180637449362));
#5012 = CARTESIAN_POINT('',(-6.781800273524,5.160628671218));
#5013 = CARTESIAN_POINT('',(-6.781236705751,5.141343622203));
#5014 = CARTESIAN_POINT('',(-6.780653884148,5.122811840216));
#5015 = CARTESIAN_POINT('',(-6.780052323281,5.105061316713));
#5016 = CARTESIAN_POINT('',(-6.779432809833,5.088126685919));
#5017 = CARTESIAN_POINT('',(-6.77879617162,5.072040896484));
#5018 = CARTESIAN_POINT('',(-6.778143271851,5.056835277197));
#5019 = CARTESIAN_POINT('',(-6.777475007992,5.042539488253));
#5020 = CARTESIAN_POINT('',(-6.776792309424,5.02918150352));
#5021 = CARTESIAN_POINT('',(-6.776096135448,5.016787584826));
#5022 = CARTESIAN_POINT('',(-6.775387473227,5.005382258713));
#5023 = CARTESIAN_POINT('',(-6.774667335768,4.994988292858));
#5024 = CARTESIAN_POINT('',(-6.773936759924,4.985626672895));
#5025 = CARTESIAN_POINT('',(-6.773196804417,4.977316579556));
#5026 = CARTESIAN_POINT('',(-6.772448547877,4.970075365652));
#5027 = CARTESIAN_POINT('',(-6.771693086906,4.963918534947));
#5028 = CARTESIAN_POINT('',(-6.770931534179,4.95885971518));
#5029 = CARTESIAN_POINT('',(-6.770165016481,4.954910654135));
#5030 = CARTESIAN_POINT('',(-6.769394673083,4.952081130944));
#5031 = CARTESIAN_POINT('',(-6.768621652973,4.950379184961));
#5032 = CARTESIAN_POINT('',(-6.768105295277,4.94999983542));
#5033 = CARTESIAN_POINT('',(-6.767847056531,4.95));
#5034 = ( GEOMETRIC_REPRESENTATION_CONTEXT(2) 
PARAMETRIC_REPRESENTATION_CONTEXT() REPRESENTATION_CONTEXT('2D SPACE',''
  ) );
#5035 = PCURVE('',#3465,#5036);
#5036 = DEFINITIONAL_REPRESENTATION('',(#5037),#5085);
#5037 = B_SPLINE_CURVE_WITH_KNOTS('',3,(#5038,#5039,#5040,#5041,#5042,
    #5043,#5044,#5045,#5046,#5047,#5048,#5049,#5050,#5051,#5052,#5053,
    #5054,#5055,#5056,#5057,#5058,#5059,#5060,#5061,#5062,#5063,#5064,
    #5065,#5066,#5067,#5068,#5069,#5070,#5071,#5072,#5073,#5074,#5075,
    #5076,#5077,#5078,#5079,#5080,#5081,#5082,#5083,#5084),
  .UNSPECIFIED.,.F.,.F.,(4,1,1,1,1,1,1,1,1,1,1,1,1,1,1,1,1,1,1,1,1,1,1,1
    ,1,1,1,1,1,1,1,1,1,1,1,1,1,1,1,1,1,1,1,1,4),(0.,1.404823012986,
    2.809646025972,4.214469038957,5.619292051943,7.024115064929,
    8.428938077915,9.833761090901,11.238584103886,12.643407116872,
    14.048230129858,15.453053142844,16.85787615583,18.262699168816,
    19.667522181801,21.072345194787,22.477168207773,23.881991220759,
    25.286814233745,26.69163724673,28.096460259716,29.501283272702,
    30.906106285688,32.310929298674,33.715752311659,35.120575324645,
    36.525398337631,37.930221350617,39.335044363603,40.739867376589,
    42.144690389574,43.54951340256,44.954336415546,46.359159428532,
    47.763982441518,49.168805454503,50.573628467489,51.978451480475,
    53.383274493461,54.788097506447,56.192920519432,57.597743532418,
    59.002566545404,60.40738955839,61.812212571376),
  .QUASI_UNIFORM_KNOTS.);
#5038 = CARTESIAN_POINT('',(-6.25818270228,-6.50091754234));
#5039 = CARTESIAN_POINT('',(-6.269889856142,-6.500787975473));
#5040 = CARTESIAN_POINT('',(-6.293305680548,-6.500710866262));
#5041 = CARTESIAN_POINT('',(-6.328439627632,-6.501141318134));
#5042 = CARTESIAN_POINT('',(-6.363591144806,-6.502118148036));
#5043 = CARTESIAN_POINT('',(-6.398761644547,-6.503640847513));
#5044 = CARTESIAN_POINT('',(-6.433954244002,-6.505708345131));
#5045 = CARTESIAN_POINT('',(-6.469171712767,-6.508318957119));
#5046 = CARTESIAN_POINT('',(-6.504417021751,-6.511470407074));
#5047 = CARTESIAN_POINT('',(-6.539693195915,-6.515159827329));
#5048 = CARTESIAN_POINT('',(-6.575003354344,-6.519383765385));
#5049 = CARTESIAN_POINT('',(-6.610350700864,-6.52413818915));
#5050 = CARTESIAN_POINT('',(-6.645738528621,-6.529418492661));
#5051 = CARTESIAN_POINT('',(-6.681170221585,-6.53521950183));
#5052 = CARTESIAN_POINT('',(-6.716649257531,-6.541535480345));
#5053 = CARTESIAN_POINT('',(-6.752179211243,-6.548360135692));
#5054 = CARTESIAN_POINT('',(-6.787763758285,-6.555686625306));
#5055 = CARTESIAN_POINT('',(-6.823406679254,-6.563507562835));
#5056 = CARTESIAN_POINT('',(-6.859111864553,-6.571815024554));
#5057 = CARTESIAN_POINT('',(-6.894883319699,-6.580600555874));
#5058 = CARTESIAN_POINT('',(-6.93072517132,-6.589855178024));
#5059 = CARTESIAN_POINT('',(-6.966641673424,-6.599569394725));
#5060 = CARTESIAN_POINT('',(-7.002637215826,-6.609733199492));
#5061 = CARTESIAN_POINT('',(-7.038716328032,-6.620336081169));
#5062 = CARTESIAN_POINT('',(-7.074883703964,-6.631367036664));
#5063 = CARTESIAN_POINT('',(-7.111144153342,-6.642814557412));
#5064 = CARTESIAN_POINT('',(-7.147502831662,-6.654666714474));
#5065 = CARTESIAN_POINT('',(-7.183964435968,-6.666910876129));
#5066 = CARTESIAN_POINT('',(-7.220536685506,-6.679534939518));
#5067 = CARTESIAN_POINT('',(-7.257212682464,-6.6925211108));
#5068 = CARTESIAN_POINT('',(-7.293985993401,-6.705850772716));
#5069 = CARTESIAN_POINT('',(-7.330850663263,-6.719504611775));
#5070 = CARTESIAN_POINT('',(-7.367801151352,-6.733462653908));
#5071 = CARTESIAN_POINT('',(-7.40483229308,-6.74770432334));
#5072 = CARTESIAN_POINT('',(-7.441939259255,-6.762208493928));
#5073 = CARTESIAN_POINT('',(-7.479117520019,-6.776953541222));
#5074 = CARTESIAN_POINT('',(-7.516362811009,-6.791917393013));
#5075 = CARTESIAN_POINT('',(-7.553671101844,-6.807077578987));
#5076 = CARTESIAN_POINT('',(-7.591038566331,-6.82241127931));
#5077 = CARTESIAN_POINT('',(-7.628461553957,-6.837895372189));
#5078 = CARTESIAN_POINT('',(-7.665936562201,-6.853506480408));
#5079 = CARTESIAN_POINT('',(-7.70346020912,-6.869221016813));
#5080 = CARTESIAN_POINT('',(-7.741029206037,-6.88501522884));
#5081 = CARTESIAN_POINT('',(-7.778640328855,-6.900865241724));
#5082 = CARTESIAN_POINT('',(-7.816290391471,-6.916747101772));
#5083 = CARTESIAN_POINT('',(-7.84141426811,-6.927340243591));
#5084 = CARTESIAN_POINT('',(-7.853981633974,-6.932634126142));
#5085 = ( GEOMETRIC_REPRESENTATION_CONTEXT(2) 
PARAMETRIC_REPRESENTATION_CONTEXT() REPRESENTATION_CONTEXT('2D SPACE',''
  ) );
#5086 = ORIENTED_EDGE('',*,*,#5087,.T.);
#5087 = EDGE_CURVE('',#4958,#5088,#5090,.T.);
#5088 = VERTEX_POINT('',#5089);
#5089 = CARTESIAN_POINT('',(-1.037807368527,-11.19999995,9.499999999999)
  );
#5090 = SURFACE_CURVE('',#5091,(#5096,#5103),.PCURVE_S1.);
#5091 = CIRCLE('',#5092,44.);
#5092 = AXIS2_PLACEMENT_3D('',#5093,#5094,#5095);
#5093 = CARTESIAN_POINT('',(-44.00000005,-11.19999995,
    -1.468669630361E-12));
#5094 = DIRECTION('',(0.,1.,-1.110223024625E-16));
#5095 = DIRECTION('',(0.873722146464,5.400406115258E-17,0.486425339367)
  );
#5096 = PCURVE('',#839,#5097);
#5097 = DEFINITIONAL_REPRESENTATION('',(#5098),#5102);
#5098 = LINE('',#5099,#5100);
#5099 = CARTESIAN_POINT('',(-6.791179077144,4.95));
#5100 = VECTOR('',#5101,1.);
#5101 = DIRECTION('',(1.,-0.));
#5102 = ( GEOMETRIC_REPRESENTATION_CONTEXT(2) 
PARAMETRIC_REPRESENTATION_CONTEXT() REPRESENTATION_CONTEXT('2D SPACE',''
  ) );
#5103 = PCURVE('',#3374,#5104);
#5104 = DEFINITIONAL_REPRESENTATION('',(#5105),#5113);
#5105 = ( BOUNDED_CURVE() B_SPLINE_CURVE(2,(#5106,#5107,#5108,#5109,
#5110,#5111,#5112),.UNSPECIFIED.,.T.,.F.) B_SPLINE_CURVE_WITH_KNOTS((1,2
    ,2,2,2,1),(-2.094395102393,0.,2.094395102393,4.188790204786,
6.28318530718,8.377580409573),.UNSPECIFIED.) CURVE() 
GEOMETRIC_REPRESENTATION_ITEM() RATIONAL_B_SPLINE_CURVE((1.,0.5,1.,0.5,
1.,0.5,1.)) REPRESENTATION_ITEM('') );
#5106 = CARTESIAN_POINT('',(6.443774444429,12.702714932127));
#5107 = CARTESIAN_POINT('',(43.514364126785,-53.88385564034));
#5108 = CARTESIAN_POINT('',(-32.68659238103,-52.69464275229));
#5109 = CARTESIAN_POINT('',(-108.8875488888,-51.50542986425));
#5110 = CARTESIAN_POINT('',(-69.75718206339,13.891927820171));
#5111 = CARTESIAN_POINT('',(-30.62681523792,79.289285504595));
#5112 = CARTESIAN_POINT('',(6.443774444429,12.702714932127));
#5113 = ( GEOMETRIC_REPRESENTATION_CONTEXT(2) 
PARAMETRIC_REPRESENTATION_CONTEXT() REPRESENTATION_CONTEXT('2D SPACE',''
  ) );
#5114 = ORIENTED_EDGE('',*,*,#5115,.T.);
#5115 = EDGE_CURVE('',#5088,#5116,#5118,.T.);
#5116 = VERTEX_POINT('',#5117);
#5117 = CARTESIAN_POINT('',(-0.868739353638,-10.37999995,8.700250039073)
  );
#5118 = SURFACE_CURVE('',#5119,(#5140,#5191),.PCURVE_S1.);
#5119 = B_SPLINE_CURVE_WITH_KNOTS('',7,(#5120,#5121,#5122,#5123,#5124,
    #5125,#5126,#5127,#5128,#5129,#5130,#5131,#5132,#5133,#5134,#5135,
    #5136,#5137,#5138,#5139),.UNSPECIFIED.,.F.,.F.,(8,6,6,8),(0.,
    0.427052187514,1.,1.017125853544),.UNSPECIFIED.);
#5120 = CARTESIAN_POINT('',(-1.037807368527,-11.19999995,9.499999999999)
  );
#5121 = CARTESIAN_POINT('',(-1.01940171829,-11.19999995,9.416763464005)
  );
#5122 = CARTESIAN_POINT('',(-1.001272901857,-11.18989591696,
    9.333886642094));
#5123 = CARTESIAN_POINT('',(-0.983787279065,-11.16984639017,
    9.253040599898));
#5124 = CARTESIAN_POINT('',(-0.967272327661,-11.14041704095,
    9.175831837044));
#5125 = CARTESIAN_POINT('',(-0.9520011005,-11.10256098679,9.103712427932
    ));
#5126 = CARTESIAN_POINT('',(-0.938178186892,-11.05759574234,
    9.03787042496));
#5127 = CARTESIAN_POINT('',(-0.909490805868,-10.93953304074,
    8.900252816448));
#5128 = CARTESIAN_POINT('',(-0.895806682681,-10.86175546114,8.8337651526
    ));
#5129 = CARTESIAN_POINT('',(-0.88490713729,-10.776385295,8.780269799519)
  );
#5130 = CARTESIAN_POINT('',(-0.876773245498,-10.68559955071,
    8.740079118947));
#5131 = CARTESIAN_POINT('',(-0.871376986773,-10.591385861,8.713326412134
    ));
#5132 = CARTESIAN_POINT('',(-0.868688917599,-10.49559345491,
    8.699999999999));
#5133 = CARTESIAN_POINT('',(-0.868688917599,-10.39714258615,
    8.699999999999));
#5134 = CARTESIAN_POINT('',(-0.868691319275,-10.39428522231,
    8.700011906602));
#5135 = CARTESIAN_POINT('',(-0.868696122628,-10.39142790266,
    8.700035719809));
#5136 = CARTESIAN_POINT('',(-0.868703327681,-10.38857067139,
    8.700071439631));
#5137 = CARTESIAN_POINT('',(-0.868712934482,-10.38571357272,
    8.700119066091));
#5138 = CARTESIAN_POINT('',(-0.868724943102,-10.38285665085,
    8.700178599224));
#5139 = CARTESIAN_POINT('',(-0.868739353638,-10.37999995,8.700250039073)
  );
#5140 = PCURVE('',#839,#5141);
#5141 = DEFINITIONAL_REPRESENTATION('',(#5142),#5190);
#5142 = B_SPLINE_CURVE_WITH_KNOTS('',3,(#5143,#5144,#5145,#5146,#5147,
    #5148,#5149,#5150,#5151,#5152,#5153,#5154,#5155,#5156,#5157,#5158,
    #5159,#5160,#5161,#5162,#5163,#5164,#5165,#5166,#5167,#5168,#5169,
    #5170,#5171,#5172,#5173,#5174,#5175,#5176,#5177,#5178,#5179,#5180,
    #5181,#5182,#5183,#5184,#5185,#5186,#5187,#5188,#5189),
  .UNSPECIFIED.,.F.,.F.,(4,1,1,1,1,1,1,1,1,1,1,1,1,1,1,1,1,1,1,1,1,1,1,1
    ,1,1,1,1,1,1,1,1,1,1,1,1,1,1,1,1,1,1,1,1,4),(0.,2.311649667145E-02,
    4.62329933429E-02,6.934949001435E-02,9.246598668579E-02,
    0.115582483357,0.138698980029,0.1618154767,0.184931973372,
    0.208048470043,0.231164966714,0.254281463386,0.277397960057,
    0.300514456729,0.3236309534,0.346747450072,0.369863946743,
    0.392980443415,0.416096940086,0.439213436758,0.462329933429,
    0.4854464301,0.508562926772,0.531679423443,0.554795920115,
    0.577912416786,0.601028913458,0.624145410129,0.647261906801,
    0.670378403472,0.693494900143,0.716611396815,0.739727893486,
    0.762844390158,0.785960886829,0.809077383501,0.832193880172,
    0.855310376844,0.878426873515,0.901543370187,0.924659866858,
    0.947776363529,0.970892860201,0.994009356872,1.017125853544),
  .QUASI_UNIFORM_KNOTS.);
#5143 = CARTESIAN_POINT('',(-6.50080809251,4.95));
#5144 = CARTESIAN_POINT('',(-6.500563384842,4.949999757656));
#5145 = CARTESIAN_POINT('',(-6.500074357254,4.95041467517));
#5146 = CARTESIAN_POINT('',(-6.499343251538,4.952273318551));
#5147 = CARTESIAN_POINT('',(-6.498615860236,4.955359424954));
#5148 = CARTESIAN_POINT('',(-6.497893439959,4.959660216361));
#5149 = CARTESIAN_POINT('',(-6.497177229581,4.965160340336));
#5150 = CARTESIAN_POINT('',(-6.496468445769,4.971841526041));
#5151 = CARTESIAN_POINT('',(-6.495768280816,4.979682707954));
#5152 = CARTESIAN_POINT('',(-6.495077899782,4.988660024814));
#5153 = CARTESIAN_POINT('',(-6.494398437762,4.998746852525));
#5154 = CARTESIAN_POINT('',(-6.493730997039,5.009913828555));
#5155 = CARTESIAN_POINT('',(-6.493076644204,5.022128878949));
#5156 = CARTESIAN_POINT('',(-6.492436407202,5.035357245958));
#5157 = CARTESIAN_POINT('',(-6.491811272387,5.049561513134));
#5158 = CARTESIAN_POINT('',(-6.49120218126,5.064701642523));
#5159 = CARTESIAN_POINT('',(-6.49061002816,5.080734968547));
#5160 = CARTESIAN_POINT('',(-6.490035654099,5.097616355587));
#5161 = CARTESIAN_POINT('',(-6.489479854747,5.115297746632));
#5162 = CARTESIAN_POINT('',(-6.488943335354,5.133729986538));
#5163 = CARTESIAN_POINT('',(-6.488426863416,5.15285615832));
#5164 = CARTESIAN_POINT('',(-6.487930136947,5.172657592914));
#5165 = CARTESIAN_POINT('',(-6.487453374845,5.19309902128));
#5166 = CARTESIAN_POINT('',(-6.486996731156,5.214147220732));
#5167 = CARTESIAN_POINT('',(-6.486560359024,5.235769319038));
#5168 = CARTESIAN_POINT('',(-6.486144394505,5.257933198082));
#5169 = CARTESIAN_POINT('',(-6.485748961801,5.280607337851));
#5170 = CARTESIAN_POINT('',(-6.48537417269,5.303760813129));
#5171 = CARTESIAN_POINT('',(-6.485020127467,5.327363251863));
#5172 = CARTESIAN_POINT('',(-6.484686915427,5.351384806234));
#5173 = CARTESIAN_POINT('',(-6.484374615432,5.375796122599));
#5174 = CARTESIAN_POINT('',(-6.484083296406,5.400568313863));
#5175 = CARTESIAN_POINT('',(-6.483813017817,5.425672933161));
#5176 = CARTESIAN_POINT('',(-6.483563830124,5.451081949005));
#5177 = CARTESIAN_POINT('',(-6.483335775206,5.476767721693));
#5178 = CARTESIAN_POINT('',(-6.483128886766,5.502702980897));
#5179 = CARTESIAN_POINT('',(-6.482943190716,5.528860804209));
#5180 = CARTESIAN_POINT('',(-6.482778705546,5.555214596891));
#5181 = CARTESIAN_POINT('',(-6.482635442682,5.581738071336));
#5182 = CARTESIAN_POINT('',(-6.482513406834,5.608405231221));
#5183 = CARTESIAN_POINT('',(-6.482412596326,5.635190341196));
#5184 = CARTESIAN_POINT('',(-6.482333003447,5.662067952993));
#5185 = CARTESIAN_POINT('',(-6.482274614722,5.689012722875));
#5186 = CARTESIAN_POINT('',(-6.482237411451,5.716000009098));
#5187 = CARTESIAN_POINT('',(-6.482221369278,5.743003559057));
#5188 = CARTESIAN_POINT('',(-6.482224764,5.761003891687));
#5189 = CARTESIAN_POINT('',(-6.482229979381,5.77));
#5190 = ( GEOMETRIC_REPRESENTATION_CONTEXT(2) 
PARAMETRIC_REPRESENTATION_CONTEXT() REPRESENTATION_CONTEXT('2D SPACE',''
  ) );
#5191 = PCURVE('',#3301,#5192);
#5192 = DEFINITIONAL_REPRESENTATION('',(#5193),#5241);
#5193 = B_SPLINE_CURVE_WITH_KNOTS('',3,(#5194,#5195,#5196,#5197,#5198,
    #5199,#5200,#5201,#5202,#5203,#5204,#5205,#5206,#5207,#5208,#5209,
    #5210,#5211,#5212,#5213,#5214,#5215,#5216,#5217,#5218,#5219,#5220,
    #5221,#5222,#5223,#5224,#5225,#5226,#5227,#5228,#5229,#5230,#5231,
    #5232,#5233,#5234,#5235,#5236,#5237,#5238,#5239,#5240),
  .UNSPECIFIED.,.F.,.F.,(4,1,1,1,1,1,1,1,1,1,1,1,1,1,1,1,1,1,1,1,1,1,1,1
    ,1,1,1,1,1,1,1,1,1,1,1,1,1,1,1,1,1,1,1,1,4),(0.,2.311649667145E-02,
    4.62329933429E-02,6.934949001435E-02,9.246598668579E-02,
    0.115582483357,0.138698980029,0.1618154767,0.184931973372,
    0.208048470043,0.231164966714,0.254281463386,0.277397960057,
    0.300514456729,0.3236309534,0.346747450072,0.369863946743,
    0.392980443415,0.416096940086,0.439213436758,0.462329933429,
    0.4854464301,0.508562926772,0.531679423443,0.554795920115,
    0.577912416786,0.601028913458,0.624145410129,0.647261906801,
    0.670378403472,0.693494900143,0.716611396815,0.739727893486,
    0.762844390158,0.785960886829,0.809077383501,0.832193880172,
    0.855310376844,0.878426873515,0.901543370187,0.924659866858,
    0.947776363529,0.970892860201,0.994009356872,1.017125853544),
  .QUASI_UNIFORM_KNOTS.);
#5194 = CARTESIAN_POINT('',(7.853981633974,-10.96219268147));
#5195 = CARTESIAN_POINT('',(7.840840230344,-10.96451741789));
#5196 = CARTESIAN_POINT('',(7.81457585778,-10.96915543951));
#5197 = CARTESIAN_POINT('',(7.775242920112,-10.97606638964));
#5198 = CARTESIAN_POINT('',(7.735981887198,-10.98291940617));
#5199 = CARTESIAN_POINT('',(7.696801159894,-10.98970306706));
#5200 = CARTESIAN_POINT('',(7.657709313064,-10.99640625423));
#5201 = CARTESIAN_POINT('',(7.618715174979,-11.00301820936));
#5202 = CARTESIAN_POINT('',(7.579827898679,-11.00952854101));
#5203 = CARTESIAN_POINT('',(7.541057034187,-11.01592724454));
#5204 = CARTESIAN_POINT('',(7.50241260009,-11.02220471827));
#5205 = CARTESIAN_POINT('',(7.463905155691,-11.02835178052));
#5206 = CARTESIAN_POINT('',(7.425545874939,-11.03435968608));
#5207 = CARTESIAN_POINT('',(7.387346621175,-11.04022014275));
#5208 = CARTESIAN_POINT('',(7.349320030638,-11.04592532702));
#5209 = CARTESIAN_POINT('',(7.31147957941,-11.05146790202));
#5210 = CARTESIAN_POINT('',(7.273839732726,-11.05684102611));
#5211 = CARTESIAN_POINT('',(7.236415811744,-11.06203839543));
#5212 = CARTESIAN_POINT('',(7.199224943882,-11.06705415902));
#5213 = CARTESIAN_POINT('',(7.162283002224,-11.07188330825));
#5214 = CARTESIAN_POINT('',(7.125616550633,-11.07652029555));
#5215 = CARTESIAN_POINT('',(7.089179410459,-11.0809691655));
#5216 = CARTESIAN_POINT('',(7.052962068419,-11.08522922763));
#5217 = CARTESIAN_POINT('',(7.016952409192,-11.08930034075));
#5218 = CARTESIAN_POINT('',(6.981139605219,-11.09318233035));
#5219 = CARTESIAN_POINT('',(6.945513020866,-11.09687513281));
#5220 = CARTESIAN_POINT('',(6.910062457653,-11.10037874567));
#5221 = CARTESIAN_POINT('',(6.874778044593,-11.10369323061));
#5222 = CARTESIAN_POINT('',(6.839650227403,-11.10681870312));
#5223 = CARTESIAN_POINT('',(6.804669734414,-11.10975532634));
#5224 = CARTESIAN_POINT('',(6.769827551396,-11.11250330444));
#5225 = CARTESIAN_POINT('',(6.735114896216,-11.11506287678));
#5226 = CARTESIAN_POINT('',(6.700523195367,-11.11743431236));
#5227 = CARTESIAN_POINT('',(6.666044061483,-11.11961790476));
#5228 = CARTESIAN_POINT('',(6.631669271795,-11.12161396739));
#5229 = CARTESIAN_POINT('',(6.597390747263,-11.12342282909));
#5230 = CARTESIAN_POINT('',(6.563200532353,-11.12504483008));
#5231 = CARTESIAN_POINT('',(6.529090774859,-11.12648031814));
#5232 = CARTESIAN_POINT('',(6.495053707346,-11.127729645));
#5233 = CARTESIAN_POINT('',(6.461081623751,-11.12879316301));
#5234 = CARTESIAN_POINT('',(6.42716687469,-11.12967122196));
#5235 = CARTESIAN_POINT('',(6.393301793111,-11.13036416579));
#5236 = CARTESIAN_POINT('',(6.359478879456,-11.13087233062));
#5237 = CARTESIAN_POINT('',(6.325690017355,-11.13119603815));
#5238 = CARTESIAN_POINT('',(6.291929305841,-11.13133560673));
#5239 = CARTESIAN_POINT('',(6.26943136346,-11.13130606668));
#5240 = CARTESIAN_POINT('',(6.25818270228,-11.13126069636));
#5241 = ( GEOMETRIC_REPRESENTATION_CONTEXT(2) 
PARAMETRIC_REPRESENTATION_CONTEXT() REPRESENTATION_CONTEXT('2D SPACE',''
  ) );
#5242 = ORIENTED_EDGE('',*,*,#5243,.T.);
#5243 = EDGE_CURVE('',#5116,#5244,#5246,.T.);
#5244 = VERTEX_POINT('',#5245);
#5245 = CARTESIAN_POINT('',(-0.86465955059,-10.37999995,8.679999999999)
  );
#5246 = SURFACE_CURVE('',#5247,(#5252,#5259),.PCURVE_S1.);
#5247 = CIRCLE('',#5248,44.);
#5248 = AXIS2_PLACEMENT_3D('',#5249,#5250,#5251);
#5249 = CARTESIAN_POINT('',(-44.00000005,-10.37999995,
    -1.468669630361E-12));
#5250 = DIRECTION('',(0.,1.,-1.110223024625E-16));
#5251 = DIRECTION('',(1.,0.,0.));
#5252 = PCURVE('',#839,#5253);
#5253 = DEFINITIONAL_REPRESENTATION('',(#5254),#5258);
#5254 = LINE('',#5255,#5256);
#5255 = CARTESIAN_POINT('',(-12.56637061435,5.77));
#5256 = VECTOR('',#5257,1.);
#5257 = DIRECTION('',(1.,-0.));
#5258 = ( GEOMETRIC_REPRESENTATION_CONTEXT(2) 
PARAMETRIC_REPRESENTATION_CONTEXT() REPRESENTATION_CONTEXT('2D SPACE',''
  ) );
#5259 = PCURVE('',#3206,#5260);
#5260 = DEFINITIONAL_REPRESENTATION('',(#5261),#5269);
#5261 = ( BOUNDED_CURVE() B_SPLINE_CURVE(2,(#5262,#5263,#5264,#5265,
#5266,#5267,#5268),.UNSPECIFIED.,.T.,.F.) B_SPLINE_CURVE_WITH_KNOTS((1,2
    ,2,2,2,1),(-2.094395102393,0.,2.094395102393,4.188790204786,
6.28318530718,8.377580409573),.UNSPECIFIED.) CURVE() 
GEOMETRIC_REPRESENTATION_ITEM() RATIONAL_B_SPLINE_CURVE((1.,0.5,1.,0.5,
1.,0.5,1.)) REPRESENTATION_ITEM('') );
#5262 = CARTESIAN_POINT('',(-12.,9.5));
#5263 = CARTESIAN_POINT('',(-12.,85.710235533031));
#5264 = CARTESIAN_POINT('',(54.,47.605117766515));
#5265 = CARTESIAN_POINT('',(120.,9.5));
#5266 = CARTESIAN_POINT('',(54.,-28.60511776651));
#5267 = CARTESIAN_POINT('',(-12.,-66.71023553303));
#5268 = CARTESIAN_POINT('',(-12.,9.5));
#5269 = ( GEOMETRIC_REPRESENTATION_CONTEXT(2) 
PARAMETRIC_REPRESENTATION_CONTEXT() REPRESENTATION_CONTEXT('2D SPACE',''
  ) );
#5270 = ORIENTED_EDGE('',*,*,#5271,.F.);
#5271 = EDGE_CURVE('',#5272,#5244,#5274,.T.);
#5272 = VERTEX_POINT('',#5273);
#5273 = CARTESIAN_POINT('',(-0.864659550591,-11.19999995,8.679999999999)
  );
#5274 = SURFACE_CURVE('',#5275,(#5279,#5286),.PCURVE_S1.);
#5275 = LINE('',#5276,#5277);
#5276 = CARTESIAN_POINT('',(-0.86465955059,-16.14999995,8.679999999999)
  );
#5277 = VECTOR('',#5278,1.);
#5278 = DIRECTION('',(0.,1.,-1.110223024625E-16));
#5279 = PCURVE('',#839,#5280);
#5280 = DEFINITIONAL_REPRESENTATION('',(#5281),#5285);
#5281 = LINE('',#5282,#5283);
#5282 = CARTESIAN_POINT('',(-6.48176050363,0.));
#5283 = VECTOR('',#5284,1.);
#5284 = DIRECTION('',(-0.,1.));
#5285 = ( GEOMETRIC_REPRESENTATION_CONTEXT(2) 
PARAMETRIC_REPRESENTATION_CONTEXT() REPRESENTATION_CONTEXT('2D SPACE',''
  ) );
#5286 = PCURVE('',#5287,#5292);
#5287 = PLANE('',#5288);
#5288 = AXIS2_PLACEMENT_3D('',#5289,#5290,#5291);
#5289 = CARTESIAN_POINT('',(-12.00000005,-10.37999995,8.679999999999));
#5290 = DIRECTION('',(0.,-1.110223024625E-16,-1.));
#5291 = DIRECTION('',(-0.,1.,-1.110223024625E-16));
#5292 = DEFINITIONAL_REPRESENTATION('',(#5293),#5297);
#5293 = LINE('',#5294,#5295);
#5294 = CARTESIAN_POINT('',(-5.77,11.13534049941));
#5295 = VECTOR('',#5296,1.);
#5296 = DIRECTION('',(1.,-0.));
#5297 = ( GEOMETRIC_REPRESENTATION_CONTEXT(2) 
PARAMETRIC_REPRESENTATION_CONTEXT() REPRESENTATION_CONTEXT('2D SPACE',''
  ) );
#5298 = ORIENTED_EDGE('',*,*,#5299,.T.);
#5299 = EDGE_CURVE('',#5272,#5300,#5302,.T.);
#5300 = VERTEX_POINT('',#5301);
#5301 = CARTESIAN_POINT('',(-0.689504469558,-11.19999995,7.758928571427)
  );
#5302 = SURFACE_CURVE('',#5303,(#5308,#5315),.PCURVE_S1.);
#5303 = CIRCLE('',#5304,44.);
#5304 = AXIS2_PLACEMENT_3D('',#5305,#5306,#5307);
#5305 = CARTESIAN_POINT('',(-44.00000005,-11.19999995,
    -1.468669630361E-12));
#5306 = DIRECTION('',(0.,1.,-1.110223024625E-16));
#5307 = DIRECTION('',(0.873722146464,5.400406115258E-17,0.486425339367)
  );
#5308 = PCURVE('',#839,#5309);
#5309 = DEFINITIONAL_REPRESENTATION('',(#5310),#5314);
#5310 = LINE('',#5311,#5312);
#5311 = CARTESIAN_POINT('',(-6.791179077144,4.95));
#5312 = VECTOR('',#5313,1.);
#5313 = DIRECTION('',(1.,-0.));
#5314 = ( GEOMETRIC_REPRESENTATION_CONTEXT(2) 
PARAMETRIC_REPRESENTATION_CONTEXT() REPRESENTATION_CONTEXT('2D SPACE',''
  ) );
#5315 = PCURVE('',#5316,#5321);
#5316 = PLANE('',#5317);
#5317 = AXIS2_PLACEMENT_3D('',#5318,#5319,#5320);
#5318 = CARTESIAN_POINT('',(-12.00000005,-11.19999995,8.699999999999));
#5319 = DIRECTION('',(0.,-1.,1.110223024625E-16));
#5320 = DIRECTION('',(1.,0.,0.));
#5321 = DEFINITIONAL_REPRESENTATION('',(#5322),#5330);
#5322 = ( BOUNDED_CURVE() B_SPLINE_CURVE(2,(#5323,#5324,#5325,#5326,
#5327,#5328,#5329),.UNSPECIFIED.,.T.,.F.) B_SPLINE_CURVE_WITH_KNOTS((1,2
    ,2,2,2,1),(-2.094395102393,0.,2.094395102393,4.188790204786,
6.28318530718,8.377580409573),.UNSPECIFIED.) CURVE() 
GEOMETRIC_REPRESENTATION_ITEM() RATIONAL_B_SPLINE_CURVE((1.,0.5,1.,0.5,
1.,0.5,1.)) REPRESENTATION_ITEM('') );
#5323 = CARTESIAN_POINT('',(6.443774444429,12.702714932127));
#5324 = CARTESIAN_POINT('',(43.514364126785,-53.88385564034));
#5325 = CARTESIAN_POINT('',(-32.68659238103,-52.69464275229));
#5326 = CARTESIAN_POINT('',(-108.8875488888,-51.50542986425));
#5327 = CARTESIAN_POINT('',(-69.75718206339,13.891927820171));
#5328 = CARTESIAN_POINT('',(-30.62681523792,79.289285504595));
#5329 = CARTESIAN_POINT('',(6.443774444429,12.702714932127));
#5330 = ( GEOMETRIC_REPRESENTATION_CONTEXT(2) 
PARAMETRIC_REPRESENTATION_CONTEXT() REPRESENTATION_CONTEXT('2D SPACE',''
  ) );
#5331 = ORIENTED_EDGE('',*,*,#5332,.T.);
#5332 = EDGE_CURVE('',#5300,#3719,#5333,.T.);
#5333 = SURFACE_CURVE('',#5334,(#5338,#5345),.PCURVE_S1.);
#5334 = LINE('',#5335,#5336);
#5335 = CARTESIAN_POINT('',(-0.689504469558,-11.19999995,7.758928571427)
  );
#5336 = VECTOR('',#5337,1.);
#5337 = DIRECTION('',(0.,1.,-1.110223024625E-16));
#5338 = PCURVE('',#839,#5339);
#5339 = DEFINITIONAL_REPRESENTATION('',(#5340),#5344);
#5340 = LINE('',#5341,#5342);
#5341 = CARTESIAN_POINT('',(-6.460451517165,4.95));
#5342 = VECTOR('',#5343,1.);
#5343 = DIRECTION('',(-0.,1.));
#5344 = ( GEOMETRIC_REPRESENTATION_CONTEXT(2) 
PARAMETRIC_REPRESENTATION_CONTEXT() REPRESENTATION_CONTEXT('2D SPACE',''
  ) );
#5345 = PCURVE('',#5346,#5351);
#5346 = CYLINDRICAL_SURFACE('',#5347,0.8);
#5347 = AXIS2_PLACEMENT_3D('',#5348,#5349,#5350);
#5348 = CARTESIAN_POINT('',(9.795908644985E-02,-11.19999995,
    7.899999999999));
#5349 = DIRECTION('',(0.,1.,-1.110223024625E-16));
#5350 = DIRECTION('',(-0.98432944501,-1.957759351459E-17,-0.176339285714
    ));
#5351 = DEFINITIONAL_REPRESENTATION('',(#5352),#5356);
#5352 = LINE('',#5353,#5354);
#5353 = CARTESIAN_POINT('',(0.,0.));
#5354 = VECTOR('',#5355,1.);
#5355 = DIRECTION('',(0.,1.));
#5356 = ( GEOMETRIC_REPRESENTATION_CONTEXT(2) 
PARAMETRIC_REPRESENTATION_CONTEXT() REPRESENTATION_CONTEXT('2D SPACE',''
  ) );
#5357 = ADVANCED_FACE('',(#5358),#973,.T.);
#5358 = FACE_BOUND('',#5359,.T.);
#5359 = EDGE_LOOP('',(#5360,#5385,#5406,#5407,#5408));
#5360 = ORIENTED_EDGE('',*,*,#5361,.F.);
#5361 = EDGE_CURVE('',#5362,#5364,#5366,.T.);
#5362 = VERTEX_POINT('',#5363);
#5363 = CARTESIAN_POINT('',(-4.286183559846E-02,-10.37999995,-21.3));
#5364 = VERTEX_POINT('',#5365);
#5365 = CARTESIAN_POINT('',(-5.381481176278,-10.37999995,-21.3));
#5366 = SURFACE_CURVE('',#5367,(#5371,#5378),.PCURVE_S1.);
#5367 = LINE('',#5368,#5369);
#5368 = CARTESIAN_POINT('',(-12.00000005,-10.37999995,-21.3));
#5369 = VECTOR('',#5370,1.);
#5370 = DIRECTION('',(-1.,0.,0.));
#5371 = PCURVE('',#973,#5372);
#5372 = DEFINITIONAL_REPRESENTATION('',(#5373),#5377);
#5373 = LINE('',#5374,#5375);
#5374 = CARTESIAN_POINT('',(23.98,0.));
#5375 = VECTOR('',#5376,1.);
#5376 = DIRECTION('',(0.,-1.));
#5377 = ( GEOMETRIC_REPRESENTATION_CONTEXT(2) 
PARAMETRIC_REPRESENTATION_CONTEXT() REPRESENTATION_CONTEXT('2D SPACE',''
  ) );
#5378 = PCURVE('',#2094,#5379);
#5379 = DEFINITIONAL_REPRESENTATION('',(#5380),#5384);
#5380 = LINE('',#5381,#5382);
#5381 = CARTESIAN_POINT('',(-0.,0.8));
#5382 = VECTOR('',#5383,1.);
#5383 = DIRECTION('',(1.,-0.));
#5384 = ( GEOMETRIC_REPRESENTATION_CONTEXT(2) 
PARAMETRIC_REPRESENTATION_CONTEXT() REPRESENTATION_CONTEXT('2D SPACE',''
  ) );
#5385 = ORIENTED_EDGE('',*,*,#5386,.F.);
#5386 = EDGE_CURVE('',#958,#5362,#5387,.T.);
#5387 = SURFACE_CURVE('',#5388,(#5392,#5399),.PCURVE_S1.);
#5388 = LINE('',#5389,#5390);
#5389 = CARTESIAN_POINT('',(-4.286183559846E-02,6.95000005,-21.3));
#5390 = VECTOR('',#5391,1.);
#5391 = DIRECTION('',(0.,-1.,1.110223024625E-16));
#5392 = PCURVE('',#973,#5393);
#5393 = DEFINITIONAL_REPRESENTATION('',(#5394),#5398);
#5394 = LINE('',#5395,#5396);
#5395 = CARTESIAN_POINT('',(6.65,11.957138214402));
#5396 = VECTOR('',#5397,1.);
#5397 = DIRECTION('',(1.,0.));
#5398 = ( GEOMETRIC_REPRESENTATION_CONTEXT(2) 
PARAMETRIC_REPRESENTATION_CONTEXT() REPRESENTATION_CONTEXT('2D SPACE',''
  ) );
#5399 = PCURVE('',#1006,#5400);
#5400 = DEFINITIONAL_REPRESENTATION('',(#5401),#5405);
#5401 = LINE('',#5402,#5403);
#5402 = CARTESIAN_POINT('',(-0.,0.));
#5403 = VECTOR('',#5404,1.);
#5404 = DIRECTION('',(-0.,1.));
#5405 = ( GEOMETRIC_REPRESENTATION_CONTEXT(2) 
PARAMETRIC_REPRESENTATION_CONTEXT() REPRESENTATION_CONTEXT('2D SPACE',''
  ) );
#5406 = ORIENTED_EDGE('',*,*,#957,.F.);
#5407 = ORIENTED_EDGE('',*,*,#1219,.F.);
#5408 = ORIENTED_EDGE('',*,*,#5409,.F.);
#5409 = EDGE_CURVE('',#5364,#1174,#5410,.T.);
#5410 = SURFACE_CURVE('',#5411,(#5415,#5422),.PCURVE_S1.);
#5411 = LINE('',#5412,#5413);
#5412 = CARTESIAN_POINT('',(-5.381481176278,-11.19999995,-21.3));
#5413 = VECTOR('',#5414,1.);
#5414 = DIRECTION('',(0.,1.,-1.110223024625E-16));
#5415 = PCURVE('',#973,#5416);
#5416 = DEFINITIONAL_REPRESENTATION('',(#5417),#5421);
#5417 = LINE('',#5418,#5419);
#5418 = CARTESIAN_POINT('',(24.8,6.618518873722));
#5419 = VECTOR('',#5420,1.);
#5420 = DIRECTION('',(-1.,0.));
#5421 = ( GEOMETRIC_REPRESENTATION_CONTEXT(2) 
PARAMETRIC_REPRESENTATION_CONTEXT() REPRESENTATION_CONTEXT('2D SPACE',''
  ) );
#5422 = PCURVE('',#1201,#5423);
#5423 = DEFINITIONAL_REPRESENTATION('',(#5424),#5428);
#5424 = LINE('',#5425,#5426);
#5425 = CARTESIAN_POINT('',(-0.,0.));
#5426 = VECTOR('',#5427,1.);
#5427 = DIRECTION('',(-0.,1.));
#5428 = ( GEOMETRIC_REPRESENTATION_CONTEXT(2) 
PARAMETRIC_REPRESENTATION_CONTEXT() REPRESENTATION_CONTEXT('2D SPACE',''
  ) );
#5429 = ADVANCED_FACE('',(#5430),#1006,.T.);
#5430 = FACE_BOUND('',#5431,.F.);
#5431 = EDGE_LOOP('',(#5432,#5433,#5434,#5435,#5436,#5464,#5487));
#5432 = ORIENTED_EDGE('',*,*,#5386,.F.);
#5433 = ORIENTED_EDGE('',*,*,#985,.T.);
#5434 = ORIENTED_EDGE('',*,*,#1791,.T.);
#5435 = ORIENTED_EDGE('',*,*,#1997,.T.);
#5436 = ORIENTED_EDGE('',*,*,#5437,.F.);
#5437 = EDGE_CURVE('',#5438,#1998,#5440,.T.);
#5438 = VERTEX_POINT('',#5439);
#5439 = CARTESIAN_POINT('',(0.134902052748,-11.19999995,-21.32));
#5440 = SURFACE_CURVE('',#5441,(#5446,#5453),.PCURVE_S1.);
#5441 = CIRCLE('',#5442,0.8);
#5442 = AXIS2_PLACEMENT_3D('',#5443,#5444,#5445);
#5443 = CARTESIAN_POINT('',(-4.286183559846E-02,-11.19999995,-22.1));
#5444 = DIRECTION('',(0.,1.,-1.110223024625E-16));
#5445 = DIRECTION('',(0.,-1.110223024625E-16,-1.));
#5446 = PCURVE('',#1006,#5447);
#5447 = DEFINITIONAL_REPRESENTATION('',(#5448),#5452);
#5448 = LINE('',#5449,#5450);
#5449 = CARTESIAN_POINT('',(3.14159265359,18.15));
#5450 = VECTOR('',#5451,1.);
#5451 = DIRECTION('',(-1.,0.));
#5452 = ( GEOMETRIC_REPRESENTATION_CONTEXT(2) 
PARAMETRIC_REPRESENTATION_CONTEXT() REPRESENTATION_CONTEXT('2D SPACE',''
  ) );
#5453 = PCURVE('',#2037,#5454);
#5454 = DEFINITIONAL_REPRESENTATION('',(#5455),#5463);
#5455 = ( BOUNDED_CURVE() B_SPLINE_CURVE(2,(#5456,#5457,#5458,#5459,
#5460,#5461,#5462),.UNSPECIFIED.,.T.,.F.) B_SPLINE_CURVE_WITH_KNOTS((1,2
    ,2,2,2,1),(-2.094395102393,0.,2.094395102393,4.188790204786,
6.28318530718,8.377580409573),.UNSPECIFIED.) CURVE() 
GEOMETRIC_REPRESENTATION_ITEM() RATIONAL_B_SPLINE_CURVE((1.,0.5,1.,0.5,
1.,0.5,1.)) REPRESENTATION_ITEM('') );
#5456 = CARTESIAN_POINT('',(11.957138214402,-1.6));
#5457 = CARTESIAN_POINT('',(10.571497568346,-1.6));
#5458 = CARTESIAN_POINT('',(11.264317891374,-0.4));
#5459 = CARTESIAN_POINT('',(11.957138214402,0.8));
#5460 = CARTESIAN_POINT('',(12.649958537429,-0.4));
#5461 = CARTESIAN_POINT('',(13.342778860457,-1.6));
#5462 = CARTESIAN_POINT('',(11.957138214402,-1.6));
#5463 = ( GEOMETRIC_REPRESENTATION_CONTEXT(2) 
PARAMETRIC_REPRESENTATION_CONTEXT() REPRESENTATION_CONTEXT('2D SPACE',''
  ) );
#5464 = ORIENTED_EDGE('',*,*,#5465,.F.);
#5465 = EDGE_CURVE('',#5466,#5438,#5468,.T.);
#5466 = VERTEX_POINT('',#5467);
#5467 = CARTESIAN_POINT('',(0.134902052748,-10.37999995,-21.32));
#5468 = SURFACE_CURVE('',#5469,(#5473,#5480),.PCURVE_S1.);
#5469 = LINE('',#5470,#5471);
#5470 = CARTESIAN_POINT('',(0.134902052748,6.95000005,-21.32));
#5471 = VECTOR('',#5472,1.);
#5472 = DIRECTION('',(0.,-1.,1.110223024625E-16));
#5473 = PCURVE('',#1006,#5474);
#5474 = DEFINITIONAL_REPRESENTATION('',(#5475),#5479);
#5475 = LINE('',#5476,#5477);
#5476 = CARTESIAN_POINT('',(-0.224075285302,0.));
#5477 = VECTOR('',#5478,1.);
#5478 = DIRECTION('',(-0.,1.));
#5479 = ( GEOMETRIC_REPRESENTATION_CONTEXT(2) 
PARAMETRIC_REPRESENTATION_CONTEXT() REPRESENTATION_CONTEXT('2D SPACE',''
  ) );
#5480 = PCURVE('',#2065,#5481);
#5481 = DEFINITIONAL_REPRESENTATION('',(#5482),#5486);
#5482 = LINE('',#5483,#5484);
#5483 = CARTESIAN_POINT('',(17.33,12.134902102748));
#5484 = VECTOR('',#5485,1.);
#5485 = DIRECTION('',(-1.,0.));
#5486 = ( GEOMETRIC_REPRESENTATION_CONTEXT(2) 
PARAMETRIC_REPRESENTATION_CONTEXT() REPRESENTATION_CONTEXT('2D SPACE',''
  ) );
#5487 = ORIENTED_EDGE('',*,*,#5488,.T.);
#5488 = EDGE_CURVE('',#5466,#5362,#5489,.T.);
#5489 = SURFACE_CURVE('',#5490,(#5495,#5502),.PCURVE_S1.);
#5490 = CIRCLE('',#5491,0.8);
#5491 = AXIS2_PLACEMENT_3D('',#5492,#5493,#5494);
#5492 = CARTESIAN_POINT('',(-4.286183559846E-02,-10.37999995,-22.1));
#5493 = DIRECTION('',(0.,-1.,1.110223024625E-16));
#5494 = DIRECTION('',(0.,1.110223024625E-16,1.));
#5495 = PCURVE('',#1006,#5496);
#5496 = DEFINITIONAL_REPRESENTATION('',(#5497),#5501);
#5497 = LINE('',#5498,#5499);
#5498 = CARTESIAN_POINT('',(-6.28318530718,17.33));
#5499 = VECTOR('',#5500,1.);
#5500 = DIRECTION('',(1.,-0.));
#5501 = ( GEOMETRIC_REPRESENTATION_CONTEXT(2) 
PARAMETRIC_REPRESENTATION_CONTEXT() REPRESENTATION_CONTEXT('2D SPACE',''
  ) );
#5502 = PCURVE('',#2094,#5503);
#5503 = DEFINITIONAL_REPRESENTATION('',(#5504),#5508);
#5504 = CIRCLE('',#5505,0.8);
#5505 = AXIS2_PLACEMENT_2D('',#5506,#5507);
#5506 = CARTESIAN_POINT('',(-11.9571382144,1.6));
#5507 = DIRECTION('',(-0.,-1.));
#5508 = ( GEOMETRIC_REPRESENTATION_CONTEXT(2) 
PARAMETRIC_REPRESENTATION_CONTEXT() REPRESENTATION_CONTEXT('2D SPACE',''
  ) );
#5509 = ADVANCED_FACE('',(#5510),#1201,.T.);
#5510 = FACE_BOUND('',#5511,.F.);
#5511 = EDGE_LOOP('',(#5512,#5537,#5559,#5560,#5561,#5562));
#5512 = ORIENTED_EDGE('',*,*,#5513,.F.);
#5513 = EDGE_CURVE('',#5514,#5516,#5518,.T.);
#5514 = VERTEX_POINT('',#5515);
#5515 = CARTESIAN_POINT('',(-5.468659155149,-11.19999995,-21.32));
#5516 = VERTEX_POINT('',#5517);
#5517 = CARTESIAN_POINT('',(-5.468659155148,-10.37999995,-21.32));
#5518 = SURFACE_CURVE('',#5519,(#5523,#5530),.PCURVE_S1.);
#5519 = LINE('',#5520,#5521);
#5520 = CARTESIAN_POINT('',(-5.468659155149,-11.19999995,-21.32));
#5521 = VECTOR('',#5522,1.);
#5522 = DIRECTION('',(0.,1.,-1.110223024625E-16));
#5523 = PCURVE('',#1201,#5524);
#5524 = DEFINITIONAL_REPRESENTATION('',(#5525),#5529);
#5525 = LINE('',#5526,#5527);
#5526 = CARTESIAN_POINT('',(-0.451026811796,0.));
#5527 = VECTOR('',#5528,1.);
#5528 = DIRECTION('',(-0.,1.));
#5529 = ( GEOMETRIC_REPRESENTATION_CONTEXT(2) 
PARAMETRIC_REPRESENTATION_CONTEXT() REPRESENTATION_CONTEXT('2D SPACE',''
  ) );
#5530 = PCURVE('',#4746,#5531);
#5531 = DEFINITIONAL_REPRESENTATION('',(#5532),#5536);
#5532 = LINE('',#5533,#5534);
#5533 = CARTESIAN_POINT('',(-0.82,6.531340894851));
#5534 = VECTOR('',#5535,1.);
#5535 = DIRECTION('',(1.,-0.));
#5536 = ( GEOMETRIC_REPRESENTATION_CONTEXT(2) 
PARAMETRIC_REPRESENTATION_CONTEXT() REPRESENTATION_CONTEXT('2D SPACE',''
  ) );
#5537 = ORIENTED_EDGE('',*,*,#5538,.T.);
#5538 = EDGE_CURVE('',#5514,#4759,#5539,.T.);
#5539 = SURFACE_CURVE('',#5540,(#5545,#5552),.PCURVE_S1.);
#5540 = CIRCLE('',#5541,0.2);
#5541 = AXIS2_PLACEMENT_3D('',#5542,#5543,#5544);
#5542 = CARTESIAN_POINT('',(-5.381481176278,-11.19999995,-21.5));
#5543 = DIRECTION('',(0.,-1.,1.110223024625E-16));
#5544 = DIRECTION('',(0.,1.110223024625E-16,1.));
#5545 = PCURVE('',#1201,#5546);
#5546 = DEFINITIONAL_REPRESENTATION('',(#5547),#5551);
#5547 = LINE('',#5548,#5549);
#5548 = CARTESIAN_POINT('',(-0.,0.));
#5549 = VECTOR('',#5550,1.);
#5550 = DIRECTION('',(-1.,0.));
#5551 = ( GEOMETRIC_REPRESENTATION_CONTEXT(2) 
PARAMETRIC_REPRESENTATION_CONTEXT() REPRESENTATION_CONTEXT('2D SPACE',''
  ) );
#5552 = PCURVE('',#4775,#5553);
#5553 = DEFINITIONAL_REPRESENTATION('',(#5554),#5558);
#5554 = CIRCLE('',#5555,0.2);
#5555 = AXIS2_PLACEMENT_2D('',#5556,#5557);
#5556 = CARTESIAN_POINT('',(6.618518873722,-0.2));
#5557 = DIRECTION('',(0.,1.));
#5558 = ( GEOMETRIC_REPRESENTATION_CONTEXT(2) 
PARAMETRIC_REPRESENTATION_CONTEXT() REPRESENTATION_CONTEXT('2D SPACE',''
  ) );
#5559 = ORIENTED_EDGE('',*,*,#4791,.T.);
#5560 = ORIENTED_EDGE('',*,*,#1173,.F.);
#5561 = ORIENTED_EDGE('',*,*,#5409,.F.);
#5562 = ORIENTED_EDGE('',*,*,#5563,.F.);
#5563 = EDGE_CURVE('',#5516,#5364,#5564,.T.);
#5564 = SURFACE_CURVE('',#5565,(#5570,#5577),.PCURVE_S1.);
#5565 = CIRCLE('',#5566,0.2);
#5566 = AXIS2_PLACEMENT_3D('',#5567,#5568,#5569);
#5567 = CARTESIAN_POINT('',(-5.381481176278,-10.37999995,-21.5));
#5568 = DIRECTION('',(0.,1.,-1.110223024625E-16));
#5569 = DIRECTION('',(0.,1.110223024625E-16,1.));
#5570 = PCURVE('',#1201,#5571);
#5571 = DEFINITIONAL_REPRESENTATION('',(#5572),#5576);
#5572 = LINE('',#5573,#5574);
#5573 = CARTESIAN_POINT('',(-6.28318530718,0.82));
#5574 = VECTOR('',#5575,1.);
#5575 = DIRECTION('',(1.,-0.));
#5576 = ( GEOMETRIC_REPRESENTATION_CONTEXT(2) 
PARAMETRIC_REPRESENTATION_CONTEXT() REPRESENTATION_CONTEXT('2D SPACE',''
  ) );
#5577 = PCURVE('',#2094,#5578);
#5578 = DEFINITIONAL_REPRESENTATION('',(#5579),#5587);
#5579 = ( BOUNDED_CURVE() B_SPLINE_CURVE(2,(#5580,#5581,#5582,#5583,
#5584,#5585,#5586),.UNSPECIFIED.,.T.,.F.) B_SPLINE_CURVE_WITH_KNOTS((1,2
    ,2,2,2,1),(-2.094395102393,0.,2.094395102393,4.188790204786,
6.28318530718,8.377580409573),.UNSPECIFIED.) CURVE() 
GEOMETRIC_REPRESENTATION_ITEM() RATIONAL_B_SPLINE_CURVE((1.,0.5,1.,0.5,
1.,0.5,1.)) REPRESENTATION_ITEM('') );
#5580 = CARTESIAN_POINT('',(-6.618518873722,0.8));
#5581 = CARTESIAN_POINT('',(-6.964929035235,0.8));
#5582 = CARTESIAN_POINT('',(-6.791723954479,1.1));
#5583 = CARTESIAN_POINT('',(-6.618518873722,1.4));
#5584 = CARTESIAN_POINT('',(-6.445313792965,1.1));
#5585 = CARTESIAN_POINT('',(-6.272108712208,0.8));
#5586 = CARTESIAN_POINT('',(-6.618518873722,0.8));
#5587 = ( GEOMETRIC_REPRESENTATION_CONTEXT(2) 
PARAMETRIC_REPRESENTATION_CONTEXT() REPRESENTATION_CONTEXT('2D SPACE',''
  ) );
#5588 = ADVANCED_FACE('',(#5589),#1490,.F.);
#5589 = FACE_BOUND('',#5590,.T.);
#5590 = EDGE_LOOP('',(#5591,#5621,#5643,#5644,#5645,#5673));
#5591 = ORIENTED_EDGE('',*,*,#5592,.F.);
#5592 = EDGE_CURVE('',#5593,#5595,#5597,.T.);
#5593 = VERTEX_POINT('',#5594);
#5594 = CARTESIAN_POINT('',(-4.985739836586,7.40000005,21.299999999999)
  );
#5595 = VERTEX_POINT('',#5596);
#5596 = CARTESIAN_POINT('',(-4.286183559846E-02,7.40000005,
    21.299999999999));
#5597 = SURFACE_CURVE('',#5598,(#5602,#5609),.PCURVE_S1.);
#5598 = LINE('',#5599,#5600);
#5599 = CARTESIAN_POINT('',(-28.00000005,7.40000005,21.299999999999));
#5600 = VECTOR('',#5601,1.);
#5601 = DIRECTION('',(1.,0.,0.));
#5602 = PCURVE('',#1490,#5603);
#5603 = DEFINITIONAL_REPRESENTATION('',(#5604),#5608);
#5604 = LINE('',#5605,#5606);
#5605 = CARTESIAN_POINT('',(16.,21.3));
#5606 = VECTOR('',#5607,1.);
#5607 = DIRECTION('',(1.,-0.));
#5608 = ( GEOMETRIC_REPRESENTATION_CONTEXT(2) 
PARAMETRIC_REPRESENTATION_CONTEXT() REPRESENTATION_CONTEXT('2D SPACE',''
  ) );
#5609 = PCURVE('',#5610,#5615);
#5610 = PLANE('',#5611);
#5611 = AXIS2_PLACEMENT_3D('',#5612,#5613,#5614);
#5612 = CARTESIAN_POINT('',(-12.00000005,13.60000005,21.299999999999));
#5613 = DIRECTION('',(0.,1.110223024625E-16,1.));
#5614 = DIRECTION('',(0.,-1.,1.110223024625E-16));
#5615 = DEFINITIONAL_REPRESENTATION('',(#5616),#5620);
#5616 = LINE('',#5617,#5618);
#5617 = CARTESIAN_POINT('',(6.2,-16.));
#5618 = VECTOR('',#5619,1.);
#5619 = DIRECTION('',(0.,1.));
#5620 = ( GEOMETRIC_REPRESENTATION_CONTEXT(2) 
PARAMETRIC_REPRESENTATION_CONTEXT() REPRESENTATION_CONTEXT('2D SPACE',''
  ) );
#5621 = ORIENTED_EDGE('',*,*,#5622,.T.);
#5622 = EDGE_CURVE('',#5593,#1475,#5623,.T.);
#5623 = SURFACE_CURVE('',#5624,(#5629,#5636),.PCURVE_S1.);
#5624 = CIRCLE('',#5625,44.45);
#5625 = AXIS2_PLACEMENT_3D('',#5626,#5627,#5628);
#5626 = CARTESIAN_POINT('',(-44.00000005,7.40000005,-1.468669630361E-12)
  );
#5627 = DIRECTION('',(0.,-1.,1.110223024625E-16));
#5628 = DIRECTION('',(0.867765453369,-5.51751934172E-17,-0.496973961028)
  );
#5629 = PCURVE('',#1490,#5630);
#5630 = DEFINITIONAL_REPRESENTATION('',(#5631),#5635);
#5631 = CIRCLE('',#5632,44.45);
#5632 = AXIS2_PLACEMENT_2D('',#5633,#5634);
#5633 = CARTESIAN_POINT('',(0.,0.));
#5634 = DIRECTION('',(0.867765453369,-0.496973961028));
#5635 = ( GEOMETRIC_REPRESENTATION_CONTEXT(2) 
PARAMETRIC_REPRESENTATION_CONTEXT() REPRESENTATION_CONTEXT('2D SPACE',''
  ) );
#5636 = PCURVE('',#1563,#5637);
#5637 = DEFINITIONAL_REPRESENTATION('',(#5638),#5642);
#5638 = LINE('',#5639,#5640);
#5639 = CARTESIAN_POINT('',(-5.763077190085,6.28318530718));
#5640 = VECTOR('',#5641,1.);
#5641 = DIRECTION('',(-1.,0.));
#5642 = ( GEOMETRIC_REPRESENTATION_CONTEXT(2) 
PARAMETRIC_REPRESENTATION_CONTEXT() REPRESENTATION_CONTEXT('2D SPACE',''
  ) );
#5643 = ORIENTED_EDGE('',*,*,#1472,.F.);
#5644 = ORIENTED_EDGE('',*,*,#1578,.T.);
#5645 = ORIENTED_EDGE('',*,*,#5646,.T.);
#5646 = EDGE_CURVE('',#1579,#5647,#5649,.T.);
#5647 = VERTEX_POINT('',#5648);
#5648 = CARTESIAN_POINT('',(0.58941515007,7.40000005,21.609871635798));
#5649 = SURFACE_CURVE('',#5650,(#5655,#5666),.PCURVE_S1.);
#5650 = CIRCLE('',#5651,49.55);
#5651 = AXIS2_PLACEMENT_3D('',#5652,#5653,#5654);
#5652 = CARTESIAN_POINT('',(-44.00000005,7.40000005,-1.468669630361E-12)
  );
#5653 = DIRECTION('',(0.,1.,-1.110223024625E-16));
#5654 = DIRECTION('',(0.867765453369,5.51751934172E-17,0.496973961028));
#5655 = PCURVE('',#1490,#5656);
#5656 = DEFINITIONAL_REPRESENTATION('',(#5657),#5665);
#5657 = ( BOUNDED_CURVE() B_SPLINE_CURVE(2,(#5658,#5659,#5660,#5661,
#5662,#5663,#5664),.UNSPECIFIED.,.T.,.F.) B_SPLINE_CURVE_WITH_KNOTS((1,2
    ,2,2,2,1),(-2.094395102393,0.,2.094395102393,4.188790204786,
6.28318530718,8.377580409573),.UNSPECIFIED.) CURVE() 
GEOMETRIC_REPRESENTATION_ITEM() RATIONAL_B_SPLINE_CURVE((1.,0.5,1.,0.5,
1.,0.5,1.)) REPRESENTATION_ITEM('') );
#5658 = CARTESIAN_POINT('',(42.99777821443,24.625059768915));
#5659 = CARTESIAN_POINT('',(85.649632873612,-49.84927671105));
#5660 = CARTESIAN_POINT('',(-0.172961777624,-49.54969812444));
#5661 = CARTESIAN_POINT('',(-85.99555642886,-49.25011953783));
#5662 = CARTESIAN_POINT('',(-42.8248164368,24.924638355528));
#5663 = CARTESIAN_POINT('',(0.345923555249,99.099396248887));
#5664 = CARTESIAN_POINT('',(42.99777821443,24.625059768915));
#5665 = ( GEOMETRIC_REPRESENTATION_CONTEXT(2) 
PARAMETRIC_REPRESENTATION_CONTEXT() REPRESENTATION_CONTEXT('2D SPACE',''
  ) );
#5666 = PCURVE('',#1710,#5667);
#5667 = DEFINITIONAL_REPRESENTATION('',(#5668),#5672);
#5668 = LINE('',#5669,#5670);
#5669 = CARTESIAN_POINT('',(-6.803293424274,3.14159265359));
#5670 = VECTOR('',#5671,1.);
#5671 = DIRECTION('',(1.,-0.));
#5672 = ( GEOMETRIC_REPRESENTATION_CONTEXT(2) 
PARAMETRIC_REPRESENTATION_CONTEXT() REPRESENTATION_CONTEXT('2D SPACE',''
  ) );
#5673 = ORIENTED_EDGE('',*,*,#5674,.F.);
#5674 = EDGE_CURVE('',#5595,#5647,#5675,.T.);
#5675 = SURFACE_CURVE('',#5676,(#5681,#5688),.PCURVE_S1.);
#5676 = CIRCLE('',#5677,0.8);
#5677 = AXIS2_PLACEMENT_3D('',#5678,#5679,#5680);
#5678 = CARTESIAN_POINT('',(-4.286183559846E-02,7.40000005,
    22.099999999999));
#5679 = DIRECTION('',(0.,-1.,1.110223024625E-16));
#5680 = DIRECTION('',(0.,-1.110223024625E-16,-1.));
#5681 = PCURVE('',#1490,#5682);
#5682 = DEFINITIONAL_REPRESENTATION('',(#5683),#5687);
#5683 = CIRCLE('',#5684,0.8);
#5684 = AXIS2_PLACEMENT_2D('',#5685,#5686);
#5685 = CARTESIAN_POINT('',(43.957138214402,22.1));
#5686 = DIRECTION('',(-0.,-1.));
#5687 = ( GEOMETRIC_REPRESENTATION_CONTEXT(2) 
PARAMETRIC_REPRESENTATION_CONTEXT() REPRESENTATION_CONTEXT('2D SPACE',''
  ) );
#5688 = PCURVE('',#3621,#5689);
#5689 = DEFINITIONAL_REPRESENTATION('',(#5690),#5694);
#5690 = LINE('',#5691,#5692);
#5691 = CARTESIAN_POINT('',(0.,-0.45));
#5692 = VECTOR('',#5693,1.);
#5693 = DIRECTION('',(1.,0.));
#5694 = ( GEOMETRIC_REPRESENTATION_CONTEXT(2) 
PARAMETRIC_REPRESENTATION_CONTEXT() REPRESENTATION_CONTEXT('2D SPACE',''
  ) );
#5695 = ADVANCED_FACE('',(#5696),#1563,.F.);
#5696 = FACE_BOUND('',#5697,.T.);
#5697 = EDGE_LOOP('',(#5698,#5790,#5791,#5792,#5793,#5794));
#5698 = ORIENTED_EDGE('',*,*,#5699,.F.);
#5699 = EDGE_CURVE('',#4817,#5700,#5702,.T.);
#5700 = VERTEX_POINT('',#5701);
#5701 = CARTESIAN_POINT('',(-5.381481176278,6.961960774452,
    21.299999999999));
#5702 = SURFACE_CURVE('',#5703,(#5730,#5760),.PCURVE_S1.);
#5703 = B_SPLINE_CURVE_WITH_KNOTS('',7,(#5704,#5705,#5706,#5707,#5708,
    #5709,#5710,#5711,#5712,#5713,#5714,#5715,#5716,#5717,#5718,#5719,
    #5720,#5721,#5722,#5723,#5724,#5725,#5726,#5727,#5728,#5729),
  .UNSPECIFIED.,.F.,.F.,(8,6,6,6,8),(0.,0.88983099014,0.945747478638,
    0.971371150797,1.),.UNSPECIFIED.);
#5704 = CARTESIAN_POINT('',(-5.556225605571,6.95000005,21.402714932125)
  );
#5705 = CARTESIAN_POINT('',(-5.542689191233,6.95000005,21.378400686888)
  );
#5706 = CARTESIAN_POINT('',(-5.525205574962,6.950000634741,
    21.356282995507));
#5707 = CARTESIAN_POINT('',(-5.504300859715,6.949997903525,
    21.337311011386));
#5708 = CARTESIAN_POINT('',(-5.480825721455,6.950292459766,
    21.322150922558));
#5709 = CARTESIAN_POINT('',(-5.455704840324,6.951437146042,
    21.311092062214));
#5710 = CARTESIAN_POINT('',(-5.429790657194,6.953872544013,
    21.304171455786));
#5711 = CARTESIAN_POINT('',(-5.402195630403,6.958183538331,
    21.301068838699));
#5712 = CARTESIAN_POINT('',(-5.40056382192,6.958444833057,
    21.300901191203));
#5713 = CARTESIAN_POINT('',(-5.398931916769,6.958712621747,
    21.300749304198));
#5714 = CARTESIAN_POINT('',(-5.397300093439,6.958986985466,
    21.300613143865));
#5715 = CARTESIAN_POINT('',(-5.395668528804,6.959268003359,
    21.300492674085));
#5716 = CARTESIAN_POINT('',(-5.394037398117,6.959555752648,
    21.300387856439));
#5717 = CARTESIAN_POINT('',(-5.391659689515,6.959985288607,
    21.30025777155));
#5718 = CARTESIAN_POINT('',(-5.390914637213,6.960121335607,
    21.300220280873));
#5719 = CARTESIAN_POINT('',(-5.390171699782,6.960258449177,
    21.300186140806));
#5720 = CARTESIAN_POINT('',(-5.389430859443,6.960396628851,
    21.300155314963));
#5721 = CARTESIAN_POINT('',(-5.388692098968,6.960535874161,
    21.30012776795));
#5722 = CARTESIAN_POINT('',(-5.387955401676,6.96067618463,
    21.300103465358));
#5723 = CARTESIAN_POINT('',(-5.386399940478,6.960975515585,
    21.300058808533));
#5724 = CARTESIAN_POINT('',(-5.385579378973,6.961135244294,
    21.300039185523));
#5725 = CARTESIAN_POINT('',(-5.384759095223,6.961296753672,
    21.30002349906));
#5726 = CARTESIAN_POINT('',(-5.383939113886,6.961460052123,
    21.30001174332));
#5727 = CARTESIAN_POINT('',(-5.383119455976,6.961625148698,
    21.300003912332));
#5728 = CARTESIAN_POINT('',(-5.382300138865,6.961792053084,
    21.299999999979));
#5729 = CARTESIAN_POINT('',(-5.381481176278,6.961960775613,
    21.299999999999));
#5730 = PCURVE('',#1563,#5731);
#5731 = DEFINITIONAL_REPRESENTATION('',(#5732),#5759);
#5732 = B_SPLINE_CURVE_WITH_KNOTS('',7,(#5733,#5734,#5735,#5736,#5737,
    #5738,#5739,#5740,#5741,#5742,#5743,#5744,#5745,#5746,#5747,#5748,
    #5749,#5750,#5751,#5752,#5753,#5754,#5755,#5756,#5757,#5758),
  .UNSPECIFIED.,.F.,.F.,(8,6,6,6,8),(0.,0.88983099014,0.945747478638,
    0.971371150797,1.),.UNSPECIFIED.);
#5733 = CARTESIAN_POINT('',(-6.791179077144,4.712388980385));
#5734 = CARTESIAN_POINT('',(-6.790546614656,4.712388980385));
#5735 = CARTESIAN_POINT('',(-6.78991413331,4.722472309007));
#5736 = CARTESIAN_POINT('',(-6.789306568524,4.74264712697));
#5737 = CARTESIAN_POINT('',(-6.788746834075,4.771960286192));
#5738 = CARTESIAN_POINT('',(-6.788250991385,4.808926300556));
#5739 = CARTESIAN_POINT('',(-6.787829121648,4.852154846867));
#5740 = CARTESIAN_POINT('',(-6.787465040711,4.903414925021));
#5741 = CARTESIAN_POINT('',(-6.787443826869,4.906465533851));
#5742 = CARTESIAN_POINT('',(-6.787422926474,4.90953574421));
#5743 = CARTESIAN_POINT('',(-6.787402340785,4.91262525842));
#5744 = CARTESIAN_POINT('',(-6.787382070999,4.915733781358));
#5745 = CARTESIAN_POINT('',(-6.787362118243,4.918861020454));
#5746 = CARTESIAN_POINT('',(-6.787333486021,4.92344818348));
#5747 = CARTESIAN_POINT('',(-6.787324579408,4.924889681292));
#5748 = CARTESIAN_POINT('',(-6.787315762794,4.926331179115));
#5749 = CARTESIAN_POINT('',(-6.787307035258,4.927772676938));
#5750 = CARTESIAN_POINT('',(-6.787298395902,4.929214174751));
#5751 = CARTESIAN_POINT('',(-6.787289843855,4.930655672545));
#5752 = CARTESIAN_POINT('',(-6.787271919832,4.933707728781));
#5753 = CARTESIAN_POINT('',(-6.787262541817,4.935322750852));
#5754 = CARTESIAN_POINT('',(-6.787253245845,4.93694227984));
#5755 = CARTESIAN_POINT('',(-6.787244032707,4.938566315079));
#5756 = CARTESIAN_POINT('',(-6.787234902361,4.940194811925));
#5757 = CARTESIAN_POINT('',(-6.787225853931,4.941827681748));
#5758 = CARTESIAN_POINT('',(-6.787216885713,4.943464791942));
#5759 = ( GEOMETRIC_REPRESENTATION_CONTEXT(2) 
PARAMETRIC_REPRESENTATION_CONTEXT() REPRESENTATION_CONTEXT('2D SPACE',''
  ) );
#5760 = PCURVE('',#4856,#5761);
#5761 = DEFINITIONAL_REPRESENTATION('',(#5762),#5789);
#5762 = B_SPLINE_CURVE_WITH_KNOTS('',7,(#5763,#5764,#5765,#5766,#5767,
    #5768,#5769,#5770,#5771,#5772,#5773,#5774,#5775,#5776,#5777,#5778,
    #5779,#5780,#5781,#5782,#5783,#5784,#5785,#5786,#5787,#5788),
  .UNSPECIFIED.,.F.,.F.,(8,6,6,6,8),(0.,0.88983099014,0.945747478638,
    0.971371150797,1.),.UNSPECIFIED.);
#5763 = CARTESIAN_POINT('',(0.,18.15));
#5764 = CARTESIAN_POINT('',(-0.139141747384,18.15));
#5765 = CARTESIAN_POINT('',(-0.278287751905,18.150000584741));
#5766 = CARTESIAN_POINT('',(-0.416411273549,18.149997853525));
#5767 = CARTESIAN_POINT('',(-0.552938476861,18.150292409766));
#5768 = CARTESIAN_POINT('',(-0.687578016285,18.151437096042));
#5769 = CARTESIAN_POINT('',(-0.820203412163,18.153872494013));
#5770 = CARTESIAN_POINT('',(-0.959047905784,18.158183488331));
#5771 = CARTESIAN_POINT('',(-0.967249517398,18.158444783057));
#5772 = CARTESIAN_POINT('',(-0.975443708378,18.158712571747));
#5773 = CARTESIAN_POINT('',(-0.983630506889,18.158986935466));
#5774 = CARTESIAN_POINT('',(-0.991809942848,18.159267953359));
#5775 = CARTESIAN_POINT('',(-0.999982047925,18.159555702648));
#5776 = CARTESIAN_POINT('',(-1.011888370061,18.159985238607));
#5777 = CARTESIAN_POINT('',(-1.01561830918,18.160121285607));
#5778 = CARTESIAN_POINT('',(-1.019336860002,18.160258399177));
#5779 = CARTESIAN_POINT('',(-1.023044204431,18.160396578851));
#5780 = CARTESIAN_POINT('',(-1.026740519178,18.160535824161));
#5781 = CARTESIAN_POINT('',(-1.030425975752,18.16067613463));
#5782 = CARTESIAN_POINT('',(-1.038206486289,18.160975465585));
#5783 = CARTESIAN_POINT('',(-1.042310419695,18.161135194294));
#5784 = CARTESIAN_POINT('',(-1.04641251309,18.161296703672));
#5785 = CARTESIAN_POINT('',(-1.050512756654,18.161460002123));
#5786 = CARTESIAN_POINT('',(-1.054611158344,18.161625098698));
#5787 = CARTESIAN_POINT('',(-1.058707743899,18.161792003084));
#5788 = CARTESIAN_POINT('',(-1.06280255683,18.161960725613));
#5789 = ( GEOMETRIC_REPRESENTATION_CONTEXT(2) 
PARAMETRIC_REPRESENTATION_CONTEXT() REPRESENTATION_CONTEXT('2D SPACE',''
  ) );
#5790 = ORIENTED_EDGE('',*,*,#4816,.T.);
#5791 = ORIENTED_EDGE('',*,*,#3638,.T.);
#5792 = ORIENTED_EDGE('',*,*,#1548,.F.);
#5793 = ORIENTED_EDGE('',*,*,#5622,.F.);
#5794 = ORIENTED_EDGE('',*,*,#5795,.F.);
#5795 = EDGE_CURVE('',#5700,#5593,#5796,.T.);
#5796 = SURFACE_CURVE('',#5797,(#5816,#5838),.PCURVE_S1.);
#5797 = B_SPLINE_CURVE_WITH_KNOTS('',5,(#5798,#5799,#5800,#5801,#5802,
    #5803,#5804,#5805,#5806,#5807,#5808,#5809,#5810,#5811,#5812,#5813,
    #5814,#5815),.UNSPECIFIED.,.F.,.F.,(6,4,4,4,6),(0.,0.252830329819,
    0.502983536833,0.751819295234,1.),.UNSPECIFIED.);
#5798 = CARTESIAN_POINT('',(-5.499220837106,6.95000005,21.299999999999)
  );
#5799 = CARTESIAN_POINT('',(-5.458883887475,6.95000005,21.299999999999)
  );
#5800 = CARTESIAN_POINT('',(-5.418556839832,6.953460561995,
    21.299999999999));
#5801 = CARTESIAN_POINT('',(-5.378730756038,6.960382288033,
    21.299999999999));
#5802 = CARTESIAN_POINT('',(-5.339898059128,6.970695564938,
    21.299999999999));
#5803 = CARTESIAN_POINT('',(-5.265564527173,6.997669388703,
    21.299999999999));
#5804 = CARTESIAN_POINT('',(-5.230032665055,7.014261583184,
    21.299999999999));
#5805 = CARTESIAN_POINT('',(-5.19639790324,7.033888981716,
    21.299999999999));
#5806 = CARTESIAN_POINT('',(-5.165103515763,7.056335058132,
    21.299999999999));
#5807 = CARTESIAN_POINT('',(-5.108131676315,7.106138586712,
    21.299999999999));
#5808 = CARTESIAN_POINT('',(-5.082424758944,7.133470148244,
    21.299999999999));
#5809 = CARTESIAN_POINT('',(-5.059809039324,7.163004364059,
    21.299999999999));
#5810 = CARTESIAN_POINT('',(-5.040616313923,7.194371628218,
    21.299999999999));
#5811 = CARTESIAN_POINT('',(-5.009584414651,7.259821452121,
    21.299999999999));
#5812 = CARTESIAN_POINT('',(-4.997725141148,7.293898385274,
    21.299999999999));
#5813 = CARTESIAN_POINT('',(-4.989734732081,7.328941245943,
    21.299999999999));
#5814 = CARTESIAN_POINT('',(-4.985739836586,7.364471247068,
    21.299999999999));
#5815 = CARTESIAN_POINT('',(-4.985739836586,7.40000005,21.299999999999)
  );
#5816 = PCURVE('',#1563,#5817);
#5817 = DEFINITIONAL_REPRESENTATION('',(#5818),#5837);
#5818 = B_SPLINE_CURVE_WITH_KNOTS('',5,(#5819,#5820,#5821,#5822,#5823,
    #5824,#5825,#5826,#5827,#5828,#5829,#5830,#5831,#5832,#5833,#5834,
    #5835,#5836),.UNSPECIFIED.,.F.,.F.,(6,4,4,4,6),(0.,0.252830329819,
    0.502983536833,0.751819295234,1.),.UNSPECIFIED.);
#5819 = CARTESIAN_POINT('',(-6.788509235908,4.712388980385));
#5820 = CARTESIAN_POINT('',(-6.788065446121,4.790823525429));
#5821 = CARTESIAN_POINT('',(-6.787622655117,4.86926296173));
#5822 = CARTESIAN_POINT('',(-6.787186262468,4.947757120951));
#5823 = CARTESIAN_POINT('',(-6.786761591793,5.026353443344));
#5824 = CARTESIAN_POINT('',(-6.785950133573,5.182988994363));
#5825 = CARTESIAN_POINT('',(-6.785562991439,5.261025610726));
#5826 = CARTESIAN_POINT('',(-6.785197181793,5.33923076002));
#5827 = CARTESIAN_POINT('',(-6.784857360022,5.417627493931));
#5828 = CARTESIAN_POINT('',(-6.784239506593,5.574391320416));
#5829 = CARTESIAN_POINT('',(-6.783961150906,5.652758391627));
#5830 = CARTESIAN_POINT('',(-6.783716585941,5.731314338989));
#5831 = CARTESIAN_POINT('',(-6.783509229557,5.8100465305));
#5832 = CARTESIAN_POINT('',(-6.783174172058,5.967576729028));
#5833 = CARTESIAN_POINT('',(-6.783046253401,6.046378110722));
#5834 = CARTESIAN_POINT('',(-6.78296011428,6.125276962262));
#5835 = CARTESIAN_POINT('',(-6.782917047383,6.204232411776));
#5836 = CARTESIAN_POINT('',(-6.782917047383,6.28318530718));
#5837 = ( GEOMETRIC_REPRESENTATION_CONTEXT(2) 
PARAMETRIC_REPRESENTATION_CONTEXT() REPRESENTATION_CONTEXT('2D SPACE',''
  ) );
#5838 = PCURVE('',#5610,#5839);
#5839 = DEFINITIONAL_REPRESENTATION('',(#5840),#5859);
#5840 = B_SPLINE_CURVE_WITH_KNOTS('',5,(#5841,#5842,#5843,#5844,#5845,
    #5846,#5847,#5848,#5849,#5850,#5851,#5852,#5853,#5854,#5855,#5856,
    #5857,#5858),.UNSPECIFIED.,.F.,.F.,(6,4,4,4,6),(0.,0.252830329819,
    0.502983536833,0.751819295234,1.),.UNSPECIFIED.);
#5841 = CARTESIAN_POINT('',(6.65,6.500779212894));
#5842 = CARTESIAN_POINT('',(6.65,6.541116162525));
#5843 = CARTESIAN_POINT('',(6.646539488005,6.581443210168));
#5844 = CARTESIAN_POINT('',(6.639617761967,6.621269293962));
#5845 = CARTESIAN_POINT('',(6.629304485062,6.660101990872));
#5846 = CARTESIAN_POINT('',(6.602330661297,6.734435522827));
#5847 = CARTESIAN_POINT('',(6.585738466816,6.769967384945));
#5848 = CARTESIAN_POINT('',(6.566111068284,6.80360214676));
#5849 = CARTESIAN_POINT('',(6.543664991868,6.834896534237));
#5850 = CARTESIAN_POINT('',(6.493861463288,6.891868373685));
#5851 = CARTESIAN_POINT('',(6.466529901756,6.917575291056));
#5852 = CARTESIAN_POINT('',(6.436995685941,6.940191010676));
#5853 = CARTESIAN_POINT('',(6.405628421782,6.959383736077));
#5854 = CARTESIAN_POINT('',(6.340178597879,6.990415635349));
#5855 = CARTESIAN_POINT('',(6.306101664726,7.002274908852));
#5856 = CARTESIAN_POINT('',(6.271058804057,7.010265317919));
#5857 = CARTESIAN_POINT('',(6.235528802932,7.014260213414));
#5858 = CARTESIAN_POINT('',(6.2,7.014260213414));
#5859 = ( GEOMETRIC_REPRESENTATION_CONTEXT(2) 
PARAMETRIC_REPRESENTATION_CONTEXT() REPRESENTATION_CONTEXT('2D SPACE',''
  ) );
#5860 = ADVANCED_FACE('',(#5861),#1710,.F.);
#5861 = FACE_BOUND('',#5862,.T.);
#5862 = EDGE_LOOP('',(#5863,#5864,#5865,#5866));
#5863 = ORIENTED_EDGE('',*,*,#5646,.F.);
#5864 = ORIENTED_EDGE('',*,*,#1606,.T.);
#5865 = ORIENTED_EDGE('',*,*,#1969,.T.);
#5866 = ORIENTED_EDGE('',*,*,#5867,.F.);
#5867 = EDGE_CURVE('',#5647,#1970,#5868,.T.);
#5868 = SURFACE_CURVE('',#5869,(#5920,#5974),.PCURVE_S1.);
#5869 = B_SPLINE_CURVE_WITH_KNOTS('',7,(#5870,#5871,#5872,#5873,#5874,
    #5875,#5876,#5877,#5878,#5879,#5880,#5881,#5882,#5883,#5884,#5885,
    #5886,#5887,#5888,#5889,#5890,#5891,#5892,#5893,#5894,#5895,#5896,
    #5897,#5898,#5899,#5900,#5901,#5902,#5903,#5904,#5905,#5906,#5907,
    #5908,#5909,#5910,#5911,#5912,#5913,#5914,#5915,#5916,#5917,#5918,
    #5919),.UNSPECIFIED.,.F.,.F.,(8,6,6,6,6,6,6,6,8),(0.,0.187084555355,
    0.364631399557,0.436754230111,0.547430158766,0.672714879014,
    0.761702269772,0.8440059391,1.),.UNSPECIFIED.);
#5870 = CARTESIAN_POINT('',(0.622002153135,7.604295774883,
    21.655077673647));
#5871 = CARTESIAN_POINT('',(0.613229240559,7.577572251032,
    21.641967983928));
#5872 = CARTESIAN_POINT('',(0.60554422359,7.549587567402,21.631136416222
    ));
#5873 = CARTESIAN_POINT('',(0.599169532068,7.52055847046,21.622543515428
    ));
#5874 = CARTESIAN_POINT('',(0.594280042253,7.490729377632,
    21.616145854672));
#5875 = CARTESIAN_POINT('',(0.590995064847,7.460362650335,
    21.611909807878));
#5876 = CARTESIAN_POINT('',(0.589374014595,7.429729706514,
    21.609818569941));
#5877 = CARTESIAN_POINT('',(0.589455380051,7.37003761276,21.609923533542
    ));
#5878 = CARTESIAN_POINT('',(0.590992578083,7.34097696826,21.611906589376
    ));
#5879 = CARTESIAN_POINT('',(0.594026580021,7.312153801694,
    21.615821840313));
#5880 = CARTESIAN_POINT('',(0.598507534546,7.28379993115,21.621683372459
    ));
#5881 = CARTESIAN_POINT('',(0.604337036089,7.256140008458,
    21.629518868717));
#5882 = CARTESIAN_POINT('',(0.611371349674,7.229384698713,
    21.639364352282));
#5883 = CARTESIAN_POINT('',(0.622699831804,7.193299107932,
    21.656083676027));
#5884 = CARTESIAN_POINT('',(0.626140964121,7.183055379233,
    21.661250708102));
#5885 = CARTESIAN_POINT('',(0.62973837521,7.173004847398,21.666757433286
    ));
#5886 = CARTESIAN_POINT('',(0.63347875004,7.1631595512,21.672606098561)
  );
#5887 = CARTESIAN_POINT('',(0.637347819356,7.153530795858,
    21.678798775476));
#5888 = CARTESIAN_POINT('',(0.641330359683,7.144129153039,
    21.685337360146));
#5889 = CARTESIAN_POINT('',(0.651670892921,7.120900802931,
    21.702790796208));
#5890 = CARTESIAN_POINT('',(0.658160824458,7.107394951294,
    21.714176544646));
#5891 = CARTESIAN_POINT('',(0.664821853205,7.094482194781,21.72638660841
    ));
#5892 = CARTESIAN_POINT('',(0.671591272649,7.08219282587,21.73942493745)
  );
#5893 = CARTESIAN_POINT('',(0.67840263463,7.070551484123,21.753293040877
    ));
#5894 = CARTESIAN_POINT('',(0.685186579489,7.059576499617,
    21.767989386007));
#5895 = CARTESIAN_POINT('',(0.699439158351,7.037622774501,
    21.801076710681));
#5896 = CARTESIAN_POINT('',(0.706879949861,7.02683482587,21.819699107935
    ));
#5897 = CARTESIAN_POINT('',(0.714090424994,7.016931775247,21.83936922385
    ));
#5898 = CARTESIAN_POINT('',(0.720963883846,7.007918440118,
    21.860074173136));
#5899 = CARTESIAN_POINT('',(0.727391527333,6.999787574925,
    21.881795200902));
#5900 = CARTESIAN_POINT('',(0.733263442177,6.992519375296,
    21.904507933038));
#5901 = CARTESIAN_POINT('',(0.74216741227,6.981507912288,21.944998318097
    ));
#5902 = CARTESIAN_POINT('',(0.745529262399,6.977353651299,
    21.962298781384));
#5903 = CARTESIAN_POINT('',(0.748515587203,6.973606393361,
    21.980073767072));
#5904 = CARTESIAN_POINT('',(0.751086626121,6.970251327597,
    21.998310868269));
#5905 = CARTESIAN_POINT('',(0.753202407098,6.967270638203,
    22.016995520572));
#5906 = CARTESIAN_POINT('',(0.75482274659,6.964643504449,22.036111002065
    ));
#5907 = CARTESIAN_POINT('',(0.756910296989,6.960221251777,
    22.073699185866));
#5908 = CARTESIAN_POINT('',(0.7574549462,6.958378566412,22.092111352672)
  );
#5909 = CARTESIAN_POINT('',(0.757509493891,6.956799318199,
    22.110860260718));
#5910 = CARTESIAN_POINT('',(0.757041865612,6.955462711916,
    22.129927663046));
#5911 = CARTESIAN_POINT('',(0.756020339344,6.954346208827,
    22.149291376274));
#5912 = CARTESIAN_POINT('',(0.754414269064,6.953425852009,
    22.168924918129));
#5913 = CARTESIAN_POINT('',(0.74798815877,6.951256482914,22.226461922112
    ));
#5914 = CARTESIAN_POINT('',(0.741574235432,6.95044991007,22.26501858079)
  );
#5915 = CARTESIAN_POINT('',(0.732755365912,6.950090824025,
    22.304208200907));
#5916 = CARTESIAN_POINT('',(0.721376821111,6.949999734142,
    22.343691922317));
#5917 = CARTESIAN_POINT('',(0.707363273464,6.950000132809,
    22.383050070844));
#5918 = CARTESIAN_POINT('',(0.690774987837,6.95000005,22.421783925477));
#5919 = CARTESIAN_POINT('',(0.67188837927,6.95000005,22.459349593494));
#5920 = PCURVE('',#1710,#5921);
#5921 = DEFINITIONAL_REPRESENTATION('',(#5922),#5973);
#5922 = B_SPLINE_CURVE_WITH_KNOTS('',7,(#5923,#5924,#5925,#5926,#5927,
    #5928,#5929,#5930,#5931,#5932,#5933,#5934,#5935,#5936,#5937,#5938,
    #5939,#5940,#5941,#5942,#5943,#5944,#5945,#5946,#5947,#5948,#5949,
    #5950,#5951,#5952,#5953,#5954,#5955,#5956,#5957,#5958,#5959,#5960,
    #5961,#5962,#5963,#5964,#5965,#5966,#5967,#5968,#5969,#5970,#5971,
    #5972),.UNSPECIFIED.,.F.,.F.,(8,6,6,6,6,6,6,6,8),(0.186301723811,
    0.187084555355,0.364631399557,0.436754230111,0.547430158766,
    0.672714879014,0.761702269772,0.8440059391,1.),.UNSPECIFIED.);
#5923 = CARTESIAN_POINT('',(-6.734470625363,3.14159265359));
#5924 = CARTESIAN_POINT('',(-6.734470625363,3.141877440316));
#5925 = CARTESIAN_POINT('',(-6.734470625789,3.142162227023));
#5926 = CARTESIAN_POINT('',(-6.734470626641,3.142447013703));
#5927 = CARTESIAN_POINT('',(-6.734470627918,3.142731800351));
#5928 = CARTESIAN_POINT('',(-6.734470629621,3.14301658696));
#5929 = CARTESIAN_POINT('',(-6.734470631751,3.143301373523));
#5930 = CARTESIAN_POINT('',(-6.734471213797,3.208175977109));
#5931 = CARTESIAN_POINT('',(-6.73449369858,3.272764996637));
#5932 = CARTESIAN_POINT('',(-6.73453809966,3.337276203452));
#5933 = CARTESIAN_POINT('',(-6.734605099466,3.401634049706));
#5934 = CARTESIAN_POINT('',(-6.734696042013,3.465758780351));
#5935 = CARTESIAN_POINT('',(-6.73481280831,3.529560278488));
#5936 = CARTESIAN_POINT('',(-6.73501638472,3.61867397131));
#5937 = CARTESIAN_POINT('',(-6.735079812259,3.644345548645));
#5938 = CARTESIAN_POINT('',(-6.735148008869,3.669939108631));
#5939 = CARTESIAN_POINT('',(-6.735221128678,3.695447077099));
#5940 = CARTESIAN_POINT('',(-6.735299330678,3.720861359684));
#5941 = CARTESIAN_POINT('',(-6.73538277873,3.746173341828));
#5942 = CARTESIAN_POINT('',(-6.735608005814,3.810045331846));
#5943 = CARTESIAN_POINT('',(-6.735757118412,3.848454463486));
#5944 = CARTESIAN_POINT('',(-6.735919578637,3.886567691758));
#5945 = CARTESIAN_POINT('',(-6.736095990745,3.924348364741));
#5946 = CARTESIAN_POINT('',(-6.736286946417,3.961756057357));
#5947 = CARTESIAN_POINT('',(-6.73649300721,3.99874585819));
#5948 = CARTESIAN_POINT('',(-6.736965627683,4.076610189565));
#5949 = CARTESIAN_POINT('',(-6.737236579274,4.117352677678));
#5950 = CARTESIAN_POINT('',(-6.737528300731,4.157423227335));
#5951 = CARTESIAN_POINT('',(-6.737841467361,4.19674161422));
#5952 = CARTESIAN_POINT('',(-6.738176668791,4.235217278267));
#5953 = CARTESIAN_POINT('',(-6.738534406937,4.272747318908));
#5954 = CARTESIAN_POINT('',(-6.739185488833,4.335116439298));
#5955 = CARTESIAN_POINT('',(-6.739467452824,4.360481099352));
#5956 = CARTESIAN_POINT('',(-6.739761141456,4.385267376838));
#5957 = CARTESIAN_POINT('',(-6.740066675511,4.409428377672));
#5958 = CARTESIAN_POINT('',(-6.74038414104,4.432911407332));
#5959 = CARTESIAN_POINT('',(-6.740713589356,4.455657970855));
#5960 = CARTESIAN_POINT('',(-6.741370839057,4.497901255587));
#5961 = CARTESIAN_POINT('',(-6.741696888552,4.517512446731));
#5962 = CARTESIAN_POINT('',(-6.742033201628,4.536386787514));
#5963 = CARTESIAN_POINT('',(-6.742379735621,4.554466356086));
#5964 = CARTESIAN_POINT('',(-6.742736376639,4.571686843072));
#5965 = CARTESIAN_POINT('',(-6.743102927108,4.587978527144));
#5966 = CARTESIAN_POINT('',(-6.74419205903,4.632244695659));
#5967 = CARTESIAN_POINT('',(-6.744940219005,4.657645913615));
#5968 = CARTESIAN_POINT('',(-6.745720742423,4.6789168263));
#5969 = CARTESIAN_POINT('',(-6.74652903047,4.695470436491));
#5970 = CARTESIAN_POINT('',(-6.747358385762,4.706751483542));
#5971 = CARTESIAN_POINT('',(-6.748199536391,4.712388980374));
#5972 = CARTESIAN_POINT('',(-6.749040460501,4.712388980374));
#5973 = ( GEOMETRIC_REPRESENTATION_CONTEXT(2) 
PARAMETRIC_REPRESENTATION_CONTEXT() REPRESENTATION_CONTEXT('2D SPACE',''
  ) );
#5974 = PCURVE('',#3621,#5975);
#5975 = DEFINITIONAL_REPRESENTATION('',(#5976),#6027);
#5976 = B_SPLINE_CURVE_WITH_KNOTS('',7,(#5977,#5978,#5979,#5980,#5981,
    #5982,#5983,#5984,#5985,#5986,#5987,#5988,#5989,#5990,#5991,#5992,
    #5993,#5994,#5995,#5996,#5997,#5998,#5999,#6000,#6001,#6002,#6003,
    #6004,#6005,#6006,#6007,#6008,#6009,#6010,#6011,#6012,#6013,#6014,
    #6015,#6016,#6017,#6018,#6019,#6020,#6021,#6022,#6023,#6024,#6025,
    #6026),.UNSPECIFIED.,.F.,.F.,(8,6,6,6,6,6,6,6,8),(0.186301723811,
    0.187084555355,0.364631399557,0.436754230111,0.547430158766,
    0.672714879014,0.761702269772,0.8440059391,1.),.UNSPECIFIED.);
#5977 = CARTESIAN_POINT('',(0.911373920414,-0.45));
#5978 = CARTESIAN_POINT('',(0.911373920415,-0.449871845972));
#5979 = CARTESIAN_POINT('',(0.911373979818,-0.449743691953));
#5980 = CARTESIAN_POINT('',(0.911374098621,-0.449615537963));
#5981 = CARTESIAN_POINT('',(0.911374276825,-0.449487384021));
#5982 = CARTESIAN_POINT('',(0.91137451443,-0.449359230149));
#5983 = CARTESIAN_POINT('',(0.911374811435,-0.449231076365));
#5984 = CARTESIAN_POINT('',(0.91145600105,-0.42003756276));
#5985 = CARTESIAN_POINT('',(0.914592327725,-0.39097691826));
#5986 = CARTESIAN_POINT('',(0.920783931591,-0.362153751694));
#5987 = CARTESIAN_POINT('',(0.930006261404,-0.33379988115));
#5988 = CARTESIAN_POINT('',(0.942211648478,-0.306139958458));
#5989 = CARTESIAN_POINT('',(0.957332208996,-0.279384648713));
#5990 = CARTESIAN_POINT('',(0.982576957641,-0.243299057932));
#5991 = CARTESIAN_POINT('',(0.990336798321,-0.233055329233));
#5992 = CARTESIAN_POINT('',(0.998558298941,-0.223004797398));
#5993 = CARTESIAN_POINT('',(1.007235479116,-0.2131595012));
#5994 = CARTESIAN_POINT('',(1.016362032287,-0.203530745858));
#5995 = CARTESIAN_POINT('',(1.025931325714,-0.194129103039));
#5996 = CARTESIAN_POINT('',(1.051289665628,-0.170900752931));
#5997 = CARTESIAN_POINT('',(1.067669261814,-0.157394901294));
#5998 = CARTESIAN_POINT('',(1.085050237271,-0.144482144781));
#5999 = CARTESIAN_POINT('',(1.103406410131,-0.13219277587));
#6000 = CARTESIAN_POINT('',(1.122711043841,-0.120551434123));
#6001 = CARTESIAN_POINT('',(1.142937522581,-0.109576449617));
#6002 = CARTESIAN_POINT('',(1.187970619062,-8.762272450059E-02));
#6003 = CARTESIAN_POINT('',(1.213029136313,-7.683477586958E-02));
#6004 = CARTESIAN_POINT('',(1.239198851817,-6.693172524739E-02));
#6005 = CARTESIAN_POINT('',(1.266444265546,-5.791839011842E-02));
#6006 = CARTESIAN_POINT('',(1.294733015772,-4.978752492459E-02));
#6007 = CARTESIAN_POINT('',(1.324037790791,-4.251932529616E-02));
#6008 = CARTESIAN_POINT('',(1.375860082774,-3.150786228789E-02));
#6009 = CARTESIAN_POINT('',(1.397883669311,-2.735360129868E-02));
#6010 = CARTESIAN_POINT('',(1.420401868863,-2.360634336136E-02));
#6011 = CARTESIAN_POINT('',(1.443408628361,-2.025127759732E-02));
#6012 = CARTESIAN_POINT('',(1.466898973056,-1.727058820288E-02));
#6013 = CARTESIAN_POINT('',(1.490869006524,-1.46434544493E-02));
#6014 = CARTESIAN_POINT('',(1.537926641203,-1.022120177669E-02));
#6015 = CARTESIAN_POINT('',(1.560944204639,-8.37851641162E-03));
#6016 = CARTESIAN_POINT('',(1.584366915491,-6.799268199355E-03));
#6017 = CARTESIAN_POINT('',(1.608191777534,-5.462661916159E-03));
#6018 = CARTESIAN_POINT('',(1.632414117136,-4.346158826849E-03));
#6019 = CARTESIAN_POINT('',(1.65702721659,-3.425802008852E-03));
#6020 = CARTESIAN_POINT('',(1.729395650239,-1.25643291429E-03));
#6021 = CARTESIAN_POINT('',(1.778183568307,-4.498600698016E-04));
#6022 = CARTESIAN_POINT('',(1.828265106453,-9.077402490942E-05));
#6023 = CARTESIAN_POINT('',(1.879461209338,3.158579995333E-07));
#6024 = CARTESIAN_POINT('',(1.931521816907,-8.280930152704E-08));
#6025 = CARTESIAN_POINT('',(1.984093723244,3.330669073875E-16));
#6026 = CARTESIAN_POINT('',(2.036651480116,2.22044604925E-16));
#6027 = ( GEOMETRIC_REPRESENTATION_CONTEXT(2) 
PARAMETRIC_REPRESENTATION_CONTEXT() REPRESENTATION_CONTEXT('2D SPACE',''
  ) );
#6028 = ADVANCED_FACE('',(#6029),#2037,.F.);
#6029 = FACE_BOUND('',#6030,.F.);
#6030 = EDGE_LOOP('',(#6031,#6052,#6053));
#6031 = ORIENTED_EDGE('',*,*,#6032,.T.);
#6032 = EDGE_CURVE('',#2021,#5438,#6033,.T.);
#6033 = SURFACE_CURVE('',#6034,(#6038,#6045),.PCURVE_S1.);
#6034 = LINE('',#6035,#6036);
#6035 = CARTESIAN_POINT('',(-12.00000005,-11.19999995,-21.32));
#6036 = VECTOR('',#6037,1.);
#6037 = DIRECTION('',(-1.,0.,0.));
#6038 = PCURVE('',#2037,#6039);
#6039 = DEFINITIONAL_REPRESENTATION('',(#6040),#6044);
#6040 = LINE('',#6041,#6042);
#6041 = CARTESIAN_POINT('',(0.,-2.E-02));
#6042 = VECTOR('',#6043,1.);
#6043 = DIRECTION('',(-1.,0.));
#6044 = ( GEOMETRIC_REPRESENTATION_CONTEXT(2) 
PARAMETRIC_REPRESENTATION_CONTEXT() REPRESENTATION_CONTEXT('2D SPACE',''
  ) );
#6045 = PCURVE('',#2065,#6046);
#6046 = DEFINITIONAL_REPRESENTATION('',(#6047),#6051);
#6047 = LINE('',#6048,#6049);
#6048 = CARTESIAN_POINT('',(-0.82,0.));
#6049 = VECTOR('',#6050,1.);
#6050 = DIRECTION('',(-0.,-1.));
#6051 = ( GEOMETRIC_REPRESENTATION_CONTEXT(2) 
PARAMETRIC_REPRESENTATION_CONTEXT() REPRESENTATION_CONTEXT('2D SPACE',''
  ) );
#6052 = ORIENTED_EDGE('',*,*,#5437,.T.);
#6053 = ORIENTED_EDGE('',*,*,#2020,.T.);
#6054 = ADVANCED_FACE('',(#6055),#2065,.T.);
#6055 = FACE_BOUND('',#6056,.F.);
#6056 = EDGE_LOOP('',(#6057,#6078,#6079,#6080));
#6057 = ORIENTED_EDGE('',*,*,#6058,.F.);
#6058 = EDGE_CURVE('',#5466,#2050,#6059,.T.);
#6059 = SURFACE_CURVE('',#6060,(#6064,#6071),.PCURVE_S1.);
#6060 = LINE('',#6061,#6062);
#6061 = CARTESIAN_POINT('',(-12.00000005,-10.37999995,-21.32));
#6062 = VECTOR('',#6063,1.);
#6063 = DIRECTION('',(1.,0.,0.));
#6064 = PCURVE('',#2065,#6065);
#6065 = DEFINITIONAL_REPRESENTATION('',(#6066),#6070);
#6066 = LINE('',#6067,#6068);
#6067 = CARTESIAN_POINT('',(-0.,0.));
#6068 = VECTOR('',#6069,1.);
#6069 = DIRECTION('',(-0.,1.));
#6070 = ( GEOMETRIC_REPRESENTATION_CONTEXT(2) 
PARAMETRIC_REPRESENTATION_CONTEXT() REPRESENTATION_CONTEXT('2D SPACE',''
  ) );
#6071 = PCURVE('',#2094,#6072);
#6072 = DEFINITIONAL_REPRESENTATION('',(#6073),#6077);
#6073 = LINE('',#6074,#6075);
#6074 = CARTESIAN_POINT('',(-0.,0.82));
#6075 = VECTOR('',#6076,1.);
#6076 = DIRECTION('',(-1.,0.));
#6077 = ( GEOMETRIC_REPRESENTATION_CONTEXT(2) 
PARAMETRIC_REPRESENTATION_CONTEXT() REPRESENTATION_CONTEXT('2D SPACE',''
  ) );
#6078 = ORIENTED_EDGE('',*,*,#5465,.T.);
#6079 = ORIENTED_EDGE('',*,*,#6032,.F.);
#6080 = ORIENTED_EDGE('',*,*,#2049,.F.);
#6081 = ADVANCED_FACE('',(#6082),#2094,.F.);
#6082 = FACE_BOUND('',#6083,.T.);
#6083 = EDGE_LOOP('',(#6084,#6085,#6106,#6107,#6108,#6109,#6110,#6111));
#6084 = ORIENTED_EDGE('',*,*,#4702,.F.);
#6085 = ORIENTED_EDGE('',*,*,#6086,.F.);
#6086 = EDGE_CURVE('',#2078,#4573,#6087,.T.);
#6087 = SURFACE_CURVE('',#6088,(#6092,#6099),.PCURVE_S1.);
#6088 = LINE('',#6089,#6090);
#6089 = CARTESIAN_POINT('',(-12.00000005,-10.37999995,-21.29974996092));
#6090 = VECTOR('',#6091,1.);
#6091 = DIRECTION('',(-1.,0.,0.));
#6092 = PCURVE('',#2094,#6093);
#6093 = DEFINITIONAL_REPRESENTATION('',(#6094),#6098);
#6094 = LINE('',#6095,#6096);
#6095 = CARTESIAN_POINT('',(-0.,0.799749960925));
#6096 = VECTOR('',#6097,1.);
#6097 = DIRECTION('',(1.,-0.));
#6098 = ( GEOMETRIC_REPRESENTATION_CONTEXT(2) 
PARAMETRIC_REPRESENTATION_CONTEXT() REPRESENTATION_CONTEXT('2D SPACE',''
  ) );
#6099 = PCURVE('',#2185,#6100);
#6100 = DEFINITIONAL_REPRESENTATION('',(#6101),#6105);
#6101 = LINE('',#6102,#6103);
#6102 = CARTESIAN_POINT('',(6.25818270228,0.));
#6103 = VECTOR('',#6104,1.);
#6104 = DIRECTION('',(0.,1.));
#6105 = ( GEOMETRIC_REPRESENTATION_CONTEXT(2) 
PARAMETRIC_REPRESENTATION_CONTEXT() REPRESENTATION_CONTEXT('2D SPACE',''
  ) );
#6106 = ORIENTED_EDGE('',*,*,#2077,.F.);
#6107 = ORIENTED_EDGE('',*,*,#6058,.F.);
#6108 = ORIENTED_EDGE('',*,*,#5488,.T.);
#6109 = ORIENTED_EDGE('',*,*,#5361,.T.);
#6110 = ORIENTED_EDGE('',*,*,#5563,.F.);
#6111 = ORIENTED_EDGE('',*,*,#6112,.F.);
#6112 = EDGE_CURVE('',#4703,#5516,#6113,.T.);
#6113 = SURFACE_CURVE('',#6114,(#6118,#6125),.PCURVE_S1.);
#6114 = LINE('',#6115,#6116);
#6115 = CARTESIAN_POINT('',(-12.00000005,-10.37999995,-21.32));
#6116 = VECTOR('',#6117,1.);
#6117 = DIRECTION('',(1.,0.,0.));
#6118 = PCURVE('',#2094,#6119);
#6119 = DEFINITIONAL_REPRESENTATION('',(#6120),#6124);
#6120 = LINE('',#6121,#6122);
#6121 = CARTESIAN_POINT('',(-0.,0.82));
#6122 = VECTOR('',#6123,1.);
#6123 = DIRECTION('',(-1.,0.));
#6124 = ( GEOMETRIC_REPRESENTATION_CONTEXT(2) 
PARAMETRIC_REPRESENTATION_CONTEXT() REPRESENTATION_CONTEXT('2D SPACE',''
  ) );
#6125 = PCURVE('',#4746,#6126);
#6126 = DEFINITIONAL_REPRESENTATION('',(#6127),#6131);
#6127 = LINE('',#6128,#6129);
#6128 = CARTESIAN_POINT('',(-0.,0.));
#6129 = VECTOR('',#6130,1.);
#6130 = DIRECTION('',(-0.,1.));
#6131 = ( GEOMETRIC_REPRESENTATION_CONTEXT(2) 
PARAMETRIC_REPRESENTATION_CONTEXT() REPRESENTATION_CONTEXT('2D SPACE',''
  ) );
#6132 = ADVANCED_FACE('',(#6133),#2185,.F.);
#6133 = FACE_BOUND('',#6134,.F.);
#6134 = EDGE_LOOP('',(#6135,#6136,#6137,#6158));
#6135 = ORIENTED_EDGE('',*,*,#6086,.F.);
#6136 = ORIENTED_EDGE('',*,*,#2106,.T.);
#6137 = ORIENTED_EDGE('',*,*,#6138,.T.);
#6138 = EDGE_CURVE('',#2107,#4545,#6139,.T.);
#6139 = SURFACE_CURVE('',#6140,(#6144,#6151),.PCURVE_S1.);
#6140 = LINE('',#6141,#6142);
#6141 = CARTESIAN_POINT('',(-12.00000005,-11.19999995,-20.5));
#6142 = VECTOR('',#6143,1.);
#6143 = DIRECTION('',(-1.,0.,0.));
#6144 = PCURVE('',#2185,#6145);
#6145 = DEFINITIONAL_REPRESENTATION('',(#6146),#6150);
#6146 = LINE('',#6147,#6148);
#6147 = CARTESIAN_POINT('',(7.853981633974,0.));
#6148 = VECTOR('',#6149,1.);
#6149 = DIRECTION('',(0.,1.));
#6150 = ( GEOMETRIC_REPRESENTATION_CONTEXT(2) 
PARAMETRIC_REPRESENTATION_CONTEXT() REPRESENTATION_CONTEXT('2D SPACE',''
  ) );
#6151 = PCURVE('',#2258,#6152);
#6152 = DEFINITIONAL_REPRESENTATION('',(#6153),#6157);
#6153 = LINE('',#6154,#6155);
#6154 = CARTESIAN_POINT('',(0.,0.8));
#6155 = VECTOR('',#6156,1.);
#6156 = DIRECTION('',(-1.,0.));
#6157 = ( GEOMETRIC_REPRESENTATION_CONTEXT(2) 
PARAMETRIC_REPRESENTATION_CONTEXT() REPRESENTATION_CONTEXT('2D SPACE',''
  ) );
#6158 = ORIENTED_EDGE('',*,*,#4572,.T.);
#6159 = ADVANCED_FACE('',(#6160),#2258,.F.);
#6160 = FACE_BOUND('',#6161,.F.);
#6161 = EDGE_LOOP('',(#6162,#6163,#6164,#6185));
#6162 = ORIENTED_EDGE('',*,*,#6138,.F.);
#6163 = ORIENTED_EDGE('',*,*,#2241,.T.);
#6164 = ORIENTED_EDGE('',*,*,#6165,.T.);
#6165 = EDGE_CURVE('',#2242,#4417,#6166,.T.);
#6166 = SURFACE_CURVE('',#6167,(#6171,#6178),.PCURVE_S1.);
#6167 = LINE('',#6168,#6169);
#6168 = CARTESIAN_POINT('',(-12.00000005,-11.19999995,-9.500000000001));
#6169 = VECTOR('',#6170,1.);
#6170 = DIRECTION('',(-1.,0.,0.));
#6171 = PCURVE('',#2258,#6172);
#6172 = DEFINITIONAL_REPRESENTATION('',(#6173),#6177);
#6173 = LINE('',#6174,#6175);
#6174 = CARTESIAN_POINT('',(0.,11.8));
#6175 = VECTOR('',#6176,1.);
#6176 = DIRECTION('',(-1.,0.));
#6177 = ( GEOMETRIC_REPRESENTATION_CONTEXT(2) 
PARAMETRIC_REPRESENTATION_CONTEXT() REPRESENTATION_CONTEXT('2D SPACE',''
  ) );
#6178 = PCURVE('',#2353,#6179);
#6179 = DEFINITIONAL_REPRESENTATION('',(#6180),#6184);
#6180 = LINE('',#6181,#6182);
#6181 = CARTESIAN_POINT('',(-7.853981633974,0.));
#6182 = VECTOR('',#6183,1.);
#6183 = DIRECTION('',(-0.,1.));
#6184 = ( GEOMETRIC_REPRESENTATION_CONTEXT(2) 
PARAMETRIC_REPRESENTATION_CONTEXT() REPRESENTATION_CONTEXT('2D SPACE',''
  ) );
#6185 = ORIENTED_EDGE('',*,*,#4544,.T.);
#6186 = ADVANCED_FACE('',(#6187),#2353,.F.);
#6187 = FACE_BOUND('',#6188,.T.);
#6188 = EDGE_LOOP('',(#6189,#6210,#6211,#6212));
#6189 = ORIENTED_EDGE('',*,*,#6190,.F.);
#6190 = EDGE_CURVE('',#2271,#4389,#6191,.T.);
#6191 = SURFACE_CURVE('',#6192,(#6196,#6203),.PCURVE_S1.);
#6192 = LINE('',#6193,#6194);
#6193 = CARTESIAN_POINT('',(-12.00000005,-10.37999995,-8.700250039076));
#6194 = VECTOR('',#6195,1.);
#6195 = DIRECTION('',(-1.,0.,0.));
#6196 = PCURVE('',#2353,#6197);
#6197 = DEFINITIONAL_REPRESENTATION('',(#6198),#6202);
#6198 = LINE('',#6199,#6200);
#6199 = CARTESIAN_POINT('',(-6.25818270228,0.));
#6200 = VECTOR('',#6201,1.);
#6201 = DIRECTION('',(-0.,1.));
#6202 = ( GEOMETRIC_REPRESENTATION_CONTEXT(2) 
PARAMETRIC_REPRESENTATION_CONTEXT() REPRESENTATION_CONTEXT('2D SPACE',''
  ) );
#6203 = PCURVE('',#2426,#6204);
#6204 = DEFINITIONAL_REPRESENTATION('',(#6205),#6209);
#6205 = LINE('',#6206,#6207);
#6206 = CARTESIAN_POINT('',(0.,0.799749960925));
#6207 = VECTOR('',#6208,1.);
#6208 = DIRECTION('',(-1.,0.));
#6209 = ( GEOMETRIC_REPRESENTATION_CONTEXT(2) 
PARAMETRIC_REPRESENTATION_CONTEXT() REPRESENTATION_CONTEXT('2D SPACE',''
  ) );
#6210 = ORIENTED_EDGE('',*,*,#2270,.F.);
#6211 = ORIENTED_EDGE('',*,*,#6165,.T.);
#6212 = ORIENTED_EDGE('',*,*,#4416,.F.);
#6213 = ADVANCED_FACE('',(#6214),#2426,.F.);
#6214 = FACE_BOUND('',#6215,.F.);
#6215 = EDGE_LOOP('',(#6216,#6239,#6240,#6241,#6242,#6265,#6289,#6317));
#6216 = ORIENTED_EDGE('',*,*,#6217,.F.);
#6217 = EDGE_CURVE('',#4361,#6218,#6220,.T.);
#6218 = VERTEX_POINT('',#6219);
#6219 = CARTESIAN_POINT('',(-7.980480189639E-02,-10.37999995,
    -8.680000000001));
#6220 = SURFACE_CURVE('',#6221,(#6225,#6232),.PCURVE_S1.);
#6221 = LINE('',#6222,#6223);
#6222 = CARTESIAN_POINT('',(-12.00000005,-10.37999995,-8.680000000001));
#6223 = VECTOR('',#6224,1.);
#6224 = DIRECTION('',(1.,0.,0.));
#6225 = PCURVE('',#2426,#6226);
#6226 = DEFINITIONAL_REPRESENTATION('',(#6227),#6231);
#6227 = LINE('',#6228,#6229);
#6228 = CARTESIAN_POINT('',(0.,0.82));
#6229 = VECTOR('',#6230,1.);
#6230 = DIRECTION('',(1.,0.));
#6231 = ( GEOMETRIC_REPRESENTATION_CONTEXT(2) 
PARAMETRIC_REPRESENTATION_CONTEXT() REPRESENTATION_CONTEXT('2D SPACE',''
  ) );
#6232 = PCURVE('',#4376,#6233);
#6233 = DEFINITIONAL_REPRESENTATION('',(#6234),#6238);
#6234 = LINE('',#6235,#6236);
#6235 = CARTESIAN_POINT('',(0.,0.));
#6236 = VECTOR('',#6237,1.);
#6237 = DIRECTION('',(0.,1.));
#6238 = ( GEOMETRIC_REPRESENTATION_CONTEXT(2) 
PARAMETRIC_REPRESENTATION_CONTEXT() REPRESENTATION_CONTEXT('2D SPACE',''
  ) );
#6239 = ORIENTED_EDGE('',*,*,#4388,.T.);
#6240 = ORIENTED_EDGE('',*,*,#6190,.F.);
#6241 = ORIENTED_EDGE('',*,*,#2409,.T.);
#6242 = ORIENTED_EDGE('',*,*,#6243,.F.);
#6243 = EDGE_CURVE('',#6244,#2410,#6246,.T.);
#6244 = VERTEX_POINT('',#6245);
#6245 = CARTESIAN_POINT('',(4.739374190558,-10.37999995,-8.680000000001)
  );
#6246 = SURFACE_CURVE('',#6247,(#6251,#6258),.PCURVE_S1.);
#6247 = LINE('',#6248,#6249);
#6248 = CARTESIAN_POINT('',(-12.00000005,-10.37999995,-8.680000000001));
#6249 = VECTOR('',#6250,1.);
#6250 = DIRECTION('',(1.,0.,0.));
#6251 = PCURVE('',#2426,#6252);
#6252 = DEFINITIONAL_REPRESENTATION('',(#6253),#6257);
#6253 = LINE('',#6254,#6255);
#6254 = CARTESIAN_POINT('',(0.,0.82));
#6255 = VECTOR('',#6256,1.);
#6256 = DIRECTION('',(1.,0.));
#6257 = ( GEOMETRIC_REPRESENTATION_CONTEXT(2) 
PARAMETRIC_REPRESENTATION_CONTEXT() REPRESENTATION_CONTEXT('2D SPACE',''
  ) );
#6258 = PCURVE('',#2454,#6259);
#6259 = DEFINITIONAL_REPRESENTATION('',(#6260),#6264);
#6260 = LINE('',#6261,#6262);
#6261 = CARTESIAN_POINT('',(0.,0.));
#6262 = VECTOR('',#6263,1.);
#6263 = DIRECTION('',(0.,1.));
#6264 = ( GEOMETRIC_REPRESENTATION_CONTEXT(2) 
PARAMETRIC_REPRESENTATION_CONTEXT() REPRESENTATION_CONTEXT('2D SPACE',''
  ) );
#6265 = ORIENTED_EDGE('',*,*,#6266,.F.);
#6266 = EDGE_CURVE('',#6267,#6244,#6269,.T.);
#6267 = VERTEX_POINT('',#6268);
#6268 = CARTESIAN_POINT('',(4.561610302211,-10.37999995,-8.700000000001)
  );
#6269 = SURFACE_CURVE('',#6270,(#6275,#6282),.PCURVE_S1.);
#6270 = CIRCLE('',#6271,0.8);
#6271 = AXIS2_PLACEMENT_3D('',#6272,#6273,#6274);
#6272 = CARTESIAN_POINT('',(4.561610302211,-10.37999995,-7.900000000001)
  );
#6273 = DIRECTION('',(0.,-1.,1.110223024625E-16));
#6274 = DIRECTION('',(0.,-1.110223024625E-16,-1.));
#6275 = PCURVE('',#2426,#6276);
#6276 = DEFINITIONAL_REPRESENTATION('',(#6277),#6281);
#6277 = CIRCLE('',#6278,0.8);
#6278 = AXIS2_PLACEMENT_2D('',#6279,#6280);
#6279 = CARTESIAN_POINT('',(16.561610352211,1.6));
#6280 = DIRECTION('',(0.,-1.));
#6281 = ( GEOMETRIC_REPRESENTATION_CONTEXT(2) 
PARAMETRIC_REPRESENTATION_CONTEXT() REPRESENTATION_CONTEXT('2D SPACE',''
  ) );
#6282 = PCURVE('',#2511,#6283);
#6283 = DEFINITIONAL_REPRESENTATION('',(#6284),#6288);
#6284 = LINE('',#6285,#6286);
#6285 = CARTESIAN_POINT('',(0.,17.33));
#6286 = VECTOR('',#6287,1.);
#6287 = DIRECTION('',(1.,0.));
#6288 = ( GEOMETRIC_REPRESENTATION_CONTEXT(2) 
PARAMETRIC_REPRESENTATION_CONTEXT() REPRESENTATION_CONTEXT('2D SPACE',''
  ) );
#6289 = ORIENTED_EDGE('',*,*,#6290,.F.);
#6290 = EDGE_CURVE('',#6291,#6267,#6293,.T.);
#6291 = VERTEX_POINT('',#6292);
#6292 = CARTESIAN_POINT('',(9.795908644985E-02,-10.37999995,
    -8.700000000001));
#6293 = SURFACE_CURVE('',#6294,(#6298,#6305),.PCURVE_S1.);
#6294 = LINE('',#6295,#6296);
#6295 = CARTESIAN_POINT('',(-12.00000005,-10.37999995,-8.700000000001));
#6296 = VECTOR('',#6297,1.);
#6297 = DIRECTION('',(1.,0.,0.));
#6298 = PCURVE('',#2426,#6299);
#6299 = DEFINITIONAL_REPRESENTATION('',(#6300),#6304);
#6300 = LINE('',#6301,#6302);
#6301 = CARTESIAN_POINT('',(0.,0.8));
#6302 = VECTOR('',#6303,1.);
#6303 = DIRECTION('',(1.,0.));
#6304 = ( GEOMETRIC_REPRESENTATION_CONTEXT(2) 
PARAMETRIC_REPRESENTATION_CONTEXT() REPRESENTATION_CONTEXT('2D SPACE',''
  ) );
#6305 = PCURVE('',#6306,#6311);
#6306 = PLANE('',#6307);
#6307 = AXIS2_PLACEMENT_3D('',#6308,#6309,#6310);
#6308 = CARTESIAN_POINT('',(-12.00000005,13.60000005,-8.700000000001));
#6309 = DIRECTION('',(0.,1.110223024625E-16,1.));
#6310 = DIRECTION('',(0.,-1.,1.110223024625E-16));
#6311 = DEFINITIONAL_REPRESENTATION('',(#6312),#6316);
#6312 = LINE('',#6313,#6314);
#6313 = CARTESIAN_POINT('',(23.98,0.));
#6314 = VECTOR('',#6315,1.);
#6315 = DIRECTION('',(0.,1.));
#6316 = ( GEOMETRIC_REPRESENTATION_CONTEXT(2) 
PARAMETRIC_REPRESENTATION_CONTEXT() REPRESENTATION_CONTEXT('2D SPACE',''
  ) );
#6317 = ORIENTED_EDGE('',*,*,#6318,.T.);
#6318 = EDGE_CURVE('',#6291,#6218,#6319,.T.);
#6319 = SURFACE_CURVE('',#6320,(#6325,#6336),.PCURVE_S1.);
#6320 = CIRCLE('',#6321,0.8);
#6321 = AXIS2_PLACEMENT_3D('',#6322,#6323,#6324);
#6322 = CARTESIAN_POINT('',(9.795908644985E-02,-10.37999995,
    -7.900000000001));
#6323 = DIRECTION('',(0.,1.,-1.110223024625E-16));
#6324 = DIRECTION('',(-0.98432944501,1.957759351459E-17,0.176339285714)
  );
#6325 = PCURVE('',#2426,#6326);
#6326 = DEFINITIONAL_REPRESENTATION('',(#6327),#6335);
#6327 = ( BOUNDED_CURVE() B_SPLINE_CURVE(2,(#6328,#6329,#6330,#6331,
#6332,#6333,#6334),.UNSPECIFIED.,.T.,.F.) B_SPLINE_CURVE_WITH_KNOTS((1,2
    ,2,2,2,1),(-2.094395102393,0.,2.094395102393,4.188790204786,
6.28318530718,8.377580409573),.UNSPECIFIED.) CURVE() 
GEOMETRIC_REPRESENTATION_ITEM() RATIONAL_B_SPLINE_CURVE((1.,0.5,1.,0.5,
1.,0.5,1.)) REPRESENTATION_ITEM('') );
#6328 = CARTESIAN_POINT('',(11.310495580442,1.741071428571));
#6329 = CARTESIAN_POINT('',(11.554838462224,3.104998316686));
#6330 = CARTESIAN_POINT('',(12.613862355345,2.211427729772));
#6331 = CARTESIAN_POINT('',(13.672886248466,1.317857142857));
#6332 = CARTESIAN_POINT('',(12.369519473563,0.847500841657));
#6333 = CARTESIAN_POINT('',(11.06615269866,0.377144540457));
#6334 = CARTESIAN_POINT('',(11.310495580442,1.741071428571));
#6335 = ( GEOMETRIC_REPRESENTATION_CONTEXT(2) 
PARAMETRIC_REPRESENTATION_CONTEXT() REPRESENTATION_CONTEXT('2D SPACE',''
  ) );
#6336 = PCURVE('',#4315,#6337);
#6337 = DEFINITIONAL_REPRESENTATION('',(#6338),#6342);
#6338 = LINE('',#6339,#6340);
#6339 = CARTESIAN_POINT('',(-6.28318530718,0.82));
#6340 = VECTOR('',#6341,1.);
#6341 = DIRECTION('',(1.,-0.));
#6342 = ( GEOMETRIC_REPRESENTATION_CONTEXT(2) 
PARAMETRIC_REPRESENTATION_CONTEXT() REPRESENTATION_CONTEXT('2D SPACE',''
  ) );
#6343 = ADVANCED_FACE('',(#6344),#2454,.T.);
#6344 = FACE_BOUND('',#6345,.T.);
#6345 = EDGE_LOOP('',(#6346,#6347,#6370,#6391));
#6346 = ORIENTED_EDGE('',*,*,#6243,.F.);
#6347 = ORIENTED_EDGE('',*,*,#6348,.T.);
#6348 = EDGE_CURVE('',#6244,#6349,#6351,.T.);
#6349 = VERTEX_POINT('',#6350);
#6350 = CARTESIAN_POINT('',(4.739374190558,-11.19999995,-8.680000000001)
  );
#6351 = SURFACE_CURVE('',#6352,(#6356,#6363),.PCURVE_S1.);
#6352 = LINE('',#6353,#6354);
#6353 = CARTESIAN_POINT('',(4.739374190558,6.95000005,-8.680000000001));
#6354 = VECTOR('',#6355,1.);
#6355 = DIRECTION('',(0.,-1.,1.110223024625E-16));
#6356 = PCURVE('',#2454,#6357);
#6357 = DEFINITIONAL_REPRESENTATION('',(#6358),#6362);
#6358 = LINE('',#6359,#6360);
#6359 = CARTESIAN_POINT('',(-17.33,16.739374240558));
#6360 = VECTOR('',#6361,1.);
#6361 = DIRECTION('',(1.,0.));
#6362 = ( GEOMETRIC_REPRESENTATION_CONTEXT(2) 
PARAMETRIC_REPRESENTATION_CONTEXT() REPRESENTATION_CONTEXT('2D SPACE',''
  ) );
#6363 = PCURVE('',#2511,#6364);
#6364 = DEFINITIONAL_REPRESENTATION('',(#6365),#6369);
#6365 = LINE('',#6366,#6367);
#6366 = CARTESIAN_POINT('',(0.224075285302,0.));
#6367 = VECTOR('',#6368,1.);
#6368 = DIRECTION('',(0.,1.));
#6369 = ( GEOMETRIC_REPRESENTATION_CONTEXT(2) 
PARAMETRIC_REPRESENTATION_CONTEXT() REPRESENTATION_CONTEXT('2D SPACE',''
  ) );
#6370 = ORIENTED_EDGE('',*,*,#6371,.F.);
#6371 = EDGE_CURVE('',#2439,#6349,#6372,.T.);
#6372 = SURFACE_CURVE('',#6373,(#6377,#6384),.PCURVE_S1.);
#6373 = LINE('',#6374,#6375);
#6374 = CARTESIAN_POINT('',(-12.00000005,-11.19999995,-8.680000000001));
#6375 = VECTOR('',#6376,1.);
#6376 = DIRECTION('',(-1.,0.,0.));
#6377 = PCURVE('',#2454,#6378);
#6378 = DEFINITIONAL_REPRESENTATION('',(#6379),#6383);
#6379 = LINE('',#6380,#6381);
#6380 = CARTESIAN_POINT('',(0.82,0.));
#6381 = VECTOR('',#6382,1.);
#6382 = DIRECTION('',(0.,-1.));
#6383 = ( GEOMETRIC_REPRESENTATION_CONTEXT(2) 
PARAMETRIC_REPRESENTATION_CONTEXT() REPRESENTATION_CONTEXT('2D SPACE',''
  ) );
#6384 = PCURVE('',#2483,#6385);
#6385 = DEFINITIONAL_REPRESENTATION('',(#6386),#6390);
#6386 = LINE('',#6387,#6388);
#6387 = CARTESIAN_POINT('',(0.,12.62));
#6388 = VECTOR('',#6389,1.);
#6389 = DIRECTION('',(-1.,0.));
#6390 = ( GEOMETRIC_REPRESENTATION_CONTEXT(2) 
PARAMETRIC_REPRESENTATION_CONTEXT() REPRESENTATION_CONTEXT('2D SPACE',''
  ) );
#6391 = ORIENTED_EDGE('',*,*,#2438,.F.);
#6392 = ADVANCED_FACE('',(#6393),#2483,.F.);
#6393 = FACE_BOUND('',#6394,.F.);
#6394 = EDGE_LOOP('',(#6395,#6396,#6397));
#6395 = ORIENTED_EDGE('',*,*,#6371,.F.);
#6396 = ORIENTED_EDGE('',*,*,#2466,.T.);
#6397 = ORIENTED_EDGE('',*,*,#6398,.F.);
#6398 = EDGE_CURVE('',#6349,#2467,#6399,.T.);
#6399 = SURFACE_CURVE('',#6400,(#6405,#6412),.PCURVE_S1.);
#6400 = CIRCLE('',#6401,0.8);
#6401 = AXIS2_PLACEMENT_3D('',#6402,#6403,#6404);
#6402 = CARTESIAN_POINT('',(4.561610302211,-11.19999995,-7.900000000001)
  );
#6403 = DIRECTION('',(0.,-1.,1.110223024625E-16));
#6404 = DIRECTION('',(0.,-1.110223024625E-16,-1.));
#6405 = PCURVE('',#2483,#6406);
#6406 = DEFINITIONAL_REPRESENTATION('',(#6407),#6411);
#6407 = CIRCLE('',#6408,0.8);
#6408 = AXIS2_PLACEMENT_2D('',#6409,#6410);
#6409 = CARTESIAN_POINT('',(16.561610352211,13.4));
#6410 = DIRECTION('',(0.,-1.));
#6411 = ( GEOMETRIC_REPRESENTATION_CONTEXT(2) 
PARAMETRIC_REPRESENTATION_CONTEXT() REPRESENTATION_CONTEXT('2D SPACE',''
  ) );
#6412 = PCURVE('',#2511,#6413);
#6413 = DEFINITIONAL_REPRESENTATION('',(#6414),#6418);
#6414 = LINE('',#6415,#6416);
#6415 = CARTESIAN_POINT('',(0.,18.15));
#6416 = VECTOR('',#6417,1.);
#6417 = DIRECTION('',(1.,0.));
#6418 = ( GEOMETRIC_REPRESENTATION_CONTEXT(2) 
PARAMETRIC_REPRESENTATION_CONTEXT() REPRESENTATION_CONTEXT('2D SPACE',''
  ) );
#6419 = ADVANCED_FACE('',(#6420),#2511,.T.);
#6420 = FACE_BOUND('',#6421,.T.);
#6421 = EDGE_LOOP('',(#6422,#6445,#6474,#6636,#6637,#6638,#6639));
#6422 = ORIENTED_EDGE('',*,*,#6423,.F.);
#6423 = EDGE_CURVE('',#6424,#6267,#6426,.T.);
#6424 = VERTEX_POINT('',#6425);
#6425 = CARTESIAN_POINT('',(4.561610302211,7.40000005,-8.700000000001));
#6426 = SURFACE_CURVE('',#6427,(#6431,#6438),.PCURVE_S1.);
#6427 = LINE('',#6428,#6429);
#6428 = CARTESIAN_POINT('',(4.561610302211,6.95000005,-8.700000000001));
#6429 = VECTOR('',#6430,1.);
#6430 = DIRECTION('',(0.,-1.,1.110223024625E-16));
#6431 = PCURVE('',#2511,#6432);
#6432 = DEFINITIONAL_REPRESENTATION('',(#6433),#6437);
#6433 = LINE('',#6434,#6435);
#6434 = CARTESIAN_POINT('',(0.,0.));
#6435 = VECTOR('',#6436,1.);
#6436 = DIRECTION('',(0.,1.));
#6437 = ( GEOMETRIC_REPRESENTATION_CONTEXT(2) 
PARAMETRIC_REPRESENTATION_CONTEXT() REPRESENTATION_CONTEXT('2D SPACE',''
  ) );
#6438 = PCURVE('',#6306,#6439);
#6439 = DEFINITIONAL_REPRESENTATION('',(#6440),#6444);
#6440 = LINE('',#6441,#6442);
#6441 = CARTESIAN_POINT('',(6.65,16.561610352211));
#6442 = VECTOR('',#6443,1.);
#6443 = DIRECTION('',(1.,0.));
#6444 = ( GEOMETRIC_REPRESENTATION_CONTEXT(2) 
PARAMETRIC_REPRESENTATION_CONTEXT() REPRESENTATION_CONTEXT('2D SPACE',''
  ) );
#6445 = ORIENTED_EDGE('',*,*,#6446,.T.);
#6446 = EDGE_CURVE('',#6424,#6447,#6449,.T.);
#6447 = VERTEX_POINT('',#6448);
#6448 = CARTESIAN_POINT('',(4.785961596373,7.40000005,-8.667897452014));
#6449 = SURFACE_CURVE('',#6450,(#6455,#6462),.PCURVE_S1.);
#6450 = CIRCLE('',#6451,0.8);
#6451 = AXIS2_PLACEMENT_3D('',#6452,#6453,#6454);
#6452 = CARTESIAN_POINT('',(4.561610302211,7.40000005,-7.900000000001));
#6453 = DIRECTION('',(0.,-1.,1.110223024625E-16));
#6454 = DIRECTION('',(0.,-1.110223024625E-16,-1.));
#6455 = PCURVE('',#2511,#6456);
#6456 = DEFINITIONAL_REPRESENTATION('',(#6457),#6461);
#6457 = LINE('',#6458,#6459);
#6458 = CARTESIAN_POINT('',(0.,-0.45));
#6459 = VECTOR('',#6460,1.);
#6460 = DIRECTION('',(1.,0.));
#6461 = ( GEOMETRIC_REPRESENTATION_CONTEXT(2) 
PARAMETRIC_REPRESENTATION_CONTEXT() REPRESENTATION_CONTEXT('2D SPACE',''
  ) );
#6462 = PCURVE('',#6463,#6468);
#6463 = PLANE('',#6464);
#6464 = AXIS2_PLACEMENT_3D('',#6465,#6466,#6467);
#6465 = CARTESIAN_POINT('',(-44.00000005,7.40000005,-1.468669630361E-12)
  );
#6466 = DIRECTION('',(0.,-1.,1.110223024625E-16));
#6467 = DIRECTION('',(1.,-0.,-0.));
#6468 = DEFINITIONAL_REPRESENTATION('',(#6469),#6473);
#6469 = CIRCLE('',#6470,0.8);
#6470 = AXIS2_PLACEMENT_2D('',#6471,#6472);
#6471 = CARTESIAN_POINT('',(48.561610352211,-7.9));
#6472 = DIRECTION('',(-0.,-1.));
#6473 = ( GEOMETRIC_REPRESENTATION_CONTEXT(2) 
PARAMETRIC_REPRESENTATION_CONTEXT() REPRESENTATION_CONTEXT('2D SPACE',''
  ) );
#6474 = ORIENTED_EDGE('',*,*,#6475,.T.);
#6475 = EDGE_CURVE('',#6447,#2496,#6476,.T.);
#6476 = SURFACE_CURVE('',#6477,(#6528,#6582),.PCURVE_S1.);
#6477 = B_SPLINE_CURVE_WITH_KNOTS('',7,(#6478,#6479,#6480,#6481,#6482,
    #6483,#6484,#6485,#6486,#6487,#6488,#6489,#6490,#6491,#6492,#6493,
    #6494,#6495,#6496,#6497,#6498,#6499,#6500,#6501,#6502,#6503,#6504,
    #6505,#6506,#6507,#6508,#6509,#6510,#6511,#6512,#6513,#6514,#6515,
    #6516,#6517,#6518,#6519,#6520,#6521,#6522,#6523,#6524,#6525,#6526,
    #6527),.UNSPECIFIED.,.F.,.F.,(8,6,6,6,6,6,6,6,8),(0.,0.187084439542,
    0.364630407604,0.436753215371,0.547429082378,0.672713657524,
    0.761700828803,0.844004029835,1.),.UNSPECIFIED.);
#6478 = CARTESIAN_POINT('',(4.838875605005,7.604295774883,
    -8.650415852624));
#6479 = CARTESIAN_POINT('',(4.82407902512,7.577572266968,-8.655882925565
    ));
#6480 = CARTESIAN_POINT('',(4.811500173868,7.549587600779,
    -8.660143755878));
#6481 = CARTESIAN_POINT('',(4.801296003816,7.520558522393,
    -8.663360816481));
#6482 = CARTESIAN_POINT('',(4.79358263187,7.490729448785,-8.665671891107
    ));
#6483 = CARTESIAN_POINT('',(4.788436933783,7.460362740879,
    -8.667174220882));
#6484 = CARTESIAN_POINT('',(4.785897157311,7.429729816119,
    -8.667916278818));
#6485 = CARTESIAN_POINT('',(4.786024616433,7.370037883357,
    -8.667879039794));
#6486 = CARTESIAN_POINT('',(4.788432974563,7.340977380837,
    -8.667175384333));
#6487 = CARTESIAN_POINT('',(4.7931871462,7.312154352046,-8.66578554981)
  );
#6488 = CARTESIAN_POINT('',(4.800255032435,7.28380061167,-8.66366887772)
  );
#6489 = CARTESIAN_POINT('',(4.809573198484,7.256140808327,
    -8.660745208262));
#6490 = CARTESIAN_POINT('',(4.821046400317,7.229385604255,
    -8.656901028848));
#6491 = CARTESIAN_POINT('',(4.840030315888,7.193300091457,-8.65001088753
    ));
#6492 = CARTESIAN_POINT('',(4.845848742101,7.183056350078,
    -8.647846371782));
#6493 = CARTESIAN_POINT('',(4.851993048459,7.173005804615,
    -8.645498507719));
#6494 = CARTESIAN_POINT('',(4.858453772145,7.163160493866,
    -8.642957662463));
#6495 = CARTESIAN_POINT('',(4.865220574744,7.153531723082,
    -8.640213785231));
#6496 = CARTESIAN_POINT('',(4.872282242241,7.144130063965,
    -8.637256407331));
#6497 = CARTESIAN_POINT('',(4.890897080578,7.120901673866,
    -8.629192072705));
#6498 = CARTESIAN_POINT('',(4.902833415737,7.107395797162,
    -8.623781246747));
#6499 = CARTESIAN_POINT('',(4.915392015498,7.094483013508,
    -8.617803361798));
#6500 = CARTESIAN_POINT('',(4.928524423319,7.082193615535,
    -8.611218422331));
#6501 = CARTESIAN_POINT('',(4.94217772065,7.070552242988,-8.603986213524
    ));
#6502 = CARTESIAN_POINT('',(4.956294846463,7.059577226163,
    -8.596067275012));
#6503 = CARTESIAN_POINT('',(4.987251569954,7.037623436445,
    -8.577639584948));
#6504 = CARTESIAN_POINT('',(5.004204422984,7.026835454125,
    -8.566927113352));
#6505 = CARTESIAN_POINT('',(5.021585606663,7.016932367477,
    -8.555231134476));
#6506 = CARTESIAN_POINT('',(5.039301163186,7.007918994395,
    -8.542499468523));
#6507 = CARTESIAN_POINT('',(5.05725199063,6.999788089798,-8.528683456549
    ));
#6508 = CARTESIAN_POINT('',(5.075334787434,6.992519849853,
    -8.513738335748));
#6509 = CARTESIAN_POINT('',(5.106304902131,6.981508323333,
    -8.486177645127));
#6510 = CARTESIAN_POINT('',(5.119179235783,6.977354038205,
    -8.474141993589));
#6511 = CARTESIAN_POINT('',(5.132027959999,6.973606755131,
    -8.461501751233));
#6512 = CARTESIAN_POINT('',(5.144811599657,6.970251663517,
    -8.448243632008));
#6513 = CARTESIAN_POINT('',(5.15748924235,6.967270947867,-8.4343559727)
  );
#6514 = CARTESIAN_POINT('',(5.170018538383,6.964643787786,
    -8.419828732928));
#6515 = CARTESIAN_POINT('',(5.193766198957,6.960221491828,
    -8.390618094006));
#6516 = CARTESIAN_POINT('',(5.205011743966,6.958378787644,
    -8.376029156751));
#6517 = CARTESIAN_POINT('',(5.216058055315,6.956799519488,
    -8.360879960359));
#6518 = CARTESIAN_POINT('',(5.226868454828,6.955462892635,-8.34516645779
    ));
#6519 = CARTESIAN_POINT('',(5.237404239801,6.954346368871,
    -8.328887996057));
#6520 = CARTESIAN_POINT('',(5.24762505616,6.953425991796,-8.31204803429)
  );
#6521 = CARTESIAN_POINT('',(5.276185723769,6.951256541247,-8.26168816326
    ));
#6522 = CARTESIAN_POINT('',(5.293618253692,6.950449932132,
    -8.226703984667));
#6523 = CARTESIAN_POINT('',(5.309474866681,6.950090828208,
    -8.189795962222));
#6524 = CARTESIAN_POINT('',(5.323431413897,6.949999734202,
    -8.151147675663));
#6525 = CARTESIAN_POINT('',(5.335180608933,6.950000132777,
    -8.111054754115));
#6526 = CARTESIAN_POINT('',(5.344478581175,6.95000005,-8.069956415175));
#6527 = CARTESIAN_POINT('',(5.351229982735,6.95000005,-8.028455284554));
#6528 = PCURVE('',#2511,#6529);
#6529 = DEFINITIONAL_REPRESENTATION('',(#6530),#6581);
#6530 = B_SPLINE_CURVE_WITH_KNOTS('',7,(#6531,#6532,#6533,#6534,#6535,
    #6536,#6537,#6538,#6539,#6540,#6541,#6542,#6543,#6544,#6545,#6546,
    #6547,#6548,#6549,#6550,#6551,#6552,#6553,#6554,#6555,#6556,#6557,
    #6558,#6559,#6560,#6561,#6562,#6563,#6564,#6565,#6566,#6567,#6568,
    #6569,#6570,#6571,#6572,#6573,#6574,#6575,#6576,#6577,#6578,#6579,
    #6580),.UNSPECIFIED.,.F.,.F.,(8,6,6,6,6,6,6,6,8),(0.186301719583,
    0.187084439542,0.364630407604,0.436753215371,0.547429082378,
    0.672713657524,0.761700828803,0.844004029835,1.),.UNSPECIFIED.);
#6531 = CARTESIAN_POINT('',(0.284251554009,-0.45));
#6532 = CARTESIAN_POINT('',(0.28425155401,-0.449871864236));
#6533 = CARTESIAN_POINT('',(0.284251613395,-0.449743728481));
#6534 = CARTESIAN_POINT('',(0.284251732165,-0.449615592755));
#6535 = CARTESIAN_POINT('',(0.284251910318,-0.449487457077));
#6536 = CARTESIAN_POINT('',(0.284252147855,-0.449359321469));
#6537 = CARTESIAN_POINT('',(0.284252444776,-0.449231185949));
#6538 = CARTESIAN_POINT('',(0.284333622372,-0.420037833357));
#6539 = CARTESIAN_POINT('',(0.287469907114,-0.390977330837));
#6540 = CARTESIAN_POINT('',(0.293661439091,-0.362154302046));
#6541 = CARTESIAN_POINT('',(0.302883667604,-0.33380056167));
#6542 = CARTESIAN_POINT('',(0.315088924954,-0.306140758327));
#6543 = CARTESIAN_POINT('',(0.330209328665,-0.279385554255));
#6544 = CARTESIAN_POINT('',(0.355453854611,-0.243300041457));
#6545 = CARTESIAN_POINT('',(0.363213655019,-0.233056300078));
#6546 = CARTESIAN_POINT('',(0.3714351155,-0.223005754615));
#6547 = CARTESIAN_POINT('',(0.380112255696,-0.213160443866));
#6548 = CARTESIAN_POINT('',(0.389238769072,-0.203531673082));
#6549 = CARTESIAN_POINT('',(0.398808022909,-0.194130013965));
#6550 = CARTESIAN_POINT('',(0.424166259345,-0.170901623866));
#6551 = CARTESIAN_POINT('',(0.440545791452,-0.157395747162));
#6552 = CARTESIAN_POINT('',(0.457926702949,-0.144482963508));
#6553 = CARTESIAN_POINT('',(0.476282812038,-0.132193565535));
#6554 = CARTESIAN_POINT('',(0.495587382222,-0.120552192988));
#6555 = CARTESIAN_POINT('',(0.51581379771,-0.109577176163));
#6556 = CARTESIAN_POINT('',(0.560846745551,-8.762338644507E-02));
#6557 = CARTESIAN_POINT('',(0.585905176126,-7.683540412498E-02));
#6558 = CARTESIAN_POINT('',(0.61207480399,-6.693231747711E-02));
#6559 = CARTESIAN_POINT('',(0.639320129131,-5.79189443955E-02));
#6560 = CARTESIAN_POINT('',(0.667608789789,-4.978803979807E-02));
#6561 = CARTESIAN_POINT('',(0.696913474162,-4.251979985319E-02));
#6562 = CARTESIAN_POINT('',(0.748735580809,-3.150827333286E-02));
#6563 = CARTESIAN_POINT('',(0.770759071989,-2.735398820522E-02));
#6564 = CARTESIAN_POINT('',(0.793277174214,-2.360670513109E-02));
#6565 = CARTESIAN_POINT('',(0.816283834377,-2.025161351684E-02));
#6566 = CARTESIAN_POINT('',(0.839774077706,-1.727089786728E-02));
#6567 = CARTESIAN_POINT('',(0.863744007757,-1.464373778567E-02));
#6568 = CARTESIAN_POINT('',(0.910801366523,-1.022144182779E-02));
#6569 = CARTESIAN_POINT('',(0.933818755174,-8.378737644211E-03));
#6570 = CARTESIAN_POINT('',(0.957241286903,-6.799469487991E-03));
#6571 = CARTESIAN_POINT('',(0.981065965591,-5.462842634502E-03));
#6572 = CARTESIAN_POINT('',(1.005288117826,-4.346318870666E-03));
#6573 = CARTESIAN_POINT('',(1.029901026276,-3.425941796185E-03));
#6574 = CARTESIAN_POINT('',(1.102269747337,-1.256491246776E-03));
#6575 = CARTESIAN_POINT('',(1.151058167117,-4.498821319023E-04));
#6576 = CARTESIAN_POINT('',(1.20114025398,-9.077820755987E-05));
#6577 = CARTESIAN_POINT('',(1.252336954961,3.157976813384E-07));
#6578 = CARTESIAN_POINT('',(1.304398193251,-8.277671059709E-08));
#6579 = CARTESIAN_POINT('',(1.356970734475,1.110223024625E-16));
#6580 = CARTESIAN_POINT('',(1.409529113711,1.110223024625E-16));
#6581 = ( GEOMETRIC_REPRESENTATION_CONTEXT(2) 
PARAMETRIC_REPRESENTATION_CONTEXT() REPRESENTATION_CONTEXT('2D SPACE',''
  ) );
#6582 = PCURVE('',#2540,#6583);
#6583 = DEFINITIONAL_REPRESENTATION('',(#6584),#6635);
#6584 = B_SPLINE_CURVE_WITH_KNOTS('',7,(#6585,#6586,#6587,#6588,#6589,
    #6590,#6591,#6592,#6593,#6594,#6595,#6596,#6597,#6598,#6599,#6600,
    #6601,#6602,#6603,#6604,#6605,#6606,#6607,#6608,#6609,#6610,#6611,
    #6612,#6613,#6614,#6615,#6616,#6617,#6618,#6619,#6620,#6621,#6622,
    #6623,#6624,#6625,#6626,#6627,#6628,#6629,#6630,#6631,#6632,#6633,
    #6634),.UNSPECIFIED.,.F.,.F.,(8,6,6,6,6,6,6,6,8),(0.186301719583,
    0.187084439542,0.364630407604,0.436753215371,0.547429082378,
    0.672713657524,0.761700828803,0.844004029835,1.),.UNSPECIFIED.);
#6585 = CARTESIAN_POINT('',(-6.107348258958,3.141592653601));
#6586 = CARTESIAN_POINT('',(-6.107348258958,3.14187739974));
#6587 = CARTESIAN_POINT('',(-6.107348259384,3.14216214586));
#6588 = CARTESIAN_POINT('',(-6.107348260235,3.142446891954));
#6589 = CARTESIAN_POINT('',(-6.107348261512,3.142731638015));
#6590 = CARTESIAN_POINT('',(-6.107348263215,3.143016384037));
#6591 = CARTESIAN_POINT('',(-6.107348265344,3.143301130014));
#6592 = CARTESIAN_POINT('',(-6.107348847304,3.208175375755));
#6593 = CARTESIAN_POINT('',(-6.107371331786,3.272764078256));
#6594 = CARTESIAN_POINT('',(-6.107415732349,3.337274969425));
#6595 = CARTESIAN_POINT('',(-6.107482731404,3.401632502537));
#6596 = CARTESIAN_POINT('',(-6.107573672942,3.465756923777));
#6597 = CARTESIAN_POINT('',(-6.107690437932,3.529558117748));
#6598 = CARTESIAN_POINT('',(-6.107894012305,3.61867151183));
#6599 = CARTESIAN_POINT('',(-6.107957439436,3.644343087948));
#6600 = CARTESIAN_POINT('',(-6.108025635625,3.669936647271));
#6601 = CARTESIAN_POINT('',(-6.108098754998,3.695444615667));
#6602 = CARTESIAN_POINT('',(-6.108176956549,3.720858898807));
#6603 = CARTESIAN_POINT('',(-6.108260404137,3.746170882169));
#6604 = CARTESIAN_POINT('',(-6.108485629975,3.810042867746));
#6605 = CARTESIAN_POINT('',(-6.108634741765,3.848451994811));
#6606 = CARTESIAN_POINT('',(-6.10879720114,3.886565220477));
#6607 = CARTESIAN_POINT('',(-6.108973612355,3.92434589302));
#6608 = CARTESIAN_POINT('',(-6.109164567091,3.96175358758));
#6609 = CARTESIAN_POINT('',(-6.109370626907,3.998743392985));
#6610 = CARTESIAN_POINT('',(-6.109843245055,4.076607715435));
#6611 = CARTESIAN_POINT('',(-6.110114195264,4.11735019161));
#6612 = CARTESIAN_POINT('',(-6.110405915262,4.157420734282));
#6613 = CARTESIAN_POINT('',(-6.110719080355,4.196739119728));
#6614 = CARTESIAN_POINT('',(-6.111054280173,4.235214788592));
#6615 = CARTESIAN_POINT('',(-6.111412016633,4.272744841151));
#6616 = CARTESIAN_POINT('',(-6.112063095169,4.335113961902));
#6617 = CARTESIAN_POINT('',(-6.112345057491,4.360478607809));
#6618 = CARTESIAN_POINT('',(-6.112638744388,4.385264877182));
#6619 = CARTESIAN_POINT('',(-6.112944276644,4.40942587656));
#6620 = CARTESIAN_POINT('',(-6.113261740308,4.432908912149));
#6621 = CARTESIAN_POINT('',(-6.113591186697,4.455655489819));
#6622 = CARTESIAN_POINT('',(-6.114248431558,4.497898753982));
#6623 = CARTESIAN_POINT('',(-6.114574478083,4.517509913537));
#6624 = CARTESIAN_POINT('',(-6.114910788076,4.536384236226));
#6625 = CARTESIAN_POINT('',(-6.115257318876,4.55446380165));
#6626 = CARTESIAN_POINT('',(-6.1156139566,4.571684302047));
#6627 = CARTESIAN_POINT('',(-6.115980503687,4.587976017789));
#6628 = CARTESIAN_POINT('',(-6.11706963839,4.632242855341));
#6629 = CARTESIAN_POINT('',(-6.117817805309,4.657644622617));
#6630 = CARTESIAN_POINT('',(-6.118598336765,4.678916022248));
#6631 = CARTESIAN_POINT('',(-6.119406633984,4.695470030999));
#6632 = CARTESIAN_POINT('',(-6.120235999241,4.706751350032));
#6633 = CARTESIAN_POINT('',(-6.121077160028,4.712388980385));
#6634 = CARTESIAN_POINT('',(-6.121918094095,4.712388980385));
#6635 = ( GEOMETRIC_REPRESENTATION_CONTEXT(2) 
PARAMETRIC_REPRESENTATION_CONTEXT() REPRESENTATION_CONTEXT('2D SPACE',''
  ) );
#6636 = ORIENTED_EDGE('',*,*,#2495,.T.);
#6637 = ORIENTED_EDGE('',*,*,#6398,.F.);
#6638 = ORIENTED_EDGE('',*,*,#6348,.F.);
#6639 = ORIENTED_EDGE('',*,*,#6266,.F.);
#6640 = ADVANCED_FACE('',(#6641),#2540,.F.);
#6641 = FACE_BOUND('',#6642,.T.);
#6642 = EDGE_LOOP('',(#6643,#6671,#6821,#6822));
#6643 = ORIENTED_EDGE('',*,*,#6644,.F.);
#6644 = EDGE_CURVE('',#6645,#6447,#6647,.T.);
#6645 = VERTEX_POINT('',#6646);
#6646 = CARTESIAN_POINT('',(5.130318289573,7.40000005,-6.435395858239));
#6647 = SURFACE_CURVE('',#6648,(#6653,#6660),.PCURVE_S1.);
#6648 = CIRCLE('',#6649,49.55);
#6649 = AXIS2_PLACEMENT_3D('',#6650,#6651,#6652);
#6650 = CARTESIAN_POINT('',(-44.00000005,7.40000005,-1.468669630361E-12)
  );
#6651 = DIRECTION('',(0.,1.,-1.110223024625E-16));
#6652 = DIRECTION('',(0.867765453369,5.51751934172E-17,0.496973961028));
#6653 = PCURVE('',#2540,#6654);
#6654 = DEFINITIONAL_REPRESENTATION('',(#6655),#6659);
#6655 = LINE('',#6656,#6657);
#6656 = CARTESIAN_POINT('',(-6.803293424274,3.14159265359));
#6657 = VECTOR('',#6658,1.);
#6658 = DIRECTION('',(1.,-0.));
#6659 = ( GEOMETRIC_REPRESENTATION_CONTEXT(2) 
PARAMETRIC_REPRESENTATION_CONTEXT() REPRESENTATION_CONTEXT('2D SPACE',''
  ) );
#6660 = PCURVE('',#6463,#6661);
#6661 = DEFINITIONAL_REPRESENTATION('',(#6662),#6670);
#6662 = ( BOUNDED_CURVE() B_SPLINE_CURVE(2,(#6663,#6664,#6665,#6666,
#6667,#6668,#6669),.UNSPECIFIED.,.T.,.F.) B_SPLINE_CURVE_WITH_KNOTS((1,2
    ,2,2,2,1),(-2.094395102393,0.,2.094395102393,4.188790204786,
6.28318530718,8.377580409573),.UNSPECIFIED.) CURVE() 
GEOMETRIC_REPRESENTATION_ITEM() RATIONAL_B_SPLINE_CURVE((1.,0.5,1.,0.5,
1.,0.5,1.)) REPRESENTATION_ITEM('') );
#6663 = CARTESIAN_POINT('',(42.99777821443,24.625059768915));
#6664 = CARTESIAN_POINT('',(85.649632873612,-49.84927671105));
#6665 = CARTESIAN_POINT('',(-0.172961777624,-49.54969812444));
#6666 = CARTESIAN_POINT('',(-85.99555642886,-49.25011953783));
#6667 = CARTESIAN_POINT('',(-42.8248164368,24.924638355528));
#6668 = CARTESIAN_POINT('',(0.345923555249,99.099396248887));
#6669 = CARTESIAN_POINT('',(42.99777821443,24.625059768915));
#6670 = ( GEOMETRIC_REPRESENTATION_CONTEXT(2) 
PARAMETRIC_REPRESENTATION_CONTEXT() REPRESENTATION_CONTEXT('2D SPACE',''
  ) );
#6671 = ORIENTED_EDGE('',*,*,#6672,.T.);
#6672 = EDGE_CURVE('',#6645,#2524,#6673,.T.);
#6673 = SURFACE_CURVE('',#6674,(#6725,#6773),.PCURVE_S1.);
#6674 = B_SPLINE_CURVE_WITH_KNOTS('',7,(#6675,#6676,#6677,#6678,#6679,
    #6680,#6681,#6682,#6683,#6684,#6685,#6686,#6687,#6688,#6689,#6690,
    #6691,#6692,#6693,#6694,#6695,#6696,#6697,#6698,#6699,#6700,#6701,
    #6702,#6703,#6704,#6705,#6706,#6707,#6708,#6709,#6710,#6711,#6712,
    #6713,#6714,#6715,#6716,#6717,#6718,#6719,#6720,#6721,#6722,#6723,
    #6724),.UNSPECIFIED.,.F.,.F.,(8,6,6,6,6,6,6,6,8),(0.,0.185490091668,
    0.36345053111,0.434520962877,0.543980300285,0.67003746543,
    0.759995901124,0.843669739259,1.),.UNSPECIFIED.);
#6675 = CARTESIAN_POINT('',(5.175505296304,7.604295774883,-6.46800924582
    ));
#6676 = CARTESIAN_POINT('',(5.163149963183,7.577799924829,
    -6.458420088746));
#6677 = CARTESIAN_POINT('',(5.152516104865,7.550064319531,
    -6.450618519528));
#6678 = CARTESIAN_POINT('',(5.143797296284,7.521300202275,
    -6.444499628363));
#6679 = CARTESIAN_POINT('',(5.137142304636,7.491745565066,
    -6.439969381632));
#6680 = CARTESIAN_POINT('',(5.132651960975,7.46165582405,-6.436959541408
    ));
#6681 = CARTESIAN_POINT('',(5.130377330208,7.431295298552,
    -6.435435417853));
#6682 = CARTESIAN_POINT('',(5.130263389354,7.371796336705,-6.43535907287
    ));
#6683 = CARTESIAN_POINT('',(5.132247780628,7.342657448866,
    -6.436688717713));
#6684 = CARTESIAN_POINT('',(5.136273212382,7.313747229713,-6.43938484426
    ));
#6685 = CARTESIAN_POINT('',(5.142297941485,7.285299311922,
    -6.443475786601));
#6686 = CARTESIAN_POINT('',(5.150238026551,7.257540268254,
    -6.449018489103));
#6687 = CARTESIAN_POINT('',(5.159968723091,7.230682719325,
    -6.456092514363));
#6688 = CARTESIAN_POINT('',(5.175862869027,7.19462835915,-6.468261095119
    ));
#6689 = CARTESIAN_POINT('',(5.18065846378,7.184513069893,-6.471992479819
    ));
#6690 = CARTESIAN_POINT('',(5.185703228337,7.17458422988,-6.475988390187
    ));
#6691 = CARTESIAN_POINT('',(5.190985827812,7.164853408982,-6.48025486936
    ));
#6692 = CARTESIAN_POINT('',(5.196494018258,7.155331491561,
    -6.484798095254));
#6693 = CARTESIAN_POINT('',(5.202214646663,7.146028676466,
    -6.489624380568));
#6694 = CARTESIAN_POINT('',(5.217249823065,7.122978821716,
    -6.502619275408));
#6695 = CARTESIAN_POINT('',(5.226836640315,7.109545295673,
    -6.511185000234));
#6696 = CARTESIAN_POINT('',(5.236842890247,7.096688408077,
    -6.520460421961));
#6697 = CARTESIAN_POINT('',(5.247212624178,7.084437939201,
    -6.530468388415));
#6698 = CARTESIAN_POINT('',(5.257885717658,7.07281831325,-6.541230720393
    ));
#6699 = CARTESIAN_POINT('',(5.268798430933,7.061847971196,
    -6.552767411513));
#6700 = CARTESIAN_POINT('',(5.292650459549,7.039666279956,
    -6.579293659675));
#6701 = CARTESIAN_POINT('',(5.305646084976,7.028670689437,
    -6.594541347599));
#6702 = CARTESIAN_POINT('',(5.318769057277,7.01856995646,-6.610866098227
    ));
#6703 = CARTESIAN_POINT('',(5.331912512002,7.00937027085,-6.628290252861
    ));
#6704 = CARTESIAN_POINT('',(5.344965572041,7.001065496484,
    -6.646831172642));
#6705 = CARTESIAN_POINT('',(5.357814411017,6.993636639923,
    -6.666501123465));
#6706 = CARTESIAN_POINT('',(5.37928434555,6.982351822882,-6.702155016469
    ));
#6707 = CARTESIAN_POINT('',(5.388062136739,6.978082075897,
    -6.717580998179));
#6708 = CARTESIAN_POINT('',(5.396634786946,6.974230299549,
    -6.733588085439));
#6709 = CARTESIAN_POINT('',(5.404959319675,6.970781541362,
    -6.750177248885));
#6710 = CARTESIAN_POINT('',(5.412991797988,6.9677176908,-6.767347444391)
  );
#6711 = CARTESIAN_POINT('',(5.420687437267,6.965017495144,
    -6.785095607068));
#6712 = CARTESIAN_POINT('',(5.434803084658,6.960460592088,
    -6.820457755123));
#6713 = CARTESIAN_POINT('',(5.441274230535,6.958558243131,
    -6.837993511086));
#6714 = CARTESIAN_POINT('',(5.447377764132,6.956930024413,-6.8560200188)
  );
#6715 = CARTESIAN_POINT('',(5.453075708523,6.955554211402,-6.87452994198
    ));
#6716 = CARTESIAN_POINT('',(5.458329108666,6.954407204045,
    -6.893511892472));
#6717 = CARTESIAN_POINT('',(5.463098638755,6.953463871709,
    -6.912949820315));
#6718 = CARTESIAN_POINT('',(5.475279201064,6.951266807416,
    -6.969950928412));
#6719 = CARTESIAN_POINT('',(5.48139455821,6.950453809093,-7.008628261299
    ));
#6720 = CARTESIAN_POINT('',(5.485421415886,6.950091550993,
    -7.048674155814));
#6721 = CARTESIAN_POINT('',(5.48710366926,6.949999752789,-7.089815921042
    ));
#6722 = CARTESIAN_POINT('',(5.486234838934,6.950000119935,
    -7.131676002453));
#6723 = CARTESIAN_POINT('',(5.482714031788,6.95000005,-7.173756489988));
#6724 = CARTESIAN_POINT('',(5.47663405501,6.95000005,-7.215447154473));
#6725 = PCURVE('',#2540,#6726);
#6726 = DEFINITIONAL_REPRESENTATION('',(#6727),#6772);
#6727 = B_SPLINE_CURVE_WITH_KNOTS('',7,(#6728,#6729,#6730,#6731,#6732,
    #6733,#6734,#6735,#6736,#6737,#6738,#6739,#6740,#6741,#6742,#6743,
    #6744,#6745,#6746,#6747,#6748,#6749,#6750,#6751,#6752,#6753,#6754,
    #6755,#6756,#6757,#6758,#6759,#6760,#6761,#6762,#6763,#6764,#6765,
    #6766,#6767,#6768,#6769,#6770,#6771),.UNSPECIFIED.,.F.,.F.,(8,6,6,6,
    6,6,6,8),(0.186301165109,0.36345053111,0.434520962877,0.543980300285
    ,0.67003746543,0.759995901124,0.843669739259,1.),.UNSPECIFIED.);
#6728 = CARTESIAN_POINT('',(-6.152940572375,3.141592653581));
#6729 = CARTESIAN_POINT('',(-6.152940572367,3.206038126134));
#6730 = CARTESIAN_POINT('',(-6.152918765058,3.270484437184));
#6731 = CARTESIAN_POINT('',(-6.152875151131,3.334855106783));
#6732 = CARTESIAN_POINT('',(-6.152809066041,3.399075166696));
#6733 = CARTESIAN_POINT('',(-6.152719188168,3.463065545909));
#6734 = CARTESIAN_POINT('',(-6.152603660851,3.526736988464));
#6735 = CARTESIAN_POINT('',(-6.152402824829,3.615357329372));
#6736 = CARTESIAN_POINT('',(-6.1523408469,3.640662812074));
#6737 = CARTESIAN_POINT('',(-6.152274252316,3.665893227326));
#6738 = CARTESIAN_POINT('',(-6.15220289412,3.691041364172));
#6739 = CARTESIAN_POINT('',(-6.152126620602,3.716099525116));
#6740 = CARTESIAN_POINT('',(-6.152045275303,3.741059526125));
#6741 = CARTESIAN_POINT('',(-6.151825353195,3.804190381288));
#6742 = CARTESIAN_POINT('',(-6.151679598738,3.842214752422));
#6743 = CARTESIAN_POINT('',(-6.151520854515,3.879953585219));
#6744 = CARTESIAN_POINT('',(-6.151348535314,3.917371748266));
#6745 = CARTESIAN_POINT('',(-6.151162066699,3.95443053281));
#6746 = CARTESIAN_POINT('',(-6.150960901865,3.99108698201));
#6747 = CARTESIAN_POINT('',(-6.150495366944,4.068989578435));
#6748 = CARTESIAN_POINT('',(-6.150226041516,4.110088531088));
#6749 = CARTESIAN_POINT('',(-6.149935781778,4.150517694807));
#6750 = CARTESIAN_POINT('',(-6.149623891135,4.190196329569));
#6751 = CARTESIAN_POINT('',(-6.149289759781,4.229033296215));
#6752 = CARTESIAN_POINT('',(-6.148932867652,4.266925013996));
#6753 = CARTESIAN_POINT('',(-6.148281549916,4.330035348386));
#6754 = CARTESIAN_POINT('',(-6.147998511516,4.355774881306));
#6755 = CARTESIAN_POINT('',(-6.147703508962,4.380929640494));
#6756 = CARTESIAN_POINT('',(-6.147396414565,4.405451828506));
#6757 = CARTESIAN_POINT('',(-6.147077136046,4.42928786807));
#6758 = CARTESIAN_POINT('',(-6.14674561642,4.452378043325));
#6759 = CARTESIAN_POINT('',(-6.146082068362,4.495377865803));
#6760 = CARTESIAN_POINT('',(-6.145751711825,4.515395752533));
#6761 = CARTESIAN_POINT('',(-6.145410743319,4.53465719152));
#6762 = CARTESIAN_POINT('',(-6.145059203589,4.553101730388));
#6763 = CARTESIAN_POINT('',(-6.144697208335,4.570662101117));
#6764 = CARTESIAN_POINT('',(-6.144324961467,4.587265247076));
#6765 = CARTESIAN_POINT('',(-6.143228705905,4.631919688726));
#6766 = CARTESIAN_POINT('',(-6.142479317596,4.657418078025));
#6767 = CARTESIAN_POINT('',(-6.141697371715,4.678775067314));
#6768 = CARTESIAN_POINT('',(-6.140887459855,4.69539914301));
#6769 = CARTESIAN_POINT('',(-6.140056332685,4.706728529836));
#6770 = CARTESIAN_POINT('',(-6.139213370639,4.712388980385));
#6771 = CARTESIAN_POINT('',(-6.138370737238,4.712388980385));
#6772 = ( GEOMETRIC_REPRESENTATION_CONTEXT(2) 
PARAMETRIC_REPRESENTATION_CONTEXT() REPRESENTATION_CONTEXT('2D SPACE',''
  ) );
#6773 = PCURVE('',#2568,#6774);
#6774 = DEFINITIONAL_REPRESENTATION('',(#6775),#6820);
#6775 = B_SPLINE_CURVE_WITH_KNOTS('',7,(#6776,#6777,#6778,#6779,#6780,
    #6781,#6782,#6783,#6784,#6785,#6786,#6787,#6788,#6789,#6790,#6791,
    #6792,#6793,#6794,#6795,#6796,#6797,#6798,#6799,#6800,#6801,#6802,
    #6803,#6804,#6805,#6806,#6807,#6808,#6809,#6810,#6811,#6812,#6813,
    #6814,#6815,#6816,#6817,#6818,#6819),.UNSPECIFIED.,.F.,.F.,(8,6,6,6,
    6,6,6,8),(0.186301165109,0.36345053111,0.434520962877,0.543980300285
    ,0.67003746543,0.759995901124,0.843669739259,1.),.UNSPECIFIED.);
#6776 = CARTESIAN_POINT('',(-0.590333337035,-0.45));
#6777 = CARTESIAN_POINT('',(-0.590333336768,-0.420999537098));
#6778 = CARTESIAN_POINT('',(-0.593375191129,-0.39199868827));
#6779 = CARTESIAN_POINT('',(-0.599459095204,-0.363228648126));
#6780 = CARTESIAN_POINT('',(-0.608561136462,-0.334919773824));
#6781 = CARTESIAN_POINT('',(-0.620634455496,-0.307295428736));
#6782 = CARTESIAN_POINT('',(-0.635612086484,-0.280565243185));
#6783 = CARTESIAN_POINT('',(-0.660552402724,-0.24462830915));
#6784 = CARTESIAN_POINT('',(-0.668147547149,-0.234513019893));
#6785 = CARTESIAN_POINT('',(-0.676191528893,-0.22458417988));
#6786 = CARTESIAN_POINT('',(-0.684678654438,-0.214853358982));
#6787 = CARTESIAN_POINT('',(-0.693602918512,-0.205331441561));
#6788 = CARTESIAN_POINT('',(-0.702958004087,-0.196028626466));
#6789 = CARTESIAN_POINT('',(-0.727798867012,-0.172978771716));
#6790 = CARTESIAN_POINT('',(-0.743866795385,-0.159545245673));
#6791 = CARTESIAN_POINT('',(-0.760917031369,-0.146688358077));
#6792 = CARTESIAN_POINT('',(-0.778924326809,-0.134437889201));
#6793 = CARTESIAN_POINT('',(-0.797862853533,-0.12281826325));
#6794 = CARTESIAN_POINT('',(-0.817706835362,-0.111847921196));
#6795 = CARTESIAN_POINT('',(-0.862298053504,-8.966622995559E-02));
#6796 = CARTESIAN_POINT('',(-0.887332282583,-7.867063943709E-02));
#6797 = CARTESIAN_POINT('',(-0.913496233661,-6.856990646012E-02));
#6798 = CARTESIAN_POINT('',(-0.940753427022,-5.937022085015E-02));
#6799 = CARTESIAN_POINT('',(-0.969070492291,-5.106544648374E-02));
#6800 = CARTESIAN_POINT('',(-0.998419123802,-4.363658992272E-02));
#6801 = CARTESIAN_POINT('',(-1.050443129306,-3.235177288175E-02));
#6802 = CARTESIAN_POINT('',(-1.072622038739,-2.808202589748E-02));
#6803 = CARTESIAN_POINT('',(-1.095307548719,-2.423024954947E-02));
#6804 = CARTESIAN_POINT('',(-1.118493137634,-2.078149136161E-02));
#6805 = CARTESIAN_POINT('',(-1.142173297632,-1.771764079982E-02));
#6806 = CARTESIAN_POINT('',(-1.166343854442,-1.50174451439E-02));
#6807 = CARTESIAN_POINT('',(-1.213938054068,-1.046054208831E-02));
#6808 = CARTESIAN_POINT('',(-1.237294592993,-8.558193131114E-03));
#6809 = CARTESIAN_POINT('',(-1.261070165597,-6.929974412977E-03));
#6810 = CARTESIAN_POINT('',(-1.285261683609,-5.554161401601E-03));
#6811 = CARTESIAN_POINT('',(-1.309864324106,-4.407154045006E-03));
#6812 = CARTESIAN_POINT('',(-1.334871144775,-3.463821709173E-03));
#6813 = CARTESIAN_POINT('',(-1.407731160628,-1.266757415686E-03));
#6814 = CARTESIAN_POINT('',(-1.456607836098,-4.5375909304E-04));
#6815 = CARTESIAN_POINT('',(-1.506786466516,-9.150099278621E-05));
#6816 = CARTESIAN_POINT('',(-1.558088465174,2.972111876609E-07));
#6817 = CARTESIAN_POINT('',(-1.610261186973,-6.993475087924E-08));
#6818 = CARTESIAN_POINT('',(-1.66294630915,0.));
#6819 = CARTESIAN_POINT('',(-1.715610896736,0.));
#6820 = ( GEOMETRIC_REPRESENTATION_CONTEXT(2) 
PARAMETRIC_REPRESENTATION_CONTEXT() REPRESENTATION_CONTEXT('2D SPACE',''
  ) );
#6821 = ORIENTED_EDGE('',*,*,#2523,.T.);
#6822 = ORIENTED_EDGE('',*,*,#6475,.F.);
#6823 = ADVANCED_FACE('',(#6824),#2568,.T.);
#6824 = FACE_BOUND('',#6825,.F.);
#6825 = EDGE_LOOP('',(#6826,#6856,#6882,#6883,#6884,#6912,#6935));
#6826 = ORIENTED_EDGE('',*,*,#6827,.F.);
#6827 = EDGE_CURVE('',#6828,#6830,#6832,.T.);
#6828 = VERTEX_POINT('',#6829);
#6829 = CARTESIAN_POINT('',(4.68500790933,7.40000005,-6.300000000001));
#6830 = VERTEX_POINT('',#6831);
#6831 = CARTESIAN_POINT('',(4.68500790933,-10.37999995,-6.300000000001)
  );
#6832 = SURFACE_CURVE('',#6833,(#6837,#6844),.PCURVE_S1.);
#6833 = LINE('',#6834,#6835);
#6834 = CARTESIAN_POINT('',(4.68500790933,6.95000005,-6.300000000001));
#6835 = VECTOR('',#6836,1.);
#6836 = DIRECTION('',(0.,-1.,1.110223024625E-16));
#6837 = PCURVE('',#2568,#6838);
#6838 = DEFINITIONAL_REPRESENTATION('',(#6839),#6843);
#6839 = LINE('',#6840,#6841);
#6840 = CARTESIAN_POINT('',(-0.,0.));
#6841 = VECTOR('',#6842,1.);
#6842 = DIRECTION('',(-0.,1.));
#6843 = ( GEOMETRIC_REPRESENTATION_CONTEXT(2) 
PARAMETRIC_REPRESENTATION_CONTEXT() REPRESENTATION_CONTEXT('2D SPACE',''
  ) );
#6844 = PCURVE('',#6845,#6850);
#6845 = PLANE('',#6846);
#6846 = AXIS2_PLACEMENT_3D('',#6847,#6848,#6849);
#6847 = CARTESIAN_POINT('',(-12.00000005,13.60000005,-6.300000000001));
#6848 = DIRECTION('',(0.,1.110223024625E-16,1.));
#6849 = DIRECTION('',(0.,-1.,1.110223024625E-16));
#6850 = DEFINITIONAL_REPRESENTATION('',(#6851),#6855);
#6851 = LINE('',#6852,#6853);
#6852 = CARTESIAN_POINT('',(6.65,16.68500795933));
#6853 = VECTOR('',#6854,1.);
#6854 = DIRECTION('',(1.,0.));
#6855 = ( GEOMETRIC_REPRESENTATION_CONTEXT(2) 
PARAMETRIC_REPRESENTATION_CONTEXT() REPRESENTATION_CONTEXT('2D SPACE',''
  ) );
#6856 = ORIENTED_EDGE('',*,*,#6857,.T.);
#6857 = EDGE_CURVE('',#6828,#6645,#6858,.T.);
#6858 = SURFACE_CURVE('',#6859,(#6864,#6871),.PCURVE_S1.);
#6859 = CIRCLE('',#6860,0.8);
#6860 = AXIS2_PLACEMENT_3D('',#6861,#6862,#6863);
#6861 = CARTESIAN_POINT('',(4.68500790933,7.40000005,-7.100000000001));
#6862 = DIRECTION('',(0.,1.,-1.110223024625E-16));
#6863 = DIRECTION('',(0.,-1.110223024625E-16,-1.));
#6864 = PCURVE('',#2568,#6865);
#6865 = DEFINITIONAL_REPRESENTATION('',(#6866),#6870);
#6866 = LINE('',#6867,#6868);
#6867 = CARTESIAN_POINT('',(3.14159265359,-0.45));
#6868 = VECTOR('',#6869,1.);
#6869 = DIRECTION('',(-1.,0.));
#6870 = ( GEOMETRIC_REPRESENTATION_CONTEXT(2) 
PARAMETRIC_REPRESENTATION_CONTEXT() REPRESENTATION_CONTEXT('2D SPACE',''
  ) );
#6871 = PCURVE('',#6463,#6872);
#6872 = DEFINITIONAL_REPRESENTATION('',(#6873),#6881);
#6873 = ( BOUNDED_CURVE() B_SPLINE_CURVE(2,(#6874,#6875,#6876,#6877,
#6878,#6879,#6880),.UNSPECIFIED.,.T.,.F.) B_SPLINE_CURVE_WITH_KNOTS((1,2
    ,2,2,2,1),(-2.094395102393,0.,2.094395102393,4.188790204786,
6.28318530718,8.377580409573),.UNSPECIFIED.) CURVE() 
GEOMETRIC_REPRESENTATION_ITEM() RATIONAL_B_SPLINE_CURVE((1.,0.5,1.,0.5,
1.,0.5,1.)) REPRESENTATION_ITEM('') );
#6874 = CARTESIAN_POINT('',(48.68500795933,-7.9));
#6875 = CARTESIAN_POINT('',(47.299367313275,-7.9));
#6876 = CARTESIAN_POINT('',(47.992187636302,-6.7));
#6877 = CARTESIAN_POINT('',(48.68500795933,-5.5));
#6878 = CARTESIAN_POINT('',(49.377828282357,-6.7));
#6879 = CARTESIAN_POINT('',(50.070648605385,-7.9));
#6880 = CARTESIAN_POINT('',(48.68500795933,-7.9));
#6881 = ( GEOMETRIC_REPRESENTATION_CONTEXT(2) 
PARAMETRIC_REPRESENTATION_CONTEXT() REPRESENTATION_CONTEXT('2D SPACE',''
  ) );
#6882 = ORIENTED_EDGE('',*,*,#6672,.T.);
#6883 = ORIENTED_EDGE('',*,*,#2552,.T.);
#6884 = ORIENTED_EDGE('',*,*,#6885,.F.);
#6885 = EDGE_CURVE('',#6886,#2553,#6888,.T.);
#6886 = VERTEX_POINT('',#6887);
#6887 = CARTESIAN_POINT('',(4.862771797676,-11.19999995,-6.320000000001)
  );
#6888 = SURFACE_CURVE('',#6889,(#6894,#6901),.PCURVE_S1.);
#6889 = CIRCLE('',#6890,0.8);
#6890 = AXIS2_PLACEMENT_3D('',#6891,#6892,#6893);
#6891 = CARTESIAN_POINT('',(4.68500790933,-11.19999995,-7.100000000001)
  );
#6892 = DIRECTION('',(0.,1.,-1.110223024625E-16));
#6893 = DIRECTION('',(0.,-1.110223024625E-16,-1.));
#6894 = PCURVE('',#2568,#6895);
#6895 = DEFINITIONAL_REPRESENTATION('',(#6896),#6900);
#6896 = LINE('',#6897,#6898);
#6897 = CARTESIAN_POINT('',(3.14159265359,18.15));
#6898 = VECTOR('',#6899,1.);
#6899 = DIRECTION('',(-1.,0.));
#6900 = ( GEOMETRIC_REPRESENTATION_CONTEXT(2) 
PARAMETRIC_REPRESENTATION_CONTEXT() REPRESENTATION_CONTEXT('2D SPACE',''
  ) );
#6901 = PCURVE('',#2597,#6902);
#6902 = DEFINITIONAL_REPRESENTATION('',(#6903),#6911);
#6903 = ( BOUNDED_CURVE() B_SPLINE_CURVE(2,(#6904,#6905,#6906,#6907,
#6908,#6909,#6910),.UNSPECIFIED.,.T.,.F.) B_SPLINE_CURVE_WITH_KNOTS((1,2
    ,2,2,2,1),(-2.094395102393,0.,2.094395102393,4.188790204786,
6.28318530718,8.377580409573),.UNSPECIFIED.) CURVE() 
GEOMETRIC_REPRESENTATION_ITEM() RATIONAL_B_SPLINE_CURVE((1.,0.5,1.,0.5,
1.,0.5,1.)) REPRESENTATION_ITEM('') );
#6904 = CARTESIAN_POINT('',(16.68500795933,-1.6));
#6905 = CARTESIAN_POINT('',(15.299367313275,-1.6));
#6906 = CARTESIAN_POINT('',(15.992187636302,-0.4));
#6907 = CARTESIAN_POINT('',(16.68500795933,0.8));
#6908 = CARTESIAN_POINT('',(17.377828282357,-0.4));
#6909 = CARTESIAN_POINT('',(18.070648605385,-1.6));
#6910 = CARTESIAN_POINT('',(16.68500795933,-1.6));
#6911 = ( GEOMETRIC_REPRESENTATION_CONTEXT(2) 
PARAMETRIC_REPRESENTATION_CONTEXT() REPRESENTATION_CONTEXT('2D SPACE',''
  ) );
#6912 = ORIENTED_EDGE('',*,*,#6913,.F.);
#6913 = EDGE_CURVE('',#6914,#6886,#6916,.T.);
#6914 = VERTEX_POINT('',#6915);
#6915 = CARTESIAN_POINT('',(4.862771797676,-10.37999995,-6.320000000001)
  );
#6916 = SURFACE_CURVE('',#6917,(#6921,#6928),.PCURVE_S1.);
#6917 = LINE('',#6918,#6919);
#6918 = CARTESIAN_POINT('',(4.862771797676,6.95000005,-6.320000000001));
#6919 = VECTOR('',#6920,1.);
#6920 = DIRECTION('',(0.,-1.,1.110223024625E-16));
#6921 = PCURVE('',#2568,#6922);
#6922 = DEFINITIONAL_REPRESENTATION('',(#6923),#6927);
#6923 = LINE('',#6924,#6925);
#6924 = CARTESIAN_POINT('',(-0.224075285302,0.));
#6925 = VECTOR('',#6926,1.);
#6926 = DIRECTION('',(-0.,1.));
#6927 = ( GEOMETRIC_REPRESENTATION_CONTEXT(2) 
PARAMETRIC_REPRESENTATION_CONTEXT() REPRESENTATION_CONTEXT('2D SPACE',''
  ) );
#6928 = PCURVE('',#2625,#6929);
#6929 = DEFINITIONAL_REPRESENTATION('',(#6930),#6934);
#6930 = LINE('',#6931,#6932);
#6931 = CARTESIAN_POINT('',(17.33,16.862771847676));
#6932 = VECTOR('',#6933,1.);
#6933 = DIRECTION('',(-1.,0.));
#6934 = ( GEOMETRIC_REPRESENTATION_CONTEXT(2) 
PARAMETRIC_REPRESENTATION_CONTEXT() REPRESENTATION_CONTEXT('2D SPACE',''
  ) );
#6935 = ORIENTED_EDGE('',*,*,#6936,.T.);
#6936 = EDGE_CURVE('',#6914,#6830,#6937,.T.);
#6937 = SURFACE_CURVE('',#6938,(#6943,#6950),.PCURVE_S1.);
#6938 = CIRCLE('',#6939,0.8);
#6939 = AXIS2_PLACEMENT_3D('',#6940,#6941,#6942);
#6940 = CARTESIAN_POINT('',(4.68500790933,-10.37999995,-7.100000000001)
  );
#6941 = DIRECTION('',(0.,-1.,1.110223024625E-16));
#6942 = DIRECTION('',(0.,1.110223024625E-16,1.));
#6943 = PCURVE('',#2568,#6944);
#6944 = DEFINITIONAL_REPRESENTATION('',(#6945),#6949);
#6945 = LINE('',#6946,#6947);
#6946 = CARTESIAN_POINT('',(-6.28318530718,17.33));
#6947 = VECTOR('',#6948,1.);
#6948 = DIRECTION('',(1.,-0.));
#6949 = ( GEOMETRIC_REPRESENTATION_CONTEXT(2) 
PARAMETRIC_REPRESENTATION_CONTEXT() REPRESENTATION_CONTEXT('2D SPACE',''
  ) );
#6950 = PCURVE('',#2654,#6951);
#6951 = DEFINITIONAL_REPRESENTATION('',(#6952),#6956);
#6952 = CIRCLE('',#6953,0.8);
#6953 = AXIS2_PLACEMENT_2D('',#6954,#6955);
#6954 = CARTESIAN_POINT('',(-16.68500795933,1.6));
#6955 = DIRECTION('',(-0.,-1.));
#6956 = ( GEOMETRIC_REPRESENTATION_CONTEXT(2) 
PARAMETRIC_REPRESENTATION_CONTEXT() REPRESENTATION_CONTEXT('2D SPACE',''
  ) );
#6957 = ADVANCED_FACE('',(#6958),#2597,.F.);
#6958 = FACE_BOUND('',#6959,.F.);
#6959 = EDGE_LOOP('',(#6960,#6961,#6982));
#6960 = ORIENTED_EDGE('',*,*,#2580,.T.);
#6961 = ORIENTED_EDGE('',*,*,#6962,.T.);
#6962 = EDGE_CURVE('',#2581,#6886,#6963,.T.);
#6963 = SURFACE_CURVE('',#6964,(#6968,#6975),.PCURVE_S1.);
#6964 = LINE('',#6965,#6966);
#6965 = CARTESIAN_POINT('',(-12.00000005,-11.19999995,-6.320000000001));
#6966 = VECTOR('',#6967,1.);
#6967 = DIRECTION('',(-1.,0.,0.));
#6968 = PCURVE('',#2597,#6969);
#6969 = DEFINITIONAL_REPRESENTATION('',(#6970),#6974);
#6970 = LINE('',#6971,#6972);
#6971 = CARTESIAN_POINT('',(0.,-2.E-02));
#6972 = VECTOR('',#6973,1.);
#6973 = DIRECTION('',(-1.,0.));
#6974 = ( GEOMETRIC_REPRESENTATION_CONTEXT(2) 
PARAMETRIC_REPRESENTATION_CONTEXT() REPRESENTATION_CONTEXT('2D SPACE',''
  ) );
#6975 = PCURVE('',#2625,#6976);
#6976 = DEFINITIONAL_REPRESENTATION('',(#6977),#6981);
#6977 = LINE('',#6978,#6979);
#6978 = CARTESIAN_POINT('',(-0.82,0.));
#6979 = VECTOR('',#6980,1.);
#6980 = DIRECTION('',(-0.,-1.));
#6981 = ( GEOMETRIC_REPRESENTATION_CONTEXT(2) 
PARAMETRIC_REPRESENTATION_CONTEXT() REPRESENTATION_CONTEXT('2D SPACE',''
  ) );
#6982 = ORIENTED_EDGE('',*,*,#6885,.T.);
#6983 = ADVANCED_FACE('',(#6984),#2625,.T.);
#6984 = FACE_BOUND('',#6985,.F.);
#6985 = EDGE_LOOP('',(#6986,#7007,#7008,#7009));
#6986 = ORIENTED_EDGE('',*,*,#6987,.F.);
#6987 = EDGE_CURVE('',#6914,#2610,#6988,.T.);
#6988 = SURFACE_CURVE('',#6989,(#6993,#7000),.PCURVE_S1.);
#6989 = LINE('',#6990,#6991);
#6990 = CARTESIAN_POINT('',(-12.00000005,-10.37999995,-6.320000000001));
#6991 = VECTOR('',#6992,1.);
#6992 = DIRECTION('',(1.,0.,0.));
#6993 = PCURVE('',#2625,#6994);
#6994 = DEFINITIONAL_REPRESENTATION('',(#6995),#6999);
#6995 = LINE('',#6996,#6997);
#6996 = CARTESIAN_POINT('',(-0.,0.));
#6997 = VECTOR('',#6998,1.);
#6998 = DIRECTION('',(-0.,1.));
#6999 = ( GEOMETRIC_REPRESENTATION_CONTEXT(2) 
PARAMETRIC_REPRESENTATION_CONTEXT() REPRESENTATION_CONTEXT('2D SPACE',''
  ) );
#7000 = PCURVE('',#2654,#7001);
#7001 = DEFINITIONAL_REPRESENTATION('',(#7002),#7006);
#7002 = LINE('',#7003,#7004);
#7003 = CARTESIAN_POINT('',(-0.,0.82));
#7004 = VECTOR('',#7005,1.);
#7005 = DIRECTION('',(-1.,0.));
#7006 = ( GEOMETRIC_REPRESENTATION_CONTEXT(2) 
PARAMETRIC_REPRESENTATION_CONTEXT() REPRESENTATION_CONTEXT('2D SPACE',''
  ) );
#7007 = ORIENTED_EDGE('',*,*,#6913,.T.);
#7008 = ORIENTED_EDGE('',*,*,#6962,.F.);
#7009 = ORIENTED_EDGE('',*,*,#2609,.F.);
#7010 = ADVANCED_FACE('',(#7011),#2654,.F.);
#7011 = FACE_BOUND('',#7012,.T.);
#7012 = EDGE_LOOP('',(#7013,#7014,#7035,#7036,#7037,#7038,#7061,#7089));
#7013 = ORIENTED_EDGE('',*,*,#4154,.F.);
#7014 = ORIENTED_EDGE('',*,*,#7015,.F.);
#7015 = EDGE_CURVE('',#2638,#4027,#7016,.T.);
#7016 = SURFACE_CURVE('',#7017,(#7021,#7028),.PCURVE_S1.);
#7017 = LINE('',#7018,#7019);
#7018 = CARTESIAN_POINT('',(-12.00000005,-10.37999995,-6.299749960927));
#7019 = VECTOR('',#7020,1.);
#7020 = DIRECTION('',(-1.,0.,0.));
#7021 = PCURVE('',#2654,#7022);
#7022 = DEFINITIONAL_REPRESENTATION('',(#7023),#7027);
#7023 = LINE('',#7024,#7025);
#7024 = CARTESIAN_POINT('',(-0.,0.799749960925));
#7025 = VECTOR('',#7026,1.);
#7026 = DIRECTION('',(1.,-0.));
#7027 = ( GEOMETRIC_REPRESENTATION_CONTEXT(2) 
PARAMETRIC_REPRESENTATION_CONTEXT() REPRESENTATION_CONTEXT('2D SPACE',''
  ) );
#7028 = PCURVE('',#2743,#7029);
#7029 = DEFINITIONAL_REPRESENTATION('',(#7030),#7034);
#7030 = LINE('',#7031,#7032);
#7031 = CARTESIAN_POINT('',(6.25818270228,0.));
#7032 = VECTOR('',#7033,1.);
#7033 = DIRECTION('',(0.,1.));
#7034 = ( GEOMETRIC_REPRESENTATION_CONTEXT(2) 
PARAMETRIC_REPRESENTATION_CONTEXT() REPRESENTATION_CONTEXT('2D SPACE',''
  ) );
#7035 = ORIENTED_EDGE('',*,*,#2637,.F.);
#7036 = ORIENTED_EDGE('',*,*,#6987,.F.);
#7037 = ORIENTED_EDGE('',*,*,#6936,.T.);
#7038 = ORIENTED_EDGE('',*,*,#7039,.T.);
#7039 = EDGE_CURVE('',#6830,#7040,#7042,.T.);
#7040 = VERTEX_POINT('',#7041);
#7041 = CARTESIAN_POINT('',(0.233810547777,-10.37999995,-6.300000000001)
  );
#7042 = SURFACE_CURVE('',#7043,(#7047,#7054),.PCURVE_S1.);
#7043 = LINE('',#7044,#7045);
#7044 = CARTESIAN_POINT('',(-12.00000005,-10.37999995,-6.300000000001));
#7045 = VECTOR('',#7046,1.);
#7046 = DIRECTION('',(-1.,0.,0.));
#7047 = PCURVE('',#2654,#7048);
#7048 = DEFINITIONAL_REPRESENTATION('',(#7049),#7053);
#7049 = LINE('',#7050,#7051);
#7050 = CARTESIAN_POINT('',(-0.,0.8));
#7051 = VECTOR('',#7052,1.);
#7052 = DIRECTION('',(1.,-0.));
#7053 = ( GEOMETRIC_REPRESENTATION_CONTEXT(2) 
PARAMETRIC_REPRESENTATION_CONTEXT() REPRESENTATION_CONTEXT('2D SPACE',''
  ) );
#7054 = PCURVE('',#6845,#7055);
#7055 = DEFINITIONAL_REPRESENTATION('',(#7056),#7060);
#7056 = LINE('',#7057,#7058);
#7057 = CARTESIAN_POINT('',(23.98,0.));
#7058 = VECTOR('',#7059,1.);
#7059 = DIRECTION('',(0.,-1.));
#7060 = ( GEOMETRIC_REPRESENTATION_CONTEXT(2) 
PARAMETRIC_REPRESENTATION_CONTEXT() REPRESENTATION_CONTEXT('2D SPACE',''
  ) );
#7061 = ORIENTED_EDGE('',*,*,#7062,.F.);
#7062 = EDGE_CURVE('',#7063,#7040,#7065,.T.);
#7063 = VERTEX_POINT('',#7064);
#7064 = CARTESIAN_POINT('',(5.604665943075E-02,-10.37999995,
    -6.320000000001));
#7065 = SURFACE_CURVE('',#7066,(#7071,#7082),.PCURVE_S1.);
#7066 = CIRCLE('',#7067,0.8);
#7067 = AXIS2_PLACEMENT_3D('',#7068,#7069,#7070);
#7068 = CARTESIAN_POINT('',(0.233810547777,-10.37999995,-7.100000000001)
  );
#7069 = DIRECTION('',(0.,1.,-1.110223024625E-16));
#7070 = DIRECTION('',(-0.9873618437,1.759505239919E-17,0.158482142857));
#7071 = PCURVE('',#2654,#7072);
#7072 = DEFINITIONAL_REPRESENTATION('',(#7073),#7081);
#7073 = ( BOUNDED_CURVE() B_SPLINE_CURVE(2,(#7074,#7075,#7076,#7077,
#7078,#7079,#7080),.UNSPECIFIED.,.T.,.F.) B_SPLINE_CURVE_WITH_KNOTS((1,2
    ,2,2,2,1),(-2.094395102393,0.,2.094395102393,4.188790204786,
6.28318530718,8.377580409573),.UNSPECIFIED.) CURVE() 
GEOMETRIC_REPRESENTATION_ITEM() RATIONAL_B_SPLINE_CURVE((1.,0.5,1.,0.5,
1.,0.5,1.)) REPRESENTATION_ITEM('') );
#7074 = CARTESIAN_POINT('',(-11.44392112281,1.473214285714));
#7075 = CARTESIAN_POINT('',(-11.66352042163,0.105085582719));
#7076 = CARTESIAN_POINT('',(-12.73855498466,0.979328505645));
#7077 = CARTESIAN_POINT('',(-13.81358954769,1.853571428571));
#7078 = CARTESIAN_POINT('',(-12.51895568584,2.34745720864));
#7079 = CARTESIAN_POINT('',(-11.224321824,2.841342988709));
#7080 = CARTESIAN_POINT('',(-11.44392112281,1.473214285714));
#7081 = ( GEOMETRIC_REPRESENTATION_CONTEXT(2) 
PARAMETRIC_REPRESENTATION_CONTEXT() REPRESENTATION_CONTEXT('2D SPACE',''
  ) );
#7082 = PCURVE('',#4259,#7083);
#7083 = DEFINITIONAL_REPRESENTATION('',(#7084),#7088);
#7084 = LINE('',#7085,#7086);
#7085 = CARTESIAN_POINT('',(0.,0.82));
#7086 = VECTOR('',#7087,1.);
#7087 = DIRECTION('',(1.,0.));
#7088 = ( GEOMETRIC_REPRESENTATION_CONTEXT(2) 
PARAMETRIC_REPRESENTATION_CONTEXT() REPRESENTATION_CONTEXT('2D SPACE',''
  ) );
#7089 = ORIENTED_EDGE('',*,*,#7090,.F.);
#7090 = EDGE_CURVE('',#4155,#7063,#7091,.T.);
#7091 = SURFACE_CURVE('',#7092,(#7096,#7103),.PCURVE_S1.);
#7092 = LINE('',#7093,#7094);
#7093 = CARTESIAN_POINT('',(-12.00000005,-10.37999995,-6.320000000001));
#7094 = VECTOR('',#7095,1.);
#7095 = DIRECTION('',(1.,0.,0.));
#7096 = PCURVE('',#2654,#7097);
#7097 = DEFINITIONAL_REPRESENTATION('',(#7098),#7102);
#7098 = LINE('',#7099,#7100);
#7099 = CARTESIAN_POINT('',(-0.,0.82));
#7100 = VECTOR('',#7101,1.);
#7101 = DIRECTION('',(-1.,0.));
#7102 = ( GEOMETRIC_REPRESENTATION_CONTEXT(2) 
PARAMETRIC_REPRESENTATION_CONTEXT() REPRESENTATION_CONTEXT('2D SPACE',''
  ) );
#7103 = PCURVE('',#4198,#7104);
#7104 = DEFINITIONAL_REPRESENTATION('',(#7105),#7109);
#7105 = LINE('',#7106,#7107);
#7106 = CARTESIAN_POINT('',(-0.,0.));
#7107 = VECTOR('',#7108,1.);
#7108 = DIRECTION('',(-0.,1.));
#7109 = ( GEOMETRIC_REPRESENTATION_CONTEXT(2) 
PARAMETRIC_REPRESENTATION_CONTEXT() REPRESENTATION_CONTEXT('2D SPACE',''
  ) );
#7110 = ADVANCED_FACE('',(#7111),#2743,.F.);
#7111 = FACE_BOUND('',#7112,.F.);
#7112 = EDGE_LOOP('',(#7113,#7114,#7115,#7136));
#7113 = ORIENTED_EDGE('',*,*,#7015,.F.);
#7114 = ORIENTED_EDGE('',*,*,#2666,.T.);
#7115 = ORIENTED_EDGE('',*,*,#7116,.T.);
#7116 = EDGE_CURVE('',#2667,#3999,#7117,.T.);
#7117 = SURFACE_CURVE('',#7118,(#7122,#7129),.PCURVE_S1.);
#7118 = LINE('',#7119,#7120);
#7119 = CARTESIAN_POINT('',(-12.00000005,-11.19999995,-5.500000000001));
#7120 = VECTOR('',#7121,1.);
#7121 = DIRECTION('',(-1.,0.,0.));
#7122 = PCURVE('',#2743,#7123);
#7123 = DEFINITIONAL_REPRESENTATION('',(#7124),#7128);
#7124 = LINE('',#7125,#7126);
#7125 = CARTESIAN_POINT('',(7.853981633974,0.));
#7126 = VECTOR('',#7127,1.);
#7127 = DIRECTION('',(0.,1.));
#7128 = ( GEOMETRIC_REPRESENTATION_CONTEXT(2) 
PARAMETRIC_REPRESENTATION_CONTEXT() REPRESENTATION_CONTEXT('2D SPACE',''
  ) );
#7129 = PCURVE('',#2816,#7130);
#7130 = DEFINITIONAL_REPRESENTATION('',(#7131),#7135);
#7131 = LINE('',#7132,#7133);
#7132 = CARTESIAN_POINT('',(0.,0.8));
#7133 = VECTOR('',#7134,1.);
#7134 = DIRECTION('',(-1.,0.));
#7135 = ( GEOMETRIC_REPRESENTATION_CONTEXT(2) 
PARAMETRIC_REPRESENTATION_CONTEXT() REPRESENTATION_CONTEXT('2D SPACE',''
  ) );
#7136 = ORIENTED_EDGE('',*,*,#4026,.T.);
#7137 = ADVANCED_FACE('',(#7138),#2816,.F.);
#7138 = FACE_BOUND('',#7139,.F.);
#7139 = EDGE_LOOP('',(#7140,#7161,#7162,#7163));
#7140 = ORIENTED_EDGE('',*,*,#7141,.T.);
#7141 = EDGE_CURVE('',#2800,#3871,#7142,.T.);
#7142 = SURFACE_CURVE('',#7143,(#7147,#7154),.PCURVE_S1.);
#7143 = LINE('',#7144,#7145);
#7144 = CARTESIAN_POINT('',(-12.00000005,-11.19999995,5.499999999999));
#7145 = VECTOR('',#7146,1.);
#7146 = DIRECTION('',(-1.,0.,0.));
#7147 = PCURVE('',#2816,#7148);
#7148 = DEFINITIONAL_REPRESENTATION('',(#7149),#7153);
#7149 = LINE('',#7150,#7151);
#7150 = CARTESIAN_POINT('',(0.,11.8));
#7151 = VECTOR('',#7152,1.);
#7152 = DIRECTION('',(-1.,0.));
#7153 = ( GEOMETRIC_REPRESENTATION_CONTEXT(2) 
PARAMETRIC_REPRESENTATION_CONTEXT() REPRESENTATION_CONTEXT('2D SPACE',''
  ) );
#7154 = PCURVE('',#2905,#7155);
#7155 = DEFINITIONAL_REPRESENTATION('',(#7156),#7160);
#7156 = LINE('',#7157,#7158);
#7157 = CARTESIAN_POINT('',(-7.853981633974,0.));
#7158 = VECTOR('',#7159,1.);
#7159 = DIRECTION('',(-0.,1.));
#7160 = ( GEOMETRIC_REPRESENTATION_CONTEXT(2) 
PARAMETRIC_REPRESENTATION_CONTEXT() REPRESENTATION_CONTEXT('2D SPACE',''
  ) );
#7161 = ORIENTED_EDGE('',*,*,#3998,.T.);
#7162 = ORIENTED_EDGE('',*,*,#7116,.F.);
#7163 = ORIENTED_EDGE('',*,*,#2799,.T.);
#7164 = ADVANCED_FACE('',(#7165),#2905,.F.);
#7165 = FACE_BOUND('',#7166,.T.);
#7166 = EDGE_LOOP('',(#7167,#7188,#7189,#7190));
#7167 = ORIENTED_EDGE('',*,*,#7168,.F.);
#7168 = EDGE_CURVE('',#2829,#3843,#7169,.T.);
#7169 = SURFACE_CURVE('',#7170,(#7174,#7181),.PCURVE_S1.);
#7170 = LINE('',#7171,#7172);
#7171 = CARTESIAN_POINT('',(-12.00000005,-10.37999995,6.299749960924));
#7172 = VECTOR('',#7173,1.);
#7173 = DIRECTION('',(-1.,0.,0.));
#7174 = PCURVE('',#2905,#7175);
#7175 = DEFINITIONAL_REPRESENTATION('',(#7176),#7180);
#7176 = LINE('',#7177,#7178);
#7177 = CARTESIAN_POINT('',(-6.25818270228,0.));
#7178 = VECTOR('',#7179,1.);
#7179 = DIRECTION('',(-0.,1.));
#7180 = ( GEOMETRIC_REPRESENTATION_CONTEXT(2) 
PARAMETRIC_REPRESENTATION_CONTEXT() REPRESENTATION_CONTEXT('2D SPACE',''
  ) );
#7181 = PCURVE('',#2978,#7182);
#7182 = DEFINITIONAL_REPRESENTATION('',(#7183),#7187);
#7183 = LINE('',#7184,#7185);
#7184 = CARTESIAN_POINT('',(0.,0.799749960925));
#7185 = VECTOR('',#7186,1.);
#7186 = DIRECTION('',(-1.,0.));
#7187 = ( GEOMETRIC_REPRESENTATION_CONTEXT(2) 
PARAMETRIC_REPRESENTATION_CONTEXT() REPRESENTATION_CONTEXT('2D SPACE',''
  ) );
#7188 = ORIENTED_EDGE('',*,*,#2828,.F.);
#7189 = ORIENTED_EDGE('',*,*,#7141,.T.);
#7190 = ORIENTED_EDGE('',*,*,#3870,.F.);
#7191 = ADVANCED_FACE('',(#7192),#2978,.F.);
#7192 = FACE_BOUND('',#7193,.F.);
#7193 = EDGE_LOOP('',(#7194,#7217,#7218,#7219,#7220,#7243,#7267,#7295));
#7194 = ORIENTED_EDGE('',*,*,#7195,.F.);
#7195 = EDGE_CURVE('',#3815,#7196,#7198,.T.);
#7196 = VERTEX_POINT('',#7197);
#7197 = CARTESIAN_POINT('',(5.604665943059E-02,-10.37999995,
    6.319999999999));
#7198 = SURFACE_CURVE('',#7199,(#7203,#7210),.PCURVE_S1.);
#7199 = LINE('',#7200,#7201);
#7200 = CARTESIAN_POINT('',(-12.00000005,-10.37999995,6.319999999999));
#7201 = VECTOR('',#7202,1.);
#7202 = DIRECTION('',(1.,0.,0.));
#7203 = PCURVE('',#2978,#7204);
#7204 = DEFINITIONAL_REPRESENTATION('',(#7205),#7209);
#7205 = LINE('',#7206,#7207);
#7206 = CARTESIAN_POINT('',(0.,0.82));
#7207 = VECTOR('',#7208,1.);
#7208 = DIRECTION('',(1.,0.));
#7209 = ( GEOMETRIC_REPRESENTATION_CONTEXT(2) 
PARAMETRIC_REPRESENTATION_CONTEXT() REPRESENTATION_CONTEXT('2D SPACE',''
  ) );
#7210 = PCURVE('',#3830,#7211);
#7211 = DEFINITIONAL_REPRESENTATION('',(#7212),#7216);
#7212 = LINE('',#7213,#7214);
#7213 = CARTESIAN_POINT('',(0.,0.));
#7214 = VECTOR('',#7215,1.);
#7215 = DIRECTION('',(0.,1.));
#7216 = ( GEOMETRIC_REPRESENTATION_CONTEXT(2) 
PARAMETRIC_REPRESENTATION_CONTEXT() REPRESENTATION_CONTEXT('2D SPACE',''
  ) );
#7217 = ORIENTED_EDGE('',*,*,#3842,.T.);
#7218 = ORIENTED_EDGE('',*,*,#7168,.F.);
#7219 = ORIENTED_EDGE('',*,*,#2961,.T.);
#7220 = ORIENTED_EDGE('',*,*,#7221,.F.);
#7221 = EDGE_CURVE('',#7222,#2962,#7224,.T.);
#7222 = VERTEX_POINT('',#7223);
#7223 = CARTESIAN_POINT('',(4.862771797676,-10.37999995,6.319999999999)
  );
#7224 = SURFACE_CURVE('',#7225,(#7229,#7236),.PCURVE_S1.);
#7225 = LINE('',#7226,#7227);
#7226 = CARTESIAN_POINT('',(-12.00000005,-10.37999995,6.319999999999));
#7227 = VECTOR('',#7228,1.);
#7228 = DIRECTION('',(1.,0.,0.));
#7229 = PCURVE('',#2978,#7230);
#7230 = DEFINITIONAL_REPRESENTATION('',(#7231),#7235);
#7231 = LINE('',#7232,#7233);
#7232 = CARTESIAN_POINT('',(0.,0.82));
#7233 = VECTOR('',#7234,1.);
#7234 = DIRECTION('',(1.,0.));
#7235 = ( GEOMETRIC_REPRESENTATION_CONTEXT(2) 
PARAMETRIC_REPRESENTATION_CONTEXT() REPRESENTATION_CONTEXT('2D SPACE',''
  ) );
#7236 = PCURVE('',#3006,#7237);
#7237 = DEFINITIONAL_REPRESENTATION('',(#7238),#7242);
#7238 = LINE('',#7239,#7240);
#7239 = CARTESIAN_POINT('',(0.,0.));
#7240 = VECTOR('',#7241,1.);
#7241 = DIRECTION('',(0.,1.));
#7242 = ( GEOMETRIC_REPRESENTATION_CONTEXT(2) 
PARAMETRIC_REPRESENTATION_CONTEXT() REPRESENTATION_CONTEXT('2D SPACE',''
  ) );
#7243 = ORIENTED_EDGE('',*,*,#7244,.F.);
#7244 = EDGE_CURVE('',#7245,#7222,#7247,.T.);
#7245 = VERTEX_POINT('',#7246);
#7246 = CARTESIAN_POINT('',(4.68500790933,-10.37999995,6.299999999999));
#7247 = SURFACE_CURVE('',#7248,(#7253,#7260),.PCURVE_S1.);
#7248 = CIRCLE('',#7249,0.8);
#7249 = AXIS2_PLACEMENT_3D('',#7250,#7251,#7252);
#7250 = CARTESIAN_POINT('',(4.68500790933,-10.37999995,7.099999999999));
#7251 = DIRECTION('',(0.,-1.,1.110223024625E-16));
#7252 = DIRECTION('',(0.,-1.110223024625E-16,-1.));
#7253 = PCURVE('',#2978,#7254);
#7254 = DEFINITIONAL_REPRESENTATION('',(#7255),#7259);
#7255 = CIRCLE('',#7256,0.8);
#7256 = AXIS2_PLACEMENT_2D('',#7257,#7258);
#7257 = CARTESIAN_POINT('',(16.68500795933,1.6));
#7258 = DIRECTION('',(0.,-1.));
#7259 = ( GEOMETRIC_REPRESENTATION_CONTEXT(2) 
PARAMETRIC_REPRESENTATION_CONTEXT() REPRESENTATION_CONTEXT('2D SPACE',''
  ) );
#7260 = PCURVE('',#3063,#7261);
#7261 = DEFINITIONAL_REPRESENTATION('',(#7262),#7266);
#7262 = LINE('',#7263,#7264);
#7263 = CARTESIAN_POINT('',(0.,17.33));
#7264 = VECTOR('',#7265,1.);
#7265 = DIRECTION('',(1.,0.));
#7266 = ( GEOMETRIC_REPRESENTATION_CONTEXT(2) 
PARAMETRIC_REPRESENTATION_CONTEXT() REPRESENTATION_CONTEXT('2D SPACE',''
  ) );
#7267 = ORIENTED_EDGE('',*,*,#7268,.F.);
#7268 = EDGE_CURVE('',#7269,#7245,#7271,.T.);
#7269 = VERTEX_POINT('',#7270);
#7270 = CARTESIAN_POINT('',(0.233810547777,-10.37999995,6.299999999999)
  );
#7271 = SURFACE_CURVE('',#7272,(#7276,#7283),.PCURVE_S1.);
#7272 = LINE('',#7273,#7274);
#7273 = CARTESIAN_POINT('',(-12.00000005,-10.37999995,6.299999999999));
#7274 = VECTOR('',#7275,1.);
#7275 = DIRECTION('',(1.,0.,0.));
#7276 = PCURVE('',#2978,#7277);
#7277 = DEFINITIONAL_REPRESENTATION('',(#7278),#7282);
#7278 = LINE('',#7279,#7280);
#7279 = CARTESIAN_POINT('',(0.,0.8));
#7280 = VECTOR('',#7281,1.);
#7281 = DIRECTION('',(1.,0.));
#7282 = ( GEOMETRIC_REPRESENTATION_CONTEXT(2) 
PARAMETRIC_REPRESENTATION_CONTEXT() REPRESENTATION_CONTEXT('2D SPACE',''
  ) );
#7283 = PCURVE('',#7284,#7289);
#7284 = PLANE('',#7285);
#7285 = AXIS2_PLACEMENT_3D('',#7286,#7287,#7288);
#7286 = CARTESIAN_POINT('',(-12.00000005,13.60000005,6.299999999999));
#7287 = DIRECTION('',(0.,1.110223024625E-16,1.));
#7288 = DIRECTION('',(0.,-1.,1.110223024625E-16));
#7289 = DEFINITIONAL_REPRESENTATION('',(#7290),#7294);
#7290 = LINE('',#7291,#7292);
#7291 = CARTESIAN_POINT('',(23.98,0.));
#7292 = VECTOR('',#7293,1.);
#7293 = DIRECTION('',(0.,1.));
#7294 = ( GEOMETRIC_REPRESENTATION_CONTEXT(2) 
PARAMETRIC_REPRESENTATION_CONTEXT() REPRESENTATION_CONTEXT('2D SPACE',''
  ) );
#7295 = ORIENTED_EDGE('',*,*,#7296,.T.);
#7296 = EDGE_CURVE('',#7269,#7196,#7297,.T.);
#7297 = SURFACE_CURVE('',#7298,(#7303,#7314),.PCURVE_S1.);
#7298 = CIRCLE('',#7299,0.8);
#7299 = AXIS2_PLACEMENT_3D('',#7300,#7301,#7302);
#7300 = CARTESIAN_POINT('',(0.233810547777,-10.37999995,7.099999999999)
  );
#7301 = DIRECTION('',(0.,1.,-1.110223024625E-16));
#7302 = DIRECTION('',(-0.9873618437,-1.759505239919E-17,-0.158482142857)
  );
#7303 = PCURVE('',#2978,#7304);
#7304 = DEFINITIONAL_REPRESENTATION('',(#7305),#7313);
#7305 = ( BOUNDED_CURVE() B_SPLINE_CURVE(2,(#7306,#7307,#7308,#7309,
#7310,#7311,#7312),.UNSPECIFIED.,.T.,.F.) B_SPLINE_CURVE_WITH_KNOTS((1,2
    ,2,2,2,1),(-2.094395102393,0.,2.094395102393,4.188790204786,
6.28318530718,8.377580409573),.UNSPECIFIED.) CURVE() 
GEOMETRIC_REPRESENTATION_ITEM() RATIONAL_B_SPLINE_CURVE((1.,0.5,1.,0.5,
1.,0.5,1.)) REPRESENTATION_ITEM('') );
#7306 = CARTESIAN_POINT('',(11.443921122817,1.473214285714));
#7307 = CARTESIAN_POINT('',(11.224321824,2.841342988709));
#7308 = CARTESIAN_POINT('',(12.518955685849,2.34745720864));
#7309 = CARTESIAN_POINT('',(13.813589547697,1.853571428571));
#7310 = CARTESIAN_POINT('',(12.738554984665,0.979328505645));
#7311 = CARTESIAN_POINT('',(11.663520421633,0.105085582719));
#7312 = CARTESIAN_POINT('',(11.443921122817,1.473214285714));
#7313 = ( GEOMETRIC_REPRESENTATION_CONTEXT(2) 
PARAMETRIC_REPRESENTATION_CONTEXT() REPRESENTATION_CONTEXT('2D SPACE',''
  ) );
#7314 = PCURVE('',#3769,#7315);
#7315 = DEFINITIONAL_REPRESENTATION('',(#7316),#7320);
#7316 = LINE('',#7317,#7318);
#7317 = CARTESIAN_POINT('',(-6.28318530718,0.82));
#7318 = VECTOR('',#7319,1.);
#7319 = DIRECTION('',(1.,-0.));
#7320 = ( GEOMETRIC_REPRESENTATION_CONTEXT(2) 
PARAMETRIC_REPRESENTATION_CONTEXT() REPRESENTATION_CONTEXT('2D SPACE',''
  ) );
#7321 = ADVANCED_FACE('',(#7322),#3006,.T.);
#7322 = FACE_BOUND('',#7323,.T.);
#7323 = EDGE_LOOP('',(#7324,#7325,#7348,#7369));
#7324 = ORIENTED_EDGE('',*,*,#7221,.F.);
#7325 = ORIENTED_EDGE('',*,*,#7326,.T.);
#7326 = EDGE_CURVE('',#7222,#7327,#7329,.T.);
#7327 = VERTEX_POINT('',#7328);
#7328 = CARTESIAN_POINT('',(4.862771797676,-11.19999995,6.319999999999)
  );
#7329 = SURFACE_CURVE('',#7330,(#7334,#7341),.PCURVE_S1.);
#7330 = LINE('',#7331,#7332);
#7331 = CARTESIAN_POINT('',(4.862771797676,6.95000005,6.319999999999));
#7332 = VECTOR('',#7333,1.);
#7333 = DIRECTION('',(0.,-1.,1.110223024625E-16));
#7334 = PCURVE('',#3006,#7335);
#7335 = DEFINITIONAL_REPRESENTATION('',(#7336),#7340);
#7336 = LINE('',#7337,#7338);
#7337 = CARTESIAN_POINT('',(-17.33,16.862771847676));
#7338 = VECTOR('',#7339,1.);
#7339 = DIRECTION('',(1.,0.));
#7340 = ( GEOMETRIC_REPRESENTATION_CONTEXT(2) 
PARAMETRIC_REPRESENTATION_CONTEXT() REPRESENTATION_CONTEXT('2D SPACE',''
  ) );
#7341 = PCURVE('',#3063,#7342);
#7342 = DEFINITIONAL_REPRESENTATION('',(#7343),#7347);
#7343 = LINE('',#7344,#7345);
#7344 = CARTESIAN_POINT('',(0.224075285302,0.));
#7345 = VECTOR('',#7346,1.);
#7346 = DIRECTION('',(0.,1.));
#7347 = ( GEOMETRIC_REPRESENTATION_CONTEXT(2) 
PARAMETRIC_REPRESENTATION_CONTEXT() REPRESENTATION_CONTEXT('2D SPACE',''
  ) );
#7348 = ORIENTED_EDGE('',*,*,#7349,.F.);
#7349 = EDGE_CURVE('',#2991,#7327,#7350,.T.);
#7350 = SURFACE_CURVE('',#7351,(#7355,#7362),.PCURVE_S1.);
#7351 = LINE('',#7352,#7353);
#7352 = CARTESIAN_POINT('',(-12.00000005,-11.19999995,6.319999999999));
#7353 = VECTOR('',#7354,1.);
#7354 = DIRECTION('',(-1.,0.,0.));
#7355 = PCURVE('',#3006,#7356);
#7356 = DEFINITIONAL_REPRESENTATION('',(#7357),#7361);
#7357 = LINE('',#7358,#7359);
#7358 = CARTESIAN_POINT('',(0.82,0.));
#7359 = VECTOR('',#7360,1.);
#7360 = DIRECTION('',(0.,-1.));
#7361 = ( GEOMETRIC_REPRESENTATION_CONTEXT(2) 
PARAMETRIC_REPRESENTATION_CONTEXT() REPRESENTATION_CONTEXT('2D SPACE',''
  ) );
#7362 = PCURVE('',#3035,#7363);
#7363 = DEFINITIONAL_REPRESENTATION('',(#7364),#7368);
#7364 = LINE('',#7365,#7366);
#7365 = CARTESIAN_POINT('',(0.,12.62));
#7366 = VECTOR('',#7367,1.);
#7367 = DIRECTION('',(-1.,0.));
#7368 = ( GEOMETRIC_REPRESENTATION_CONTEXT(2) 
PARAMETRIC_REPRESENTATION_CONTEXT() REPRESENTATION_CONTEXT('2D SPACE',''
  ) );
#7369 = ORIENTED_EDGE('',*,*,#2990,.F.);
#7370 = ADVANCED_FACE('',(#7371),#3035,.F.);
#7371 = FACE_BOUND('',#7372,.F.);
#7372 = EDGE_LOOP('',(#7373,#7395,#7396));
#7373 = ORIENTED_EDGE('',*,*,#7374,.F.);
#7374 = EDGE_CURVE('',#7327,#3019,#7375,.T.);
#7375 = SURFACE_CURVE('',#7376,(#7381,#7388),.PCURVE_S1.);
#7376 = CIRCLE('',#7377,0.8);
#7377 = AXIS2_PLACEMENT_3D('',#7378,#7379,#7380);
#7378 = CARTESIAN_POINT('',(4.68500790933,-11.19999995,7.099999999999));
#7379 = DIRECTION('',(0.,-1.,1.110223024625E-16));
#7380 = DIRECTION('',(0.,-1.110223024625E-16,-1.));
#7381 = PCURVE('',#3035,#7382);
#7382 = DEFINITIONAL_REPRESENTATION('',(#7383),#7387);
#7383 = CIRCLE('',#7384,0.8);
#7384 = AXIS2_PLACEMENT_2D('',#7385,#7386);
#7385 = CARTESIAN_POINT('',(16.68500795933,13.4));
#7386 = DIRECTION('',(0.,-1.));
#7387 = ( GEOMETRIC_REPRESENTATION_CONTEXT(2) 
PARAMETRIC_REPRESENTATION_CONTEXT() REPRESENTATION_CONTEXT('2D SPACE',''
  ) );
#7388 = PCURVE('',#3063,#7389);
#7389 = DEFINITIONAL_REPRESENTATION('',(#7390),#7394);
#7390 = LINE('',#7391,#7392);
#7391 = CARTESIAN_POINT('',(0.,18.15));
#7392 = VECTOR('',#7393,1.);
#7393 = DIRECTION('',(1.,0.));
#7394 = ( GEOMETRIC_REPRESENTATION_CONTEXT(2) 
PARAMETRIC_REPRESENTATION_CONTEXT() REPRESENTATION_CONTEXT('2D SPACE',''
  ) );
#7395 = ORIENTED_EDGE('',*,*,#7349,.F.);
#7396 = ORIENTED_EDGE('',*,*,#3018,.T.);
#7397 = ADVANCED_FACE('',(#7398),#3063,.T.);
#7398 = FACE_BOUND('',#7399,.T.);
#7399 = EDGE_LOOP('',(#7400,#7423,#7447,#7609,#7610,#7611,#7612));
#7400 = ORIENTED_EDGE('',*,*,#7401,.F.);
#7401 = EDGE_CURVE('',#7402,#7245,#7404,.T.);
#7402 = VERTEX_POINT('',#7403);
#7403 = CARTESIAN_POINT('',(4.68500790933,7.40000005,6.299999999999));
#7404 = SURFACE_CURVE('',#7405,(#7409,#7416),.PCURVE_S1.);
#7405 = LINE('',#7406,#7407);
#7406 = CARTESIAN_POINT('',(4.68500790933,6.95000005,6.299999999999));
#7407 = VECTOR('',#7408,1.);
#7408 = DIRECTION('',(0.,-1.,1.110223024625E-16));
#7409 = PCURVE('',#3063,#7410);
#7410 = DEFINITIONAL_REPRESENTATION('',(#7411),#7415);
#7411 = LINE('',#7412,#7413);
#7412 = CARTESIAN_POINT('',(0.,0.));
#7413 = VECTOR('',#7414,1.);
#7414 = DIRECTION('',(0.,1.));
#7415 = ( GEOMETRIC_REPRESENTATION_CONTEXT(2) 
PARAMETRIC_REPRESENTATION_CONTEXT() REPRESENTATION_CONTEXT('2D SPACE',''
  ) );
#7416 = PCURVE('',#7284,#7417);
#7417 = DEFINITIONAL_REPRESENTATION('',(#7418),#7422);
#7418 = LINE('',#7419,#7420);
#7419 = CARTESIAN_POINT('',(6.65,16.68500795933));
#7420 = VECTOR('',#7421,1.);
#7421 = DIRECTION('',(1.,0.));
#7422 = ( GEOMETRIC_REPRESENTATION_CONTEXT(2) 
PARAMETRIC_REPRESENTATION_CONTEXT() REPRESENTATION_CONTEXT('2D SPACE',''
  ) );
#7423 = ORIENTED_EDGE('',*,*,#7424,.T.);
#7424 = EDGE_CURVE('',#7402,#7425,#7427,.T.);
#7425 = VERTEX_POINT('',#7426);
#7426 = CARTESIAN_POINT('',(5.130318289573,7.40000005,6.435395858236));
#7427 = SURFACE_CURVE('',#7428,(#7433,#7440),.PCURVE_S1.);
#7428 = CIRCLE('',#7429,0.8);
#7429 = AXIS2_PLACEMENT_3D('',#7430,#7431,#7432);
#7430 = CARTESIAN_POINT('',(4.68500790933,7.40000005,7.099999999999));
#7431 = DIRECTION('',(0.,-1.,1.110223024625E-16));
#7432 = DIRECTION('',(0.,-1.110223024625E-16,-1.));
#7433 = PCURVE('',#3063,#7434);
#7434 = DEFINITIONAL_REPRESENTATION('',(#7435),#7439);
#7435 = LINE('',#7436,#7437);
#7436 = CARTESIAN_POINT('',(0.,-0.45));
#7437 = VECTOR('',#7438,1.);
#7438 = DIRECTION('',(1.,0.));
#7439 = ( GEOMETRIC_REPRESENTATION_CONTEXT(2) 
PARAMETRIC_REPRESENTATION_CONTEXT() REPRESENTATION_CONTEXT('2D SPACE',''
  ) );
#7440 = PCURVE('',#6463,#7441);
#7441 = DEFINITIONAL_REPRESENTATION('',(#7442),#7446);
#7442 = CIRCLE('',#7443,0.8);
#7443 = AXIS2_PLACEMENT_2D('',#7444,#7445);
#7444 = CARTESIAN_POINT('',(48.68500795933,7.1));
#7445 = DIRECTION('',(-0.,-1.));
#7446 = ( GEOMETRIC_REPRESENTATION_CONTEXT(2) 
PARAMETRIC_REPRESENTATION_CONTEXT() REPRESENTATION_CONTEXT('2D SPACE',''
  ) );
#7447 = ORIENTED_EDGE('',*,*,#7448,.T.);
#7448 = EDGE_CURVE('',#7425,#3048,#7449,.T.);
#7449 = SURFACE_CURVE('',#7450,(#7501,#7555),.PCURVE_S1.);
#7450 = B_SPLINE_CURVE_WITH_KNOTS('',7,(#7451,#7452,#7453,#7454,#7455,
    #7456,#7457,#7458,#7459,#7460,#7461,#7462,#7463,#7464,#7465,#7466,
    #7467,#7468,#7469,#7470,#7471,#7472,#7473,#7474,#7475,#7476,#7477,
    #7478,#7479,#7480,#7481,#7482,#7483,#7484,#7485,#7486,#7487,#7488,
    #7489,#7490,#7491,#7492,#7493,#7494,#7495,#7496,#7497,#7498,#7499,
    #7500),.UNSPECIFIED.,.F.,.F.,(8,6,6,6,6,6,6,6,8),(0.,0.187084594959,
    0.364631738551,0.436754576893,0.547430526616,0.672715296452,
    0.761702762216,0.844006591582,1.),.UNSPECIFIED.);
#7451 = CARTESIAN_POINT('',(5.175505296304,7.604295774883,6.468009245817
    ));
#7452 = CARTESIAN_POINT('',(5.163043793616,7.577572245582,6.458337688969
    ));
#7453 = CARTESIAN_POINT('',(5.152333474873,7.549587555988,6.450484570119
    ));
#7454 = CARTESIAN_POINT('',(5.143572955335,7.5205584527,6.444342261297)
  );
#7455 = CARTESIAN_POINT('',(5.136914472963,7.490729353299,6.439814371426
    ));
#7456 = CARTESIAN_POINT('',(5.132460631781,7.460362619372,6.43683134345)
  );
#7457 = CARTESIAN_POINT('',(5.130262507968,7.429729669032,6.43535848231)
  );
#7458 = CARTESIAN_POINT('',(5.130372843444,7.37003752026,6.435432411529)
  );
#7459 = CARTESIAN_POINT('',(5.132457273315,7.340976827244,6.436829085393
    ));
#7460 = CARTESIAN_POINT('',(5.136571750705,7.312153613599,6.43958691573)
  );
#7461 = CARTESIAN_POINT('',(5.142673415923,7.283799698576,6.443734999966
    ));
#7462 = CARTESIAN_POINT('',(5.150677626035,7.256139735102,6.449330659307
    ));
#7463 = CARTESIAN_POINT('',(5.160459356235,7.229384389248,6.456453433132
    ));
#7464 = CARTESIAN_POINT('',(5.176484936059,7.19329877182,6.468743817351)
  );
#7465 = CARTESIAN_POINT('',(5.181380738691,7.183055047454,6.472560997645
    ));
#7466 = CARTESIAN_POINT('',(5.18653202678,7.173004520277,6.476651201089)
  );
#7467 = CARTESIAN_POINT('',(5.191926874614,7.163159229052,6.481020761481
    ));
#7468 = CARTESIAN_POINT('',(5.197552395653,7.153530478987,6.485676147257
    ));
#7469 = CARTESIAN_POINT('',(5.20339474253,7.144128841738,6.490623961489)
  );
#7470 = CARTESIAN_POINT('',(5.218714473901,7.120900505296,6.503922684607
    ));
#7471 = CARTESIAN_POINT('',(5.228465649129,7.107394662226,6.512678797896
    ));
#7472 = CARTESIAN_POINT('',(5.238639295173,7.094481914988,6.52216312044)
  );
#7473 = CARTESIAN_POINT('',(5.249177155681,7.082192556009,6.532399187681
    ));
#7474 = CARTESIAN_POINT('',(5.260016653612,7.070551224788,6.543409399608
    ));
#7475 = CARTESIAN_POINT('',(5.271091489332,7.059576251326,6.555214188557
    ));
#7476 = CARTESIAN_POINT('',(5.295056725864,7.037622548287,6.582113583055
    ));
#7477 = CARTESIAN_POINT('',(5.307993731323,7.026834611169,6.597436569024
    ));
#7478 = CARTESIAN_POINT('',(5.321042798331,7.016931572858,6.613826421617
    ));
#7479 = CARTESIAN_POINT('',(5.334098612363,7.007918250699,6.631304583451
    ));
#7480 = CARTESIAN_POINT('',(5.347052014797,6.999787398971,6.649887589824
    ));
#7481 = CARTESIAN_POINT('',(5.359791016572,6.992519213121,6.669586995496
    ));
#7482 = CARTESIAN_POINT('',(5.381016971288,6.981507771817,6.705199002086
    ));
#7483 = CARTESIAN_POINT('',(5.389666290825,6.977353519077,6.720554726019
    ));
#7484 = CARTESIAN_POINT('',(5.398109007709,6.97360626973,6.736479227405)
  );
#7485 = CARTESIAN_POINT('',(5.406303477678,6.9702512128,6.752973279831)
  );
#7486 = CARTESIAN_POINT('',(5.414207174965,6.967270532378,6.770035676329
    ));
#7487 = CARTESIAN_POINT('',(5.4217766923,6.964643407622,6.78766322937));
#7488 = CARTESIAN_POINT('',(5.435618687001,6.960221169742,6.822672289489
    ));
#7489 = CARTESIAN_POINT('',(5.441945543482,6.958378490808,6.839971918922
    ));
#7490 = CARTESIAN_POINT('',(5.4479135965,6.956799249411,6.85774573987));
#7491 = CARTESIAN_POINT('',(5.453486652229,6.955462650158,6.87598655876)
  );
#7492 = CARTESIAN_POINT('',(5.458627609108,6.954346154134,6.894683335456
    ));
#7493 = CARTESIAN_POINT('',(5.463299030072,6.953425804238,6.913820610962
    ));
#7494 = CARTESIAN_POINT('',(5.475357191551,6.95125646298,6.970445635148)
  );
#7495 = CARTESIAN_POINT('',(5.481437617382,6.95044990253,7.009056151775)
  );
#7496 = CARTESIAN_POINT('',(5.485435717033,6.950090822596,7.049026163629
    ));
#7497 = CARTESIAN_POINT('',(5.487097742751,6.949999734121,7.090082949092
    ));
#7498 = CARTESIAN_POINT('',(5.486219790837,6.95000013282,7.131852052814)
  );
#7499 = CARTESIAN_POINT('',(5.482701673932,6.95000005,7.173841228344));
#7500 = CARTESIAN_POINT('',(5.47663405501,6.95000005,7.21544715447));
#7501 = PCURVE('',#3063,#7502);
#7502 = DEFINITIONAL_REPRESENTATION('',(#7503),#7554);
#7503 = B_SPLINE_CURVE_WITH_KNOTS('',7,(#7504,#7505,#7506,#7507,#7508,
    #7509,#7510,#7511,#7512,#7513,#7514,#7515,#7516,#7517,#7518,#7519,
    #7520,#7521,#7522,#7523,#7524,#7525,#7526,#7527,#7528,#7529,#7530,
    #7531,#7532,#7533,#7534,#7535,#7536,#7537,#7538,#7539,#7540,#7541,
    #7542,#7543,#7544,#7545,#7546,#7547,#7548,#7549,#7550,#7551,#7552,
    #7553),.UNSPECIFIED.,.F.,.F.,(8,6,6,6,6,6,6,6,8),(0.186301725257,
    0.187084594959,0.364631738551,0.436754576893,0.547430526616,
    0.672715296452,0.761702762216,0.844006591582,1.),.UNSPECIFIED.);
#7504 = CARTESIAN_POINT('',(0.590333337034,-0.45));
#7505 = CARTESIAN_POINT('',(0.590333337036,-0.449871839726));
#7506 = CARTESIAN_POINT('',(0.590333396444,-0.449743679461));
#7507 = CARTESIAN_POINT('',(0.590333515259,-0.449615519225));
#7508 = CARTESIAN_POINT('',(0.59033369348,-0.449487359038));
#7509 = CARTESIAN_POINT('',(0.590333931108,-0.44935919892));
#7510 = CARTESIAN_POINT('',(0.590334228142,-0.44923103889));
#7511 = CARTESIAN_POINT('',(0.590415421867,-0.42003747026));
#7512 = CARTESIAN_POINT('',(0.593551762874,-0.390976777244));
#7513 = CARTESIAN_POINT('',(0.599743391308,-0.362153563599));
#7514 = CARTESIAN_POINT('',(0.60896575574,-0.333799648576));
#7515 = CARTESIAN_POINT('',(0.621171187146,-0.306139685102));
#7516 = CARTESIAN_POINT('',(0.63629180125,-0.279384339248));
#7517 = CARTESIAN_POINT('',(0.661536625997,-0.24329872182));
#7518 = CARTESIAN_POINT('',(0.669296480441,-0.233054997454));
#7519 = CARTESIAN_POINT('',(0.677517994777,-0.223004470277));
#7520 = CARTESIAN_POINT('',(0.686195188615,-0.213159179052));
#7521 = CARTESIAN_POINT('',(0.695321755386,-0.203530428987));
#7522 = CARTESIAN_POINT('',(0.704891062343,-0.194128791738));
#7523 = CARTESIAN_POINT('',(0.730249437619,-0.170900455296));
#7524 = CARTESIAN_POINT('',(0.746629055704,-0.157394612226));
#7525 = CARTESIAN_POINT('',(0.764010053019,-0.144481864988));
#7526 = CARTESIAN_POINT('',(0.782366247672,-0.132192506009));
#7527 = CARTESIAN_POINT('',(0.801670903091,-0.120551174788));
#7528 = CARTESIAN_POINT('',(0.821897403447,-0.109576201326));
#7529 = CARTESIAN_POINT('',(0.866930550725,-8.76224982868E-02));
#7530 = CARTESIAN_POINT('',(0.891989097597,-7.68345611688E-02));
#7531 = CARTESIAN_POINT('',(0.918158843052,-6.693152285811E-02));
#7532 = CARTESIAN_POINT('',(0.945404287054,-5.791820069916E-02));
#7533 = CARTESIAN_POINT('',(0.973693067889,-4.978734897121E-02));
#7534 = CARTESIAN_POINT('',(1.002997873886,-4.251916312062E-02));
#7535 = CARTESIAN_POINT('',(1.054820229206,-3.15077218171E-02));
#7536 = CARTESIAN_POINT('',(1.076843848332,-2.735346907701E-02));
#7537 = CARTESIAN_POINT('',(1.099362081145,-2.360621973001E-02));
#7538 = CARTESIAN_POINT('',(1.122368874589,-2.025116280008E-02));
#7539 = CARTESIAN_POINT('',(1.145859253926,-1.727048237812E-02));
#7540 = CARTESIAN_POINT('',(1.169829322737,-1.464335762195E-02));
#7541 = CARTESIAN_POINT('',(1.216887051707,-1.022111974172E-02));
#7542 = CARTESIAN_POINT('',(1.239904674876,-8.378440807732E-03));
#7543 = CARTESIAN_POINT('',(1.263327446943,-6.799199411162E-03));
#7544 = CARTESIAN_POINT('',(1.287152371647,-5.46260015771E-03));
#7545 = CARTESIAN_POINT('',(1.311374775281,-4.346104133763E-03));
#7546 = CARTESIAN_POINT('',(1.335987940011,-3.425754238263E-03));
#7547 = CARTESIAN_POINT('',(1.408356275437,-1.256412979978E-03));
#7548 = CARTESIAN_POINT('',(1.457144022046,-4.498525304291E-04));
#7549 = CARTESIAN_POINT('',(1.507225372667,-9.077259562207E-05));
#7550 = CARTESIAN_POINT('',(1.558421271153,3.158786092694E-07));
#7551 = CARTESIAN_POINT('',(1.610481663176,-8.282041652485E-08));
#7552 = CARTESIAN_POINT('',(1.663053352555,-1.110223024625E-16));
#7553 = CARTESIAN_POINT('',(1.715610896736,-1.110223024625E-16));
#7554 = ( GEOMETRIC_REPRESENTATION_CONTEXT(2) 
PARAMETRIC_REPRESENTATION_CONTEXT() REPRESENTATION_CONTEXT('2D SPACE',''
  ) );
#7555 = PCURVE('',#3092,#7556);
#7556 = DEFINITIONAL_REPRESENTATION('',(#7557),#7608);
#7557 = B_SPLINE_CURVE_WITH_KNOTS('',7,(#7558,#7559,#7560,#7561,#7562,
    #7563,#7564,#7565,#7566,#7567,#7568,#7569,#7570,#7571,#7572,#7573,
    #7574,#7575,#7576,#7577,#7578,#7579,#7580,#7581,#7582,#7583,#7584,
    #7585,#7586,#7587,#7588,#7589,#7590,#7591,#7592,#7593,#7594,#7595,
    #7596,#7597,#7598,#7599,#7600,#7601,#7602,#7603,#7604,#7605,#7606,
    #7607),.UNSPECIFIED.,.F.,.F.,(8,6,6,6,6,6,6,6,8),(0.186301725257,
    0.187084594959,0.364631738551,0.436754576893,0.547430526616,
    0.672715296452,0.761702762216,0.844006591582,1.),.UNSPECIFIED.);
#7558 = CARTESIAN_POINT('',(-6.413430041984,3.14159265359));
#7559 = CARTESIAN_POINT('',(-6.413430041984,3.141877454195));
#7560 = CARTESIAN_POINT('',(-6.413430042409,3.142162254782));
#7561 = CARTESIAN_POINT('',(-6.413430043261,3.142447055342));
#7562 = CARTESIAN_POINT('',(-6.413430044539,3.142731855869));
#7563 = CARTESIAN_POINT('',(-6.413430046242,3.143016656358));
#7564 = CARTESIAN_POINT('',(-6.413430048372,3.1433014568));
#7565 = CARTESIAN_POINT('',(-6.413430630448,3.208176182677));
#7566 = CARTESIAN_POINT('',(-6.413453115333,3.272765310537));
#7567 = CARTESIAN_POINT('',(-6.41349751659,3.337276625212));
#7568 = CARTESIAN_POINT('',(-6.413564516652,3.40163457847));
#7569 = CARTESIAN_POINT('',(-6.413655459545,3.465759414842));
#7570 = CARTESIAN_POINT('',(-6.413772226288,3.529561016916));
#7571 = CARTESIAN_POINT('',(-6.413975803395,3.618674811821));
#7572 = CARTESIAN_POINT('',(-6.414039231073,3.644346389573));
#7573 = CARTESIAN_POINT('',(-6.414107427827,3.669939949785));
#7574 = CARTESIAN_POINT('',(-6.414180547784,3.695447918277));
#7575 = CARTESIAN_POINT('',(-6.414258749938,3.720862200674));
#7576 = CARTESIAN_POINT('',(-6.414342198149,3.746174182401));
#7577 = CARTESIAN_POINT('',(-6.414567425658,3.810046173937));
#7578 = CARTESIAN_POINT('',(-6.414716538533,3.84845530714));
#7579 = CARTESIAN_POINT('',(-6.414878999048,3.886568536302));
#7580 = CARTESIAN_POINT('',(-6.415055411461,3.924349209436));
#7581 = CARTESIAN_POINT('',(-6.415246367453,3.961756901387));
#7582 = CARTESIAN_POINT('',(-6.41545242858,3.998746700658));
#7583 = CARTESIAN_POINT('',(-6.415925049847,4.076611035082));
#7584 = CARTESIAN_POINT('',(-6.416196001911,4.117353527276));
#7585 = CARTESIAN_POINT('',(-6.416487723867,4.15742407932));
#7586 = CARTESIAN_POINT('',(-6.416800891021,4.196742466696));
#7587 = CARTESIAN_POINT('',(-6.417136093003,4.235218129097));
#7588 = CARTESIAN_POINT('',(-6.417493831725,4.272748165665));
#7589 = CARTESIAN_POINT('',(-6.418144914769,4.335117285932));
#7590 = CARTESIAN_POINT('',(-6.41842687933,4.360481950821));
#7591 = CARTESIAN_POINT('',(-6.418720568555,4.385268231079));
#7592 = CARTESIAN_POINT('',(-6.419026103225,4.409429232411));
#7593 = CARTESIAN_POINT('',(-6.419343569391,4.432912260045));
#7594 = CARTESIAN_POINT('',(-6.419673018366,4.455658818733));
#7595 = CARTESIAN_POINT('',(-6.42033026972,4.497902110495));
#7596 = CARTESIAN_POINT('',(-6.42065632023,4.517513312434));
#7597 = CARTESIAN_POINT('',(-6.420992634361,4.536387659401));
#7598 = CARTESIAN_POINT('',(-6.421339169445,4.554467229048));
#7599 = CARTESIAN_POINT('',(-6.421695811588,4.571687711451));
#7600 = CARTESIAN_POINT('',(-6.422062363213,4.587979384701));
#7601 = CARTESIAN_POINT('',(-6.423151494185,4.632245324576));
#7602 = CARTESIAN_POINT('',(-6.423899651786,4.657646354805));
#7603 = CARTESIAN_POINT('',(-6.424680172458,4.678917101079));
#7604 = CARTESIAN_POINT('',(-6.42548845737,4.695470575065));
#7605 = CARTESIAN_POINT('',(-6.426317809257,4.706751529172));
#7606 = CARTESIAN_POINT('',(-6.427158956414,4.712388980374));
#7607 = CARTESIAN_POINT('',(-6.427999877121,4.712388980374));
#7608 = ( GEOMETRIC_REPRESENTATION_CONTEXT(2) 
PARAMETRIC_REPRESENTATION_CONTEXT() REPRESENTATION_CONTEXT('2D SPACE',''
  ) );
#7609 = ORIENTED_EDGE('',*,*,#3047,.T.);
#7610 = ORIENTED_EDGE('',*,*,#7374,.F.);
#7611 = ORIENTED_EDGE('',*,*,#7326,.F.);
#7612 = ORIENTED_EDGE('',*,*,#7244,.F.);
#7613 = ADVANCED_FACE('',(#7614),#3092,.F.);
#7614 = FACE_BOUND('',#7615,.T.);
#7615 = EDGE_LOOP('',(#7616,#7617,#7618,#7646));
#7616 = ORIENTED_EDGE('',*,*,#3075,.T.);
#7617 = ORIENTED_EDGE('',*,*,#7448,.F.);
#7618 = ORIENTED_EDGE('',*,*,#7619,.F.);
#7619 = EDGE_CURVE('',#7620,#7425,#7622,.T.);
#7620 = VERTEX_POINT('',#7621);
#7621 = CARTESIAN_POINT('',(4.785961596373,7.40000005,8.667897452011));
#7622 = SURFACE_CURVE('',#7623,(#7628,#7635),.PCURVE_S1.);
#7623 = CIRCLE('',#7624,49.55);
#7624 = AXIS2_PLACEMENT_3D('',#7625,#7626,#7627);
#7625 = CARTESIAN_POINT('',(-44.00000005,7.40000005,-1.468669630361E-12)
  );
#7626 = DIRECTION('',(0.,1.,-1.110223024625E-16));
#7627 = DIRECTION('',(0.867765453369,5.51751934172E-17,0.496973961028));
#7628 = PCURVE('',#3092,#7629);
#7629 = DEFINITIONAL_REPRESENTATION('',(#7630),#7634);
#7630 = LINE('',#7631,#7632);
#7631 = CARTESIAN_POINT('',(-6.803293424274,3.14159265359));
#7632 = VECTOR('',#7633,1.);
#7633 = DIRECTION('',(1.,-0.));
#7634 = ( GEOMETRIC_REPRESENTATION_CONTEXT(2) 
PARAMETRIC_REPRESENTATION_CONTEXT() REPRESENTATION_CONTEXT('2D SPACE',''
  ) );
#7635 = PCURVE('',#6463,#7636);
#7636 = DEFINITIONAL_REPRESENTATION('',(#7637),#7645);
#7637 = ( BOUNDED_CURVE() B_SPLINE_CURVE(2,(#7638,#7639,#7640,#7641,
#7642,#7643,#7644),.UNSPECIFIED.,.T.,.F.) B_SPLINE_CURVE_WITH_KNOTS((1,2
    ,2,2,2,1),(-2.094395102393,0.,2.094395102393,4.188790204786,
6.28318530718,8.377580409573),.UNSPECIFIED.) CURVE() 
GEOMETRIC_REPRESENTATION_ITEM() RATIONAL_B_SPLINE_CURVE((1.,0.5,1.,0.5,
1.,0.5,1.)) REPRESENTATION_ITEM('') );
#7638 = CARTESIAN_POINT('',(42.99777821443,24.625059768915));
#7639 = CARTESIAN_POINT('',(85.649632873612,-49.84927671105));
#7640 = CARTESIAN_POINT('',(-0.172961777624,-49.54969812444));
#7641 = CARTESIAN_POINT('',(-85.99555642886,-49.25011953783));
#7642 = CARTESIAN_POINT('',(-42.8248164368,24.924638355528));
#7643 = CARTESIAN_POINT('',(0.345923555249,99.099396248887));
#7644 = CARTESIAN_POINT('',(42.99777821443,24.625059768915));
#7645 = ( GEOMETRIC_REPRESENTATION_CONTEXT(2) 
PARAMETRIC_REPRESENTATION_CONTEXT() REPRESENTATION_CONTEXT('2D SPACE',''
  ) );
#7646 = ORIENTED_EDGE('',*,*,#7647,.T.);
#7647 = EDGE_CURVE('',#7620,#3076,#7648,.T.);
#7648 = SURFACE_CURVE('',#7649,(#7697,#7743),.PCURVE_S1.);
#7649 = B_SPLINE_CURVE_WITH_KNOTS('',6,(#7650,#7651,#7652,#7653,#7654,
    #7655,#7656,#7657,#7658,#7659,#7660,#7661,#7662,#7663,#7664,#7665,
    #7666,#7667,#7668,#7669,#7670,#7671,#7672,#7673,#7674,#7675,#7676,
    #7677,#7678,#7679,#7680,#7681,#7682,#7683,#7684,#7685,#7686,#7687,
    #7688,#7689,#7690,#7691,#7692,#7693,#7694,#7695,#7696),
  .UNSPECIFIED.,.F.,.F.,(7,5,5,5,5,5,5,5,5,7),(0.,0.186132593846,
    0.364875954563,0.437002753845,0.547691618141,0.673010324508,
    0.762051808111,0.844474060816,0.99090507267,1.),.UNSPECIFIED.);
#7650 = CARTESIAN_POINT('',(4.838875605005,7.604295774883,8.650415852621
    ));
#7651 = CARTESIAN_POINT('',(4.821700413495,7.573276352164,8.656761780226
    ));
#7652 = CARTESIAN_POINT('',(4.807598655549,7.540509164133,8.661436039571
    ));
#7653 = CARTESIAN_POINT('',(4.796840833454,7.506367767812,8.664718664505
    ));
#7654 = CARTESIAN_POINT('',(4.789604102774,7.471288999085,8.666833220309
    ));
#7655 = CARTESIAN_POINT('',(4.78597768112,7.435739771718,8.667892752641)
  );
#7656 = CARTESIAN_POINT('',(4.785946234008,7.366050731239,8.667901940328
    ));
#7657 = CARTESIAN_POINT('',(4.789260239609,7.331909744708,8.66693369134)
  );
#7658 = CARTESIAN_POINT('',(4.795903999713,7.298182314183,8.664993041677
    ));
#7659 = CARTESIAN_POINT('',(4.805802057771,7.265282096719,8.661984444728
    ));
#7660 = CARTESIAN_POINT('',(4.818804210474,7.233598225958,8.65771802805)
  );
#7661 = CARTESIAN_POINT('',(4.841087682729,7.19131044402,8.649625807826)
  );
#7662 = CARTESIAN_POINT('',(4.847962439999,7.179405374039,8.647055195856
    ));
#7663 = CARTESIAN_POINT('',(4.855290258786,7.167775587933,8.644224393011
    ));
#7664 = CARTESIAN_POINT('',(4.863054042768,7.156441713383,8.641116282254
    ));
#7665 = CARTESIAN_POINT('',(4.871234652148,7.145422663669,8.63771277425)
  );
#7666 = CARTESIAN_POINT('',(4.892972385214,7.118334871502,8.628289056717
    ));
#7667 = CARTESIAN_POINT('',(4.907065725254,7.102715820272,8.621842909428
    ));
#7668 = CARTESIAN_POINT('',(4.922014383199,7.087940186367,8.614588412223
    ));
#7669 = CARTESIAN_POINT('',(4.937730658568,7.074057993897,8.606454845483
    ));
#7670 = CARTESIAN_POINT('',(4.95411681324,7.061105291171,8.59737213007)
  );
#7671 = CARTESIAN_POINT('',(4.990255788343,7.035511910466,8.575841690642
    ));
#7672 = CARTESIAN_POINT('',(5.010167134704,7.023138846692,8.563108094658
    ));
#7673 = CARTESIAN_POINT('',(5.030646240516,7.012011183133,8.548976575804
    ));
#7674 = CARTESIAN_POINT('',(5.051524901365,7.002130408453,8.53335763485)
  );
#7675 = CARTESIAN_POINT('',(5.072624008988,6.993469247357,8.516170445584
    ));
#7676 = CARTESIAN_POINT('',(5.108772178658,6.9806415116,8.483967696417)
  );
#7677 = CARTESIAN_POINT('',(5.123803978718,6.975899880132,8.469764291309
    ));
#7678 = CARTESIAN_POINT('',(5.138785544791,6.971724256925,8.454707822545
    ));
#7679 = CARTESIAN_POINT('',(5.153646791598,6.968086838443,8.438775980338
    ));
#7680 = CARTESIAN_POINT('',(5.16831426351,6.964952795555,8.421950263923)
  );
#7681 = CARTESIAN_POINT('',(5.196037760477,6.959806423412,8.387800043242
    ));
#7682 = CARTESIAN_POINT('',(5.209131677305,6.957728174031,8.370606695134
    ));
#7683 = CARTESIAN_POINT('',(5.221932589777,6.956012549647,8.352624177405
    ));
#7684 = CARTESIAN_POINT('',(5.234374554423,6.954621719583,8.333847041799
    ));
#7685 = CARTESIAN_POINT('',(5.246387309524,6.953514157571,8.314278703723
    ));
#7686 = CARTESIAN_POINT('',(5.278346745509,6.951103082791,8.257789673066
    ));
#7687 = CARTESIAN_POINT('',(5.297225123421,6.950313983219,8.219168418419
    ));
#7688 = CARTESIAN_POINT('',(5.314089269248,6.950040125648,8.178197498813
    ));
#7689 = CARTESIAN_POINT('',(5.328469137967,6.950005357033,8.135168556143
    ));
#7690 = CARTESIAN_POINT('',(5.33993292973,6.950000476839,8.090608414408)
  );
#7691 = CARTESIAN_POINT('',(5.348813550577,6.950000062137,8.042545484707
    ));
#7692 = CARTESIAN_POINT('',(5.349320916452,6.95000005243,8.039732118801)
  );
#7693 = CARTESIAN_POINT('',(5.349816278568,6.950000049999,8.03691623196)
  );
#7694 = CARTESIAN_POINT('',(5.350299598271,6.950000049998,8.034098012028
    ));
#7695 = CARTESIAN_POINT('',(5.35077084229,6.95000005,8.031277638907));
#7696 = CARTESIAN_POINT('',(5.351229982735,6.95000005,8.028455284551));
#7697 = PCURVE('',#3092,#7698);
#7698 = DEFINITIONAL_REPRESENTATION('',(#7699),#7742);
#7699 = B_SPLINE_CURVE_WITH_KNOTS('',6,(#7700,#7701,#7702,#7703,#7704,
    #7705,#7706,#7707,#7708,#7709,#7710,#7711,#7712,#7713,#7714,#7715,
    #7716,#7717,#7718,#7719,#7720,#7721,#7722,#7723,#7724,#7725,#7726,
    #7727,#7728,#7729,#7730,#7731,#7732,#7733,#7734,#7735,#7736,#7737,
    #7738,#7739,#7740,#7741),.UNSPECIFIED.,.F.,.F.,(7,5,5,5,5,5,5,5,7),(
    0.186298002933,0.364875954563,0.437002753845,0.547691618141,
    0.673010324508,0.762051808111,0.844474060816,0.99090507267,1.),
  .UNSPECIFIED.);
#7700 = CARTESIAN_POINT('',(-6.459022355401,3.14159265359));
#7701 = CARTESIAN_POINT('',(-6.459022355399,3.217386621317));
#7702 = CARTESIAN_POINT('',(-6.458991329692,3.293181836959));
#7703 = CARTESIAN_POINT('',(-6.458929279656,3.368841127477));
#7704 = CARTESIAN_POINT('',(-6.45883460316,3.444230997426));
#7705 = CARTESIAN_POINT('',(-6.458704125758,3.519201188149));
#7706 = CARTESIAN_POINT('',(-6.458465237653,3.623594258404));
#7707 = CARTESIAN_POINT('',(-6.458390038172,3.653528208178));
#7708 = CARTESIAN_POINT('',(-6.45830810493,3.683350262323));
#7709 = CARTESIAN_POINT('',(-6.458219165154,3.713046847374));
#7710 = CARTESIAN_POINT('',(-6.458122934774,3.742603174214));
#7711 = CARTESIAN_POINT('',(-6.457859797426,3.817121830763));
#7712 = CARTESIAN_POINT('',(-6.4576826141,3.861872544553));
#7713 = CARTESIAN_POINT('',(-6.457486519159,3.906196513726));
#7714 = CARTESIAN_POINT('',(-6.45727045206,3.950027721571));
#7715 = CARTESIAN_POINT('',(-6.457033402381,3.993290501195));
#7716 = CARTESIAN_POINT('',(-6.456481316853,4.084134913706));
#7717 = CARTESIAN_POINT('',(-6.456160119529,4.131531127437));
#7718 = CARTESIAN_POINT('',(-6.455809550874,4.177959641063));
#7719 = CARTESIAN_POINT('',(-6.455428478315,4.223274921841));
#7720 = CARTESIAN_POINT('',(-6.455015971924,4.267304905514));
#7721 = CARTESIAN_POINT('',(-6.454255370897,4.34006882319));
#7722 = CARTESIAN_POINT('',(-6.453923209917,4.369539496935));
#7723 = CARTESIAN_POINT('',(-6.453574556146,4.398183835645));
#7724 = CARTESIAN_POINT('',(-6.453209218891,4.425916095067));
#7725 = CARTESIAN_POINT('',(-6.452827088976,4.452636933378));
#7726 = CARTESIAN_POINT('',(-6.452058845964,4.501927079301));
#7727 = CARTESIAN_POINT('',(-6.451675164853,4.524655506397));
#7728 = CARTESIAN_POINT('',(-6.451277068301,4.54632966825));
#7729 = CARTESIAN_POINT('',(-6.450864667791,4.566843214966));
#7730 = CARTESIAN_POINT('',(-6.450438257671,4.58607595633));
#7731 = CARTESIAN_POINT('',(-6.449216838122,4.635558751787));
#7732 = CARTESIAN_POINT('',(-6.448392171462,4.662788896743));
#7733 = CARTESIAN_POINT('',(-6.447528263569,4.684802070295));
#7734 = CARTESIAN_POINT('',(-6.446632272299,4.700732933209));
#7735 = CARTESIAN_POINT('',(-6.445715744076,4.709829266761));
#7736 = CARTESIAN_POINT('',(-6.444738428459,4.712120835445));
#7737 = CARTESIAN_POINT('',(-6.444681261512,4.712228150464));
#7738 = CARTESIAN_POINT('',(-6.444624083536,4.71230860774));
#7739 = CARTESIAN_POINT('',(-6.4445668983,4.712362152784));
#7740 = CARTESIAN_POINT('',(-6.444509709401,4.71238884183));
#7741 = CARTESIAN_POINT('',(-6.444452520262,4.712388841829));
#7742 = ( GEOMETRIC_REPRESENTATION_CONTEXT(2) 
PARAMETRIC_REPRESENTATION_CONTEXT() REPRESENTATION_CONTEXT('2D SPACE',''
  ) );
#7743 = PCURVE('',#3120,#7744);
#7744 = DEFINITIONAL_REPRESENTATION('',(#7745),#7788);
#7745 = B_SPLINE_CURVE_WITH_KNOTS('',6,(#7746,#7747,#7748,#7749,#7750,
    #7751,#7752,#7753,#7754,#7755,#7756,#7757,#7758,#7759,#7760,#7761,
    #7762,#7763,#7764,#7765,#7766,#7767,#7768,#7769,#7770,#7771,#7772,
    #7773,#7774,#7775,#7776,#7777,#7778,#7779,#7780,#7781,#7782,#7783,
    #7784,#7785,#7786,#7787),.UNSPECIFIED.,.F.,.F.,(7,5,5,5,5,5,5,5,7),(
    0.186298002933,0.364875954563,0.437002753845,0.547691618141,
    0.673010324508,0.762051808111,0.844474060816,0.99090507267,1.),
  .UNSPECIFIED.);
#7746 = CARTESIAN_POINT('',(-0.284251554014,-0.45));
#7747 = CARTESIAN_POINT('',(-0.284251553944,-0.415892714458));
#7748 = CARTESIAN_POINT('',(-0.288579254292,-0.381784853517));
#7749 = CARTESIAN_POINT('',(-0.297235023724,-0.348090929735));
#7750 = CARTESIAN_POINT('',(-0.310161094576,-0.315223407548));
#7751 = CARTESIAN_POINT('',(-0.327245870244,-0.283570293872));
#7752 = CARTESIAN_POINT('',(-0.356860484971,-0.24131039402));
#7753 = CARTESIAN_POINT('',(-0.366034698315,-0.229405324039));
#7754 = CARTESIAN_POINT('',(-0.375853206078,-0.217775537933));
#7755 = CARTESIAN_POINT('',(-0.386305341108,-0.206441663383));
#7756 = CARTESIAN_POINT('',(-0.397379676481,-0.195422613669));
#7757 = CARTESIAN_POINT('',(-0.426995326138,-0.168334821502));
#7758 = CARTESIAN_POINT('',(-0.446363479234,-0.152715770272));
#7759 = CARTESIAN_POINT('',(-0.467124780526,-0.137940136367));
#7760 = CARTESIAN_POINT('',(-0.489232663994,-0.124057943897));
#7761 = CARTESIAN_POINT('',(-0.512640069899,-0.111105241171));
#7762 = CARTESIAN_POINT('',(-0.565223119442,-8.551186046611E-02));
#7763 = CARTESIAN_POINT('',(-0.59475188618,-7.313879669209E-02));
#7764 = CARTESIAN_POINT('',(-0.625823819333,-6.20111331331E-02));
#7765 = CARTESIAN_POINT('',(-0.658377506981,-5.213035845272E-02));
#7766 = CARTESIAN_POINT('',(-0.692361124394,-4.346919735724E-02));
#7767 = CARTESIAN_POINT('',(-0.752875936945,-3.064146160018E-02));
#7768 = CARTESIAN_POINT('',(-0.778715870078,-2.589983013249E-02));
#7769 = CARTESIAN_POINT('',(-0.805246479312,-2.172420692478E-02));
#7770 = CARTESIAN_POINT('',(-0.832457815523,-1.808678844267E-02));
#7771 = CARTESIAN_POINT('',(-0.860342439983,-1.495274555546E-02));
#7772 = CARTESIAN_POINT('',(-0.915325816116,-9.806373412324E-03));
#7773 = CARTESIAN_POINT('',(-0.942327344988,-7.728124031274E-03));
#7774 = CARTESIAN_POINT('',(-0.969897055372,-6.012499646878E-03));
#7775 = CARTESIAN_POINT('',(-0.99802887925,-4.621669582654E-03));
#7776 = CARTESIAN_POINT('',(-1.026712325362,-3.514107571097E-03));
#7777 = CARTESIAN_POINT('',(-1.107841236411,-1.103032791059E-03));
#7778 = CARTESIAN_POINT('',(-1.161479035514,-3.139332187905E-04));
#7779 = CARTESIAN_POINT('',(-1.216686397811,-4.007564811737E-05));
#7780 = CARTESIAN_POINT('',(-1.273187034322,-5.307033175361E-06));
#7781 = CARTESIAN_POINT('',(-1.33056346435,-4.268393449802E-07));
#7782 = CARTESIAN_POINT('',(-1.391659068708,-1.213732869765E-08));
#7783 = CARTESIAN_POINT('',(-1.395232472541,-2.430327983305E-09));
#7784 = CARTESIAN_POINT('',(-1.398806330951,4.481748305807E-13));
#7785 = CARTESIAN_POINT('',(-1.402380486441,1.950321385872E-12));
#7786 = CARTESIAN_POINT('',(-1.405954792521,1.4307074044E-13));
#7787 = CARTESIAN_POINT('',(-1.409529113711,5.107025913276E-15));
#7788 = ( GEOMETRIC_REPRESENTATION_CONTEXT(2) 
PARAMETRIC_REPRESENTATION_CONTEXT() REPRESENTATION_CONTEXT('2D SPACE',''
  ) );
#7789 = ADVANCED_FACE('',(#7790),#3120,.T.);
#7790 = FACE_BOUND('',#7791,.F.);
#7791 = EDGE_LOOP('',(#7792,#7822,#7848,#7849,#7850,#7878,#7901));
#7792 = ORIENTED_EDGE('',*,*,#7793,.F.);
#7793 = EDGE_CURVE('',#7794,#7796,#7798,.T.);
#7794 = VERTEX_POINT('',#7795);
#7795 = CARTESIAN_POINT('',(4.561610302211,7.40000005,8.699999999999));
#7796 = VERTEX_POINT('',#7797);
#7797 = CARTESIAN_POINT('',(4.561610302211,-10.37999995,8.699999999999)
  );
#7798 = SURFACE_CURVE('',#7799,(#7803,#7810),.PCURVE_S1.);
#7799 = LINE('',#7800,#7801);
#7800 = CARTESIAN_POINT('',(4.561610302211,6.95000005,8.699999999999));
#7801 = VECTOR('',#7802,1.);
#7802 = DIRECTION('',(0.,-1.,1.110223024625E-16));
#7803 = PCURVE('',#3120,#7804);
#7804 = DEFINITIONAL_REPRESENTATION('',(#7805),#7809);
#7805 = LINE('',#7806,#7807);
#7806 = CARTESIAN_POINT('',(-0.,0.));
#7807 = VECTOR('',#7808,1.);
#7808 = DIRECTION('',(-0.,1.));
#7809 = ( GEOMETRIC_REPRESENTATION_CONTEXT(2) 
PARAMETRIC_REPRESENTATION_CONTEXT() REPRESENTATION_CONTEXT('2D SPACE',''
  ) );
#7810 = PCURVE('',#7811,#7816);
#7811 = PLANE('',#7812);
#7812 = AXIS2_PLACEMENT_3D('',#7813,#7814,#7815);
#7813 = CARTESIAN_POINT('',(-12.00000005,13.60000005,8.699999999999));
#7814 = DIRECTION('',(0.,1.110223024625E-16,1.));
#7815 = DIRECTION('',(0.,-1.,1.110223024625E-16));
#7816 = DEFINITIONAL_REPRESENTATION('',(#7817),#7821);
#7817 = LINE('',#7818,#7819);
#7818 = CARTESIAN_POINT('',(6.65,16.561610352211));
#7819 = VECTOR('',#7820,1.);
#7820 = DIRECTION('',(1.,0.));
#7821 = ( GEOMETRIC_REPRESENTATION_CONTEXT(2) 
PARAMETRIC_REPRESENTATION_CONTEXT() REPRESENTATION_CONTEXT('2D SPACE',''
  ) );
#7822 = ORIENTED_EDGE('',*,*,#7823,.T.);
#7823 = EDGE_CURVE('',#7794,#7620,#7824,.T.);
#7824 = SURFACE_CURVE('',#7825,(#7830,#7837),.PCURVE_S1.);
#7825 = CIRCLE('',#7826,0.8);
#7826 = AXIS2_PLACEMENT_3D('',#7827,#7828,#7829);
#7827 = CARTESIAN_POINT('',(4.561610302211,7.40000005,7.899999999999));
#7828 = DIRECTION('',(0.,1.,-1.110223024625E-16));
#7829 = DIRECTION('',(0.,-1.110223024625E-16,-1.));
#7830 = PCURVE('',#3120,#7831);
#7831 = DEFINITIONAL_REPRESENTATION('',(#7832),#7836);
#7832 = LINE('',#7833,#7834);
#7833 = CARTESIAN_POINT('',(3.14159265359,-0.45));
#7834 = VECTOR('',#7835,1.);
#7835 = DIRECTION('',(-1.,0.));
#7836 = ( GEOMETRIC_REPRESENTATION_CONTEXT(2) 
PARAMETRIC_REPRESENTATION_CONTEXT() REPRESENTATION_CONTEXT('2D SPACE',''
  ) );
#7837 = PCURVE('',#6463,#7838);
#7838 = DEFINITIONAL_REPRESENTATION('',(#7839),#7847);
#7839 = ( BOUNDED_CURVE() B_SPLINE_CURVE(2,(#7840,#7841,#7842,#7843,
#7844,#7845,#7846),.UNSPECIFIED.,.T.,.F.) B_SPLINE_CURVE_WITH_KNOTS((1,2
    ,2,2,2,1),(-2.094395102393,0.,2.094395102393,4.188790204786,
6.28318530718,8.377580409573),.UNSPECIFIED.) CURVE() 
GEOMETRIC_REPRESENTATION_ITEM() RATIONAL_B_SPLINE_CURVE((1.,0.5,1.,0.5,
1.,0.5,1.)) REPRESENTATION_ITEM('') );
#7840 = CARTESIAN_POINT('',(48.561610352211,7.1));
#7841 = CARTESIAN_POINT('',(47.175969706156,7.1));
#7842 = CARTESIAN_POINT('',(47.868790029184,8.3));
#7843 = CARTESIAN_POINT('',(48.561610352211,9.5));
#7844 = CARTESIAN_POINT('',(49.254430675239,8.3));
#7845 = CARTESIAN_POINT('',(49.947250998266,7.1));
#7846 = CARTESIAN_POINT('',(48.561610352211,7.1));
#7847 = ( GEOMETRIC_REPRESENTATION_CONTEXT(2) 
PARAMETRIC_REPRESENTATION_CONTEXT() REPRESENTATION_CONTEXT('2D SPACE',''
  ) );
#7848 = ORIENTED_EDGE('',*,*,#7647,.T.);
#7849 = ORIENTED_EDGE('',*,*,#3104,.T.);
#7850 = ORIENTED_EDGE('',*,*,#7851,.F.);
#7851 = EDGE_CURVE('',#7852,#3105,#7854,.T.);
#7852 = VERTEX_POINT('',#7853);
#7853 = CARTESIAN_POINT('',(4.739374190558,-11.19999995,8.679999999999)
  );
#7854 = SURFACE_CURVE('',#7855,(#7860,#7867),.PCURVE_S1.);
#7855 = CIRCLE('',#7856,0.8);
#7856 = AXIS2_PLACEMENT_3D('',#7857,#7858,#7859);
#7857 = CARTESIAN_POINT('',(4.561610302211,-11.19999995,7.899999999999)
  );
#7858 = DIRECTION('',(0.,1.,-1.110223024625E-16));
#7859 = DIRECTION('',(0.,-1.110223024625E-16,-1.));
#7860 = PCURVE('',#3120,#7861);
#7861 = DEFINITIONAL_REPRESENTATION('',(#7862),#7866);
#7862 = LINE('',#7863,#7864);
#7863 = CARTESIAN_POINT('',(3.14159265359,18.15));
#7864 = VECTOR('',#7865,1.);
#7865 = DIRECTION('',(-1.,0.));
#7866 = ( GEOMETRIC_REPRESENTATION_CONTEXT(2) 
PARAMETRIC_REPRESENTATION_CONTEXT() REPRESENTATION_CONTEXT('2D SPACE',''
  ) );
#7867 = PCURVE('',#3149,#7868);
#7868 = DEFINITIONAL_REPRESENTATION('',(#7869),#7877);
#7869 = ( BOUNDED_CURVE() B_SPLINE_CURVE(2,(#7870,#7871,#7872,#7873,
#7874,#7875,#7876),.UNSPECIFIED.,.T.,.F.) B_SPLINE_CURVE_WITH_KNOTS((1,2
    ,2,2,2,1),(-2.094395102393,0.,2.094395102393,4.188790204786,
6.28318530718,8.377580409573),.UNSPECIFIED.) CURVE() 
GEOMETRIC_REPRESENTATION_ITEM() RATIONAL_B_SPLINE_CURVE((1.,0.5,1.,0.5,
1.,0.5,1.)) REPRESENTATION_ITEM('') );
#7870 = CARTESIAN_POINT('',(16.561610352211,-1.6));
#7871 = CARTESIAN_POINT('',(15.175969706156,-1.6));
#7872 = CARTESIAN_POINT('',(15.868790029184,-0.4));
#7873 = CARTESIAN_POINT('',(16.561610352211,0.8));
#7874 = CARTESIAN_POINT('',(17.254430675239,-0.4));
#7875 = CARTESIAN_POINT('',(17.947250998266,-1.6));
#7876 = CARTESIAN_POINT('',(16.561610352211,-1.6));
#7877 = ( GEOMETRIC_REPRESENTATION_CONTEXT(2) 
PARAMETRIC_REPRESENTATION_CONTEXT() REPRESENTATION_CONTEXT('2D SPACE',''
  ) );
#7878 = ORIENTED_EDGE('',*,*,#7879,.F.);
#7879 = EDGE_CURVE('',#7880,#7852,#7882,.T.);
#7880 = VERTEX_POINT('',#7881);
#7881 = CARTESIAN_POINT('',(4.739374190558,-10.37999995,8.679999999999)
  );
#7882 = SURFACE_CURVE('',#7883,(#7887,#7894),.PCURVE_S1.);
#7883 = LINE('',#7884,#7885);
#7884 = CARTESIAN_POINT('',(4.739374190558,6.95000005,8.679999999999));
#7885 = VECTOR('',#7886,1.);
#7886 = DIRECTION('',(0.,-1.,1.110223024625E-16));
#7887 = PCURVE('',#3120,#7888);
#7888 = DEFINITIONAL_REPRESENTATION('',(#7889),#7893);
#7889 = LINE('',#7890,#7891);
#7890 = CARTESIAN_POINT('',(-0.224075285302,0.));
#7891 = VECTOR('',#7892,1.);
#7892 = DIRECTION('',(-0.,1.));
#7893 = ( GEOMETRIC_REPRESENTATION_CONTEXT(2) 
PARAMETRIC_REPRESENTATION_CONTEXT() REPRESENTATION_CONTEXT('2D SPACE',''
  ) );
#7894 = PCURVE('',#3177,#7895);
#7895 = DEFINITIONAL_REPRESENTATION('',(#7896),#7900);
#7896 = LINE('',#7897,#7898);
#7897 = CARTESIAN_POINT('',(17.33,16.739374240558));
#7898 = VECTOR('',#7899,1.);
#7899 = DIRECTION('',(-1.,0.));
#7900 = ( GEOMETRIC_REPRESENTATION_CONTEXT(2) 
PARAMETRIC_REPRESENTATION_CONTEXT() REPRESENTATION_CONTEXT('2D SPACE',''
  ) );
#7901 = ORIENTED_EDGE('',*,*,#7902,.T.);
#7902 = EDGE_CURVE('',#7880,#7796,#7903,.T.);
#7903 = SURFACE_CURVE('',#7904,(#7909,#7916),.PCURVE_S1.);
#7904 = CIRCLE('',#7905,0.8);
#7905 = AXIS2_PLACEMENT_3D('',#7906,#7907,#7908);
#7906 = CARTESIAN_POINT('',(4.561610302211,-10.37999995,7.899999999999)
  );
#7907 = DIRECTION('',(0.,-1.,1.110223024625E-16));
#7908 = DIRECTION('',(0.,1.110223024625E-16,1.));
#7909 = PCURVE('',#3120,#7910);
#7910 = DEFINITIONAL_REPRESENTATION('',(#7911),#7915);
#7911 = LINE('',#7912,#7913);
#7912 = CARTESIAN_POINT('',(-6.28318530718,17.33));
#7913 = VECTOR('',#7914,1.);
#7914 = DIRECTION('',(1.,-0.));
#7915 = ( GEOMETRIC_REPRESENTATION_CONTEXT(2) 
PARAMETRIC_REPRESENTATION_CONTEXT() REPRESENTATION_CONTEXT('2D SPACE',''
  ) );
#7916 = PCURVE('',#3206,#7917);
#7917 = DEFINITIONAL_REPRESENTATION('',(#7918),#7922);
#7918 = CIRCLE('',#7919,0.8);
#7919 = AXIS2_PLACEMENT_2D('',#7920,#7921);
#7920 = CARTESIAN_POINT('',(-16.56161035221,1.6));
#7921 = DIRECTION('',(-0.,-1.));
#7922 = ( GEOMETRIC_REPRESENTATION_CONTEXT(2) 
PARAMETRIC_REPRESENTATION_CONTEXT() REPRESENTATION_CONTEXT('2D SPACE',''
  ) );
#7923 = ADVANCED_FACE('',(#7924),#3149,.F.);
#7924 = FACE_BOUND('',#7925,.F.);
#7925 = EDGE_LOOP('',(#7926,#7927,#7948));
#7926 = ORIENTED_EDGE('',*,*,#3132,.T.);
#7927 = ORIENTED_EDGE('',*,*,#7928,.T.);
#7928 = EDGE_CURVE('',#3133,#7852,#7929,.T.);
#7929 = SURFACE_CURVE('',#7930,(#7934,#7941),.PCURVE_S1.);
#7930 = LINE('',#7931,#7932);
#7931 = CARTESIAN_POINT('',(-12.00000005,-11.19999995,8.679999999999));
#7932 = VECTOR('',#7933,1.);
#7933 = DIRECTION('',(-1.,0.,0.));
#7934 = PCURVE('',#3149,#7935);
#7935 = DEFINITIONAL_REPRESENTATION('',(#7936),#7940);
#7936 = LINE('',#7937,#7938);
#7937 = CARTESIAN_POINT('',(0.,-1.999999999998E-02));
#7938 = VECTOR('',#7939,1.);
#7939 = DIRECTION('',(-1.,0.));
#7940 = ( GEOMETRIC_REPRESENTATION_CONTEXT(2) 
PARAMETRIC_REPRESENTATION_CONTEXT() REPRESENTATION_CONTEXT('2D SPACE',''
  ) );
#7941 = PCURVE('',#3177,#7942);
#7942 = DEFINITIONAL_REPRESENTATION('',(#7943),#7947);
#7943 = LINE('',#7944,#7945);
#7944 = CARTESIAN_POINT('',(-0.82,0.));
#7945 = VECTOR('',#7946,1.);
#7946 = DIRECTION('',(-0.,-1.));
#7947 = ( GEOMETRIC_REPRESENTATION_CONTEXT(2) 
PARAMETRIC_REPRESENTATION_CONTEXT() REPRESENTATION_CONTEXT('2D SPACE',''
  ) );
#7948 = ORIENTED_EDGE('',*,*,#7851,.T.);
#7949 = ADVANCED_FACE('',(#7950),#3177,.T.);
#7950 = FACE_BOUND('',#7951,.F.);
#7951 = EDGE_LOOP('',(#7952,#7973,#7974,#7975));
#7952 = ORIENTED_EDGE('',*,*,#7953,.F.);
#7953 = EDGE_CURVE('',#7880,#3162,#7954,.T.);
#7954 = SURFACE_CURVE('',#7955,(#7959,#7966),.PCURVE_S1.);
#7955 = LINE('',#7956,#7957);
#7956 = CARTESIAN_POINT('',(-12.00000005,-10.37999995,8.679999999999));
#7957 = VECTOR('',#7958,1.);
#7958 = DIRECTION('',(1.,0.,0.));
#7959 = PCURVE('',#3177,#7960);
#7960 = DEFINITIONAL_REPRESENTATION('',(#7961),#7965);
#7961 = LINE('',#7962,#7963);
#7962 = CARTESIAN_POINT('',(-0.,0.));
#7963 = VECTOR('',#7964,1.);
#7964 = DIRECTION('',(-0.,1.));
#7965 = ( GEOMETRIC_REPRESENTATION_CONTEXT(2) 
PARAMETRIC_REPRESENTATION_CONTEXT() REPRESENTATION_CONTEXT('2D SPACE',''
  ) );
#7966 = PCURVE('',#3206,#7967);
#7967 = DEFINITIONAL_REPRESENTATION('',(#7968),#7972);
#7968 = LINE('',#7969,#7970);
#7969 = CARTESIAN_POINT('',(-0.,0.82));
#7970 = VECTOR('',#7971,1.);
#7971 = DIRECTION('',(-1.,0.));
#7972 = ( GEOMETRIC_REPRESENTATION_CONTEXT(2) 
PARAMETRIC_REPRESENTATION_CONTEXT() REPRESENTATION_CONTEXT('2D SPACE',''
  ) );
#7973 = ORIENTED_EDGE('',*,*,#7879,.T.);
#7974 = ORIENTED_EDGE('',*,*,#7928,.F.);
#7975 = ORIENTED_EDGE('',*,*,#3161,.F.);
#7976 = ADVANCED_FACE('',(#7977),#3206,.F.);
#7977 = FACE_BOUND('',#7978,.T.);
#7978 = EDGE_LOOP('',(#7979,#7980,#8001,#8002,#8003,#8004,#8027,#8055));
#7979 = ORIENTED_EDGE('',*,*,#5243,.F.);
#7980 = ORIENTED_EDGE('',*,*,#7981,.F.);
#7981 = EDGE_CURVE('',#3190,#5116,#7982,.T.);
#7982 = SURFACE_CURVE('',#7983,(#7987,#7994),.PCURVE_S1.);
#7983 = LINE('',#7984,#7985);
#7984 = CARTESIAN_POINT('',(-12.00000005,-10.37999995,8.700250039073));
#7985 = VECTOR('',#7986,1.);
#7986 = DIRECTION('',(-1.,0.,0.));
#7987 = PCURVE('',#3206,#7988);
#7988 = DEFINITIONAL_REPRESENTATION('',(#7989),#7993);
#7989 = LINE('',#7990,#7991);
#7990 = CARTESIAN_POINT('',(-0.,0.799749960925));
#7991 = VECTOR('',#7992,1.);
#7992 = DIRECTION('',(1.,-0.));
#7993 = ( GEOMETRIC_REPRESENTATION_CONTEXT(2) 
PARAMETRIC_REPRESENTATION_CONTEXT() REPRESENTATION_CONTEXT('2D SPACE',''
  ) );
#7994 = PCURVE('',#3301,#7995);
#7995 = DEFINITIONAL_REPRESENTATION('',(#7996),#8000);
#7996 = LINE('',#7997,#7998);
#7997 = CARTESIAN_POINT('',(6.25818270228,0.));
#7998 = VECTOR('',#7999,1.);
#7999 = DIRECTION('',(0.,1.));
#8000 = ( GEOMETRIC_REPRESENTATION_CONTEXT(2) 
PARAMETRIC_REPRESENTATION_CONTEXT() REPRESENTATION_CONTEXT('2D SPACE',''
  ) );
#8001 = ORIENTED_EDGE('',*,*,#3189,.F.);
#8002 = ORIENTED_EDGE('',*,*,#7953,.F.);
#8003 = ORIENTED_EDGE('',*,*,#7902,.T.);
#8004 = ORIENTED_EDGE('',*,*,#8005,.T.);
#8005 = EDGE_CURVE('',#7796,#8006,#8008,.T.);
#8006 = VERTEX_POINT('',#8007);
#8007 = CARTESIAN_POINT('',(9.795908644985E-02,-10.37999995,
    8.699999999999));
#8008 = SURFACE_CURVE('',#8009,(#8013,#8020),.PCURVE_S1.);
#8009 = LINE('',#8010,#8011);
#8010 = CARTESIAN_POINT('',(-12.00000005,-10.37999995,8.699999999999));
#8011 = VECTOR('',#8012,1.);
#8012 = DIRECTION('',(-1.,0.,0.));
#8013 = PCURVE('',#3206,#8014);
#8014 = DEFINITIONAL_REPRESENTATION('',(#8015),#8019);
#8015 = LINE('',#8016,#8017);
#8016 = CARTESIAN_POINT('',(-0.,0.8));
#8017 = VECTOR('',#8018,1.);
#8018 = DIRECTION('',(1.,-0.));
#8019 = ( GEOMETRIC_REPRESENTATION_CONTEXT(2) 
PARAMETRIC_REPRESENTATION_CONTEXT() REPRESENTATION_CONTEXT('2D SPACE',''
  ) );
#8020 = PCURVE('',#7811,#8021);
#8021 = DEFINITIONAL_REPRESENTATION('',(#8022),#8026);
#8022 = LINE('',#8023,#8024);
#8023 = CARTESIAN_POINT('',(23.98,0.));
#8024 = VECTOR('',#8025,1.);
#8025 = DIRECTION('',(0.,-1.));
#8026 = ( GEOMETRIC_REPRESENTATION_CONTEXT(2) 
PARAMETRIC_REPRESENTATION_CONTEXT() REPRESENTATION_CONTEXT('2D SPACE',''
  ) );
#8027 = ORIENTED_EDGE('',*,*,#8028,.F.);
#8028 = EDGE_CURVE('',#8029,#8006,#8031,.T.);
#8029 = VERTEX_POINT('',#8030);
#8030 = CARTESIAN_POINT('',(-7.980480189654E-02,-10.37999995,
    8.679999999999));
#8031 = SURFACE_CURVE('',#8032,(#8037,#8048),.PCURVE_S1.);
#8032 = CIRCLE('',#8033,0.8);
#8033 = AXIS2_PLACEMENT_3D('',#8034,#8035,#8036);
#8034 = CARTESIAN_POINT('',(9.795908644985E-02,-10.37999995,
    7.899999999999));
#8035 = DIRECTION('',(0.,1.,-1.110223024625E-16));
#8036 = DIRECTION('',(-0.98432944501,-1.957759351459E-17,-0.176339285714
    ));
#8037 = PCURVE('',#3206,#8038);
#8038 = DEFINITIONAL_REPRESENTATION('',(#8039),#8047);
#8039 = ( BOUNDED_CURVE() B_SPLINE_CURVE(2,(#8040,#8041,#8042,#8043,
#8044,#8045,#8046),.UNSPECIFIED.,.T.,.F.) B_SPLINE_CURVE_WITH_KNOTS((1,2
    ,2,2,2,1),(-2.094395102393,0.,2.094395102393,4.188790204786,
6.28318530718,8.377580409573),.UNSPECIFIED.) CURVE() 
GEOMETRIC_REPRESENTATION_ITEM() RATIONAL_B_SPLINE_CURVE((1.,0.5,1.,0.5,
1.,0.5,1.)) REPRESENTATION_ITEM('') );
#8040 = CARTESIAN_POINT('',(-11.31049558044,1.741071428571));
#8041 = CARTESIAN_POINT('',(-11.06615269866,0.377144540457));
#8042 = CARTESIAN_POINT('',(-12.36951947356,0.847500841657));
#8043 = CARTESIAN_POINT('',(-13.67288624846,1.317857142857));
#8044 = CARTESIAN_POINT('',(-12.61386235534,2.211427729772));
#8045 = CARTESIAN_POINT('',(-11.55483846222,3.104998316686));
#8046 = CARTESIAN_POINT('',(-11.31049558044,1.741071428571));
#8047 = ( GEOMETRIC_REPRESENTATION_CONTEXT(2) 
PARAMETRIC_REPRESENTATION_CONTEXT() REPRESENTATION_CONTEXT('2D SPACE',''
  ) );
#8048 = PCURVE('',#5346,#8049);
#8049 = DEFINITIONAL_REPRESENTATION('',(#8050),#8054);
#8050 = LINE('',#8051,#8052);
#8051 = CARTESIAN_POINT('',(0.,0.82));
#8052 = VECTOR('',#8053,1.);
#8053 = DIRECTION('',(1.,0.));
#8054 = ( GEOMETRIC_REPRESENTATION_CONTEXT(2) 
PARAMETRIC_REPRESENTATION_CONTEXT() REPRESENTATION_CONTEXT('2D SPACE',''
  ) );
#8055 = ORIENTED_EDGE('',*,*,#8056,.F.);
#8056 = EDGE_CURVE('',#5244,#8029,#8057,.T.);
#8057 = SURFACE_CURVE('',#8058,(#8062,#8069),.PCURVE_S1.);
#8058 = LINE('',#8059,#8060);
#8059 = CARTESIAN_POINT('',(-12.00000005,-10.37999995,8.679999999999));
#8060 = VECTOR('',#8061,1.);
#8061 = DIRECTION('',(1.,0.,0.));
#8062 = PCURVE('',#3206,#8063);
#8063 = DEFINITIONAL_REPRESENTATION('',(#8064),#8068);
#8064 = LINE('',#8065,#8066);
#8065 = CARTESIAN_POINT('',(-0.,0.82));
#8066 = VECTOR('',#8067,1.);
#8067 = DIRECTION('',(-1.,0.));
#8068 = ( GEOMETRIC_REPRESENTATION_CONTEXT(2) 
PARAMETRIC_REPRESENTATION_CONTEXT() REPRESENTATION_CONTEXT('2D SPACE',''
  ) );
#8069 = PCURVE('',#5287,#8070);
#8070 = DEFINITIONAL_REPRESENTATION('',(#8071),#8075);
#8071 = LINE('',#8072,#8073);
#8072 = CARTESIAN_POINT('',(-0.,0.));
#8073 = VECTOR('',#8074,1.);
#8074 = DIRECTION('',(-0.,1.));
#8075 = ( GEOMETRIC_REPRESENTATION_CONTEXT(2) 
PARAMETRIC_REPRESENTATION_CONTEXT() REPRESENTATION_CONTEXT('2D SPACE',''
  ) );
#8076 = ADVANCED_FACE('',(#8077),#3301,.F.);
#8077 = FACE_BOUND('',#8078,.F.);
#8078 = EDGE_LOOP('',(#8079,#8080,#8081,#8102));
#8079 = ORIENTED_EDGE('',*,*,#7981,.F.);
#8080 = ORIENTED_EDGE('',*,*,#3218,.T.);
#8081 = ORIENTED_EDGE('',*,*,#8082,.T.);
#8082 = EDGE_CURVE('',#3219,#5088,#8083,.T.);
#8083 = SURFACE_CURVE('',#8084,(#8088,#8095),.PCURVE_S1.);
#8084 = LINE('',#8085,#8086);
#8085 = CARTESIAN_POINT('',(-12.00000005,-11.19999995,9.499999999999));
#8086 = VECTOR('',#8087,1.);
#8087 = DIRECTION('',(-1.,0.,0.));
#8088 = PCURVE('',#3301,#8089);
#8089 = DEFINITIONAL_REPRESENTATION('',(#8090),#8094);
#8090 = LINE('',#8091,#8092);
#8091 = CARTESIAN_POINT('',(7.853981633974,0.));
#8092 = VECTOR('',#8093,1.);
#8093 = DIRECTION('',(0.,1.));
#8094 = ( GEOMETRIC_REPRESENTATION_CONTEXT(2) 
PARAMETRIC_REPRESENTATION_CONTEXT() REPRESENTATION_CONTEXT('2D SPACE',''
  ) );
#8095 = PCURVE('',#3374,#8096);
#8096 = DEFINITIONAL_REPRESENTATION('',(#8097),#8101);
#8097 = LINE('',#8098,#8099);
#8098 = CARTESIAN_POINT('',(0.,0.8));
#8099 = VECTOR('',#8100,1.);
#8100 = DIRECTION('',(-1.,0.));
#8101 = ( GEOMETRIC_REPRESENTATION_CONTEXT(2) 
PARAMETRIC_REPRESENTATION_CONTEXT() REPRESENTATION_CONTEXT('2D SPACE',''
  ) );
#8102 = ORIENTED_EDGE('',*,*,#5115,.T.);
#8103 = ADVANCED_FACE('',(#8104),#3374,.F.);
#8104 = FACE_BOUND('',#8105,.F.);
#8105 = EDGE_LOOP('',(#8106,#8107,#8128,#8129));
#8106 = ORIENTED_EDGE('',*,*,#3357,.T.);
#8107 = ORIENTED_EDGE('',*,*,#8108,.T.);
#8108 = EDGE_CURVE('',#3358,#4958,#8109,.T.);
#8109 = SURFACE_CURVE('',#8110,(#8114,#8121),.PCURVE_S1.);
#8110 = LINE('',#8111,#8112);
#8111 = CARTESIAN_POINT('',(-12.00000005,-11.19999995,20.499999999999));
#8112 = VECTOR('',#8113,1.);
#8113 = DIRECTION('',(-1.,0.,0.));
#8114 = PCURVE('',#3374,#8115);
#8115 = DEFINITIONAL_REPRESENTATION('',(#8116),#8120);
#8116 = LINE('',#8117,#8118);
#8117 = CARTESIAN_POINT('',(0.,11.8));
#8118 = VECTOR('',#8119,1.);
#8119 = DIRECTION('',(-1.,0.));
#8120 = ( GEOMETRIC_REPRESENTATION_CONTEXT(2) 
PARAMETRIC_REPRESENTATION_CONTEXT() REPRESENTATION_CONTEXT('2D SPACE',''
  ) );
#8121 = PCURVE('',#3465,#8122);
#8122 = DEFINITIONAL_REPRESENTATION('',(#8123),#8127);
#8123 = LINE('',#8124,#8125);
#8124 = CARTESIAN_POINT('',(-7.853981633974,0.));
#8125 = VECTOR('',#8126,1.);
#8126 = DIRECTION('',(-0.,1.));
#8127 = ( GEOMETRIC_REPRESENTATION_CONTEXT(2) 
PARAMETRIC_REPRESENTATION_CONTEXT() REPRESENTATION_CONTEXT('2D SPACE',''
  ) );
#8128 = ORIENTED_EDGE('',*,*,#5087,.T.);
#8129 = ORIENTED_EDGE('',*,*,#8082,.F.);
#8130 = ADVANCED_FACE('',(#8131),#3465,.F.);
#8131 = FACE_BOUND('',#8132,.T.);
#8132 = EDGE_LOOP('',(#8133,#8154,#8155,#8156));
#8133 = ORIENTED_EDGE('',*,*,#8134,.F.);
#8134 = EDGE_CURVE('',#3387,#4930,#8135,.T.);
#8135 = SURFACE_CURVE('',#8136,(#8140,#8147),.PCURVE_S1.);
#8136 = LINE('',#8137,#8138);
#8137 = CARTESIAN_POINT('',(-12.00000005,-10.37999995,21.299749960924));
#8138 = VECTOR('',#8139,1.);
#8139 = DIRECTION('',(-1.,0.,0.));
#8140 = PCURVE('',#3465,#8141);
#8141 = DEFINITIONAL_REPRESENTATION('',(#8142),#8146);
#8142 = LINE('',#8143,#8144);
#8143 = CARTESIAN_POINT('',(-6.25818270228,0.));
#8144 = VECTOR('',#8145,1.);
#8145 = DIRECTION('',(-0.,1.));
#8146 = ( GEOMETRIC_REPRESENTATION_CONTEXT(2) 
PARAMETRIC_REPRESENTATION_CONTEXT() REPRESENTATION_CONTEXT('2D SPACE',''
  ) );
#8147 = PCURVE('',#3538,#8148);
#8148 = DEFINITIONAL_REPRESENTATION('',(#8149),#8153);
#8149 = LINE('',#8150,#8151);
#8150 = CARTESIAN_POINT('',(0.,0.799749960925));
#8151 = VECTOR('',#8152,1.);
#8152 = DIRECTION('',(-1.,0.));
#8153 = ( GEOMETRIC_REPRESENTATION_CONTEXT(2) 
PARAMETRIC_REPRESENTATION_CONTEXT() REPRESENTATION_CONTEXT('2D SPACE',''
  ) );
#8154 = ORIENTED_EDGE('',*,*,#3386,.F.);
#8155 = ORIENTED_EDGE('',*,*,#8108,.T.);
#8156 = ORIENTED_EDGE('',*,*,#4957,.F.);
#8157 = ADVANCED_FACE('',(#8158),#3538,.F.);
#8158 = FACE_BOUND('',#8159,.F.);
#8159 = EDGE_LOOP('',(#8160,#8183,#8184,#8185,#8186,#8209,#8233,#8256));
#8160 = ORIENTED_EDGE('',*,*,#8161,.F.);
#8161 = EDGE_CURVE('',#4902,#8162,#8164,.T.);
#8162 = VERTEX_POINT('',#8163);
#8163 = CARTESIAN_POINT('',(-5.468659155149,-10.37999995,21.319999999999
    ));
#8164 = SURFACE_CURVE('',#8165,(#8169,#8176),.PCURVE_S1.);
#8165 = LINE('',#8166,#8167);
#8166 = CARTESIAN_POINT('',(-12.00000005,-10.37999995,21.319999999999));
#8167 = VECTOR('',#8168,1.);
#8168 = DIRECTION('',(1.,0.,0.));
#8169 = PCURVE('',#3538,#8170);
#8170 = DEFINITIONAL_REPRESENTATION('',(#8171),#8175);
#8171 = LINE('',#8172,#8173);
#8172 = CARTESIAN_POINT('',(0.,0.82));
#8173 = VECTOR('',#8174,1.);
#8174 = DIRECTION('',(1.,0.));
#8175 = ( GEOMETRIC_REPRESENTATION_CONTEXT(2) 
PARAMETRIC_REPRESENTATION_CONTEXT() REPRESENTATION_CONTEXT('2D SPACE',''
  ) );
#8176 = PCURVE('',#4917,#8177);
#8177 = DEFINITIONAL_REPRESENTATION('',(#8178),#8182);
#8178 = LINE('',#8179,#8180);
#8179 = CARTESIAN_POINT('',(0.,0.));
#8180 = VECTOR('',#8181,1.);
#8181 = DIRECTION('',(0.,1.));
#8182 = ( GEOMETRIC_REPRESENTATION_CONTEXT(2) 
PARAMETRIC_REPRESENTATION_CONTEXT() REPRESENTATION_CONTEXT('2D SPACE',''
  ) );
#8183 = ORIENTED_EDGE('',*,*,#4929,.T.);
#8184 = ORIENTED_EDGE('',*,*,#8134,.F.);
#8185 = ORIENTED_EDGE('',*,*,#3521,.T.);
#8186 = ORIENTED_EDGE('',*,*,#8187,.F.);
#8187 = EDGE_CURVE('',#8188,#3522,#8190,.T.);
#8188 = VERTEX_POINT('',#8189);
#8189 = CARTESIAN_POINT('',(0.134902052748,-10.37999995,21.319999999999)
  );
#8190 = SURFACE_CURVE('',#8191,(#8195,#8202),.PCURVE_S1.);
#8191 = LINE('',#8192,#8193);
#8192 = CARTESIAN_POINT('',(-12.00000005,-10.37999995,21.319999999999));
#8193 = VECTOR('',#8194,1.);
#8194 = DIRECTION('',(1.,0.,0.));
#8195 = PCURVE('',#3538,#8196);
#8196 = DEFINITIONAL_REPRESENTATION('',(#8197),#8201);
#8197 = LINE('',#8198,#8199);
#8198 = CARTESIAN_POINT('',(0.,0.82));
#8199 = VECTOR('',#8200,1.);
#8200 = DIRECTION('',(1.,0.));
#8201 = ( GEOMETRIC_REPRESENTATION_CONTEXT(2) 
PARAMETRIC_REPRESENTATION_CONTEXT() REPRESENTATION_CONTEXT('2D SPACE',''
  ) );
#8202 = PCURVE('',#3566,#8203);
#8203 = DEFINITIONAL_REPRESENTATION('',(#8204),#8208);
#8204 = LINE('',#8205,#8206);
#8205 = CARTESIAN_POINT('',(0.,0.));
#8206 = VECTOR('',#8207,1.);
#8207 = DIRECTION('',(0.,1.));
#8208 = ( GEOMETRIC_REPRESENTATION_CONTEXT(2) 
PARAMETRIC_REPRESENTATION_CONTEXT() REPRESENTATION_CONTEXT('2D SPACE',''
  ) );
#8209 = ORIENTED_EDGE('',*,*,#8210,.F.);
#8210 = EDGE_CURVE('',#8211,#8188,#8213,.T.);
#8211 = VERTEX_POINT('',#8212);
#8212 = CARTESIAN_POINT('',(-4.286183559846E-02,-10.37999995,
    21.299999999999));
#8213 = SURFACE_CURVE('',#8214,(#8219,#8226),.PCURVE_S1.);
#8214 = CIRCLE('',#8215,0.8);
#8215 = AXIS2_PLACEMENT_3D('',#8216,#8217,#8218);
#8216 = CARTESIAN_POINT('',(-4.286183559846E-02,-10.37999995,
    22.099999999999));
#8217 = DIRECTION('',(0.,-1.,1.110223024625E-16));
#8218 = DIRECTION('',(0.,-1.110223024625E-16,-1.));
#8219 = PCURVE('',#3538,#8220);
#8220 = DEFINITIONAL_REPRESENTATION('',(#8221),#8225);
#8221 = CIRCLE('',#8222,0.8);
#8222 = AXIS2_PLACEMENT_2D('',#8223,#8224);
#8223 = CARTESIAN_POINT('',(11.957138214402,1.6));
#8224 = DIRECTION('',(0.,-1.));
#8225 = ( GEOMETRIC_REPRESENTATION_CONTEXT(2) 
PARAMETRIC_REPRESENTATION_CONTEXT() REPRESENTATION_CONTEXT('2D SPACE',''
  ) );
#8226 = PCURVE('',#3621,#8227);
#8227 = DEFINITIONAL_REPRESENTATION('',(#8228),#8232);
#8228 = LINE('',#8229,#8230);
#8229 = CARTESIAN_POINT('',(0.,17.33));
#8230 = VECTOR('',#8231,1.);
#8231 = DIRECTION('',(1.,0.));
#8232 = ( GEOMETRIC_REPRESENTATION_CONTEXT(2) 
PARAMETRIC_REPRESENTATION_CONTEXT() REPRESENTATION_CONTEXT('2D SPACE',''
  ) );
#8233 = ORIENTED_EDGE('',*,*,#8234,.F.);
#8234 = EDGE_CURVE('',#8235,#8211,#8237,.T.);
#8235 = VERTEX_POINT('',#8236);
#8236 = CARTESIAN_POINT('',(-5.381481176278,-10.37999995,21.299999999999
    ));
#8237 = SURFACE_CURVE('',#8238,(#8242,#8249),.PCURVE_S1.);
#8238 = LINE('',#8239,#8240);
#8239 = CARTESIAN_POINT('',(-12.00000005,-10.37999995,21.299999999999));
#8240 = VECTOR('',#8241,1.);
#8241 = DIRECTION('',(1.,0.,0.));
#8242 = PCURVE('',#3538,#8243);
#8243 = DEFINITIONAL_REPRESENTATION('',(#8244),#8248);
#8244 = LINE('',#8245,#8246);
#8245 = CARTESIAN_POINT('',(0.,0.8));
#8246 = VECTOR('',#8247,1.);
#8247 = DIRECTION('',(1.,0.));
#8248 = ( GEOMETRIC_REPRESENTATION_CONTEXT(2) 
PARAMETRIC_REPRESENTATION_CONTEXT() REPRESENTATION_CONTEXT('2D SPACE',''
  ) );
#8249 = PCURVE('',#5610,#8250);
#8250 = DEFINITIONAL_REPRESENTATION('',(#8251),#8255);
#8251 = LINE('',#8252,#8253);
#8252 = CARTESIAN_POINT('',(23.98,0.));
#8253 = VECTOR('',#8254,1.);
#8254 = DIRECTION('',(0.,1.));
#8255 = ( GEOMETRIC_REPRESENTATION_CONTEXT(2) 
PARAMETRIC_REPRESENTATION_CONTEXT() REPRESENTATION_CONTEXT('2D SPACE',''
  ) );
#8256 = ORIENTED_EDGE('',*,*,#8257,.T.);
#8257 = EDGE_CURVE('',#8235,#8162,#8258,.T.);
#8258 = SURFACE_CURVE('',#8259,(#8264,#8275),.PCURVE_S1.);
#8259 = CIRCLE('',#8260,0.2);
#8260 = AXIS2_PLACEMENT_3D('',#8261,#8262,#8263);
#8261 = CARTESIAN_POINT('',(-5.381481176278,-10.37999995,21.499999999999
    ));
#8262 = DIRECTION('',(0.,1.,-1.110223024625E-16));
#8263 = DIRECTION('',(-0.873722146464,-5.40040611526E-17,-0.486425339367
    ));
#8264 = PCURVE('',#3538,#8265);
#8265 = DEFINITIONAL_REPRESENTATION('',(#8266),#8274);
#8266 = ( BOUNDED_CURVE() B_SPLINE_CURVE(2,(#8267,#8268,#8269,#8270,
#8271,#8272,#8273),.UNSPECIFIED.,.T.,.F.) B_SPLINE_CURVE_WITH_KNOTS((1,2
    ,2,2,2,1),(-2.094395102393,0.,2.094395102393,4.188790204786,
6.28318530718,8.377580409573),.UNSPECIFIED.) CURVE() 
GEOMETRIC_REPRESENTATION_ITEM() RATIONAL_B_SPLINE_CURVE((1.,0.5,1.,0.5,
1.,0.5,1.)) REPRESENTATION_ITEM('') );
#8267 = CARTESIAN_POINT('',(6.443774444429,0.902714932127));
#8268 = CARTESIAN_POINT('',(6.275271764054,1.205381162001));
#8269 = CARTESIAN_POINT('',(6.621639748181,1.199975648874));
#8270 = CARTESIAN_POINT('',(6.968007732307,1.194570135747));
#8271 = CARTESIAN_POINT('',(6.790142428555,0.897309418999));
#8272 = CARTESIAN_POINT('',(6.612277124803,0.600048702252));
#8273 = CARTESIAN_POINT('',(6.443774444429,0.902714932127));
#8274 = ( GEOMETRIC_REPRESENTATION_CONTEXT(2) 
PARAMETRIC_REPRESENTATION_CONTEXT() REPRESENTATION_CONTEXT('2D SPACE',''
  ) );
#8275 = PCURVE('',#4856,#8276);
#8276 = DEFINITIONAL_REPRESENTATION('',(#8277),#8281);
#8277 = LINE('',#8278,#8279);
#8278 = CARTESIAN_POINT('',(-6.28318530718,0.82));
#8279 = VECTOR('',#8280,1.);
#8280 = DIRECTION('',(1.,-0.));
#8281 = ( GEOMETRIC_REPRESENTATION_CONTEXT(2) 
PARAMETRIC_REPRESENTATION_CONTEXT() REPRESENTATION_CONTEXT('2D SPACE',''
  ) );
#8282 = ADVANCED_FACE('',(#8283),#3566,.T.);
#8283 = FACE_BOUND('',#8284,.T.);
#8284 = EDGE_LOOP('',(#8285,#8286,#8309,#8330));
#8285 = ORIENTED_EDGE('',*,*,#8187,.F.);
#8286 = ORIENTED_EDGE('',*,*,#8287,.T.);
#8287 = EDGE_CURVE('',#8188,#8288,#8290,.T.);
#8288 = VERTEX_POINT('',#8289);
#8289 = CARTESIAN_POINT('',(0.134902052748,-11.19999995,21.319999999999)
  );
#8290 = SURFACE_CURVE('',#8291,(#8295,#8302),.PCURVE_S1.);
#8291 = LINE('',#8292,#8293);
#8292 = CARTESIAN_POINT('',(0.134902052748,6.95000005,21.319999999999));
#8293 = VECTOR('',#8294,1.);
#8294 = DIRECTION('',(0.,-1.,1.110223024625E-16));
#8295 = PCURVE('',#3566,#8296);
#8296 = DEFINITIONAL_REPRESENTATION('',(#8297),#8301);
#8297 = LINE('',#8298,#8299);
#8298 = CARTESIAN_POINT('',(-17.33,12.134902102748));
#8299 = VECTOR('',#8300,1.);
#8300 = DIRECTION('',(1.,0.));
#8301 = ( GEOMETRIC_REPRESENTATION_CONTEXT(2) 
PARAMETRIC_REPRESENTATION_CONTEXT() REPRESENTATION_CONTEXT('2D SPACE',''
  ) );
#8302 = PCURVE('',#3621,#8303);
#8303 = DEFINITIONAL_REPRESENTATION('',(#8304),#8308);
#8304 = LINE('',#8305,#8306);
#8305 = CARTESIAN_POINT('',(0.224075285302,0.));
#8306 = VECTOR('',#8307,1.);
#8307 = DIRECTION('',(0.,1.));
#8308 = ( GEOMETRIC_REPRESENTATION_CONTEXT(2) 
PARAMETRIC_REPRESENTATION_CONTEXT() REPRESENTATION_CONTEXT('2D SPACE',''
  ) );
#8309 = ORIENTED_EDGE('',*,*,#8310,.F.);
#8310 = EDGE_CURVE('',#3551,#8288,#8311,.T.);
#8311 = SURFACE_CURVE('',#8312,(#8316,#8323),.PCURVE_S1.);
#8312 = LINE('',#8313,#8314);
#8313 = CARTESIAN_POINT('',(-12.00000005,-11.19999995,21.319999999999));
#8314 = VECTOR('',#8315,1.);
#8315 = DIRECTION('',(-1.,0.,0.));
#8316 = PCURVE('',#3566,#8317);
#8317 = DEFINITIONAL_REPRESENTATION('',(#8318),#8322);
#8318 = LINE('',#8319,#8320);
#8319 = CARTESIAN_POINT('',(0.82,0.));
#8320 = VECTOR('',#8321,1.);
#8321 = DIRECTION('',(0.,-1.));
#8322 = ( GEOMETRIC_REPRESENTATION_CONTEXT(2) 
PARAMETRIC_REPRESENTATION_CONTEXT() REPRESENTATION_CONTEXT('2D SPACE',''
  ) );
#8323 = PCURVE('',#3595,#8324);
#8324 = DEFINITIONAL_REPRESENTATION('',(#8325),#8329);
#8325 = LINE('',#8326,#8327);
#8326 = CARTESIAN_POINT('',(0.,12.62));
#8327 = VECTOR('',#8328,1.);
#8328 = DIRECTION('',(-1.,0.));
#8329 = ( GEOMETRIC_REPRESENTATION_CONTEXT(2) 
PARAMETRIC_REPRESENTATION_CONTEXT() REPRESENTATION_CONTEXT('2D SPACE',''
  ) );
#8330 = ORIENTED_EDGE('',*,*,#3550,.F.);
#8331 = ADVANCED_FACE('',(#8332),#3595,.F.);
#8332 = FACE_BOUND('',#8333,.F.);
#8333 = EDGE_LOOP('',(#8334,#8356,#8357));
#8334 = ORIENTED_EDGE('',*,*,#8335,.F.);
#8335 = EDGE_CURVE('',#8288,#3579,#8336,.T.);
#8336 = SURFACE_CURVE('',#8337,(#8342,#8349),.PCURVE_S1.);
#8337 = CIRCLE('',#8338,0.8);
#8338 = AXIS2_PLACEMENT_3D('',#8339,#8340,#8341);
#8339 = CARTESIAN_POINT('',(-4.286183559846E-02,-11.19999995,
    22.099999999999));
#8340 = DIRECTION('',(0.,-1.,1.110223024625E-16));
#8341 = DIRECTION('',(0.,-1.110223024625E-16,-1.));
#8342 = PCURVE('',#3595,#8343);
#8343 = DEFINITIONAL_REPRESENTATION('',(#8344),#8348);
#8344 = CIRCLE('',#8345,0.8);
#8345 = AXIS2_PLACEMENT_2D('',#8346,#8347);
#8346 = CARTESIAN_POINT('',(11.957138214402,13.4));
#8347 = DIRECTION('',(0.,-1.));
#8348 = ( GEOMETRIC_REPRESENTATION_CONTEXT(2) 
PARAMETRIC_REPRESENTATION_CONTEXT() REPRESENTATION_CONTEXT('2D SPACE',''
  ) );
#8349 = PCURVE('',#3621,#8350);
#8350 = DEFINITIONAL_REPRESENTATION('',(#8351),#8355);
#8351 = LINE('',#8352,#8353);
#8352 = CARTESIAN_POINT('',(0.,18.15));
#8353 = VECTOR('',#8354,1.);
#8354 = DIRECTION('',(1.,0.));
#8355 = ( GEOMETRIC_REPRESENTATION_CONTEXT(2) 
PARAMETRIC_REPRESENTATION_CONTEXT() REPRESENTATION_CONTEXT('2D SPACE',''
  ) );
#8356 = ORIENTED_EDGE('',*,*,#8310,.F.);
#8357 = ORIENTED_EDGE('',*,*,#3578,.T.);
#8358 = ADVANCED_FACE('',(#8359),#3621,.T.);
#8359 = FACE_BOUND('',#8360,.T.);
#8360 = EDGE_LOOP('',(#8361,#8382,#8383,#8384,#8385,#8386,#8387));
#8361 = ORIENTED_EDGE('',*,*,#8362,.F.);
#8362 = EDGE_CURVE('',#5595,#8211,#8363,.T.);
#8363 = SURFACE_CURVE('',#8364,(#8368,#8375),.PCURVE_S1.);
#8364 = LINE('',#8365,#8366);
#8365 = CARTESIAN_POINT('',(-4.286183559846E-02,6.95000005,
    21.299999999999));
#8366 = VECTOR('',#8367,1.);
#8367 = DIRECTION('',(0.,-1.,1.110223024625E-16));
#8368 = PCURVE('',#3621,#8369);
#8369 = DEFINITIONAL_REPRESENTATION('',(#8370),#8374);
#8370 = LINE('',#8371,#8372);
#8371 = CARTESIAN_POINT('',(0.,0.));
#8372 = VECTOR('',#8373,1.);
#8373 = DIRECTION('',(0.,1.));
#8374 = ( GEOMETRIC_REPRESENTATION_CONTEXT(2) 
PARAMETRIC_REPRESENTATION_CONTEXT() REPRESENTATION_CONTEXT('2D SPACE',''
  ) );
#8375 = PCURVE('',#5610,#8376);
#8376 = DEFINITIONAL_REPRESENTATION('',(#8377),#8381);
#8377 = LINE('',#8378,#8379);
#8378 = CARTESIAN_POINT('',(6.65,11.957138214402));
#8379 = VECTOR('',#8380,1.);
#8380 = DIRECTION('',(1.,0.));
#8381 = ( GEOMETRIC_REPRESENTATION_CONTEXT(2) 
PARAMETRIC_REPRESENTATION_CONTEXT() REPRESENTATION_CONTEXT('2D SPACE',''
  ) );
#8382 = ORIENTED_EDGE('',*,*,#5674,.T.);
#8383 = ORIENTED_EDGE('',*,*,#5867,.T.);
#8384 = ORIENTED_EDGE('',*,*,#3607,.T.);
#8385 = ORIENTED_EDGE('',*,*,#8335,.F.);
#8386 = ORIENTED_EDGE('',*,*,#8287,.F.);
#8387 = ORIENTED_EDGE('',*,*,#8210,.F.);
#8388 = ADVANCED_FACE('',(#8389),#3737,.T.);
#8389 = FACE_BOUND('',#8390,.T.);
#8390 = EDGE_LOOP('',(#8391,#8421,#8450,#8478,#8504,#8505,#8533,#8556,
    #8584,#8607,#8633,#8634,#8662,#8690));
#8391 = ORIENTED_EDGE('',*,*,#8392,.F.);
#8392 = EDGE_CURVE('',#8393,#8395,#8397,.T.);
#8393 = VERTEX_POINT('',#8394);
#8394 = CARTESIAN_POINT('',(-6.00000005,4.40000005,-7.000000000001));
#8395 = VERTEX_POINT('',#8396);
#8396 = CARTESIAN_POINT('',(-6.00000005,4.40000005,6.999999999999));
#8397 = SURFACE_CURVE('',#8398,(#8402,#8409),.PCURVE_S1.);
#8398 = LINE('',#8399,#8400);
#8399 = CARTESIAN_POINT('',(-6.00000005,4.40000005,-8.000000000001));
#8400 = VECTOR('',#8401,1.);
#8401 = DIRECTION('',(0.,1.110223024625E-16,1.));
#8402 = PCURVE('',#3737,#8403);
#8403 = DEFINITIONAL_REPRESENTATION('',(#8404),#8408);
#8404 = LINE('',#8405,#8406);
#8405 = CARTESIAN_POINT('',(0.,0.));
#8406 = VECTOR('',#8407,1.);
#8407 = DIRECTION('',(0.,1.));
#8408 = ( GEOMETRIC_REPRESENTATION_CONTEXT(2) 
PARAMETRIC_REPRESENTATION_CONTEXT() REPRESENTATION_CONTEXT('2D SPACE',''
  ) );
#8409 = PCURVE('',#8410,#8415);
#8410 = PLANE('',#8411);
#8411 = AXIS2_PLACEMENT_3D('',#8412,#8413,#8414);
#8412 = CARTESIAN_POINT('',(-6.00000005,7.40000005,-8.000000000001));
#8413 = DIRECTION('',(1.,0.,0.));
#8414 = DIRECTION('',(0.,-1.,1.110223024625E-16));
#8415 = DEFINITIONAL_REPRESENTATION('',(#8416),#8420);
#8416 = LINE('',#8417,#8418);
#8417 = CARTESIAN_POINT('',(3.,2.109423746788E-15));
#8418 = VECTOR('',#8419,1.);
#8419 = DIRECTION('',(0.,-1.));
#8420 = ( GEOMETRIC_REPRESENTATION_CONTEXT(2) 
PARAMETRIC_REPRESENTATION_CONTEXT() REPRESENTATION_CONTEXT('2D SPACE',''
  ) );
#8421 = ORIENTED_EDGE('',*,*,#8422,.T.);
#8422 = EDGE_CURVE('',#8393,#8423,#8425,.T.);
#8423 = VERTEX_POINT('',#8424);
#8424 = CARTESIAN_POINT('',(-5.00000005,4.40000005,-8.000000000001));
#8425 = SURFACE_CURVE('',#8426,(#8431,#8438),.PCURVE_S1.);
#8426 = CIRCLE('',#8427,1.);
#8427 = AXIS2_PLACEMENT_3D('',#8428,#8429,#8430);
#8428 = CARTESIAN_POINT('',(-5.00000005,4.40000005,-7.000000000001));
#8429 = DIRECTION('',(0.,-1.,1.110223024625E-16));
#8430 = DIRECTION('',(0.,-1.110223024625E-16,-1.));
#8431 = PCURVE('',#3737,#8432);
#8432 = DEFINITIONAL_REPRESENTATION('',(#8433),#8437);
#8433 = CIRCLE('',#8434,1.);
#8434 = AXIS2_PLACEMENT_2D('',#8435,#8436);
#8435 = CARTESIAN_POINT('',(1.,1.));
#8436 = DIRECTION('',(0.,-1.));
#8437 = ( GEOMETRIC_REPRESENTATION_CONTEXT(2) 
PARAMETRIC_REPRESENTATION_CONTEXT() REPRESENTATION_CONTEXT('2D SPACE',''
  ) );
#8438 = PCURVE('',#8439,#8444);
#8439 = CYLINDRICAL_SURFACE('',#8440,1.);
#8440 = AXIS2_PLACEMENT_3D('',#8441,#8442,#8443);
#8441 = CARTESIAN_POINT('',(-5.00000005,7.40000005,-7.000000000001));
#8442 = DIRECTION('',(0.,-1.,1.110223024625E-16));
#8443 = DIRECTION('',(-1.,0.,0.));
#8444 = DEFINITIONAL_REPRESENTATION('',(#8445),#8449);
#8445 = LINE('',#8446,#8447);
#8446 = CARTESIAN_POINT('',(-4.712388980385,3.));
#8447 = VECTOR('',#8448,1.);
#8448 = DIRECTION('',(1.,0.));
#8449 = ( GEOMETRIC_REPRESENTATION_CONTEXT(2) 
PARAMETRIC_REPRESENTATION_CONTEXT() REPRESENTATION_CONTEXT('2D SPACE',''
  ) );
#8450 = ORIENTED_EDGE('',*,*,#8451,.T.);
#8451 = EDGE_CURVE('',#8423,#8452,#8454,.T.);
#8452 = VERTEX_POINT('',#8453);
#8453 = CARTESIAN_POINT('',(-0.69576630687,4.40000005,-8.000000000001));
#8454 = SURFACE_CURVE('',#8455,(#8459,#8466),.PCURVE_S1.);
#8455 = LINE('',#8456,#8457);
#8456 = CARTESIAN_POINT('',(-6.00000005,4.40000005,-8.000000000001));
#8457 = VECTOR('',#8458,1.);
#8458 = DIRECTION('',(1.,0.,0.));
#8459 = PCURVE('',#3737,#8460);
#8460 = DEFINITIONAL_REPRESENTATION('',(#8461),#8465);
#8461 = LINE('',#8462,#8463);
#8462 = CARTESIAN_POINT('',(0.,0.));
#8463 = VECTOR('',#8464,1.);
#8464 = DIRECTION('',(1.,0.));
#8465 = ( GEOMETRIC_REPRESENTATION_CONTEXT(2) 
PARAMETRIC_REPRESENTATION_CONTEXT() REPRESENTATION_CONTEXT('2D SPACE',''
  ) );
#8466 = PCURVE('',#8467,#8472);
#8467 = PLANE('',#8468);
#8468 = AXIS2_PLACEMENT_3D('',#8469,#8470,#8471);
#8469 = CARTESIAN_POINT('',(-6.00000005,7.40000005,-8.000000000001));
#8470 = DIRECTION('',(0.,1.110223024625E-16,1.));
#8471 = DIRECTION('',(0.,-1.,1.110223024625E-16));
#8472 = DEFINITIONAL_REPRESENTATION('',(#8473),#8477);
#8473 = LINE('',#8474,#8475);
#8474 = CARTESIAN_POINT('',(3.,0.));
#8475 = VECTOR('',#8476,1.);
#8476 = DIRECTION('',(0.,1.));
#8477 = ( GEOMETRIC_REPRESENTATION_CONTEXT(2) 
PARAMETRIC_REPRESENTATION_CONTEXT() REPRESENTATION_CONTEXT('2D SPACE',''
  ) );
#8478 = ORIENTED_EDGE('',*,*,#8479,.T.);
#8479 = EDGE_CURVE('',#8452,#4272,#8480,.T.);
#8480 = SURFACE_CURVE('',#8481,(#8486,#8497),.PCURVE_S1.);
#8481 = CIRCLE('',#8482,0.8);
#8482 = AXIS2_PLACEMENT_3D('',#8483,#8484,#8485);
#8483 = CARTESIAN_POINT('',(9.795908644985E-02,4.40000005,
    -7.900000000001));
#8484 = DIRECTION('',(0.,1.,-1.110223024625E-16));
#8485 = DIRECTION('',(-0.98432944501,1.957759351459E-17,0.176339285714)
  );
#8486 = PCURVE('',#3737,#8487);
#8487 = DEFINITIONAL_REPRESENTATION('',(#8488),#8496);
#8488 = ( BOUNDED_CURVE() B_SPLINE_CURVE(2,(#8489,#8490,#8491,#8492,
#8493,#8494,#8495),.UNSPECIFIED.,.T.,.F.) B_SPLINE_CURVE_WITH_KNOTS((1,2
    ,2,2,2,1),(-2.094395102393,0.,2.094395102393,4.188790204786,
6.28318530718,8.377580409573),.UNSPECIFIED.) CURVE() 
GEOMETRIC_REPRESENTATION_ITEM() RATIONAL_B_SPLINE_CURVE((1.,0.5,1.,0.5,
1.,0.5,1.)) REPRESENTATION_ITEM('') );
#8489 = CARTESIAN_POINT('',(5.310495580442,0.241071428571));
#8490 = CARTESIAN_POINT('',(5.554838462224,1.604998316686));
#8491 = CARTESIAN_POINT('',(6.613862355345,0.711427729772));
#8492 = CARTESIAN_POINT('',(7.672886248466,-0.182142857143));
#8493 = CARTESIAN_POINT('',(6.369519473563,-0.652499158343));
#8494 = CARTESIAN_POINT('',(5.06615269866,-1.122855459543));
#8495 = CARTESIAN_POINT('',(5.310495580442,0.241071428571));
#8496 = ( GEOMETRIC_REPRESENTATION_CONTEXT(2) 
PARAMETRIC_REPRESENTATION_CONTEXT() REPRESENTATION_CONTEXT('2D SPACE',''
  ) );
#8497 = PCURVE('',#4315,#8498);
#8498 = DEFINITIONAL_REPRESENTATION('',(#8499),#8503);
#8499 = LINE('',#8500,#8501);
#8500 = CARTESIAN_POINT('',(-6.28318530718,15.6));
#8501 = VECTOR('',#8502,1.);
#8502 = DIRECTION('',(1.,-0.));
#8503 = ( GEOMETRIC_REPRESENTATION_CONTEXT(2) 
PARAMETRIC_REPRESENTATION_CONTEXT() REPRESENTATION_CONTEXT('2D SPACE',''
  ) );
#8504 = ORIENTED_EDGE('',*,*,#4271,.F.);
#8505 = ORIENTED_EDGE('',*,*,#8506,.T.);
#8506 = EDGE_CURVE('',#4244,#8507,#8509,.T.);
#8507 = VERTEX_POINT('',#8508);
#8508 = CARTESIAN_POINT('',(0.233810547777,4.40000005,-6.300000000001));
#8509 = SURFACE_CURVE('',#8510,(#8515,#8526),.PCURVE_S1.);
#8510 = CIRCLE('',#8511,0.8);
#8511 = AXIS2_PLACEMENT_3D('',#8512,#8513,#8514);
#8512 = CARTESIAN_POINT('',(0.233810547777,4.40000005,-7.100000000001));
#8513 = DIRECTION('',(0.,1.,-1.110223024625E-16));
#8514 = DIRECTION('',(-0.9873618437,1.759505239919E-17,0.158482142857));
#8515 = PCURVE('',#3737,#8516);
#8516 = DEFINITIONAL_REPRESENTATION('',(#8517),#8525);
#8517 = ( BOUNDED_CURVE() B_SPLINE_CURVE(2,(#8518,#8519,#8520,#8521,
#8522,#8523,#8524),.UNSPECIFIED.,.T.,.F.) B_SPLINE_CURVE_WITH_KNOTS((1,2
    ,2,2,2,1),(-2.094395102393,0.,2.094395102393,4.188790204786,
6.28318530718,8.377580409573),.UNSPECIFIED.) CURVE() 
GEOMETRIC_REPRESENTATION_ITEM() RATIONAL_B_SPLINE_CURVE((1.,0.5,1.,0.5,
1.,0.5,1.)) REPRESENTATION_ITEM('') );
#8518 = CARTESIAN_POINT('',(5.443921122817,1.026785714286));
#8519 = CARTESIAN_POINT('',(5.663520421633,2.394914417281));
#8520 = CARTESIAN_POINT('',(6.738554984665,1.520671494355));
#8521 = CARTESIAN_POINT('',(7.813589547698,0.646428571429));
#8522 = CARTESIAN_POINT('',(6.518955685849,0.15254279136));
#8523 = CARTESIAN_POINT('',(5.224321824,-0.341342988709));
#8524 = CARTESIAN_POINT('',(5.443921122817,1.026785714286));
#8525 = ( GEOMETRIC_REPRESENTATION_CONTEXT(2) 
PARAMETRIC_REPRESENTATION_CONTEXT() REPRESENTATION_CONTEXT('2D SPACE',''
  ) );
#8526 = PCURVE('',#4259,#8527);
#8527 = DEFINITIONAL_REPRESENTATION('',(#8528),#8532);
#8528 = LINE('',#8529,#8530);
#8529 = CARTESIAN_POINT('',(0.,15.6));
#8530 = VECTOR('',#8531,1.);
#8531 = DIRECTION('',(1.,0.));
#8532 = ( GEOMETRIC_REPRESENTATION_CONTEXT(2) 
PARAMETRIC_REPRESENTATION_CONTEXT() REPRESENTATION_CONTEXT('2D SPACE',''
  ) );
#8533 = ORIENTED_EDGE('',*,*,#8534,.T.);
#8534 = EDGE_CURVE('',#8507,#8535,#8537,.T.);
#8535 = VERTEX_POINT('',#8536);
#8536 = CARTESIAN_POINT('',(2.99999995,4.40000005,-6.300000000001));
#8537 = SURFACE_CURVE('',#8538,(#8542,#8549),.PCURVE_S1.);
#8538 = LINE('',#8539,#8540);
#8539 = CARTESIAN_POINT('',(-9.00000005,4.40000005,-6.300000000001));
#8540 = VECTOR('',#8541,1.);
#8541 = DIRECTION('',(1.,0.,0.));
#8542 = PCURVE('',#3737,#8543);
#8543 = DEFINITIONAL_REPRESENTATION('',(#8544),#8548);
#8544 = LINE('',#8545,#8546);
#8545 = CARTESIAN_POINT('',(-3.,1.7));
#8546 = VECTOR('',#8547,1.);
#8547 = DIRECTION('',(1.,0.));
#8548 = ( GEOMETRIC_REPRESENTATION_CONTEXT(2) 
PARAMETRIC_REPRESENTATION_CONTEXT() REPRESENTATION_CONTEXT('2D SPACE',''
  ) );
#8549 = PCURVE('',#6845,#8550);
#8550 = DEFINITIONAL_REPRESENTATION('',(#8551),#8555);
#8551 = LINE('',#8552,#8553);
#8552 = CARTESIAN_POINT('',(9.2,3.));
#8553 = VECTOR('',#8554,1.);
#8554 = DIRECTION('',(0.,1.));
#8555 = ( GEOMETRIC_REPRESENTATION_CONTEXT(2) 
PARAMETRIC_REPRESENTATION_CONTEXT() REPRESENTATION_CONTEXT('2D SPACE',''
  ) );
#8556 = ORIENTED_EDGE('',*,*,#8557,.T.);
#8557 = EDGE_CURVE('',#8535,#8558,#8560,.T.);
#8558 = VERTEX_POINT('',#8559);
#8559 = CARTESIAN_POINT('',(2.99999995,4.40000005,6.299999999999));
#8560 = SURFACE_CURVE('',#8561,(#8565,#8572),.PCURVE_S1.);
#8561 = LINE('',#8562,#8563);
#8562 = CARTESIAN_POINT('',(2.99999995,4.40000005,-8.000000000001));
#8563 = VECTOR('',#8564,1.);
#8564 = DIRECTION('',(0.,1.110223024625E-16,1.));
#8565 = PCURVE('',#3737,#8566);
#8566 = DEFINITIONAL_REPRESENTATION('',(#8567),#8571);
#8567 = LINE('',#8568,#8569);
#8568 = CARTESIAN_POINT('',(9.,0.));
#8569 = VECTOR('',#8570,1.);
#8570 = DIRECTION('',(0.,1.));
#8571 = ( GEOMETRIC_REPRESENTATION_CONTEXT(2) 
PARAMETRIC_REPRESENTATION_CONTEXT() REPRESENTATION_CONTEXT('2D SPACE',''
  ) );
#8572 = PCURVE('',#8573,#8578);
#8573 = PLANE('',#8574);
#8574 = AXIS2_PLACEMENT_3D('',#8575,#8576,#8577);
#8575 = CARTESIAN_POINT('',(2.99999995,7.40000005,-8.000000000001));
#8576 = DIRECTION('',(1.,0.,0.));
#8577 = DIRECTION('',(0.,-1.,1.110223024625E-16));
#8578 = DEFINITIONAL_REPRESENTATION('',(#8579),#8583);
#8579 = LINE('',#8580,#8581);
#8580 = CARTESIAN_POINT('',(3.,2.109423746788E-15));
#8581 = VECTOR('',#8582,1.);
#8582 = DIRECTION('',(0.,-1.));
#8583 = ( GEOMETRIC_REPRESENTATION_CONTEXT(2) 
PARAMETRIC_REPRESENTATION_CONTEXT() REPRESENTATION_CONTEXT('2D SPACE',''
  ) );
#8584 = ORIENTED_EDGE('',*,*,#8585,.F.);
#8585 = EDGE_CURVE('',#8586,#8558,#8588,.T.);
#8586 = VERTEX_POINT('',#8587);
#8587 = CARTESIAN_POINT('',(0.233810547777,4.40000005,6.299999999999));
#8588 = SURFACE_CURVE('',#8589,(#8593,#8600),.PCURVE_S1.);
#8589 = LINE('',#8590,#8591);
#8590 = CARTESIAN_POINT('',(-9.00000005,4.40000005,6.299999999999));
#8591 = VECTOR('',#8592,1.);
#8592 = DIRECTION('',(1.,0.,0.));
#8593 = PCURVE('',#3737,#8594);
#8594 = DEFINITIONAL_REPRESENTATION('',(#8595),#8599);
#8595 = LINE('',#8596,#8597);
#8596 = CARTESIAN_POINT('',(-3.,14.3));
#8597 = VECTOR('',#8598,1.);
#8598 = DIRECTION('',(1.,0.));
#8599 = ( GEOMETRIC_REPRESENTATION_CONTEXT(2) 
PARAMETRIC_REPRESENTATION_CONTEXT() REPRESENTATION_CONTEXT('2D SPACE',''
  ) );
#8600 = PCURVE('',#7284,#8601);
#8601 = DEFINITIONAL_REPRESENTATION('',(#8602),#8606);
#8602 = LINE('',#8603,#8604);
#8603 = CARTESIAN_POINT('',(9.2,3.));
#8604 = VECTOR('',#8605,1.);
#8605 = DIRECTION('',(0.,1.));
#8606 = ( GEOMETRIC_REPRESENTATION_CONTEXT(2) 
PARAMETRIC_REPRESENTATION_CONTEXT() REPRESENTATION_CONTEXT('2D SPACE',''
  ) );
#8607 = ORIENTED_EDGE('',*,*,#8608,.T.);
#8608 = EDGE_CURVE('',#8586,#3721,#8609,.T.);
#8609 = SURFACE_CURVE('',#8610,(#8615,#8626),.PCURVE_S1.);
#8610 = CIRCLE('',#8611,0.8);
#8611 = AXIS2_PLACEMENT_3D('',#8612,#8613,#8614);
#8612 = CARTESIAN_POINT('',(0.233810547777,4.40000005,7.099999999999));
#8613 = DIRECTION('',(0.,1.,-1.110223024625E-16));
#8614 = DIRECTION('',(-0.9873618437,-1.759505239919E-17,-0.158482142857)
  );
#8615 = PCURVE('',#3737,#8616);
#8616 = DEFINITIONAL_REPRESENTATION('',(#8617),#8625);
#8617 = ( BOUNDED_CURVE() B_SPLINE_CURVE(2,(#8618,#8619,#8620,#8621,
#8622,#8623,#8624),.UNSPECIFIED.,.T.,.F.) B_SPLINE_CURVE_WITH_KNOTS((1,2
    ,2,2,2,1),(-2.094395102393,0.,2.094395102393,4.188790204786,
6.28318530718,8.377580409573),.UNSPECIFIED.) CURVE() 
GEOMETRIC_REPRESENTATION_ITEM() RATIONAL_B_SPLINE_CURVE((1.,0.5,1.,0.5,
1.,0.5,1.)) REPRESENTATION_ITEM('') );
#8618 = CARTESIAN_POINT('',(5.443921122817,14.973214285714));
#8619 = CARTESIAN_POINT('',(5.224321824,16.341342988709));
#8620 = CARTESIAN_POINT('',(6.518955685849,15.84745720864));
#8621 = CARTESIAN_POINT('',(7.813589547697,15.353571428571));
#8622 = CARTESIAN_POINT('',(6.738554984665,14.479328505645));
#8623 = CARTESIAN_POINT('',(5.663520421633,13.605085582719));
#8624 = CARTESIAN_POINT('',(5.443921122817,14.973214285714));
#8625 = ( GEOMETRIC_REPRESENTATION_CONTEXT(2) 
PARAMETRIC_REPRESENTATION_CONTEXT() REPRESENTATION_CONTEXT('2D SPACE',''
  ) );
#8626 = PCURVE('',#3769,#8627);
#8627 = DEFINITIONAL_REPRESENTATION('',(#8628),#8632);
#8628 = LINE('',#8629,#8630);
#8629 = CARTESIAN_POINT('',(-6.28318530718,15.6));
#8630 = VECTOR('',#8631,1.);
#8631 = DIRECTION('',(1.,-0.));
#8632 = ( GEOMETRIC_REPRESENTATION_CONTEXT(2) 
PARAMETRIC_REPRESENTATION_CONTEXT() REPRESENTATION_CONTEXT('2D SPACE',''
  ) );
#8633 = ORIENTED_EDGE('',*,*,#3718,.F.);
#8634 = ORIENTED_EDGE('',*,*,#8635,.T.);
#8635 = EDGE_CURVE('',#3719,#8636,#8638,.T.);
#8636 = VERTEX_POINT('',#8637);
#8637 = CARTESIAN_POINT('',(-0.69576630687,4.40000005,7.999999999999));
#8638 = SURFACE_CURVE('',#8639,(#8644,#8655),.PCURVE_S1.);
#8639 = CIRCLE('',#8640,0.8);
#8640 = AXIS2_PLACEMENT_3D('',#8641,#8642,#8643);
#8641 = CARTESIAN_POINT('',(9.795908644985E-02,4.40000005,7.899999999999
    ));
#8642 = DIRECTION('',(0.,1.,-1.110223024625E-16));
#8643 = DIRECTION('',(-0.98432944501,-1.957759351459E-17,-0.176339285714
    ));
#8644 = PCURVE('',#3737,#8645);
#8645 = DEFINITIONAL_REPRESENTATION('',(#8646),#8654);
#8646 = ( BOUNDED_CURVE() B_SPLINE_CURVE(2,(#8647,#8648,#8649,#8650,
#8651,#8652,#8653),.UNSPECIFIED.,.T.,.F.) B_SPLINE_CURVE_WITH_KNOTS((1,2
    ,2,2,2,1),(-2.094395102393,0.,2.094395102393,4.188790204786,
6.28318530718,8.377580409573),.UNSPECIFIED.) CURVE() 
GEOMETRIC_REPRESENTATION_ITEM() RATIONAL_B_SPLINE_CURVE((1.,0.5,1.,0.5,
1.,0.5,1.)) REPRESENTATION_ITEM('') );
#8647 = CARTESIAN_POINT('',(5.310495580442,15.758928571429));
#8648 = CARTESIAN_POINT('',(5.06615269866,17.122855459543));
#8649 = CARTESIAN_POINT('',(6.369519473563,16.652499158343));
#8650 = CARTESIAN_POINT('',(7.672886248466,16.182142857143));
#8651 = CARTESIAN_POINT('',(6.613862355345,15.288572270228));
#8652 = CARTESIAN_POINT('',(5.554838462224,14.395001683314));
#8653 = CARTESIAN_POINT('',(5.310495580442,15.758928571429));
#8654 = ( GEOMETRIC_REPRESENTATION_CONTEXT(2) 
PARAMETRIC_REPRESENTATION_CONTEXT() REPRESENTATION_CONTEXT('2D SPACE',''
  ) );
#8655 = PCURVE('',#5346,#8656);
#8656 = DEFINITIONAL_REPRESENTATION('',(#8657),#8661);
#8657 = LINE('',#8658,#8659);
#8658 = CARTESIAN_POINT('',(0.,15.6));
#8659 = VECTOR('',#8660,1.);
#8660 = DIRECTION('',(1.,0.));
#8661 = ( GEOMETRIC_REPRESENTATION_CONTEXT(2) 
PARAMETRIC_REPRESENTATION_CONTEXT() REPRESENTATION_CONTEXT('2D SPACE',''
  ) );
#8662 = ORIENTED_EDGE('',*,*,#8663,.F.);
#8663 = EDGE_CURVE('',#8664,#8636,#8666,.T.);
#8664 = VERTEX_POINT('',#8665);
#8665 = CARTESIAN_POINT('',(-5.00000005,4.40000005,7.999999999999));
#8666 = SURFACE_CURVE('',#8667,(#8671,#8678),.PCURVE_S1.);
#8667 = LINE('',#8668,#8669);
#8668 = CARTESIAN_POINT('',(-6.00000005,4.40000005,7.999999999999));
#8669 = VECTOR('',#8670,1.);
#8670 = DIRECTION('',(1.,0.,0.));
#8671 = PCURVE('',#3737,#8672);
#8672 = DEFINITIONAL_REPRESENTATION('',(#8673),#8677);
#8673 = LINE('',#8674,#8675);
#8674 = CARTESIAN_POINT('',(0.,16.));
#8675 = VECTOR('',#8676,1.);
#8676 = DIRECTION('',(1.,0.));
#8677 = ( GEOMETRIC_REPRESENTATION_CONTEXT(2) 
PARAMETRIC_REPRESENTATION_CONTEXT() REPRESENTATION_CONTEXT('2D SPACE',''
  ) );
#8678 = PCURVE('',#8679,#8684);
#8679 = PLANE('',#8680);
#8680 = AXIS2_PLACEMENT_3D('',#8681,#8682,#8683);
#8681 = CARTESIAN_POINT('',(-6.00000005,7.40000005,7.999999999999));
#8682 = DIRECTION('',(0.,1.110223024625E-16,1.));
#8683 = DIRECTION('',(0.,-1.,1.110223024625E-16));
#8684 = DEFINITIONAL_REPRESENTATION('',(#8685),#8689);
#8685 = LINE('',#8686,#8687);
#8686 = CARTESIAN_POINT('',(3.,0.));
#8687 = VECTOR('',#8688,1.);
#8688 = DIRECTION('',(0.,1.));
#8689 = ( GEOMETRIC_REPRESENTATION_CONTEXT(2) 
PARAMETRIC_REPRESENTATION_CONTEXT() REPRESENTATION_CONTEXT('2D SPACE',''
  ) );
#8690 = ORIENTED_EDGE('',*,*,#8691,.F.);
#8691 = EDGE_CURVE('',#8395,#8664,#8692,.T.);
#8692 = SURFACE_CURVE('',#8693,(#8698,#8709),.PCURVE_S1.);
#8693 = CIRCLE('',#8694,1.);
#8694 = AXIS2_PLACEMENT_3D('',#8695,#8696,#8697);
#8695 = CARTESIAN_POINT('',(-5.00000005,4.40000005,6.999999999999));
#8696 = DIRECTION('',(0.,1.,-1.110223024625E-16));
#8697 = DIRECTION('',(0.,-1.110223024625E-16,-1.));
#8698 = PCURVE('',#3737,#8699);
#8699 = DEFINITIONAL_REPRESENTATION('',(#8700),#8708);
#8700 = ( BOUNDED_CURVE() B_SPLINE_CURVE(2,(#8701,#8702,#8703,#8704,
#8705,#8706,#8707),.UNSPECIFIED.,.T.,.F.) B_SPLINE_CURVE_WITH_KNOTS((1,2
    ,2,2,2,1),(-2.094395102393,0.,2.094395102393,4.188790204786,
6.28318530718,8.377580409573),.UNSPECIFIED.) CURVE() 
GEOMETRIC_REPRESENTATION_ITEM() RATIONAL_B_SPLINE_CURVE((1.,0.5,1.,0.5,
1.,0.5,1.)) REPRESENTATION_ITEM('') );
#8701 = CARTESIAN_POINT('',(1.,14.));
#8702 = CARTESIAN_POINT('',(-0.732050807569,14.));
#8703 = CARTESIAN_POINT('',(0.133974596216,15.5));
#8704 = CARTESIAN_POINT('',(1.,17.));
#8705 = CARTESIAN_POINT('',(1.866025403784,15.5));
#8706 = CARTESIAN_POINT('',(2.732050807569,14.));
#8707 = CARTESIAN_POINT('',(1.,14.));
#8708 = ( GEOMETRIC_REPRESENTATION_CONTEXT(2) 
PARAMETRIC_REPRESENTATION_CONTEXT() REPRESENTATION_CONTEXT('2D SPACE',''
  ) );
#8709 = PCURVE('',#8710,#8715);
#8710 = CYLINDRICAL_SURFACE('',#8711,1.);
#8711 = AXIS2_PLACEMENT_3D('',#8712,#8713,#8714);
#8712 = CARTESIAN_POINT('',(-5.00000005,7.40000005,6.999999999999));
#8713 = DIRECTION('',(0.,-1.,1.110223024625E-16));
#8714 = DIRECTION('',(-1.,0.,0.));
#8715 = DEFINITIONAL_REPRESENTATION('',(#8716),#8720);
#8716 = LINE('',#8717,#8718);
#8717 = CARTESIAN_POINT('',(1.570796326795,3.));
#8718 = VECTOR('',#8719,1.);
#8719 = DIRECTION('',(-1.,0.));
#8720 = ( GEOMETRIC_REPRESENTATION_CONTEXT(2) 
PARAMETRIC_REPRESENTATION_CONTEXT() REPRESENTATION_CONTEXT('2D SPACE',''
  ) );
#8721 = ADVANCED_FACE('',(#8722),#5346,.T.);
#8722 = FACE_BOUND('',#8723,.T.);
#8723 = EDGE_LOOP('',(#8724,#8895,#8916,#8917,#8918,#8946,#8967,#8968,
    #8991));
#8724 = ORIENTED_EDGE('',*,*,#8725,.F.);
#8725 = EDGE_CURVE('',#8726,#8728,#8730,.T.);
#8726 = VERTEX_POINT('',#8727);
#8727 = CARTESIAN_POINT('',(-0.695766307216,6.951523078405,
    7.999999999999));
#8728 = VERTEX_POINT('',#8729);
#8729 = CARTESIAN_POINT('',(-0.378594806951,7.40000005,8.54257014144));
#8730 = SURFACE_CURVE('',#8731,(#8782,#8836),.PCURVE_S1.);
#8731 = B_SPLINE_CURVE_WITH_KNOTS('',7,(#8732,#8733,#8734,#8735,#8736,
    #8737,#8738,#8739,#8740,#8741,#8742,#8743,#8744,#8745,#8746,#8747,
    #8748,#8749,#8750,#8751,#8752,#8753,#8754,#8755,#8756,#8757,#8758,
    #8759,#8760,#8761,#8762,#8763,#8764,#8765,#8766,#8767,#8768,#8769,
    #8770,#8771,#8772,#8773,#8774,#8775,#8776,#8777,#8778,#8779,#8780,
    #8781),.UNSPECIFIED.,.F.,.F.,(8,6,6,6,6,6,6,6,8),(0.,0.153612999594,
    0.237043262501,0.32685413303,0.449747488333,0.557650498417,
    0.629125996501,0.81194906408,1.),.UNSPECIFIED.);
#8732 = CARTESIAN_POINT('',(-0.689504469558,6.95000005,7.758928571427));
#8733 = CARTESIAN_POINT('',(-0.696769286615,6.95000005,7.799480926581));
#8734 = CARTESIAN_POINT('',(-0.701598810909,6.950000144572,
    7.840475812615));
#8735 = CARTESIAN_POINT('',(-0.703885736698,6.949999701407,7.88132265389
    ));
#8736 = CARTESIAN_POINT('',(-0.703714135278,6.950089701787,
    7.921541685893));
#8737 = CARTESIAN_POINT('',(-0.701269927086,6.950443639708,
    7.960767079926));
#8738 = CARTESIAN_POINT('',(-0.696789325203,6.951236404039,
    7.998729352154));
#8739 = CARTESIAN_POINT('',(-0.687124668024,6.953383544552,
    8.055075349546));
#8740 = CARTESIAN_POINT('',(-0.683195364843,6.954316209057,
    8.074490949838));
#8741 = CARTESIAN_POINT('',(-0.678776537667,6.955452233962,
    8.093468859149));
#8742 = CARTESIAN_POINT('',(-0.67390662201,6.956816705813,8.111992744926
    ));
#8743 = CARTESIAN_POINT('',(-0.668623678433,6.95843306675,8.130050959435
    ));
#8744 = CARTESIAN_POINT('',(-0.662964767477,6.960322791695,8.14763592583
    ));
#8745 = CARTESIAN_POINT('',(-0.650507054306,6.96485423607,8.18315948323)
  );
#8746 = CARTESIAN_POINT('',(-0.643654642147,6.967542280933,
    8.201021026713));
#8747 = CARTESIAN_POINT('',(-0.636452600538,6.970593276257,
    8.218322707993));
#8748 = CARTESIAN_POINT('',(-0.628944620513,6.974028052299,
    8.235060919674));
#8749 = CARTESIAN_POINT('',(-0.621173488127,6.977864223484,
    8.251233914122));
#8750 = CARTESIAN_POINT('',(-0.613181000875,6.982116218446,
    8.266841823961));
#8751 = CARTESIAN_POINT('',(-0.593824140551,6.993197978963,
    8.302473423811));
#8752 = CARTESIAN_POINT('',(-0.582302751689,7.000400027437,
    8.322004969956));
#8753 = CARTESIAN_POINT('',(-0.570548415171,7.008430276651,8.3404854357)
  );
#8754 = CARTESIAN_POINT('',(-0.558664096602,7.017305411192,
    8.357923004733));
#8755 = CARTESIAN_POINT('',(-0.546750201379,7.027030581675,
    8.374329996812));
#8756 = CARTESIAN_POINT('',(-0.534903746535,7.037600007352,
    8.389722934857));
#8757 = CARTESIAN_POINT('',(-0.512956785297,7.059004891609,
    8.416765838417));
#8758 = CARTESIAN_POINT('',(-0.502819644478,7.069650571181,8.42864318157
    ));
#8759 = CARTESIAN_POINT('',(-0.492869052305,7.080923632715,
    8.439768282099));
#8760 = CARTESIAN_POINT('',(-0.483165337771,7.092806983174,8.45015715034
    ));
#8761 = CARTESIAN_POINT('',(-0.473765688974,7.105278012471,
    8.459827529932));
#8762 = CARTESIAN_POINT('',(-0.464723625406,7.118309184726,
    8.468798261384));
#8763 = CARTESIAN_POINT('',(-0.450368499907,7.140850474143,
    8.482580237981));
#8764 = CARTESIAN_POINT('',(-0.444827038588,7.150064175768,
    8.487773261442));
#8765 = CARTESIAN_POINT('',(-0.439478475441,7.159500396773,
    8.492673445467));
#8766 = CARTESIAN_POINT('',(-0.43433631499,7.169149112553,8.49728644068)
  );
#8767 = CARTESIAN_POINT('',(-0.429413177125,7.178999611519,
    8.501617818893));
#8768 = CARTESIAN_POINT('',(-0.424720797099,7.189040495105,
    8.505673073097));
#8769 = CARTESIAN_POINT('',(-0.408885652807,7.225398737599,
    8.519137885956));
#8770 = CARTESIAN_POINT('',(-0.399081775982,7.252704806788,
    8.527046782892));
#8771 = CARTESIAN_POINT('',(-0.391039252707,7.280976961716,
    8.533272568132));
#8772 = CARTESIAN_POINT('',(-0.384897852801,7.309990694052,8.5378944171)
  );
#8773 = CARTESIAN_POINT('',(-0.380752588152,7.339506139068,
    8.540969817629));
#8774 = CARTESIAN_POINT('',(-0.378651613593,7.369275588399,
    8.542528011412));
#8775 = CARTESIAN_POINT('',(-0.378538184997,7.429676400569,
    8.542612134517));
#8776 = CARTESIAN_POINT('',(-0.380644359704,7.460308958544,
    8.541050079158));
#8777 = CARTESIAN_POINT('',(-0.3849152668,7.490677199233,8.537883930526)
  );
#8778 = CARTESIAN_POINT('',(-0.391298887434,7.520511336019,
    8.533082091243));
#8779 = CARTESIAN_POINT('',(-0.399690720062,7.549550362928,
    8.526581237176));
#8780 = CARTESIAN_POINT('',(-0.409936222562,7.577550713735,
    8.518293926668));
#8781 = CARTESIAN_POINT('',(-0.421835116347,7.604295774883,
    8.508123331848));
#8782 = PCURVE('',#5346,#8783);
#8783 = DEFINITIONAL_REPRESENTATION('',(#8784),#8835);
#8784 = B_SPLINE_CURVE_WITH_KNOTS('',7,(#8785,#8786,#8787,#8788,#8789,
    #8790,#8791,#8792,#8793,#8794,#8795,#8796,#8797,#8798,#8799,#8800,
    #8801,#8802,#8803,#8804,#8805,#8806,#8807,#8808,#8809,#8810,#8811,
    #8812,#8813,#8814,#8815,#8816,#8817,#8818,#8819,#8820,#8821,#8822,
    #8823,#8824,#8825,#8826,#8827,#8828,#8829,#8830,#8831,#8832,#8833,
    #8834),.UNSPECIFIED.,.F.,.F.,(8,6,6,6,6,6,6,6,8),(0.,0.153612999594,
    0.237043262501,0.32685413303,0.449747488333,0.557650498417,
    0.629125996501,0.81194906408,0.812782169327),.UNSPECIFIED.);
#8785 = CARTESIAN_POINT('',(0.,18.15));
#8786 = CARTESIAN_POINT('',(5.14974373666E-02,18.15));
#8787 = CARTESIAN_POINT('',(0.10300256178,18.150000094572));
#8788 = CARTESIAN_POINT('',(0.153988202076,18.149999651408));
#8789 = CARTESIAN_POINT('',(0.204105763411,18.150089651787));
#8790 = CARTESIAN_POINT('',(0.253110462969,18.150443589708));
#8791 = CARTESIAN_POINT('',(0.300827137509,18.151236354039));
#8792 = CARTESIAN_POINT('',(0.372288195747,18.153383494552));
#8793 = CARTESIAN_POINT('',(0.397038696919,18.154316159057));
#8794 = CARTESIAN_POINT('',(0.421379434163,18.155452183962));
#8795 = CARTESIAN_POINT('',(0.445304346583,18.156816655813));
#8796 = CARTESIAN_POINT('',(0.468809595914,18.15843301675));
#8797 = CARTESIAN_POINT('',(0.491893174649,18.160322741695));
#8798 = CARTESIAN_POINT('',(0.538948955174,18.16485418607));
#8799 = CARTESIAN_POINT('',(0.562852468049,18.167542230933));
#8800 = CARTESIAN_POINT('',(0.586263917028,18.170593226257));
#8801 = CARTESIAN_POINT('',(0.609180404676,18.174028002299));
#8802 = CARTESIAN_POINT('',(0.631597627881,18.177864173484));
#8803 = CARTESIAN_POINT('',(0.653510233877,18.182116168446));
#8804 = CARTESIAN_POINT('',(0.704197679153,18.193197928963));
#8805 = CARTESIAN_POINT('',(0.732525630668,18.200399977437));
#8806 = CARTESIAN_POINT('',(0.759879140637,18.208430226651));
#8807 = CARTESIAN_POINT('',(0.786234690266,18.217305361192));
#8808 = CARTESIAN_POINT('',(0.811563933695,18.227030531675));
#8809 = CARTESIAN_POINT('',(0.835835499548,18.237599957352));
#8810 = CARTESIAN_POINT('',(0.879370466467,18.259004841609));
#8811 = CARTESIAN_POINT('',(0.898883407826,18.269650521181));
#8812 = CARTESIAN_POINT('',(0.917533093246,18.280923582715));
#8813 = CARTESIAN_POINT('',(0.935296139223,18.292806933174));
#8814 = CARTESIAN_POINT('',(0.952148907623,18.305277962471));
#8815 = CARTESIAN_POINT('',(0.968068111223,18.318309134726));
#8816 = CARTESIAN_POINT('',(0.992943189961,18.340850424143));
#8817 = CARTESIAN_POINT('',(1.002435580686,18.350064125768));
#8818 = CARTESIAN_POINT('',(1.011502041189,18.359500346773));
#8819 = CARTESIAN_POINT('',(1.020136301378,18.369149062553));
#8820 = CARTESIAN_POINT('',(1.028332371307,18.378999561519));
#8821 = CARTESIAN_POINT('',(1.036084541178,18.389040445105));
#8822 = CARTESIAN_POINT('',(1.062066896372,18.425398687599));
#8823 = CARTESIAN_POINT('',(1.077806967672,18.452704756788));
#8824 = CARTESIAN_POINT('',(1.090517677938,18.480976911716));
#8825 = CARTESIAN_POINT('',(1.100125123921,18.509990644052));
#8826 = CARTESIAN_POINT('',(1.106577123154,18.539506089068));
#8827 = CARTESIAN_POINT('',(1.109846761091,18.569275538399));
#8828 = CARTESIAN_POINT('',(1.109934175213,18.59918591738));
#8829 = CARTESIAN_POINT('',(1.109934505655,18.599321597638));
#8830 = CARTESIAN_POINT('',(1.109934770009,18.599457277998));
#8831 = CARTESIAN_POINT('',(1.109934968275,18.599592958439));
#8832 = CARTESIAN_POINT('',(1.109935100453,18.599728638935));
#8833 = CARTESIAN_POINT('',(1.109935166543,18.599864319463));
#8834 = CARTESIAN_POINT('',(1.109935166544,18.6));
#8835 = ( GEOMETRIC_REPRESENTATION_CONTEXT(2) 
PARAMETRIC_REPRESENTATION_CONTEXT() REPRESENTATION_CONTEXT('2D SPACE',''
  ) );
#8836 = PCURVE('',#8837,#8842);
#8837 = TOROIDAL_SURFACE('',#8838,44.,0.45);
#8838 = AXIS2_PLACEMENT_3D('',#8839,#8840,#8841);
#8839 = CARTESIAN_POINT('',(-44.00000005,7.40000005,-1.468669630361E-12)
  );
#8840 = DIRECTION('',(0.,1.,-1.110223024625E-16));
#8841 = DIRECTION('',(1.,0.,0.));
#8842 = DEFINITIONAL_REPRESENTATION('',(#8843),#8894);
#8843 = B_SPLINE_CURVE_WITH_KNOTS('',7,(#8844,#8845,#8846,#8847,#8848,
    #8849,#8850,#8851,#8852,#8853,#8854,#8855,#8856,#8857,#8858,#8859,
    #8860,#8861,#8862,#8863,#8864,#8865,#8866,#8867,#8868,#8869,#8870,
    #8871,#8872,#8873,#8874,#8875,#8876,#8877,#8878,#8879,#8880,#8881,
    #8882,#8883,#8884,#8885,#8886,#8887,#8888,#8889,#8890,#8891,#8892,
    #8893),.UNSPECIFIED.,.F.,.F.,(8,6,6,6,6,6,6,6,8),(0.,0.153612999594,
    0.237043262501,0.32685413303,0.449747488333,0.557650498417,
    0.629125996501,0.81194906408,0.812782169327),.UNSPECIFIED.);
#8844 = CARTESIAN_POINT('',(-6.460451517165,4.712388980385));
#8845 = CARTESIAN_POINT('',(-6.461387834208,4.712388980385));
#8846 = CARTESIAN_POINT('',(-6.462324291198,4.717989306233));
#8847 = CARTESIAN_POINT('',(-6.463247022464,4.729193616254));
#8848 = CARTESIAN_POINT('',(-6.464145407365,4.745620423434));
#8849 = CARTESIAN_POINT('',(-6.465011854189,4.766706428484));
#8850 = CARTESIAN_POINT('',(-6.465841201799,4.791857570149));
#8851 = CARTESIAN_POINT('',(-6.467058893527,4.836073571505));
#8852 = CARTESIAN_POINT('',(-6.467475844517,4.852677852799));
#8853 = CARTESIAN_POINT('',(-6.467880829693,4.870242739575));
#8854 = CARTESIAN_POINT('',(-6.468273637804,4.888692164163));
#8855 = CARTESIAN_POINT('',(-6.468654164707,4.90795636368));
#8856 = CARTESIAN_POINT('',(-6.469022396345,4.9279729368));
#8857 = CARTESIAN_POINT('',(-6.469761613062,4.97098711021));
#8858 = CARTESIAN_POINT('',(-6.470130629311,4.994094032908));
#8859 = CARTESIAN_POINT('',(-6.470485508587,5.017940399808));
#8860 = CARTESIAN_POINT('',(-6.470826360338,5.042464916791));
#8861 = CARTESIAN_POINT('',(-6.471153334737,5.067612854417));
#8862 = CARTESIAN_POINT('',(-6.471466622056,5.093335637914));
#8863 = CARTESIAN_POINT('',(-6.472176726594,5.155516381894));
#8864 = CARTESIAN_POINT('',(-6.472561785161,5.192436691014));
#8865 = CARTESIAN_POINT('',(-6.472922193767,5.230240218353));
#8866 = CARTESIAN_POINT('',(-6.473258607696,5.268829748694));
#8867 = CARTESIAN_POINT('',(-6.473571767061,5.308120071304));
#8868 = CARTESIAN_POINT('',(-6.473862492351,5.348036053477));
#8869 = CARTESIAN_POINT('',(-6.474368032541,5.424048336914));
#8870 = CARTESIAN_POINT('',(-6.474587778082,5.460016357207));
#8871 = CARTESIAN_POINT('',(-6.474791514515,5.496368957803));
#8872 = CARTESIAN_POINT('',(-6.474979880651,5.533065163706));
#8873 = CARTESIAN_POINT('',(-6.475153539215,5.570068192585));
#8874 = CARTESIAN_POINT('',(-6.47531315982,5.607344805283));
#8875 = CARTESIAN_POINT('',(-6.4755562735,5.669717994885));
#8876 = CARTESIAN_POINT('',(-6.475647273666,5.694678082624));
#8877 = CARTESIAN_POINT('',(-6.475732597079,5.719736240367));
#8878 = CARTESIAN_POINT('',(-6.47581243237,5.744884298982));
#8879 = CARTESIAN_POINT('',(-6.475886962185,5.770114599382));
#8880 = CARTESIAN_POINT('',(-6.475956363182,5.795419992527));
#8881 = CARTESIAN_POINT('',(-6.476185640705,5.885696143699));
#8882 = CARTESIAN_POINT('',(-6.476318030059,5.95104659388));
#8883 = CARTESIAN_POINT('',(-6.476420775208,6.016732088523));
#8884 = CARTESIAN_POINT('',(-6.476496279434,6.082658534192));
#8885 = CARTESIAN_POINT('',(-6.47654625552,6.148743343812));
#8886 = CARTESIAN_POINT('',(-6.476571573246,6.214908576907));
#8887 = CARTESIAN_POINT('',(-6.4765722501,6.281376233795));
#8888 = CARTESIAN_POINT('',(-6.476572252659,6.281677745926));
#8889 = CARTESIAN_POINT('',(-6.476572254705,6.281979258106));
#8890 = CARTESIAN_POINT('',(-6.476572256241,6.282280770328));
#8891 = CARTESIAN_POINT('',(-6.476572257264,6.282582282584));
#8892 = CARTESIAN_POINT('',(-6.476572257776,6.282883794866));
#8893 = CARTESIAN_POINT('',(-6.476572257776,6.283185307167));
#8894 = ( GEOMETRIC_REPRESENTATION_CONTEXT(2) 
PARAMETRIC_REPRESENTATION_CONTEXT() REPRESENTATION_CONTEXT('2D SPACE',''
  ) );
#8895 = ORIENTED_EDGE('',*,*,#8896,.F.);
#8896 = EDGE_CURVE('',#8636,#8726,#8897,.T.);
#8897 = SURFACE_CURVE('',#8898,(#8902,#8909),.PCURVE_S1.);
#8898 = LINE('',#8899,#8900);
#8899 = CARTESIAN_POINT('',(-0.69576630687,-11.19999995,7.999999999999)
  );
#8900 = VECTOR('',#8901,1.);
#8901 = DIRECTION('',(0.,1.,-1.110223024625E-16));
#8902 = PCURVE('',#5346,#8903);
#8903 = DEFINITIONAL_REPRESENTATION('',(#8904),#8908);
#8904 = LINE('',#8905,#8906);
#8905 = CARTESIAN_POINT('',(0.302594041153,0.));
#8906 = VECTOR('',#8907,1.);
#8907 = DIRECTION('',(0.,1.));
#8908 = ( GEOMETRIC_REPRESENTATION_CONTEXT(2) 
PARAMETRIC_REPRESENTATION_CONTEXT() REPRESENTATION_CONTEXT('2D SPACE',''
  ) );
#8909 = PCURVE('',#8679,#8910);
#8910 = DEFINITIONAL_REPRESENTATION('',(#8911),#8915);
#8911 = LINE('',#8912,#8913);
#8912 = CARTESIAN_POINT('',(18.6,5.30423374313));
#8913 = VECTOR('',#8914,1.);
#8914 = DIRECTION('',(-1.,0.));
#8915 = ( GEOMETRIC_REPRESENTATION_CONTEXT(2) 
PARAMETRIC_REPRESENTATION_CONTEXT() REPRESENTATION_CONTEXT('2D SPACE',''
  ) );
#8916 = ORIENTED_EDGE('',*,*,#8635,.F.);
#8917 = ORIENTED_EDGE('',*,*,#5332,.F.);
#8918 = ORIENTED_EDGE('',*,*,#8919,.T.);
#8919 = EDGE_CURVE('',#5300,#8920,#8922,.T.);
#8920 = VERTEX_POINT('',#8921);
#8921 = CARTESIAN_POINT('',(-7.980480189647E-02,-11.19999995,
    8.679999999999));
#8922 = SURFACE_CURVE('',#8923,(#8928,#8935),.PCURVE_S1.);
#8923 = CIRCLE('',#8924,0.8);
#8924 = AXIS2_PLACEMENT_3D('',#8925,#8926,#8927);
#8925 = CARTESIAN_POINT('',(9.795908644985E-02,-11.19999995,
    7.899999999999));
#8926 = DIRECTION('',(0.,1.,-1.110223024625E-16));
#8927 = DIRECTION('',(0.,1.110223024625E-16,1.));
#8928 = PCURVE('',#5346,#8929);
#8929 = DEFINITIONAL_REPRESENTATION('',(#8930),#8934);
#8930 = LINE('',#8931,#8932);
#8931 = CARTESIAN_POINT('',(-4.5351227704,0.));
#8932 = VECTOR('',#8933,1.);
#8933 = DIRECTION('',(1.,0.));
#8934 = ( GEOMETRIC_REPRESENTATION_CONTEXT(2) 
PARAMETRIC_REPRESENTATION_CONTEXT() REPRESENTATION_CONTEXT('2D SPACE',''
  ) );
#8935 = PCURVE('',#5316,#8936);
#8936 = DEFINITIONAL_REPRESENTATION('',(#8937),#8945);
#8937 = ( BOUNDED_CURVE() B_SPLINE_CURVE(2,(#8938,#8939,#8940,#8941,
#8942,#8943,#8944),.UNSPECIFIED.,.T.,.F.) B_SPLINE_CURVE_WITH_KNOTS((1,2
    ,2,2,2,1),(-2.094395102393,0.,2.094395102393,4.188790204786,
6.28318530718,8.377580409573),.UNSPECIFIED.) CURVE() 
GEOMETRIC_REPRESENTATION_ITEM() RATIONAL_B_SPLINE_CURVE((1.,0.5,1.,0.5,
1.,0.5,1.)) REPRESENTATION_ITEM('') );
#8938 = CARTESIAN_POINT('',(12.09795913645,1.59872115546E-14));
#8939 = CARTESIAN_POINT('',(13.483599782505,1.59872115546E-14));
#8940 = CARTESIAN_POINT('',(12.790779459477,-1.2));
#8941 = CARTESIAN_POINT('',(12.09795913645,-2.4));
#8942 = CARTESIAN_POINT('',(11.405138813422,-1.2));
#8943 = CARTESIAN_POINT('',(10.712318490395,1.476596622751E-14));
#8944 = CARTESIAN_POINT('',(12.09795913645,1.59872115546E-14));
#8945 = ( GEOMETRIC_REPRESENTATION_CONTEXT(2) 
PARAMETRIC_REPRESENTATION_CONTEXT() REPRESENTATION_CONTEXT('2D SPACE',''
  ) );
#8946 = ORIENTED_EDGE('',*,*,#8947,.T.);
#8947 = EDGE_CURVE('',#8920,#8029,#8948,.T.);
#8948 = SURFACE_CURVE('',#8949,(#8953,#8960),.PCURVE_S1.);
#8949 = LINE('',#8950,#8951);
#8950 = CARTESIAN_POINT('',(-7.980480189647E-02,-11.19999995,
    8.679999999999));
#8951 = VECTOR('',#8952,1.);
#8952 = DIRECTION('',(0.,1.,-1.110223024625E-16));
#8953 = PCURVE('',#5346,#8954);
#8954 = DEFINITIONAL_REPRESENTATION('',(#8955),#8959);
#8955 = LINE('',#8956,#8957);
#8956 = CARTESIAN_POINT('',(1.523987251478,0.));
#8957 = VECTOR('',#8958,1.);
#8958 = DIRECTION('',(0.,1.));
#8959 = ( GEOMETRIC_REPRESENTATION_CONTEXT(2) 
PARAMETRIC_REPRESENTATION_CONTEXT() REPRESENTATION_CONTEXT('2D SPACE',''
  ) );
#8960 = PCURVE('',#5287,#8961);
#8961 = DEFINITIONAL_REPRESENTATION('',(#8962),#8966);
#8962 = LINE('',#8963,#8964);
#8963 = CARTESIAN_POINT('',(-0.82,11.920195248104));
#8964 = VECTOR('',#8965,1.);
#8965 = DIRECTION('',(1.,-0.));
#8966 = ( GEOMETRIC_REPRESENTATION_CONTEXT(2) 
PARAMETRIC_REPRESENTATION_CONTEXT() REPRESENTATION_CONTEXT('2D SPACE',''
  ) );
#8967 = ORIENTED_EDGE('',*,*,#8028,.T.);
#8968 = ORIENTED_EDGE('',*,*,#8969,.T.);
#8969 = EDGE_CURVE('',#8006,#8970,#8972,.T.);
#8970 = VERTEX_POINT('',#8971);
#8971 = CARTESIAN_POINT('',(9.795908644985E-02,7.40000005,8.699999999999
    ));
#8972 = SURFACE_CURVE('',#8973,(#8977,#8984),.PCURVE_S1.);
#8973 = LINE('',#8974,#8975);
#8974 = CARTESIAN_POINT('',(9.795908644985E-02,-11.19999995,
    8.699999999999));
#8975 = VECTOR('',#8976,1.);
#8976 = DIRECTION('',(0.,1.,-1.110223024625E-16));
#8977 = PCURVE('',#5346,#8978);
#8978 = DEFINITIONAL_REPRESENTATION('',(#8979),#8983);
#8979 = LINE('',#8980,#8981);
#8980 = CARTESIAN_POINT('',(1.74806253678,0.));
#8981 = VECTOR('',#8982,1.);
#8982 = DIRECTION('',(0.,1.));
#8983 = ( GEOMETRIC_REPRESENTATION_CONTEXT(2) 
PARAMETRIC_REPRESENTATION_CONTEXT() REPRESENTATION_CONTEXT('2D SPACE',''
  ) );
#8984 = PCURVE('',#7811,#8985);
#8985 = DEFINITIONAL_REPRESENTATION('',(#8986),#8990);
#8986 = LINE('',#8987,#8988);
#8987 = CARTESIAN_POINT('',(24.8,12.09795913645));
#8988 = VECTOR('',#8989,1.);
#8989 = DIRECTION('',(-1.,0.));
#8990 = ( GEOMETRIC_REPRESENTATION_CONTEXT(2) 
PARAMETRIC_REPRESENTATION_CONTEXT() REPRESENTATION_CONTEXT('2D SPACE',''
  ) );
#8991 = ORIENTED_EDGE('',*,*,#8992,.F.);
#8992 = EDGE_CURVE('',#8728,#8970,#8993,.T.);
#8993 = SURFACE_CURVE('',#8994,(#8999,#9006),.PCURVE_S1.);
#8994 = CIRCLE('',#8995,0.8);
#8995 = AXIS2_PLACEMENT_3D('',#8996,#8997,#8998);
#8996 = CARTESIAN_POINT('',(9.795908644985E-02,7.40000005,7.899999999999
    ));
#8997 = DIRECTION('',(0.,1.,-1.110223024625E-16));
#8998 = DIRECTION('',(0.,1.110223024625E-16,1.));
#8999 = PCURVE('',#5346,#9000);
#9000 = DEFINITIONAL_REPRESENTATION('',(#9001),#9005);
#9001 = LINE('',#9002,#9003);
#9002 = CARTESIAN_POINT('',(-4.5351227704,18.6));
#9003 = VECTOR('',#9004,1.);
#9004 = DIRECTION('',(1.,0.));
#9005 = ( GEOMETRIC_REPRESENTATION_CONTEXT(2) 
PARAMETRIC_REPRESENTATION_CONTEXT() REPRESENTATION_CONTEXT('2D SPACE',''
  ) );
#9006 = PCURVE('',#6463,#9007);
#9007 = DEFINITIONAL_REPRESENTATION('',(#9008),#9016);
#9008 = ( BOUNDED_CURVE() B_SPLINE_CURVE(2,(#9009,#9010,#9011,#9012,
#9013,#9014,#9015),.UNSPECIFIED.,.T.,.F.) B_SPLINE_CURVE_WITH_KNOTS((1,2
    ,2,2,2,1),(-2.094395102393,0.,2.094395102393,4.188790204786,
6.28318530718,8.377580409573),.UNSPECIFIED.) CURVE() 
GEOMETRIC_REPRESENTATION_ITEM() RATIONAL_B_SPLINE_CURVE((1.,0.5,1.,0.5,
1.,0.5,1.)) REPRESENTATION_ITEM('') );
#9009 = CARTESIAN_POINT('',(44.09795913645,8.7));
#9010 = CARTESIAN_POINT('',(45.483599782505,8.7));
#9011 = CARTESIAN_POINT('',(44.790779459477,7.5));
#9012 = CARTESIAN_POINT('',(44.09795913645,6.3));
#9013 = CARTESIAN_POINT('',(43.405138813422,7.5));
#9014 = CARTESIAN_POINT('',(42.712318490395,8.7));
#9015 = CARTESIAN_POINT('',(44.09795913645,8.7));
#9016 = ( GEOMETRIC_REPRESENTATION_CONTEXT(2) 
PARAMETRIC_REPRESENTATION_CONTEXT() REPRESENTATION_CONTEXT('2D SPACE',''
  ) );
#9017 = ADVANCED_FACE('',(#9018),#5316,.F.);
#9018 = FACE_BOUND('',#9019,.F.);
#9019 = EDGE_LOOP('',(#9020,#9041,#9042));
#9020 = ORIENTED_EDGE('',*,*,#9021,.T.);
#9021 = EDGE_CURVE('',#8920,#5272,#9022,.T.);
#9022 = SURFACE_CURVE('',#9023,(#9027,#9034),.PCURVE_S1.);
#9023 = LINE('',#9024,#9025);
#9024 = CARTESIAN_POINT('',(-12.00000005,-11.19999995,8.679999999999));
#9025 = VECTOR('',#9026,1.);
#9026 = DIRECTION('',(-1.,0.,0.));
#9027 = PCURVE('',#5316,#9028);
#9028 = DEFINITIONAL_REPRESENTATION('',(#9029),#9033);
#9029 = LINE('',#9030,#9031);
#9030 = CARTESIAN_POINT('',(0.,-1.999999999998E-02));
#9031 = VECTOR('',#9032,1.);
#9032 = DIRECTION('',(-1.,0.));
#9033 = ( GEOMETRIC_REPRESENTATION_CONTEXT(2) 
PARAMETRIC_REPRESENTATION_CONTEXT() REPRESENTATION_CONTEXT('2D SPACE',''
  ) );
#9034 = PCURVE('',#5287,#9035);
#9035 = DEFINITIONAL_REPRESENTATION('',(#9036),#9040);
#9036 = LINE('',#9037,#9038);
#9037 = CARTESIAN_POINT('',(-0.82,0.));
#9038 = VECTOR('',#9039,1.);
#9039 = DIRECTION('',(-0.,-1.));
#9040 = ( GEOMETRIC_REPRESENTATION_CONTEXT(2) 
PARAMETRIC_REPRESENTATION_CONTEXT() REPRESENTATION_CONTEXT('2D SPACE',''
  ) );
#9041 = ORIENTED_EDGE('',*,*,#5299,.T.);
#9042 = ORIENTED_EDGE('',*,*,#8919,.T.);
#9043 = ADVANCED_FACE('',(#9044),#5287,.T.);
#9044 = FACE_BOUND('',#9045,.F.);
#9045 = EDGE_LOOP('',(#9046,#9047,#9048,#9049));
#9046 = ORIENTED_EDGE('',*,*,#8056,.F.);
#9047 = ORIENTED_EDGE('',*,*,#5271,.F.);
#9048 = ORIENTED_EDGE('',*,*,#9021,.F.);
#9049 = ORIENTED_EDGE('',*,*,#8947,.T.);
#9050 = ADVANCED_FACE('',(#9051),#4917,.T.);
#9051 = FACE_BOUND('',#9052,.T.);
#9052 = EDGE_LOOP('',(#9053,#9054,#9055,#9078));
#9053 = ORIENTED_EDGE('',*,*,#8161,.F.);
#9054 = ORIENTED_EDGE('',*,*,#4901,.F.);
#9055 = ORIENTED_EDGE('',*,*,#9056,.F.);
#9056 = EDGE_CURVE('',#9057,#4869,#9059,.T.);
#9057 = VERTEX_POINT('',#9058);
#9058 = CARTESIAN_POINT('',(-5.468659155149,-11.19999995,21.319999999999
    ));
#9059 = SURFACE_CURVE('',#9060,(#9064,#9071),.PCURVE_S1.);
#9060 = LINE('',#9061,#9062);
#9061 = CARTESIAN_POINT('',(-12.00000005,-11.19999995,21.319999999999));
#9062 = VECTOR('',#9063,1.);
#9063 = DIRECTION('',(-1.,0.,0.));
#9064 = PCURVE('',#4917,#9065);
#9065 = DEFINITIONAL_REPRESENTATION('',(#9066),#9070);
#9066 = LINE('',#9067,#9068);
#9067 = CARTESIAN_POINT('',(0.82,0.));
#9068 = VECTOR('',#9069,1.);
#9069 = DIRECTION('',(0.,-1.));
#9070 = ( GEOMETRIC_REPRESENTATION_CONTEXT(2) 
PARAMETRIC_REPRESENTATION_CONTEXT() REPRESENTATION_CONTEXT('2D SPACE',''
  ) );
#9071 = PCURVE('',#4885,#9072);
#9072 = DEFINITIONAL_REPRESENTATION('',(#9073),#9077);
#9073 = LINE('',#9074,#9075);
#9074 = CARTESIAN_POINT('',(0.,12.62));
#9075 = VECTOR('',#9076,1.);
#9076 = DIRECTION('',(-1.,0.));
#9077 = ( GEOMETRIC_REPRESENTATION_CONTEXT(2) 
PARAMETRIC_REPRESENTATION_CONTEXT() REPRESENTATION_CONTEXT('2D SPACE',''
  ) );
#9078 = ORIENTED_EDGE('',*,*,#9079,.T.);
#9079 = EDGE_CURVE('',#9057,#8162,#9080,.T.);
#9080 = SURFACE_CURVE('',#9081,(#9085,#9092),.PCURVE_S1.);
#9081 = LINE('',#9082,#9083);
#9082 = CARTESIAN_POINT('',(-5.468659155149,-11.19999995,21.319999999999
    ));
#9083 = VECTOR('',#9084,1.);
#9084 = DIRECTION('',(0.,1.,-1.110223024625E-16));
#9085 = PCURVE('',#4917,#9086);
#9086 = DEFINITIONAL_REPRESENTATION('',(#9087),#9091);
#9087 = LINE('',#9088,#9089);
#9088 = CARTESIAN_POINT('',(0.82,6.531340894851));
#9089 = VECTOR('',#9090,1.);
#9090 = DIRECTION('',(-1.,0.));
#9091 = ( GEOMETRIC_REPRESENTATION_CONTEXT(2) 
PARAMETRIC_REPRESENTATION_CONTEXT() REPRESENTATION_CONTEXT('2D SPACE',''
  ) );
#9092 = PCURVE('',#4856,#9093);
#9093 = DEFINITIONAL_REPRESENTATION('',(#9094),#9098);
#9094 = LINE('',#9095,#9096);
#9095 = CARTESIAN_POINT('',(-0.611775745034,0.));
#9096 = VECTOR('',#9097,1.);
#9097 = DIRECTION('',(-0.,1.));
#9098 = ( GEOMETRIC_REPRESENTATION_CONTEXT(2) 
PARAMETRIC_REPRESENTATION_CONTEXT() REPRESENTATION_CONTEXT('2D SPACE',''
  ) );
#9099 = ADVANCED_FACE('',(#9100),#4885,.F.);
#9100 = FACE_BOUND('',#9101,.F.);
#9101 = EDGE_LOOP('',(#9102,#9103,#9125));
#9102 = ORIENTED_EDGE('',*,*,#9056,.F.);
#9103 = ORIENTED_EDGE('',*,*,#9104,.F.);
#9104 = EDGE_CURVE('',#4841,#9057,#9105,.T.);
#9105 = SURFACE_CURVE('',#9106,(#9111,#9118),.PCURVE_S1.);
#9106 = CIRCLE('',#9107,0.2);
#9107 = AXIS2_PLACEMENT_3D('',#9108,#9109,#9110);
#9108 = CARTESIAN_POINT('',(-5.381481176278,-11.19999995,21.499999999999
    ));
#9109 = DIRECTION('',(0.,-1.,1.110223024625E-16));
#9110 = DIRECTION('',(0.,1.110223024625E-16,1.));
#9111 = PCURVE('',#4885,#9112);
#9112 = DEFINITIONAL_REPRESENTATION('',(#9113),#9117);
#9113 = CIRCLE('',#9114,0.2);
#9114 = AXIS2_PLACEMENT_2D('',#9115,#9116);
#9115 = CARTESIAN_POINT('',(6.618518873722,12.8));
#9116 = DIRECTION('',(0.,1.));
#9117 = ( GEOMETRIC_REPRESENTATION_CONTEXT(2) 
PARAMETRIC_REPRESENTATION_CONTEXT() REPRESENTATION_CONTEXT('2D SPACE',''
  ) );
#9118 = PCURVE('',#4856,#9119);
#9119 = DEFINITIONAL_REPRESENTATION('',(#9120),#9124);
#9120 = LINE('',#9121,#9122);
#9121 = CARTESIAN_POINT('',(2.07879009676,-0.));
#9122 = VECTOR('',#9123,1.);
#9123 = DIRECTION('',(-1.,0.));
#9124 = ( GEOMETRIC_REPRESENTATION_CONTEXT(2) 
PARAMETRIC_REPRESENTATION_CONTEXT() REPRESENTATION_CONTEXT('2D SPACE',''
  ) );
#9125 = ORIENTED_EDGE('',*,*,#4868,.T.);
#9126 = ADVANCED_FACE('',(#9127),#4856,.T.);
#9127 = FACE_BOUND('',#9128,.F.);
#9128 = EDGE_LOOP('',(#9129,#9130,#9131,#9132,#9133,#9154));
#9129 = ORIENTED_EDGE('',*,*,#4840,.F.);
#9130 = ORIENTED_EDGE('',*,*,#9104,.T.);
#9131 = ORIENTED_EDGE('',*,*,#9079,.T.);
#9132 = ORIENTED_EDGE('',*,*,#8257,.F.);
#9133 = ORIENTED_EDGE('',*,*,#9134,.T.);
#9134 = EDGE_CURVE('',#8235,#5700,#9135,.T.);
#9135 = SURFACE_CURVE('',#9136,(#9140,#9147),.PCURVE_S1.);
#9136 = LINE('',#9137,#9138);
#9137 = CARTESIAN_POINT('',(-5.381481176278,-11.19999995,21.299999999999
    ));
#9138 = VECTOR('',#9139,1.);
#9139 = DIRECTION('',(0.,1.,-1.110223024625E-16));
#9140 = PCURVE('',#4856,#9141);
#9141 = DEFINITIONAL_REPRESENTATION('',(#9142),#9146);
#9142 = LINE('',#9143,#9144);
#9143 = CARTESIAN_POINT('',(-1.06280255683,0.));
#9144 = VECTOR('',#9145,1.);
#9145 = DIRECTION('',(-0.,1.));
#9146 = ( GEOMETRIC_REPRESENTATION_CONTEXT(2) 
PARAMETRIC_REPRESENTATION_CONTEXT() REPRESENTATION_CONTEXT('2D SPACE',''
  ) );
#9147 = PCURVE('',#5610,#9148);
#9148 = DEFINITIONAL_REPRESENTATION('',(#9149),#9153);
#9149 = LINE('',#9150,#9151);
#9150 = CARTESIAN_POINT('',(24.8,6.618518873722));
#9151 = VECTOR('',#9152,1.);
#9152 = DIRECTION('',(-1.,0.));
#9153 = ( GEOMETRIC_REPRESENTATION_CONTEXT(2) 
PARAMETRIC_REPRESENTATION_CONTEXT() REPRESENTATION_CONTEXT('2D SPACE',''
  ) );
#9154 = ORIENTED_EDGE('',*,*,#5699,.F.);
#9155 = ADVANCED_FACE('',(#9156),#4775,.F.);
#9156 = FACE_BOUND('',#9157,.F.);
#9157 = EDGE_LOOP('',(#9158,#9159,#9180));
#9158 = ORIENTED_EDGE('',*,*,#5538,.F.);
#9159 = ORIENTED_EDGE('',*,*,#9160,.T.);
#9160 = EDGE_CURVE('',#5514,#4731,#9161,.T.);
#9161 = SURFACE_CURVE('',#9162,(#9166,#9173),.PCURVE_S1.);
#9162 = LINE('',#9163,#9164);
#9163 = CARTESIAN_POINT('',(-12.00000005,-11.19999995,-21.32));
#9164 = VECTOR('',#9165,1.);
#9165 = DIRECTION('',(-1.,0.,0.));
#9166 = PCURVE('',#4775,#9167);
#9167 = DEFINITIONAL_REPRESENTATION('',(#9168),#9172);
#9168 = LINE('',#9169,#9170);
#9169 = CARTESIAN_POINT('',(0.,-2.E-02));
#9170 = VECTOR('',#9171,1.);
#9171 = DIRECTION('',(-1.,0.));
#9172 = ( GEOMETRIC_REPRESENTATION_CONTEXT(2) 
PARAMETRIC_REPRESENTATION_CONTEXT() REPRESENTATION_CONTEXT('2D SPACE',''
  ) );
#9173 = PCURVE('',#4746,#9174);
#9174 = DEFINITIONAL_REPRESENTATION('',(#9175),#9179);
#9175 = LINE('',#9176,#9177);
#9176 = CARTESIAN_POINT('',(-0.82,0.));
#9177 = VECTOR('',#9178,1.);
#9178 = DIRECTION('',(-0.,-1.));
#9179 = ( GEOMETRIC_REPRESENTATION_CONTEXT(2) 
PARAMETRIC_REPRESENTATION_CONTEXT() REPRESENTATION_CONTEXT('2D SPACE',''
  ) );
#9180 = ORIENTED_EDGE('',*,*,#4758,.T.);
#9181 = ADVANCED_FACE('',(#9182),#4746,.T.);
#9182 = FACE_BOUND('',#9183,.F.);
#9183 = EDGE_LOOP('',(#9184,#9185,#9186,#9187));
#9184 = ORIENTED_EDGE('',*,*,#6112,.F.);
#9185 = ORIENTED_EDGE('',*,*,#4730,.F.);
#9186 = ORIENTED_EDGE('',*,*,#9160,.F.);
#9187 = ORIENTED_EDGE('',*,*,#5513,.T.);
#9188 = ADVANCED_FACE('',(#9189),#4376,.T.);
#9189 = FACE_BOUND('',#9190,.T.);
#9190 = EDGE_LOOP('',(#9191,#9192,#9193,#9216));
#9191 = ORIENTED_EDGE('',*,*,#6217,.F.);
#9192 = ORIENTED_EDGE('',*,*,#4360,.F.);
#9193 = ORIENTED_EDGE('',*,*,#9194,.F.);
#9194 = EDGE_CURVE('',#9195,#4328,#9197,.T.);
#9195 = VERTEX_POINT('',#9196);
#9196 = CARTESIAN_POINT('',(-7.980480189647E-02,-11.19999995,
    -8.680000000001));
#9197 = SURFACE_CURVE('',#9198,(#9202,#9209),.PCURVE_S1.);
#9198 = LINE('',#9199,#9200);
#9199 = CARTESIAN_POINT('',(-12.00000005,-11.19999995,-8.680000000001));
#9200 = VECTOR('',#9201,1.);
#9201 = DIRECTION('',(-1.,0.,0.));
#9202 = PCURVE('',#4376,#9203);
#9203 = DEFINITIONAL_REPRESENTATION('',(#9204),#9208);
#9204 = LINE('',#9205,#9206);
#9205 = CARTESIAN_POINT('',(0.82,0.));
#9206 = VECTOR('',#9207,1.);
#9207 = DIRECTION('',(0.,-1.));
#9208 = ( GEOMETRIC_REPRESENTATION_CONTEXT(2) 
PARAMETRIC_REPRESENTATION_CONTEXT() REPRESENTATION_CONTEXT('2D SPACE',''
  ) );
#9209 = PCURVE('',#4344,#9210);
#9210 = DEFINITIONAL_REPRESENTATION('',(#9211),#9215);
#9211 = LINE('',#9212,#9213);
#9212 = CARTESIAN_POINT('',(0.,12.62));
#9213 = VECTOR('',#9214,1.);
#9214 = DIRECTION('',(-1.,0.));
#9215 = ( GEOMETRIC_REPRESENTATION_CONTEXT(2) 
PARAMETRIC_REPRESENTATION_CONTEXT() REPRESENTATION_CONTEXT('2D SPACE',''
  ) );
#9216 = ORIENTED_EDGE('',*,*,#9217,.T.);
#9217 = EDGE_CURVE('',#9195,#6218,#9218,.T.);
#9218 = SURFACE_CURVE('',#9219,(#9223,#9230),.PCURVE_S1.);
#9219 = LINE('',#9220,#9221);
#9220 = CARTESIAN_POINT('',(-7.980480189647E-02,-11.19999995,
    -8.680000000001));
#9221 = VECTOR('',#9222,1.);
#9222 = DIRECTION('',(0.,1.,-1.110223024625E-16));
#9223 = PCURVE('',#4376,#9224);
#9224 = DEFINITIONAL_REPRESENTATION('',(#9225),#9229);
#9225 = LINE('',#9226,#9227);
#9226 = CARTESIAN_POINT('',(0.82,11.920195248104));
#9227 = VECTOR('',#9228,1.);
#9228 = DIRECTION('',(-1.,0.));
#9229 = ( GEOMETRIC_REPRESENTATION_CONTEXT(2) 
PARAMETRIC_REPRESENTATION_CONTEXT() REPRESENTATION_CONTEXT('2D SPACE',''
  ) );
#9230 = PCURVE('',#4315,#9231);
#9231 = DEFINITIONAL_REPRESENTATION('',(#9232),#9236);
#9232 = LINE('',#9233,#9234);
#9233 = CARTESIAN_POINT('',(-1.523987251478,0.));
#9234 = VECTOR('',#9235,1.);
#9235 = DIRECTION('',(-0.,1.));
#9236 = ( GEOMETRIC_REPRESENTATION_CONTEXT(2) 
PARAMETRIC_REPRESENTATION_CONTEXT() REPRESENTATION_CONTEXT('2D SPACE',''
  ) );
#9237 = ADVANCED_FACE('',(#9238),#4344,.F.);
#9238 = FACE_BOUND('',#9239,.F.);
#9239 = EDGE_LOOP('',(#9240,#9241,#9242));
#9240 = ORIENTED_EDGE('',*,*,#4327,.T.);
#9241 = ORIENTED_EDGE('',*,*,#9194,.F.);
#9242 = ORIENTED_EDGE('',*,*,#9243,.F.);
#9243 = EDGE_CURVE('',#4300,#9195,#9244,.T.);
#9244 = SURFACE_CURVE('',#9245,(#9250,#9257),.PCURVE_S1.);
#9245 = CIRCLE('',#9246,0.8);
#9246 = AXIS2_PLACEMENT_3D('',#9247,#9248,#9249);
#9247 = CARTESIAN_POINT('',(9.795908644985E-02,-11.19999995,
    -7.900000000001));
#9248 = DIRECTION('',(0.,-1.,1.110223024625E-16));
#9249 = DIRECTION('',(0.,1.110223024625E-16,1.));
#9250 = PCURVE('',#4344,#9251);
#9251 = DEFINITIONAL_REPRESENTATION('',(#9252),#9256);
#9252 = CIRCLE('',#9253,0.8);
#9253 = AXIS2_PLACEMENT_2D('',#9254,#9255);
#9254 = CARTESIAN_POINT('',(12.09795913645,13.4));
#9255 = DIRECTION('',(0.,1.));
#9256 = ( GEOMETRIC_REPRESENTATION_CONTEXT(2) 
PARAMETRIC_REPRESENTATION_CONTEXT() REPRESENTATION_CONTEXT('2D SPACE',''
  ) );
#9257 = PCURVE('',#4315,#9258);
#9258 = DEFINITIONAL_REPRESENTATION('',(#9259),#9263);
#9259 = LINE('',#9260,#9261);
#9260 = CARTESIAN_POINT('',(1.39353011681,-0.));
#9261 = VECTOR('',#9262,1.);
#9262 = DIRECTION('',(-1.,0.));
#9263 = ( GEOMETRIC_REPRESENTATION_CONTEXT(2) 
PARAMETRIC_REPRESENTATION_CONTEXT() REPRESENTATION_CONTEXT('2D SPACE',''
  ) );
#9264 = ADVANCED_FACE('',(#9265),#4315,.T.);
#9265 = FACE_BOUND('',#9266,.F.);
#9266 = EDGE_LOOP('',(#9267,#9426,#9447,#9448,#9449,#9450,#9451,#9452,
    #9475));
#9267 = ORIENTED_EDGE('',*,*,#9268,.F.);
#9268 = EDGE_CURVE('',#9269,#9271,#9273,.T.);
#9269 = VERTEX_POINT('',#9270);
#9270 = CARTESIAN_POINT('',(-0.695766307352,6.951523078867,
    -8.000000000001));
#9271 = VERTEX_POINT('',#9272);
#9272 = CARTESIAN_POINT('',(-0.37859480695,7.40000005,-8.542570141453));
#9273 = SURFACE_CURVE('',#9274,(#9325,#9373),.PCURVE_S1.);
#9274 = B_SPLINE_CURVE_WITH_KNOTS('',7,(#9275,#9276,#9277,#9278,#9279,
    #9280,#9281,#9282,#9283,#9284,#9285,#9286,#9287,#9288,#9289,#9290,
    #9291,#9292,#9293,#9294,#9295,#9296,#9297,#9298,#9299,#9300,#9301,
    #9302,#9303,#9304,#9305,#9306,#9307,#9308,#9309,#9310,#9311,#9312,
    #9313,#9314,#9315,#9316,#9317,#9318,#9319,#9320,#9321,#9322,#9323,
    #9324),.UNSPECIFIED.,.F.,.F.,(8,6,6,6,6,6,6,6,8),(0.,0.153902686358,
    0.237262616053,0.327040816932,0.449912758915,0.557806244658,
    0.629277911619,0.812949476834,1.),.UNSPECIFIED.);
#9275 = CARTESIAN_POINT('',(-0.689504469558,6.95000005,-7.75892857143));
#9276 = CARTESIAN_POINT('',(-0.696780972832,6.95000005,-7.799546159279)
  );
#9277 = CARTESIAN_POINT('',(-0.701616040561,6.950000123868,
    -7.840617198915));
#9278 = CARTESIAN_POINT('',(-0.703898880769,6.949999736587,
    -7.881543498176));
#9279 = CARTESIAN_POINT('',(-0.703712893553,6.950090242198,
    -7.921836577034));
#9280 = CARTESIAN_POINT('',(-0.701247181182,6.950446995522,
    -7.961125776715));
#9281 = CARTESIAN_POINT('',(-0.696740545023,6.951245016748,
    -7.99914304394));
#9282 = CARTESIAN_POINT('',(-0.687036528608,6.953404352871,
    -8.055517896679));
#9283 = CARTESIAN_POINT('',(-0.683100929285,6.954340112995,
    -8.074908901384));
#9284 = CARTESIAN_POINT('',(-0.678677237024,6.955479300288,
    -8.093862667879));
#9285 = CARTESIAN_POINT('',(-0.67380378527,6.956846919029,
    -8.112362974934));
#9286 = CARTESIAN_POINT('',(-0.66851852825,6.958466329643,
    -8.130398254139));
#9287 = CARTESIAN_POINT('',(-0.66285842221,6.960358929519,
    -8.147960981329));
#9288 = CARTESIAN_POINT('',(-0.650397252608,6.96489696414,
    -8.183448692459));
#9289 = CARTESIAN_POINT('',(-0.643542362398,6.967589010578,
    -8.201296219747));
#9290 = CARTESIAN_POINT('',(-0.636338590547,6.970643995173,-8.2185842353
    ));
#9291 = CARTESIAN_POINT('',(-0.628829572021,6.974082697629,
    -8.235309156241));
#9292 = CARTESIAN_POINT('',(-0.621058039079,6.977922685584,
    -8.251469252671));
#9293 = CARTESIAN_POINT('',(-0.613065738113,6.982178344881,
    -8.267064668958));
#9294 = CARTESIAN_POINT('',(-0.593708475136,6.993269546267,
    -8.302671552897));
#9295 = CARTESIAN_POINT('',(-0.58218683731,7.00047750868,-8.322190840293
    ));
#9296 = CARTESIAN_POINT('',(-0.570433065878,7.008513535595,
    -8.340659443948));
#9297 = CARTESIAN_POINT('',(-0.55855006165,7.017394237549,
    -8.358085568636));
#9298 = CARTESIAN_POINT('',(-0.546638164877,7.027124700035,
    -8.374481552377));
#9299 = CARTESIAN_POINT('',(-0.534794326742,7.037699086441,
    -8.389863931641));
#9300 = CARTESIAN_POINT('',(-0.512852433091,7.059113438889,
    -8.41688894936));
#9301 = CARTESIAN_POINT('',(-0.502717637567,7.069763822688,
    -8.428758730126));
#9302 = CARTESIAN_POINT('',(-0.492769806775,7.081041374072,
    -8.439876499118));
#9303 = CARTESIAN_POINT('',(-0.483069238073,7.09292897078,
    -8.450258273912));
#9304 = CARTESIAN_POINT('',(-0.473673086368,7.105403977857,
    -8.459921802559));
#9305 = CARTESIAN_POINT('',(-0.464634836814,7.118438838906,
    -8.468885926747));
#9306 = CARTESIAN_POINT('',(-0.450286322063,7.140986064788,
    -8.482657510653));
#9307 = CARTESIAN_POINT('',(-0.444747511728,7.150202201389,
    -8.487846592633));
#9308 = CARTESIAN_POINT('',(-0.439401726904,7.159640733878,
    -8.492742920224));
#9309 = CARTESIAN_POINT('',(-0.434262463214,7.169291632652,
    -8.497352143299));
#9310 = CARTESIAN_POINT('',(-0.429342331499,7.17914418177,
    -8.501679832289));
#9311 = CARTESIAN_POINT('',(-0.424653057814,7.189186978957,
    -8.505731478179));
#9312 = CARTESIAN_POINT('',(-0.408775878061,7.225674275603,
    -8.519229137569));
#9313 = CARTESIAN_POINT('',(-0.398942242612,7.253117690571,
    -8.527158257822));
#9314 = CARTESIAN_POINT('',(-0.390887839561,7.281534355377,
    -8.533389313325));
#9315 = CARTESIAN_POINT('',(-0.384754059723,7.310696444398,
    -8.538002490777));
#9316 = CARTESIAN_POINT('',(-0.380636672132,7.340360548404,
    -8.541055797644));
#9317 = CARTESIAN_POINT('',(-0.378583688478,7.370275359893,
    -8.542578387326));
#9318 = CARTESIAN_POINT('',(-0.378606200926,7.43065220047,
    -8.542561691256));
#9319 = CARTESIAN_POINT('',(-0.380758342925,7.46111505194,
    -8.540965558902));
#9320 = CARTESIAN_POINT('',(-0.385051189169,7.491310719568,
    -8.53778165642));
#9321 = CARTESIAN_POINT('',(-0.391432722001,7.520973825991,
    -8.532978385603));
#9322 = CARTESIAN_POINT('',(-0.399799570946,7.549847682374,
    -8.526493174557));
#9323 = CARTESIAN_POINT('',(-0.409999402861,7.577692723657,
    -8.518239923228));
#9324 = CARTESIAN_POINT('',(-0.421835116347,7.604295774883,
    -8.50812333185));
#9325 = PCURVE('',#4315,#9326);
#9326 = DEFINITIONAL_REPRESENTATION('',(#9327),#9372);
#9327 = B_SPLINE_CURVE_WITH_KNOTS('',7,(#9328,#9329,#9330,#9331,#9332,
    #9333,#9334,#9335,#9336,#9337,#9338,#9339,#9340,#9341,#9342,#9343,
    #9344,#9345,#9346,#9347,#9348,#9349,#9350,#9351,#9352,#9353,#9354,
    #9355,#9356,#9357,#9358,#9359,#9360,#9361,#9362,#9363,#9364,#9365,
    #9366,#9367,#9368,#9369,#9370,#9371),.UNSPECIFIED.,.F.,.F.,(8,6,6,6,
    6,6,6,8),(0.,0.153902686358,0.237262616053,0.327040816932,
    0.449912758915,0.557806244658,0.629277911619,0.812784064282),
  .UNSPECIFIED.);
#9328 = CARTESIAN_POINT('',(0.,18.15));
#9329 = CARTESIAN_POINT('',(-5.158027636887E-02,18.15));
#9330 = CARTESIAN_POINT('',(-0.103180329041,18.150000073868));
#9331 = CARTESIAN_POINT('',(-0.154263887242,18.149999686587));
#9332 = CARTESIAN_POINT('',(-0.204473155929,18.150090192198));
#9333 = CARTESIAN_POINT('',(-0.253558661193,18.150446945522));
#9334 = CARTESIAN_POINT('',(-0.301347109269,18.151244966748));
#9335 = CARTESIAN_POINT('',(-0.372852047427,18.153404302871));
#9336 = CARTESIAN_POINT('',(-0.397574018207,18.154340062995));
#9337 = CARTESIAN_POINT('',(-0.421886801474,18.155479250288));
#9338 = CARTESIAN_POINT('',(-0.44578439331,18.156846869029));
#9339 = CARTESIAN_POINT('',(-0.469262987616,18.158466279643));
#9340 = CARTESIAN_POINT('',(-0.492320589312,18.160358879519));
#9341 = CARTESIAN_POINT('',(-0.539335520271,18.16489691414));
#9342 = CARTESIAN_POINT('',(-0.563223805894,18.167588960578));
#9343 = CARTESIAN_POINT('',(-0.586620344959,18.170643945173));
#9344 = CARTESIAN_POINT('',(-0.609522235026,18.174082647629));
#9345 = CARTESIAN_POINT('',(-0.631925166715,18.177922635584));
#9346 = CARTESIAN_POINT('',(-0.653823779771,18.182178294881));
#9347 = CARTESIAN_POINT('',(-0.704484319978,18.193269496267));
#9348 = CARTESIAN_POINT('',(-0.732799256167,18.20047745868));
#9349 = CARTESIAN_POINT('',(-0.760139909913,18.208513485595));
#9350 = CARTESIAN_POINT('',(-0.786482746374,18.217394187549));
#9351 = CARTESIAN_POINT('',(-0.81179941284,18.227124650035));
#9352 = CARTESIAN_POINT('',(-0.836058537934,18.237699036441));
#9353 = CARTESIAN_POINT('',(-0.879572154332,18.259113388889));
#9354 = CARTESIAN_POINT('',(-0.899076010565,18.269763772688));
#9355 = CARTESIAN_POINT('',(-0.917716575382,18.281041324072));
#9356 = CARTESIAN_POINT('',(-0.935470468257,18.29292892078));
#9357 = CARTESIAN_POINT('',(-0.952314057195,18.305403927857));
#9358 = CARTESIAN_POINT('',(-0.968224063667,18.318438788906));
#9359 = CARTESIAN_POINT('',(-0.993084184809,18.340986014788));
#9360 = CARTESIAN_POINT('',(-1.002570789897,18.350202151389));
#9361 = CARTESIAN_POINT('',(-1.011631435041,18.359640683878));
#9362 = CARTESIAN_POINT('',(-1.020259852946,18.369291582652));
#9363 = CARTESIAN_POINT('',(-1.028450056797,18.37914413177));
#9364 = CARTESIAN_POINT('',(-1.036196340256,18.389186928957));
#9365 = CARTESIAN_POINT('',(-1.062228434058,18.425650570432));
#9366 = CARTESIAN_POINT('',(-1.07800171602,18.453068211062));
#9367 = CARTESIAN_POINT('',(-1.090722239361,18.481457532556));
#9368 = CARTESIAN_POINT('',(-1.10031539219,18.510591345824));
#9369 = CARTESIAN_POINT('',(-1.106728648771,18.54022692668));
#9370 = CARTESIAN_POINT('',(-1.109935166606,18.570113667284));
#9371 = CARTESIAN_POINT('',(-1.109935166538,18.6));
#9372 = ( GEOMETRIC_REPRESENTATION_CONTEXT(2) 
PARAMETRIC_REPRESENTATION_CONTEXT() REPRESENTATION_CONTEXT('2D SPACE',''
  ) );
#9373 = PCURVE('',#9374,#9379);
#9374 = TOROIDAL_SURFACE('',#9375,44.,0.45);
#9375 = AXIS2_PLACEMENT_3D('',#9376,#9377,#9378);
#9376 = CARTESIAN_POINT('',(-44.00000005,7.40000005,-1.468669630361E-12)
  );
#9377 = DIRECTION('',(0.,1.,-1.110223024625E-16));
#9378 = DIRECTION('',(1.,0.,0.));
#9379 = DEFINITIONAL_REPRESENTATION('',(#9380),#9425);
#9380 = B_SPLINE_CURVE_WITH_KNOTS('',7,(#9381,#9382,#9383,#9384,#9385,
    #9386,#9387,#9388,#9389,#9390,#9391,#9392,#9393,#9394,#9395,#9396,
    #9397,#9398,#9399,#9400,#9401,#9402,#9403,#9404,#9405,#9406,#9407,
    #9408,#9409,#9410,#9411,#9412,#9413,#9414,#9415,#9416,#9417,#9418,
    #9419,#9420,#9421,#9422,#9423,#9424),.UNSPECIFIED.,.F.,.F.,(8,6,6,6,
    6,6,6,8),(0.,0.153902686358,0.237262616053,0.327040816932,
    0.449912758915,0.557806244658,0.629277911619,0.812784064282),
  .UNSPECIFIED.);
#9381 = CARTESIAN_POINT('',(-6.105919097195,4.712388980385));
#9382 = CARTESIAN_POINT('',(-6.104981273988,4.712388980385));
#9383 = CARTESIAN_POINT('',(-6.104043091141,4.718007353907));
#9384 = CARTESIAN_POINT('',(-6.103118599749,4.729252448081));
#9385 = CARTESIAN_POINT('',(-6.102218619778,4.745740826998));
#9386 = CARTESIAN_POINT('',(-6.101350838679,4.76690014124));
#9387 = CARTESIAN_POINT('',(-6.100520374577,4.792131541168));
#9388 = CARTESIAN_POINT('',(-6.099302210847,4.836448791623));
#9389 = CARTESIAN_POINT('',(-6.098885838045,4.853058036142));
#9390 = CARTESIAN_POINT('',(-6.09848141485,4.870625051405));
#9391 = CARTESIAN_POINT('',(-6.09808915038,4.889074047392));
#9392 = CARTESIAN_POINT('',(-6.097709147402,4.908335523468));
#9393 = CARTESIAN_POINT('',(-6.097341419199,4.928347312146));
#9394 = CARTESIAN_POINT('',(-6.096603021072,4.971358363299));
#9395 = CARTESIAN_POINT('',(-6.096234330143,4.994467431619));
#9396 = CARTESIAN_POINT('',(-6.095879765035,5.018314706865));
#9397 = CARTESIAN_POINT('',(-6.095539215967,5.04283902592));
#9398 = CARTESIAN_POINT('',(-6.095212532584,5.067985773214));
#9399 = CARTESIAN_POINT('',(-6.09489952456,5.093706470464));
#9400 = CARTESIAN_POINT('',(-6.094189976156,5.155887148701));
#9401 = CARTESIAN_POINT('',(-6.093805193706,5.192809149821));
#9402 = CARTESIAN_POINT('',(-6.093445048595,5.230613367555));
#9403 = CARTESIAN_POINT('',(-6.093108885338,5.269202707789));
#9404 = CARTESIAN_POINT('',(-6.092795963701,5.308492061062));
#9405 = CARTESIAN_POINT('',(-6.092505463189,5.348406379128));
#9406 = CARTESIAN_POINT('',(-6.092000300797,5.424417420999));
#9407 = CARTESIAN_POINT('',(-6.091780714044,5.460386082896));
#9408 = CARTESIAN_POINT('',(-6.091577129292,5.49673895872));
#9409 = CARTESIAN_POINT('',(-6.091388907714,5.53343510791));
#9410 = CARTESIAN_POINT('',(-6.091215386647,5.57043777885));
#9411 = CARTESIAN_POINT('',(-6.091055896612,5.607713759867));
#9412 = CARTESIAN_POINT('',(-6.090812985492,5.670086347094));
#9413 = CARTESIAN_POINT('',(-6.090722061485,5.695046611274));
#9414 = CARTESIAN_POINT('',(-6.09063681174,5.720104849847));
#9415 = CARTESIAN_POINT('',(-6.090557047684,5.745252899447));
#9416 = CARTESIAN_POINT('',(-6.090482586748,5.77048310628));
#9417 = CARTESIAN_POINT('',(-6.090413252359,5.795788326121));
#9418 = CARTESIAN_POINT('',(-6.090183579993,5.88630957767));
#9419 = CARTESIAN_POINT('',(-6.090050963446,5.951908292444));
#9420 = CARTESIAN_POINT('',(-6.089948193035,6.017843738275));
#9421 = CARTESIAN_POINT('',(-6.089872841791,6.084020868721));
#9422 = CARTESIAN_POINT('',(-6.089823185351,6.150356282034));
#9423 = CARTESIAN_POINT('',(-6.089798356586,6.216771234622));
#9424 = CARTESIAN_POINT('',(-6.089798356583,6.28318530718));
#9425 = ( GEOMETRIC_REPRESENTATION_CONTEXT(2) 
PARAMETRIC_REPRESENTATION_CONTEXT() REPRESENTATION_CONTEXT('2D SPACE',''
  ) );
#9426 = ORIENTED_EDGE('',*,*,#9427,.F.);
#9427 = EDGE_CURVE('',#8452,#9269,#9428,.T.);
#9428 = SURFACE_CURVE('',#9429,(#9433,#9440),.PCURVE_S1.);
#9429 = LINE('',#9430,#9431);
#9430 = CARTESIAN_POINT('',(-0.69576630687,-11.19999995,-8.000000000001)
  );
#9431 = VECTOR('',#9432,1.);
#9432 = DIRECTION('',(0.,1.,-1.110223024625E-16));
#9433 = PCURVE('',#4315,#9434);
#9434 = DEFINITIONAL_REPRESENTATION('',(#9435),#9439);
#9435 = LINE('',#9436,#9437);
#9436 = CARTESIAN_POINT('',(-0.302594041153,0.));
#9437 = VECTOR('',#9438,1.);
#9438 = DIRECTION('',(-0.,1.));
#9439 = ( GEOMETRIC_REPRESENTATION_CONTEXT(2) 
PARAMETRIC_REPRESENTATION_CONTEXT() REPRESENTATION_CONTEXT('2D SPACE',''
  ) );
#9440 = PCURVE('',#8467,#9441);
#9441 = DEFINITIONAL_REPRESENTATION('',(#9442),#9446);
#9442 = LINE('',#9443,#9444);
#9443 = CARTESIAN_POINT('',(18.6,5.30423374313));
#9444 = VECTOR('',#9445,1.);
#9445 = DIRECTION('',(-1.,0.));
#9446 = ( GEOMETRIC_REPRESENTATION_CONTEXT(2) 
PARAMETRIC_REPRESENTATION_CONTEXT() REPRESENTATION_CONTEXT('2D SPACE',''
  ) );
#9447 = ORIENTED_EDGE('',*,*,#8479,.T.);
#9448 = ORIENTED_EDGE('',*,*,#4299,.F.);
#9449 = ORIENTED_EDGE('',*,*,#9243,.T.);
#9450 = ORIENTED_EDGE('',*,*,#9217,.T.);
#9451 = ORIENTED_EDGE('',*,*,#6318,.F.);
#9452 = ORIENTED_EDGE('',*,*,#9453,.T.);
#9453 = EDGE_CURVE('',#6291,#9454,#9456,.T.);
#9454 = VERTEX_POINT('',#9455);
#9455 = CARTESIAN_POINT('',(9.795908644985E-02,7.40000005,
    -8.700000000001));
#9456 = SURFACE_CURVE('',#9457,(#9461,#9468),.PCURVE_S1.);
#9457 = LINE('',#9458,#9459);
#9458 = CARTESIAN_POINT('',(9.795908644985E-02,-11.19999995,
    -8.700000000001));
#9459 = VECTOR('',#9460,1.);
#9460 = DIRECTION('',(0.,1.,-1.110223024625E-16));
#9461 = PCURVE('',#4315,#9462);
#9462 = DEFINITIONAL_REPRESENTATION('',(#9463),#9467);
#9463 = LINE('',#9464,#9465);
#9464 = CARTESIAN_POINT('',(-1.74806253678,0.));
#9465 = VECTOR('',#9466,1.);
#9466 = DIRECTION('',(-0.,1.));
#9467 = ( GEOMETRIC_REPRESENTATION_CONTEXT(2) 
PARAMETRIC_REPRESENTATION_CONTEXT() REPRESENTATION_CONTEXT('2D SPACE',''
  ) );
#9468 = PCURVE('',#6306,#9469);
#9469 = DEFINITIONAL_REPRESENTATION('',(#9470),#9474);
#9470 = LINE('',#9471,#9472);
#9471 = CARTESIAN_POINT('',(24.8,12.09795913645));
#9472 = VECTOR('',#9473,1.);
#9473 = DIRECTION('',(-1.,0.));
#9474 = ( GEOMETRIC_REPRESENTATION_CONTEXT(2) 
PARAMETRIC_REPRESENTATION_CONTEXT() REPRESENTATION_CONTEXT('2D SPACE',''
  ) );
#9475 = ORIENTED_EDGE('',*,*,#9476,.F.);
#9476 = EDGE_CURVE('',#9271,#9454,#9477,.T.);
#9477 = SURFACE_CURVE('',#9478,(#9483,#9490),.PCURVE_S1.);
#9478 = CIRCLE('',#9479,0.8);
#9479 = AXIS2_PLACEMENT_3D('',#9480,#9481,#9482);
#9480 = CARTESIAN_POINT('',(9.795908644985E-02,7.40000005,
    -7.900000000001));
#9481 = DIRECTION('',(0.,-1.,1.110223024625E-16));
#9482 = DIRECTION('',(0.,1.110223024625E-16,1.));
#9483 = PCURVE('',#4315,#9484);
#9484 = DEFINITIONAL_REPRESENTATION('',(#9485),#9489);
#9485 = LINE('',#9486,#9487);
#9486 = CARTESIAN_POINT('',(1.39353011681,18.6));
#9487 = VECTOR('',#9488,1.);
#9488 = DIRECTION('',(-1.,0.));
#9489 = ( GEOMETRIC_REPRESENTATION_CONTEXT(2) 
PARAMETRIC_REPRESENTATION_CONTEXT() REPRESENTATION_CONTEXT('2D SPACE',''
  ) );
#9490 = PCURVE('',#6463,#9491);
#9491 = DEFINITIONAL_REPRESENTATION('',(#9492),#9496);
#9492 = CIRCLE('',#9493,0.8);
#9493 = AXIS2_PLACEMENT_2D('',#9494,#9495);
#9494 = CARTESIAN_POINT('',(44.09795913645,-7.9));
#9495 = DIRECTION('',(-0.,1.));
#9496 = ( GEOMETRIC_REPRESENTATION_CONTEXT(2) 
PARAMETRIC_REPRESENTATION_CONTEXT() REPRESENTATION_CONTEXT('2D SPACE',''
  ) );
#9497 = ADVANCED_FACE('',(#9498),#4259,.T.);
#9498 = FACE_BOUND('',#9499,.T.);
#9499 = EDGE_LOOP('',(#9500,#9501,#9502,#9530,#9551,#9552));
#9500 = ORIENTED_EDGE('',*,*,#8506,.F.);
#9501 = ORIENTED_EDGE('',*,*,#4243,.F.);
#9502 = ORIENTED_EDGE('',*,*,#9503,.T.);
#9503 = EDGE_CURVE('',#4211,#9504,#9506,.T.);
#9504 = VERTEX_POINT('',#9505);
#9505 = CARTESIAN_POINT('',(5.604665943058E-02,-11.19999995,
    -6.320000000001));
#9506 = SURFACE_CURVE('',#9507,(#9512,#9519),.PCURVE_S1.);
#9507 = CIRCLE('',#9508,0.8);
#9508 = AXIS2_PLACEMENT_3D('',#9509,#9510,#9511);
#9509 = CARTESIAN_POINT('',(0.233810547777,-11.19999995,-7.100000000001)
  );
#9510 = DIRECTION('',(0.,1.,-1.110223024625E-16));
#9511 = DIRECTION('',(0.,1.110223024625E-16,1.));
#9512 = PCURVE('',#4259,#9513);
#9513 = DEFINITIONAL_REPRESENTATION('',(#9514),#9518);
#9514 = LINE('',#9515,#9516);
#9515 = CARTESIAN_POINT('',(-4.871542157422,0.));
#9516 = VECTOR('',#9517,1.);
#9517 = DIRECTION('',(1.,0.));
#9518 = ( GEOMETRIC_REPRESENTATION_CONTEXT(2) 
PARAMETRIC_REPRESENTATION_CONTEXT() REPRESENTATION_CONTEXT('2D SPACE',''
  ) );
#9519 = PCURVE('',#4227,#9520);
#9520 = DEFINITIONAL_REPRESENTATION('',(#9521),#9529);
#9521 = ( BOUNDED_CURVE() B_SPLINE_CURVE(2,(#9522,#9523,#9524,#9525,
#9526,#9527,#9528),.UNSPECIFIED.,.T.,.F.) B_SPLINE_CURVE_WITH_KNOTS((1,2
    ,2,2,2,1),(-2.094395102393,0.,2.094395102393,4.188790204786,
6.28318530718,8.377580409573),.UNSPECIFIED.) CURVE() 
GEOMETRIC_REPRESENTATION_ITEM() RATIONAL_B_SPLINE_CURVE((1.,0.5,1.,0.5,
1.,0.5,1.)) REPRESENTATION_ITEM('') );
#9522 = CARTESIAN_POINT('',(12.233810597777,2.6645352591E-15));
#9523 = CARTESIAN_POINT('',(13.619451243832,2.6645352591E-15));
#9524 = CARTESIAN_POINT('',(12.926630920804,-1.2));
#9525 = CARTESIAN_POINT('',(12.233810597777,-2.4));
#9526 = CARTESIAN_POINT('',(11.540990274749,-1.2));
#9527 = CARTESIAN_POINT('',(10.848169951722,1.443289932013E-15));
#9528 = CARTESIAN_POINT('',(12.233810597777,2.6645352591E-15));
#9529 = ( GEOMETRIC_REPRESENTATION_CONTEXT(2) 
PARAMETRIC_REPRESENTATION_CONTEXT() REPRESENTATION_CONTEXT('2D SPACE',''
  ) );
#9530 = ORIENTED_EDGE('',*,*,#9531,.T.);
#9531 = EDGE_CURVE('',#9504,#7063,#9532,.T.);
#9532 = SURFACE_CURVE('',#9533,(#9537,#9544),.PCURVE_S1.);
#9533 = LINE('',#9534,#9535);
#9534 = CARTESIAN_POINT('',(5.604665943058E-02,-11.19999995,
    -6.320000000001));
#9535 = VECTOR('',#9536,1.);
#9536 = DIRECTION('',(0.,1.,-1.110223024625E-16));
#9537 = PCURVE('',#4259,#9538);
#9538 = DEFINITIONAL_REPRESENTATION('',(#9539),#9543);
#9539 = LINE('',#9540,#9541);
#9540 = CARTESIAN_POINT('',(1.187567864456,0.));
#9541 = VECTOR('',#9542,1.);
#9542 = DIRECTION('',(0.,1.));
#9543 = ( GEOMETRIC_REPRESENTATION_CONTEXT(2) 
PARAMETRIC_REPRESENTATION_CONTEXT() REPRESENTATION_CONTEXT('2D SPACE',''
  ) );
#9544 = PCURVE('',#4198,#9545);
#9545 = DEFINITIONAL_REPRESENTATION('',(#9546),#9550);
#9546 = LINE('',#9547,#9548);
#9547 = CARTESIAN_POINT('',(-0.82,12.056046709431));
#9548 = VECTOR('',#9549,1.);
#9549 = DIRECTION('',(1.,-0.));
#9550 = ( GEOMETRIC_REPRESENTATION_CONTEXT(2) 
PARAMETRIC_REPRESENTATION_CONTEXT() REPRESENTATION_CONTEXT('2D SPACE',''
  ) );
#9551 = ORIENTED_EDGE('',*,*,#7062,.T.);
#9552 = ORIENTED_EDGE('',*,*,#9553,.T.);
#9553 = EDGE_CURVE('',#7040,#8507,#9554,.T.);
#9554 = SURFACE_CURVE('',#9555,(#9559,#9566),.PCURVE_S1.);
#9555 = LINE('',#9556,#9557);
#9556 = CARTESIAN_POINT('',(0.233810547777,-11.19999995,-6.300000000001)
  );
#9557 = VECTOR('',#9558,1.);
#9558 = DIRECTION('',(0.,1.,-1.110223024625E-16));
#9559 = PCURVE('',#4259,#9560);
#9560 = DEFINITIONAL_REPRESENTATION('',(#9561),#9565);
#9561 = LINE('',#9562,#9563);
#9562 = CARTESIAN_POINT('',(1.411643149757,0.));
#9563 = VECTOR('',#9564,1.);
#9564 = DIRECTION('',(0.,1.));
#9565 = ( GEOMETRIC_REPRESENTATION_CONTEXT(2) 
PARAMETRIC_REPRESENTATION_CONTEXT() REPRESENTATION_CONTEXT('2D SPACE',''
  ) );
#9566 = PCURVE('',#6845,#9567);
#9567 = DEFINITIONAL_REPRESENTATION('',(#9568),#9572);
#9568 = LINE('',#9569,#9570);
#9569 = CARTESIAN_POINT('',(24.8,12.233810597777));
#9570 = VECTOR('',#9571,1.);
#9571 = DIRECTION('',(-1.,0.));
#9572 = ( GEOMETRIC_REPRESENTATION_CONTEXT(2) 
PARAMETRIC_REPRESENTATION_CONTEXT() REPRESENTATION_CONTEXT('2D SPACE',''
  ) );
#9573 = ADVANCED_FACE('',(#9574),#4227,.F.);
#9574 = FACE_BOUND('',#9575,.F.);
#9575 = EDGE_LOOP('',(#9576,#9597,#9598));
#9576 = ORIENTED_EDGE('',*,*,#9577,.T.);
#9577 = EDGE_CURVE('',#9504,#4183,#9578,.T.);
#9578 = SURFACE_CURVE('',#9579,(#9583,#9590),.PCURVE_S1.);
#9579 = LINE('',#9580,#9581);
#9580 = CARTESIAN_POINT('',(-12.00000005,-11.19999995,-6.320000000001));
#9581 = VECTOR('',#9582,1.);
#9582 = DIRECTION('',(-1.,0.,0.));
#9583 = PCURVE('',#4227,#9584);
#9584 = DEFINITIONAL_REPRESENTATION('',(#9585),#9589);
#9585 = LINE('',#9586,#9587);
#9586 = CARTESIAN_POINT('',(0.,-2.E-02));
#9587 = VECTOR('',#9588,1.);
#9588 = DIRECTION('',(-1.,0.));
#9589 = ( GEOMETRIC_REPRESENTATION_CONTEXT(2) 
PARAMETRIC_REPRESENTATION_CONTEXT() REPRESENTATION_CONTEXT('2D SPACE',''
  ) );
#9590 = PCURVE('',#4198,#9591);
#9591 = DEFINITIONAL_REPRESENTATION('',(#9592),#9596);
#9592 = LINE('',#9593,#9594);
#9593 = CARTESIAN_POINT('',(-0.82,0.));
#9594 = VECTOR('',#9595,1.);
#9595 = DIRECTION('',(-0.,-1.));
#9596 = ( GEOMETRIC_REPRESENTATION_CONTEXT(2) 
PARAMETRIC_REPRESENTATION_CONTEXT() REPRESENTATION_CONTEXT('2D SPACE',''
  ) );
#9597 = ORIENTED_EDGE('',*,*,#4210,.T.);
#9598 = ORIENTED_EDGE('',*,*,#9503,.T.);
#9599 = ADVANCED_FACE('',(#9600),#4198,.T.);
#9600 = FACE_BOUND('',#9601,.F.);
#9601 = EDGE_LOOP('',(#9602,#9603,#9604,#9605));
#9602 = ORIENTED_EDGE('',*,*,#7090,.F.);
#9603 = ORIENTED_EDGE('',*,*,#4182,.F.);
#9604 = ORIENTED_EDGE('',*,*,#9577,.F.);
#9605 = ORIENTED_EDGE('',*,*,#9531,.T.);
#9606 = ADVANCED_FACE('',(#9607),#3830,.T.);
#9607 = FACE_BOUND('',#9608,.T.);
#9608 = EDGE_LOOP('',(#9609,#9610,#9611,#9634));
#9609 = ORIENTED_EDGE('',*,*,#7195,.F.);
#9610 = ORIENTED_EDGE('',*,*,#3814,.F.);
#9611 = ORIENTED_EDGE('',*,*,#9612,.F.);
#9612 = EDGE_CURVE('',#9613,#3782,#9615,.T.);
#9613 = VERTEX_POINT('',#9614);
#9614 = CARTESIAN_POINT('',(5.604665943058E-02,-11.19999995,
    6.319999999999));
#9615 = SURFACE_CURVE('',#9616,(#9620,#9627),.PCURVE_S1.);
#9616 = LINE('',#9617,#9618);
#9617 = CARTESIAN_POINT('',(-12.00000005,-11.19999995,6.319999999999));
#9618 = VECTOR('',#9619,1.);
#9619 = DIRECTION('',(-1.,0.,0.));
#9620 = PCURVE('',#3830,#9621);
#9621 = DEFINITIONAL_REPRESENTATION('',(#9622),#9626);
#9622 = LINE('',#9623,#9624);
#9623 = CARTESIAN_POINT('',(0.82,0.));
#9624 = VECTOR('',#9625,1.);
#9625 = DIRECTION('',(0.,-1.));
#9626 = ( GEOMETRIC_REPRESENTATION_CONTEXT(2) 
PARAMETRIC_REPRESENTATION_CONTEXT() REPRESENTATION_CONTEXT('2D SPACE',''
  ) );
#9627 = PCURVE('',#3798,#9628);
#9628 = DEFINITIONAL_REPRESENTATION('',(#9629),#9633);
#9629 = LINE('',#9630,#9631);
#9630 = CARTESIAN_POINT('',(0.,12.62));
#9631 = VECTOR('',#9632,1.);
#9632 = DIRECTION('',(-1.,0.));
#9633 = ( GEOMETRIC_REPRESENTATION_CONTEXT(2) 
PARAMETRIC_REPRESENTATION_CONTEXT() REPRESENTATION_CONTEXT('2D SPACE',''
  ) );
#9634 = ORIENTED_EDGE('',*,*,#9635,.T.);
#9635 = EDGE_CURVE('',#9613,#7196,#9636,.T.);
#9636 = SURFACE_CURVE('',#9637,(#9641,#9648),.PCURVE_S1.);
#9637 = LINE('',#9638,#9639);
#9638 = CARTESIAN_POINT('',(5.604665943058E-02,-11.19999995,
    6.319999999999));
#9639 = VECTOR('',#9640,1.);
#9640 = DIRECTION('',(0.,1.,-1.110223024625E-16));
#9641 = PCURVE('',#3830,#9642);
#9642 = DEFINITIONAL_REPRESENTATION('',(#9643),#9647);
#9643 = LINE('',#9644,#9645);
#9644 = CARTESIAN_POINT('',(0.82,12.056046709431));
#9645 = VECTOR('',#9646,1.);
#9646 = DIRECTION('',(-1.,0.));
#9647 = ( GEOMETRIC_REPRESENTATION_CONTEXT(2) 
PARAMETRIC_REPRESENTATION_CONTEXT() REPRESENTATION_CONTEXT('2D SPACE',''
  ) );
#9648 = PCURVE('',#3769,#9649);
#9649 = DEFINITIONAL_REPRESENTATION('',(#9650),#9654);
#9650 = LINE('',#9651,#9652);
#9651 = CARTESIAN_POINT('',(-1.187567864456,0.));
#9652 = VECTOR('',#9653,1.);
#9653 = DIRECTION('',(-0.,1.));
#9654 = ( GEOMETRIC_REPRESENTATION_CONTEXT(2) 
PARAMETRIC_REPRESENTATION_CONTEXT() REPRESENTATION_CONTEXT('2D SPACE',''
  ) );
#9655 = ADVANCED_FACE('',(#9656),#3798,.F.);
#9656 = FACE_BOUND('',#9657,.F.);
#9657 = EDGE_LOOP('',(#9658,#9659,#9681));
#9658 = ORIENTED_EDGE('',*,*,#9612,.F.);
#9659 = ORIENTED_EDGE('',*,*,#9660,.F.);
#9660 = EDGE_CURVE('',#3754,#9613,#9661,.T.);
#9661 = SURFACE_CURVE('',#9662,(#9667,#9674),.PCURVE_S1.);
#9662 = CIRCLE('',#9663,0.8);
#9663 = AXIS2_PLACEMENT_3D('',#9664,#9665,#9666);
#9664 = CARTESIAN_POINT('',(0.233810547777,-11.19999995,7.099999999999)
  );
#9665 = DIRECTION('',(0.,-1.,1.110223024625E-16));
#9666 = DIRECTION('',(0.,1.110223024625E-16,1.));
#9667 = PCURVE('',#3798,#9668);
#9668 = DEFINITIONAL_REPRESENTATION('',(#9669),#9673);
#9669 = CIRCLE('',#9670,0.8);
#9670 = AXIS2_PLACEMENT_2D('',#9671,#9672);
#9671 = CARTESIAN_POINT('',(12.233810597777,13.4));
#9672 = DIRECTION('',(0.,1.));
#9673 = ( GEOMETRIC_REPRESENTATION_CONTEXT(2) 
PARAMETRIC_REPRESENTATION_CONTEXT() REPRESENTATION_CONTEXT('2D SPACE',''
  ) );
#9674 = PCURVE('',#3769,#9675);
#9675 = DEFINITIONAL_REPRESENTATION('',(#9676),#9680);
#9676 = LINE('',#9677,#9678);
#9677 = CARTESIAN_POINT('',(1.729949503832,-0.));
#9678 = VECTOR('',#9679,1.);
#9679 = DIRECTION('',(-1.,0.));
#9680 = ( GEOMETRIC_REPRESENTATION_CONTEXT(2) 
PARAMETRIC_REPRESENTATION_CONTEXT() REPRESENTATION_CONTEXT('2D SPACE',''
  ) );
#9681 = ORIENTED_EDGE('',*,*,#3781,.T.);
#9682 = ADVANCED_FACE('',(#9683),#3769,.T.);
#9683 = FACE_BOUND('',#9684,.F.);
#9684 = EDGE_LOOP('',(#9685,#9686,#9687,#9688,#9689,#9690));
#9685 = ORIENTED_EDGE('',*,*,#8608,.T.);
#9686 = ORIENTED_EDGE('',*,*,#3753,.F.);
#9687 = ORIENTED_EDGE('',*,*,#9660,.T.);
#9688 = ORIENTED_EDGE('',*,*,#9635,.T.);
#9689 = ORIENTED_EDGE('',*,*,#7296,.F.);
#9690 = ORIENTED_EDGE('',*,*,#9691,.T.);
#9691 = EDGE_CURVE('',#7269,#8586,#9692,.T.);
#9692 = SURFACE_CURVE('',#9693,(#9697,#9704),.PCURVE_S1.);
#9693 = LINE('',#9694,#9695);
#9694 = CARTESIAN_POINT('',(0.233810547777,-11.19999995,6.299999999999)
  );
#9695 = VECTOR('',#9696,1.);
#9696 = DIRECTION('',(0.,1.,-1.110223024625E-16));
#9697 = PCURVE('',#3769,#9698);
#9698 = DEFINITIONAL_REPRESENTATION('',(#9699),#9703);
#9699 = LINE('',#9700,#9701);
#9700 = CARTESIAN_POINT('',(-1.411643149757,0.));
#9701 = VECTOR('',#9702,1.);
#9702 = DIRECTION('',(-0.,1.));
#9703 = ( GEOMETRIC_REPRESENTATION_CONTEXT(2) 
PARAMETRIC_REPRESENTATION_CONTEXT() REPRESENTATION_CONTEXT('2D SPACE',''
  ) );
#9704 = PCURVE('',#7284,#9705);
#9705 = DEFINITIONAL_REPRESENTATION('',(#9706),#9710);
#9706 = LINE('',#9707,#9708);
#9707 = CARTESIAN_POINT('',(24.8,12.233810597777));
#9708 = VECTOR('',#9709,1.);
#9709 = DIRECTION('',(-1.,0.));
#9710 = ( GEOMETRIC_REPRESENTATION_CONTEXT(2) 
PARAMETRIC_REPRESENTATION_CONTEXT() REPRESENTATION_CONTEXT('2D SPACE',''
  ) );
#9711 = ADVANCED_FACE('',(#9712),#5610,.F.);
#9712 = FACE_BOUND('',#9713,.F.);
#9713 = EDGE_LOOP('',(#9714,#9715,#9716,#9717,#9718));
#9714 = ORIENTED_EDGE('',*,*,#8234,.T.);
#9715 = ORIENTED_EDGE('',*,*,#8362,.F.);
#9716 = ORIENTED_EDGE('',*,*,#5592,.F.);
#9717 = ORIENTED_EDGE('',*,*,#5795,.F.);
#9718 = ORIENTED_EDGE('',*,*,#9134,.F.);
#9719 = ADVANCED_FACE('',(#9720),#6306,.F.);
#9720 = FACE_BOUND('',#9721,.F.);
#9721 = EDGE_LOOP('',(#9722,#9723,#9724,#9725));
#9722 = ORIENTED_EDGE('',*,*,#9453,.F.);
#9723 = ORIENTED_EDGE('',*,*,#6290,.T.);
#9724 = ORIENTED_EDGE('',*,*,#6423,.F.);
#9725 = ORIENTED_EDGE('',*,*,#9726,.F.);
#9726 = EDGE_CURVE('',#9454,#6424,#9727,.T.);
#9727 = SURFACE_CURVE('',#9728,(#9732,#9739),.PCURVE_S1.);
#9728 = LINE('',#9729,#9730);
#9729 = CARTESIAN_POINT('',(-28.00000005,7.40000005,-8.700000000001));
#9730 = VECTOR('',#9731,1.);
#9731 = DIRECTION('',(1.,0.,0.));
#9732 = PCURVE('',#6306,#9733);
#9733 = DEFINITIONAL_REPRESENTATION('',(#9734),#9738);
#9734 = LINE('',#9735,#9736);
#9735 = CARTESIAN_POINT('',(6.2,-16.));
#9736 = VECTOR('',#9737,1.);
#9737 = DIRECTION('',(0.,1.));
#9738 = ( GEOMETRIC_REPRESENTATION_CONTEXT(2) 
PARAMETRIC_REPRESENTATION_CONTEXT() REPRESENTATION_CONTEXT('2D SPACE',''
  ) );
#9739 = PCURVE('',#6463,#9740);
#9740 = DEFINITIONAL_REPRESENTATION('',(#9741),#9745);
#9741 = LINE('',#9742,#9743);
#9742 = CARTESIAN_POINT('',(16.,-8.7));
#9743 = VECTOR('',#9744,1.);
#9744 = DIRECTION('',(1.,-0.));
#9745 = ( GEOMETRIC_REPRESENTATION_CONTEXT(2) 
PARAMETRIC_REPRESENTATION_CONTEXT() REPRESENTATION_CONTEXT('2D SPACE',''
  ) );
#9746 = ADVANCED_FACE('',(#9747,#10013,#10127),#6463,.F.);
#9747 = FACE_BOUND('',#9748,.T.);
#9748 = EDGE_LOOP('',(#9749,#9750,#9751,#9775,#9798,#9822,#9845,#9873,
    #9896,#9918,#9919,#9940,#9941,#9942,#9943,#9966,#9989,#10010,#10011,
    #10012));
#9749 = ORIENTED_EDGE('',*,*,#9726,.F.);
#9750 = ORIENTED_EDGE('',*,*,#9476,.F.);
#9751 = ORIENTED_EDGE('',*,*,#9752,.T.);
#9752 = EDGE_CURVE('',#9271,#9753,#9755,.T.);
#9753 = VERTEX_POINT('',#9754);
#9754 = CARTESIAN_POINT('',(-0.275836250105,7.40000005,-8.));
#9755 = SURFACE_CURVE('',#9756,(#9761,#9768),.PCURVE_S1.);
#9756 = CIRCLE('',#9757,44.45);
#9757 = AXIS2_PLACEMENT_3D('',#9758,#9759,#9760);
#9758 = CARTESIAN_POINT('',(-44.00000005,7.40000005,-1.468669630361E-12)
  );
#9759 = DIRECTION('',(0.,-1.,1.110223024625E-16));
#9760 = DIRECTION('',(0.867765453369,-5.51751934172E-17,-0.496973961028)
  );
#9761 = PCURVE('',#6463,#9762);
#9762 = DEFINITIONAL_REPRESENTATION('',(#9763),#9767);
#9763 = CIRCLE('',#9764,44.45);
#9764 = AXIS2_PLACEMENT_2D('',#9765,#9766);
#9765 = CARTESIAN_POINT('',(0.,0.));
#9766 = DIRECTION('',(0.867765453369,-0.496973961028));
#9767 = ( GEOMETRIC_REPRESENTATION_CONTEXT(2) 
PARAMETRIC_REPRESENTATION_CONTEXT() REPRESENTATION_CONTEXT('2D SPACE',''
  ) );
#9768 = PCURVE('',#9374,#9769);
#9769 = DEFINITIONAL_REPRESENTATION('',(#9770),#9774);
#9770 = LINE('',#9771,#9772);
#9771 = CARTESIAN_POINT('',(-5.763077190085,6.28318530718));
#9772 = VECTOR('',#9773,1.);
#9773 = DIRECTION('',(-1.,0.));
#9774 = ( GEOMETRIC_REPRESENTATION_CONTEXT(2) 
PARAMETRIC_REPRESENTATION_CONTEXT() REPRESENTATION_CONTEXT('2D SPACE',''
  ) );
#9775 = ORIENTED_EDGE('',*,*,#9776,.F.);
#9776 = EDGE_CURVE('',#9777,#9753,#9779,.T.);
#9777 = VERTEX_POINT('',#9778);
#9778 = CARTESIAN_POINT('',(-5.00000005,7.40000005,-8.000000000001));
#9779 = SURFACE_CURVE('',#9780,(#9784,#9791),.PCURVE_S1.);
#9780 = LINE('',#9781,#9782);
#9781 = CARTESIAN_POINT('',(-6.00000005,7.40000005,-8.000000000001));
#9782 = VECTOR('',#9783,1.);
#9783 = DIRECTION('',(1.,0.,0.));
#9784 = PCURVE('',#6463,#9785);
#9785 = DEFINITIONAL_REPRESENTATION('',(#9786),#9790);
#9786 = LINE('',#9787,#9788);
#9787 = CARTESIAN_POINT('',(38.,-8.));
#9788 = VECTOR('',#9789,1.);
#9789 = DIRECTION('',(1.,-0.));
#9790 = ( GEOMETRIC_REPRESENTATION_CONTEXT(2) 
PARAMETRIC_REPRESENTATION_CONTEXT() REPRESENTATION_CONTEXT('2D SPACE',''
  ) );
#9791 = PCURVE('',#8467,#9792);
#9792 = DEFINITIONAL_REPRESENTATION('',(#9793),#9797);
#9793 = LINE('',#9794,#9795);
#9794 = CARTESIAN_POINT('',(0.,0.));
#9795 = VECTOR('',#9796,1.);
#9796 = DIRECTION('',(0.,1.));
#9797 = ( GEOMETRIC_REPRESENTATION_CONTEXT(2) 
PARAMETRIC_REPRESENTATION_CONTEXT() REPRESENTATION_CONTEXT('2D SPACE',''
  ) );
#9798 = ORIENTED_EDGE('',*,*,#9799,.F.);
#9799 = EDGE_CURVE('',#9800,#9777,#9802,.T.);
#9800 = VERTEX_POINT('',#9801);
#9801 = CARTESIAN_POINT('',(-6.00000005,7.40000005,-7.000000000001));
#9802 = SURFACE_CURVE('',#9803,(#9808,#9815),.PCURVE_S1.);
#9803 = CIRCLE('',#9804,1.);
#9804 = AXIS2_PLACEMENT_3D('',#9805,#9806,#9807);
#9805 = CARTESIAN_POINT('',(-5.00000005,7.40000005,-7.000000000001));
#9806 = DIRECTION('',(0.,-1.,1.110223024625E-16));
#9807 = DIRECTION('',(0.,-1.110223024625E-16,-1.));
#9808 = PCURVE('',#6463,#9809);
#9809 = DEFINITIONAL_REPRESENTATION('',(#9810),#9814);
#9810 = CIRCLE('',#9811,1.);
#9811 = AXIS2_PLACEMENT_2D('',#9812,#9813);
#9812 = CARTESIAN_POINT('',(39.,-7.));
#9813 = DIRECTION('',(-0.,-1.));
#9814 = ( GEOMETRIC_REPRESENTATION_CONTEXT(2) 
PARAMETRIC_REPRESENTATION_CONTEXT() REPRESENTATION_CONTEXT('2D SPACE',''
  ) );
#9815 = PCURVE('',#8439,#9816);
#9816 = DEFINITIONAL_REPRESENTATION('',(#9817),#9821);
#9817 = LINE('',#9818,#9819);
#9818 = CARTESIAN_POINT('',(-4.712388980385,0.));
#9819 = VECTOR('',#9820,1.);
#9820 = DIRECTION('',(1.,0.));
#9821 = ( GEOMETRIC_REPRESENTATION_CONTEXT(2) 
PARAMETRIC_REPRESENTATION_CONTEXT() REPRESENTATION_CONTEXT('2D SPACE',''
  ) );
#9822 = ORIENTED_EDGE('',*,*,#9823,.T.);
#9823 = EDGE_CURVE('',#9800,#9824,#9826,.T.);
#9824 = VERTEX_POINT('',#9825);
#9825 = CARTESIAN_POINT('',(-6.00000005,7.40000005,6.999999999999));
#9826 = SURFACE_CURVE('',#9827,(#9831,#9838),.PCURVE_S1.);
#9827 = LINE('',#9828,#9829);
#9828 = CARTESIAN_POINT('',(-6.00000005,7.40000005,-8.000000000001));
#9829 = VECTOR('',#9830,1.);
#9830 = DIRECTION('',(0.,1.110223024625E-16,1.));
#9831 = PCURVE('',#6463,#9832);
#9832 = DEFINITIONAL_REPRESENTATION('',(#9833),#9837);
#9833 = LINE('',#9834,#9835);
#9834 = CARTESIAN_POINT('',(38.,-8.));
#9835 = VECTOR('',#9836,1.);
#9836 = DIRECTION('',(-0.,1.));
#9837 = ( GEOMETRIC_REPRESENTATION_CONTEXT(2) 
PARAMETRIC_REPRESENTATION_CONTEXT() REPRESENTATION_CONTEXT('2D SPACE',''
  ) );
#9838 = PCURVE('',#8410,#9839);
#9839 = DEFINITIONAL_REPRESENTATION('',(#9840),#9844);
#9840 = LINE('',#9841,#9842);
#9841 = CARTESIAN_POINT('',(0.,0.));
#9842 = VECTOR('',#9843,1.);
#9843 = DIRECTION('',(0.,-1.));
#9844 = ( GEOMETRIC_REPRESENTATION_CONTEXT(2) 
PARAMETRIC_REPRESENTATION_CONTEXT() REPRESENTATION_CONTEXT('2D SPACE',''
  ) );
#9845 = ORIENTED_EDGE('',*,*,#9846,.T.);
#9846 = EDGE_CURVE('',#9824,#9847,#9849,.T.);
#9847 = VERTEX_POINT('',#9848);
#9848 = CARTESIAN_POINT('',(-5.00000005,7.40000005,7.999999999999));
#9849 = SURFACE_CURVE('',#9850,(#9855,#9866),.PCURVE_S1.);
#9850 = CIRCLE('',#9851,1.);
#9851 = AXIS2_PLACEMENT_3D('',#9852,#9853,#9854);
#9852 = CARTESIAN_POINT('',(-5.00000005,7.40000005,6.999999999999));
#9853 = DIRECTION('',(0.,1.,-1.110223024625E-16));
#9854 = DIRECTION('',(0.,-1.110223024625E-16,-1.));
#9855 = PCURVE('',#6463,#9856);
#9856 = DEFINITIONAL_REPRESENTATION('',(#9857),#9865);
#9857 = ( BOUNDED_CURVE() B_SPLINE_CURVE(2,(#9858,#9859,#9860,#9861,
#9862,#9863,#9864),.UNSPECIFIED.,.T.,.F.) B_SPLINE_CURVE_WITH_KNOTS((1,2
    ,2,2,2,1),(-2.094395102393,0.,2.094395102393,4.188790204786,
6.28318530718,8.377580409573),.UNSPECIFIED.) CURVE() 
GEOMETRIC_REPRESENTATION_ITEM() RATIONAL_B_SPLINE_CURVE((1.,0.5,1.,0.5,
1.,0.5,1.)) REPRESENTATION_ITEM('') );
#9858 = CARTESIAN_POINT('',(39.,6.));
#9859 = CARTESIAN_POINT('',(37.267949192431,6.));
#9860 = CARTESIAN_POINT('',(38.133974596216,7.5));
#9861 = CARTESIAN_POINT('',(39.,9.));
#9862 = CARTESIAN_POINT('',(39.866025403784,7.5));
#9863 = CARTESIAN_POINT('',(40.732050807569,6.));
#9864 = CARTESIAN_POINT('',(39.,6.));
#9865 = ( GEOMETRIC_REPRESENTATION_CONTEXT(2) 
PARAMETRIC_REPRESENTATION_CONTEXT() REPRESENTATION_CONTEXT('2D SPACE',''
  ) );
#9866 = PCURVE('',#8710,#9867);
#9867 = DEFINITIONAL_REPRESENTATION('',(#9868),#9872);
#9868 = LINE('',#9869,#9870);
#9869 = CARTESIAN_POINT('',(1.570796326795,-0.));
#9870 = VECTOR('',#9871,1.);
#9871 = DIRECTION('',(-1.,0.));
#9872 = ( GEOMETRIC_REPRESENTATION_CONTEXT(2) 
PARAMETRIC_REPRESENTATION_CONTEXT() REPRESENTATION_CONTEXT('2D SPACE',''
  ) );
#9873 = ORIENTED_EDGE('',*,*,#9874,.T.);
#9874 = EDGE_CURVE('',#9847,#9875,#9877,.T.);
#9875 = VERTEX_POINT('',#9876);
#9876 = CARTESIAN_POINT('',(-0.275836250105,7.40000005,7.999999999997));
#9877 = SURFACE_CURVE('',#9878,(#9882,#9889),.PCURVE_S1.);
#9878 = LINE('',#9879,#9880);
#9879 = CARTESIAN_POINT('',(-6.00000005,7.40000005,7.999999999999));
#9880 = VECTOR('',#9881,1.);
#9881 = DIRECTION('',(1.,0.,0.));
#9882 = PCURVE('',#6463,#9883);
#9883 = DEFINITIONAL_REPRESENTATION('',(#9884),#9888);
#9884 = LINE('',#9885,#9886);
#9885 = CARTESIAN_POINT('',(38.,8.));
#9886 = VECTOR('',#9887,1.);
#9887 = DIRECTION('',(1.,-0.));
#9888 = ( GEOMETRIC_REPRESENTATION_CONTEXT(2) 
PARAMETRIC_REPRESENTATION_CONTEXT() REPRESENTATION_CONTEXT('2D SPACE',''
  ) );
#9889 = PCURVE('',#8679,#9890);
#9890 = DEFINITIONAL_REPRESENTATION('',(#9891),#9895);
#9891 = LINE('',#9892,#9893);
#9892 = CARTESIAN_POINT('',(0.,0.));
#9893 = VECTOR('',#9894,1.);
#9894 = DIRECTION('',(0.,1.));
#9895 = ( GEOMETRIC_REPRESENTATION_CONTEXT(2) 
PARAMETRIC_REPRESENTATION_CONTEXT() REPRESENTATION_CONTEXT('2D SPACE',''
  ) );
#9896 = ORIENTED_EDGE('',*,*,#9897,.T.);
#9897 = EDGE_CURVE('',#9875,#8728,#9898,.T.);
#9898 = SURFACE_CURVE('',#9899,(#9904,#9911),.PCURVE_S1.);
#9899 = CIRCLE('',#9900,44.45);
#9900 = AXIS2_PLACEMENT_3D('',#9901,#9902,#9903);
#9901 = CARTESIAN_POINT('',(-44.00000005,7.40000005,-1.468669630361E-12)
  );
#9902 = DIRECTION('',(0.,-1.,1.110223024625E-16));
#9903 = DIRECTION('',(0.867765453369,-5.51751934172E-17,-0.496973961028)
  );
#9904 = PCURVE('',#6463,#9905);
#9905 = DEFINITIONAL_REPRESENTATION('',(#9906),#9910);
#9906 = CIRCLE('',#9907,44.45);
#9907 = AXIS2_PLACEMENT_2D('',#9908,#9909);
#9908 = CARTESIAN_POINT('',(0.,0.));
#9909 = DIRECTION('',(0.867765453369,-0.496973961028));
#9910 = ( GEOMETRIC_REPRESENTATION_CONTEXT(2) 
PARAMETRIC_REPRESENTATION_CONTEXT() REPRESENTATION_CONTEXT('2D SPACE',''
  ) );
#9911 = PCURVE('',#8837,#9912);
#9912 = DEFINITIONAL_REPRESENTATION('',(#9913),#9917);
#9913 = LINE('',#9914,#9915);
#9914 = CARTESIAN_POINT('',(-5.763077190085,6.28318530718));
#9915 = VECTOR('',#9916,1.);
#9916 = DIRECTION('',(-1.,0.));
#9917 = ( GEOMETRIC_REPRESENTATION_CONTEXT(2) 
PARAMETRIC_REPRESENTATION_CONTEXT() REPRESENTATION_CONTEXT('2D SPACE',''
  ) );
#9918 = ORIENTED_EDGE('',*,*,#8992,.T.);
#9919 = ORIENTED_EDGE('',*,*,#9920,.T.);
#9920 = EDGE_CURVE('',#8970,#7794,#9921,.T.);
#9921 = SURFACE_CURVE('',#9922,(#9926,#9933),.PCURVE_S1.);
#9922 = LINE('',#9923,#9924);
#9923 = CARTESIAN_POINT('',(-28.00000005,7.40000005,8.699999999999));
#9924 = VECTOR('',#9925,1.);
#9925 = DIRECTION('',(1.,0.,0.));
#9926 = PCURVE('',#6463,#9927);
#9927 = DEFINITIONAL_REPRESENTATION('',(#9928),#9932);
#9928 = LINE('',#9929,#9930);
#9929 = CARTESIAN_POINT('',(16.,8.7));
#9930 = VECTOR('',#9931,1.);
#9931 = DIRECTION('',(1.,-0.));
#9932 = ( GEOMETRIC_REPRESENTATION_CONTEXT(2) 
PARAMETRIC_REPRESENTATION_CONTEXT() REPRESENTATION_CONTEXT('2D SPACE',''
  ) );
#9933 = PCURVE('',#7811,#9934);
#9934 = DEFINITIONAL_REPRESENTATION('',(#9935),#9939);
#9935 = LINE('',#9936,#9937);
#9936 = CARTESIAN_POINT('',(6.2,-16.));
#9937 = VECTOR('',#9938,1.);
#9938 = DIRECTION('',(0.,1.));
#9939 = ( GEOMETRIC_REPRESENTATION_CONTEXT(2) 
PARAMETRIC_REPRESENTATION_CONTEXT() REPRESENTATION_CONTEXT('2D SPACE',''
  ) );
#9940 = ORIENTED_EDGE('',*,*,#7823,.T.);
#9941 = ORIENTED_EDGE('',*,*,#7619,.T.);
#9942 = ORIENTED_EDGE('',*,*,#7424,.F.);
#9943 = ORIENTED_EDGE('',*,*,#9944,.F.);
#9944 = EDGE_CURVE('',#9945,#7402,#9947,.T.);
#9945 = VERTEX_POINT('',#9946);
#9946 = CARTESIAN_POINT('',(2.99999995,7.40000005,6.299999999999));
#9947 = SURFACE_CURVE('',#9948,(#9952,#9959),.PCURVE_S1.);
#9948 = LINE('',#9949,#9950);
#9949 = CARTESIAN_POINT('',(-28.00000005,7.40000005,6.299999999999));
#9950 = VECTOR('',#9951,1.);
#9951 = DIRECTION('',(1.,0.,0.));
#9952 = PCURVE('',#6463,#9953);
#9953 = DEFINITIONAL_REPRESENTATION('',(#9954),#9958);
#9954 = LINE('',#9955,#9956);
#9955 = CARTESIAN_POINT('',(16.,6.3));
#9956 = VECTOR('',#9957,1.);
#9957 = DIRECTION('',(1.,-0.));
#9958 = ( GEOMETRIC_REPRESENTATION_CONTEXT(2) 
PARAMETRIC_REPRESENTATION_CONTEXT() REPRESENTATION_CONTEXT('2D SPACE',''
  ) );
#9959 = PCURVE('',#7284,#9960);
#9960 = DEFINITIONAL_REPRESENTATION('',(#9961),#9965);
#9961 = LINE('',#9962,#9963);
#9962 = CARTESIAN_POINT('',(6.2,-16.));
#9963 = VECTOR('',#9964,1.);
#9964 = DIRECTION('',(0.,1.));
#9965 = ( GEOMETRIC_REPRESENTATION_CONTEXT(2) 
PARAMETRIC_REPRESENTATION_CONTEXT() REPRESENTATION_CONTEXT('2D SPACE',''
  ) );
#9966 = ORIENTED_EDGE('',*,*,#9967,.F.);
#9967 = EDGE_CURVE('',#9968,#9945,#9970,.T.);
#9968 = VERTEX_POINT('',#9969);
#9969 = CARTESIAN_POINT('',(2.99999995,7.40000005,-6.300000000001));
#9970 = SURFACE_CURVE('',#9971,(#9975,#9982),.PCURVE_S1.);
#9971 = LINE('',#9972,#9973);
#9972 = CARTESIAN_POINT('',(2.99999995,7.40000005,-8.000000000001));
#9973 = VECTOR('',#9974,1.);
#9974 = DIRECTION('',(0.,1.110223024625E-16,1.));
#9975 = PCURVE('',#6463,#9976);
#9976 = DEFINITIONAL_REPRESENTATION('',(#9977),#9981);
#9977 = LINE('',#9978,#9979);
#9978 = CARTESIAN_POINT('',(47.,-8.));
#9979 = VECTOR('',#9980,1.);
#9980 = DIRECTION('',(-0.,1.));
#9981 = ( GEOMETRIC_REPRESENTATION_CONTEXT(2) 
PARAMETRIC_REPRESENTATION_CONTEXT() REPRESENTATION_CONTEXT('2D SPACE',''
  ) );
#9982 = PCURVE('',#8573,#9983);
#9983 = DEFINITIONAL_REPRESENTATION('',(#9984),#9988);
#9984 = LINE('',#9985,#9986);
#9985 = CARTESIAN_POINT('',(0.,0.));
#9986 = VECTOR('',#9987,1.);
#9987 = DIRECTION('',(0.,-1.));
#9988 = ( GEOMETRIC_REPRESENTATION_CONTEXT(2) 
PARAMETRIC_REPRESENTATION_CONTEXT() REPRESENTATION_CONTEXT('2D SPACE',''
  ) );
#9989 = ORIENTED_EDGE('',*,*,#9990,.T.);
#9990 = EDGE_CURVE('',#9968,#6828,#9991,.T.);
#9991 = SURFACE_CURVE('',#9992,(#9996,#10003),.PCURVE_S1.);
#9992 = LINE('',#9993,#9994);
#9993 = CARTESIAN_POINT('',(-28.00000005,7.40000005,-6.300000000001));
#9994 = VECTOR('',#9995,1.);
#9995 = DIRECTION('',(1.,0.,0.));
#9996 = PCURVE('',#6463,#9997);
#9997 = DEFINITIONAL_REPRESENTATION('',(#9998),#10002);
#9998 = LINE('',#9999,#10000);
#9999 = CARTESIAN_POINT('',(16.,-6.3));
#10000 = VECTOR('',#10001,1.);
#10001 = DIRECTION('',(1.,-0.));
#10002 = ( GEOMETRIC_REPRESENTATION_CONTEXT(2) 
PARAMETRIC_REPRESENTATION_CONTEXT() REPRESENTATION_CONTEXT('2D SPACE',''
  ) );
#10003 = PCURVE('',#6845,#10004);
#10004 = DEFINITIONAL_REPRESENTATION('',(#10005),#10009);
#10005 = LINE('',#10006,#10007);
#10006 = CARTESIAN_POINT('',(6.2,-16.));
#10007 = VECTOR('',#10008,1.);
#10008 = DIRECTION('',(0.,1.));
#10009 = ( GEOMETRIC_REPRESENTATION_CONTEXT(2) 
PARAMETRIC_REPRESENTATION_CONTEXT() REPRESENTATION_CONTEXT('2D SPACE',''
  ) );
#10010 = ORIENTED_EDGE('',*,*,#6857,.T.);
#10011 = ORIENTED_EDGE('',*,*,#6644,.T.);
#10012 = ORIENTED_EDGE('',*,*,#6446,.F.);
#10013 = FACE_BOUND('',#10014,.T.);
#10014 = EDGE_LOOP('',(#10015,#10045,#10073,#10101));
#10015 = ORIENTED_EDGE('',*,*,#10016,.F.);
#10016 = EDGE_CURVE('',#10017,#10019,#10021,.T.);
#10017 = VERTEX_POINT('',#10018);
#10018 = CARTESIAN_POINT('',(-3.00000005,7.40000005,-6.300000000001));
#10019 = VERTEX_POINT('',#10020);
#10020 = CARTESIAN_POINT('',(-3.00000005,7.40000005,-4.100000000001));
#10021 = SURFACE_CURVE('',#10022,(#10026,#10033),.PCURVE_S1.);
#10022 = LINE('',#10023,#10024);
#10023 = CARTESIAN_POINT('',(-3.00000005,7.40000005,-2.050000000001));
#10024 = VECTOR('',#10025,1.);
#10025 = DIRECTION('',(0.,1.110223024625E-16,1.));
#10026 = PCURVE('',#6463,#10027);
#10027 = DEFINITIONAL_REPRESENTATION('',(#10028),#10032);
#10028 = LINE('',#10029,#10030);
#10029 = CARTESIAN_POINT('',(41.,-2.05));
#10030 = VECTOR('',#10031,1.);
#10031 = DIRECTION('',(-0.,1.));
#10032 = ( GEOMETRIC_REPRESENTATION_CONTEXT(2) 
PARAMETRIC_REPRESENTATION_CONTEXT() REPRESENTATION_CONTEXT('2D SPACE',''
  ) );
#10033 = PCURVE('',#10034,#10039);
#10034 = PLANE('',#10035);
#10035 = AXIS2_PLACEMENT_3D('',#10036,#10037,#10038);
#10036 = CARTESIAN_POINT('',(-3.00000005,16.60000005,-4.100000000001));
#10037 = DIRECTION('',(1.,0.,0.));
#10038 = DIRECTION('',(-0.,1.,-1.110223024625E-16));
#10039 = DEFINITIONAL_REPRESENTATION('',(#10040),#10044);
#10040 = LINE('',#10041,#10042);
#10041 = CARTESIAN_POINT('',(-9.2,2.05));
#10042 = VECTOR('',#10043,1.);
#10043 = DIRECTION('',(-0.,1.));
#10044 = ( GEOMETRIC_REPRESENTATION_CONTEXT(2) 
PARAMETRIC_REPRESENTATION_CONTEXT() REPRESENTATION_CONTEXT('2D SPACE',''
  ) );
#10045 = ORIENTED_EDGE('',*,*,#10046,.T.);
#10046 = EDGE_CURVE('',#10017,#10047,#10049,.T.);
#10047 = VERTEX_POINT('',#10048);
#10048 = CARTESIAN_POINT('',(-1.00000005,7.40000005,-6.300000000001));
#10049 = SURFACE_CURVE('',#10050,(#10054,#10061),.PCURVE_S1.);
#10050 = LINE('',#10051,#10052);
#10051 = CARTESIAN_POINT('',(-23.50000005,7.40000005,-6.300000000001));
#10052 = VECTOR('',#10053,1.);
#10053 = DIRECTION('',(1.,0.,0.));
#10054 = PCURVE('',#6463,#10055);
#10055 = DEFINITIONAL_REPRESENTATION('',(#10056),#10060);
#10056 = LINE('',#10057,#10058);
#10057 = CARTESIAN_POINT('',(20.5,-6.3));
#10058 = VECTOR('',#10059,1.);
#10059 = DIRECTION('',(1.,-0.));
#10060 = ( GEOMETRIC_REPRESENTATION_CONTEXT(2) 
PARAMETRIC_REPRESENTATION_CONTEXT() REPRESENTATION_CONTEXT('2D SPACE',''
  ) );
#10061 = PCURVE('',#10062,#10067);
#10062 = PLANE('',#10063);
#10063 = AXIS2_PLACEMENT_3D('',#10064,#10065,#10066);
#10064 = CARTESIAN_POINT('',(-3.00000005,16.60000005,-6.300000000001));
#10065 = DIRECTION('',(0.,-1.110223024625E-16,-1.));
#10066 = DIRECTION('',(-0.,1.,-1.110223024625E-16));
#10067 = DEFINITIONAL_REPRESENTATION('',(#10068),#10072);
#10068 = LINE('',#10069,#10070);
#10069 = CARTESIAN_POINT('',(-9.2,-20.5));
#10070 = VECTOR('',#10071,1.);
#10071 = DIRECTION('',(-0.,1.));
#10072 = ( GEOMETRIC_REPRESENTATION_CONTEXT(2) 
PARAMETRIC_REPRESENTATION_CONTEXT() REPRESENTATION_CONTEXT('2D SPACE',''
  ) );
#10073 = ORIENTED_EDGE('',*,*,#10074,.T.);
#10074 = EDGE_CURVE('',#10047,#10075,#10077,.T.);
#10075 = VERTEX_POINT('',#10076);
#10076 = CARTESIAN_POINT('',(-1.00000005,7.40000005,-4.100000000001));
#10077 = SURFACE_CURVE('',#10078,(#10082,#10089),.PCURVE_S1.);
#10078 = LINE('',#10079,#10080);
#10079 = CARTESIAN_POINT('',(-1.00000005,7.40000005,-2.050000000001));
#10080 = VECTOR('',#10081,1.);
#10081 = DIRECTION('',(0.,1.110223024625E-16,1.));
#10082 = PCURVE('',#6463,#10083);
#10083 = DEFINITIONAL_REPRESENTATION('',(#10084),#10088);
#10084 = LINE('',#10085,#10086);
#10085 = CARTESIAN_POINT('',(43.,-2.05));
#10086 = VECTOR('',#10087,1.);
#10087 = DIRECTION('',(-0.,1.));
#10088 = ( GEOMETRIC_REPRESENTATION_CONTEXT(2) 
PARAMETRIC_REPRESENTATION_CONTEXT() REPRESENTATION_CONTEXT('2D SPACE',''
  ) );
#10089 = PCURVE('',#10090,#10095);
#10090 = PLANE('',#10091);
#10091 = AXIS2_PLACEMENT_3D('',#10092,#10093,#10094);
#10092 = CARTESIAN_POINT('',(-1.00000005,16.60000005,-4.100000000001));
#10093 = DIRECTION('',(1.,0.,0.));
#10094 = DIRECTION('',(-0.,1.,-1.110223024625E-16));
#10095 = DEFINITIONAL_REPRESENTATION('',(#10096),#10100);
#10096 = LINE('',#10097,#10098);
#10097 = CARTESIAN_POINT('',(-9.2,2.05));
#10098 = VECTOR('',#10099,1.);
#10099 = DIRECTION('',(-0.,1.));
#10100 = ( GEOMETRIC_REPRESENTATION_CONTEXT(2) 
PARAMETRIC_REPRESENTATION_CONTEXT() REPRESENTATION_CONTEXT('2D SPACE',''
  ) );
#10101 = ORIENTED_EDGE('',*,*,#10102,.F.);
#10102 = EDGE_CURVE('',#10019,#10075,#10103,.T.);
#10103 = SURFACE_CURVE('',#10104,(#10108,#10115),.PCURVE_S1.);
#10104 = LINE('',#10105,#10106);
#10105 = CARTESIAN_POINT('',(-23.50000005,7.40000005,-4.100000000001));
#10106 = VECTOR('',#10107,1.);
#10107 = DIRECTION('',(1.,0.,0.));
#10108 = PCURVE('',#6463,#10109);
#10109 = DEFINITIONAL_REPRESENTATION('',(#10110),#10114);
#10110 = LINE('',#10111,#10112);
#10111 = CARTESIAN_POINT('',(20.5,-4.1));
#10112 = VECTOR('',#10113,1.);
#10113 = DIRECTION('',(1.,-0.));
#10114 = ( GEOMETRIC_REPRESENTATION_CONTEXT(2) 
PARAMETRIC_REPRESENTATION_CONTEXT() REPRESENTATION_CONTEXT('2D SPACE',''
  ) );
#10115 = PCURVE('',#10116,#10121);
#10116 = PLANE('',#10117);
#10117 = AXIS2_PLACEMENT_3D('',#10118,#10119,#10120);
#10118 = CARTESIAN_POINT('',(-3.00000005,16.60000005,-4.100000000001));
#10119 = DIRECTION('',(0.,-1.110223024625E-16,-1.));
#10120 = DIRECTION('',(-0.,1.,-1.110223024625E-16));
#10121 = DEFINITIONAL_REPRESENTATION('',(#10122),#10126);
#10122 = LINE('',#10123,#10124);
#10123 = CARTESIAN_POINT('',(-9.2,-20.5));
#10124 = VECTOR('',#10125,1.);
#10125 = DIRECTION('',(-0.,1.));
#10126 = ( GEOMETRIC_REPRESENTATION_CONTEXT(2) 
PARAMETRIC_REPRESENTATION_CONTEXT() REPRESENTATION_CONTEXT('2D SPACE',''
  ) );
#10127 = FACE_BOUND('',#10128,.T.);
#10128 = EDGE_LOOP('',(#10129,#10159,#10187,#10215));
#10129 = ORIENTED_EDGE('',*,*,#10130,.F.);
#10130 = EDGE_CURVE('',#10131,#10133,#10135,.T.);
#10131 = VERTEX_POINT('',#10132);
#10132 = CARTESIAN_POINT('',(-3.00000005,7.40000005,6.299999999999));
#10133 = VERTEX_POINT('',#10134);
#10134 = CARTESIAN_POINT('',(-1.00000005,7.40000005,6.299999999999));
#10135 = SURFACE_CURVE('',#10136,(#10140,#10147),.PCURVE_S1.);
#10136 = LINE('',#10137,#10138);
#10137 = CARTESIAN_POINT('',(-23.50000005,7.40000005,6.299999999999));
#10138 = VECTOR('',#10139,1.);
#10139 = DIRECTION('',(1.,0.,0.));
#10140 = PCURVE('',#6463,#10141);
#10141 = DEFINITIONAL_REPRESENTATION('',(#10142),#10146);
#10142 = LINE('',#10143,#10144);
#10143 = CARTESIAN_POINT('',(20.5,6.3));
#10144 = VECTOR('',#10145,1.);
#10145 = DIRECTION('',(1.,-0.));
#10146 = ( GEOMETRIC_REPRESENTATION_CONTEXT(2) 
PARAMETRIC_REPRESENTATION_CONTEXT() REPRESENTATION_CONTEXT('2D SPACE',''
  ) );
#10147 = PCURVE('',#10148,#10153);
#10148 = PLANE('',#10149);
#10149 = AXIS2_PLACEMENT_3D('',#10150,#10151,#10152);
#10150 = CARTESIAN_POINT('',(-3.00000005,16.60000005,6.299999999999));
#10151 = DIRECTION('',(0.,1.110223024625E-16,1.));
#10152 = DIRECTION('',(0.,-1.,1.110223024625E-16));
#10153 = DEFINITIONAL_REPRESENTATION('',(#10154),#10158);
#10154 = LINE('',#10155,#10156);
#10155 = CARTESIAN_POINT('',(9.2,-20.5));
#10156 = VECTOR('',#10157,1.);
#10157 = DIRECTION('',(0.,1.));
#10158 = ( GEOMETRIC_REPRESENTATION_CONTEXT(2) 
PARAMETRIC_REPRESENTATION_CONTEXT() REPRESENTATION_CONTEXT('2D SPACE',''
  ) );
#10159 = ORIENTED_EDGE('',*,*,#10160,.T.);
#10160 = EDGE_CURVE('',#10131,#10161,#10163,.T.);
#10161 = VERTEX_POINT('',#10162);
#10162 = CARTESIAN_POINT('',(-3.00000005,7.40000005,4.099999999999));
#10163 = SURFACE_CURVE('',#10164,(#10168,#10175),.PCURVE_S1.);
#10164 = LINE('',#10165,#10166);
#10165 = CARTESIAN_POINT('',(-3.00000005,7.40000005,2.049999999999));
#10166 = VECTOR('',#10167,1.);
#10167 = DIRECTION('',(0.,-1.110223024625E-16,-1.));
#10168 = PCURVE('',#6463,#10169);
#10169 = DEFINITIONAL_REPRESENTATION('',(#10170),#10174);
#10170 = LINE('',#10171,#10172);
#10171 = CARTESIAN_POINT('',(41.,2.05));
#10172 = VECTOR('',#10173,1.);
#10173 = DIRECTION('',(-0.,-1.));
#10174 = ( GEOMETRIC_REPRESENTATION_CONTEXT(2) 
PARAMETRIC_REPRESENTATION_CONTEXT() REPRESENTATION_CONTEXT('2D SPACE',''
  ) );
#10175 = PCURVE('',#10176,#10181);
#10176 = PLANE('',#10177);
#10177 = AXIS2_PLACEMENT_3D('',#10178,#10179,#10180);
#10178 = CARTESIAN_POINT('',(-3.00000005,16.60000005,4.099999999999));
#10179 = DIRECTION('',(1.,0.,0.));
#10180 = DIRECTION('',(0.,-1.,1.110223024625E-16));
#10181 = DEFINITIONAL_REPRESENTATION('',(#10182),#10186);
#10182 = LINE('',#10183,#10184);
#10183 = CARTESIAN_POINT('',(9.2,2.05));
#10184 = VECTOR('',#10185,1.);
#10185 = DIRECTION('',(0.,1.));
#10186 = ( GEOMETRIC_REPRESENTATION_CONTEXT(2) 
PARAMETRIC_REPRESENTATION_CONTEXT() REPRESENTATION_CONTEXT('2D SPACE',''
  ) );
#10187 = ORIENTED_EDGE('',*,*,#10188,.T.);
#10188 = EDGE_CURVE('',#10161,#10189,#10191,.T.);
#10189 = VERTEX_POINT('',#10190);
#10190 = CARTESIAN_POINT('',(-1.00000005,7.40000005,4.099999999999));
#10191 = SURFACE_CURVE('',#10192,(#10196,#10203),.PCURVE_S1.);
#10192 = LINE('',#10193,#10194);
#10193 = CARTESIAN_POINT('',(-23.50000005,7.40000005,4.099999999999));
#10194 = VECTOR('',#10195,1.);
#10195 = DIRECTION('',(1.,0.,0.));
#10196 = PCURVE('',#6463,#10197);
#10197 = DEFINITIONAL_REPRESENTATION('',(#10198),#10202);
#10198 = LINE('',#10199,#10200);
#10199 = CARTESIAN_POINT('',(20.5,4.1));
#10200 = VECTOR('',#10201,1.);
#10201 = DIRECTION('',(1.,-0.));
#10202 = ( GEOMETRIC_REPRESENTATION_CONTEXT(2) 
PARAMETRIC_REPRESENTATION_CONTEXT() REPRESENTATION_CONTEXT('2D SPACE',''
  ) );
#10203 = PCURVE('',#10204,#10209);
#10204 = PLANE('',#10205);
#10205 = AXIS2_PLACEMENT_3D('',#10206,#10207,#10208);
#10206 = CARTESIAN_POINT('',(-3.00000005,16.60000005,4.099999999999));
#10207 = DIRECTION('',(0.,1.110223024625E-16,1.));
#10208 = DIRECTION('',(0.,-1.,1.110223024625E-16));
#10209 = DEFINITIONAL_REPRESENTATION('',(#10210),#10214);
#10210 = LINE('',#10211,#10212);
#10211 = CARTESIAN_POINT('',(9.2,-20.5));
#10212 = VECTOR('',#10213,1.);
#10213 = DIRECTION('',(0.,1.));
#10214 = ( GEOMETRIC_REPRESENTATION_CONTEXT(2) 
PARAMETRIC_REPRESENTATION_CONTEXT() REPRESENTATION_CONTEXT('2D SPACE',''
  ) );
#10215 = ORIENTED_EDGE('',*,*,#10216,.F.);
#10216 = EDGE_CURVE('',#10133,#10189,#10217,.T.);
#10217 = SURFACE_CURVE('',#10218,(#10222,#10229),.PCURVE_S1.);
#10218 = LINE('',#10219,#10220);
#10219 = CARTESIAN_POINT('',(-1.00000005,7.40000005,2.049999999999));
#10220 = VECTOR('',#10221,1.);
#10221 = DIRECTION('',(0.,-1.110223024625E-16,-1.));
#10222 = PCURVE('',#6463,#10223);
#10223 = DEFINITIONAL_REPRESENTATION('',(#10224),#10228);
#10224 = LINE('',#10225,#10226);
#10225 = CARTESIAN_POINT('',(43.,2.05));
#10226 = VECTOR('',#10227,1.);
#10227 = DIRECTION('',(-0.,-1.));
#10228 = ( GEOMETRIC_REPRESENTATION_CONTEXT(2) 
PARAMETRIC_REPRESENTATION_CONTEXT() REPRESENTATION_CONTEXT('2D SPACE',''
  ) );
#10229 = PCURVE('',#10230,#10235);
#10230 = PLANE('',#10231);
#10231 = AXIS2_PLACEMENT_3D('',#10232,#10233,#10234);
#10232 = CARTESIAN_POINT('',(-1.00000005,16.60000005,4.099999999999));
#10233 = DIRECTION('',(1.,0.,0.));
#10234 = DIRECTION('',(0.,-1.,1.110223024625E-16));
#10235 = DEFINITIONAL_REPRESENTATION('',(#10236),#10240);
#10236 = LINE('',#10237,#10238);
#10237 = CARTESIAN_POINT('',(9.2,2.05));
#10238 = VECTOR('',#10239,1.);
#10239 = DIRECTION('',(0.,1.));
#10240 = ( GEOMETRIC_REPRESENTATION_CONTEXT(2) 
PARAMETRIC_REPRESENTATION_CONTEXT() REPRESENTATION_CONTEXT('2D SPACE',''
  ) );
#10241 = ADVANCED_FACE('',(#10242),#6845,.T.);
#10242 = FACE_BOUND('',#10243,.T.);
#10243 = EDGE_LOOP('',(#10244,#10245,#10246,#10247,#10248,#10269));
#10244 = ORIENTED_EDGE('',*,*,#9553,.F.);
#10245 = ORIENTED_EDGE('',*,*,#7039,.F.);
#10246 = ORIENTED_EDGE('',*,*,#6827,.F.);
#10247 = ORIENTED_EDGE('',*,*,#9990,.F.);
#10248 = ORIENTED_EDGE('',*,*,#10249,.F.);
#10249 = EDGE_CURVE('',#8535,#9968,#10250,.T.);
#10250 = SURFACE_CURVE('',#10251,(#10255,#10262),.PCURVE_S1.);
#10251 = LINE('',#10252,#10253);
#10252 = CARTESIAN_POINT('',(2.99999995,10.50000005,-6.300000000001));
#10253 = VECTOR('',#10254,1.);
#10254 = DIRECTION('',(0.,1.,-1.110223024625E-16));
#10255 = PCURVE('',#6845,#10256);
#10256 = DEFINITIONAL_REPRESENTATION('',(#10257),#10261);
#10257 = LINE('',#10258,#10259);
#10258 = CARTESIAN_POINT('',(3.1,15.));
#10259 = VECTOR('',#10260,1.);
#10260 = DIRECTION('',(-1.,0.));
#10261 = ( GEOMETRIC_REPRESENTATION_CONTEXT(2) 
PARAMETRIC_REPRESENTATION_CONTEXT() REPRESENTATION_CONTEXT('2D SPACE',''
  ) );
#10262 = PCURVE('',#8573,#10263);
#10263 = DEFINITIONAL_REPRESENTATION('',(#10264),#10268);
#10264 = LINE('',#10265,#10266);
#10265 = CARTESIAN_POINT('',(-3.1,-1.7));
#10266 = VECTOR('',#10267,1.);
#10267 = DIRECTION('',(-1.,0.));
#10268 = ( GEOMETRIC_REPRESENTATION_CONTEXT(2) 
PARAMETRIC_REPRESENTATION_CONTEXT() REPRESENTATION_CONTEXT('2D SPACE',''
  ) );
#10269 = ORIENTED_EDGE('',*,*,#8534,.F.);
#10270 = ADVANCED_FACE('',(#10271),#7284,.F.);
#10271 = FACE_BOUND('',#10272,.F.);
#10272 = EDGE_LOOP('',(#10273,#10274,#10275,#10276,#10277,#10298));
#10273 = ORIENTED_EDGE('',*,*,#9691,.F.);
#10274 = ORIENTED_EDGE('',*,*,#7268,.T.);
#10275 = ORIENTED_EDGE('',*,*,#7401,.F.);
#10276 = ORIENTED_EDGE('',*,*,#9944,.F.);
#10277 = ORIENTED_EDGE('',*,*,#10278,.F.);
#10278 = EDGE_CURVE('',#8558,#9945,#10279,.T.);
#10279 = SURFACE_CURVE('',#10280,(#10284,#10291),.PCURVE_S1.);
#10280 = LINE('',#10281,#10282);
#10281 = CARTESIAN_POINT('',(2.99999995,10.50000005,6.299999999999));
#10282 = VECTOR('',#10283,1.);
#10283 = DIRECTION('',(0.,1.,-1.110223024625E-16));
#10284 = PCURVE('',#7284,#10285);
#10285 = DEFINITIONAL_REPRESENTATION('',(#10286),#10290);
#10286 = LINE('',#10287,#10288);
#10287 = CARTESIAN_POINT('',(3.1,15.));
#10288 = VECTOR('',#10289,1.);
#10289 = DIRECTION('',(-1.,0.));
#10290 = ( GEOMETRIC_REPRESENTATION_CONTEXT(2) 
PARAMETRIC_REPRESENTATION_CONTEXT() REPRESENTATION_CONTEXT('2D SPACE',''
  ) );
#10291 = PCURVE('',#8573,#10292);
#10292 = DEFINITIONAL_REPRESENTATION('',(#10293),#10297);
#10293 = LINE('',#10294,#10295);
#10294 = CARTESIAN_POINT('',(-3.1,-14.3));
#10295 = VECTOR('',#10296,1.);
#10296 = DIRECTION('',(-1.,0.));
#10297 = ( GEOMETRIC_REPRESENTATION_CONTEXT(2) 
PARAMETRIC_REPRESENTATION_CONTEXT() REPRESENTATION_CONTEXT('2D SPACE',''
  ) );
#10298 = ORIENTED_EDGE('',*,*,#8585,.F.);
#10299 = ADVANCED_FACE('',(#10300),#7811,.T.);
#10300 = FACE_BOUND('',#10301,.T.);
#10301 = EDGE_LOOP('',(#10302,#10303,#10304,#10305));
#10302 = ORIENTED_EDGE('',*,*,#8969,.F.);
#10303 = ORIENTED_EDGE('',*,*,#8005,.F.);
#10304 = ORIENTED_EDGE('',*,*,#7793,.F.);
#10305 = ORIENTED_EDGE('',*,*,#9920,.F.);
#10306 = ADVANCED_FACE('',(#10307),#8410,.F.);
#10307 = FACE_BOUND('',#10308,.F.);
#10308 = EDGE_LOOP('',(#10309,#10310,#10331,#10332));
#10309 = ORIENTED_EDGE('',*,*,#8392,.F.);
#10310 = ORIENTED_EDGE('',*,*,#10311,.F.);
#10311 = EDGE_CURVE('',#9800,#8393,#10312,.T.);
#10312 = SURFACE_CURVE('',#10313,(#10317,#10324),.PCURVE_S1.);
#10313 = LINE('',#10314,#10315);
#10314 = CARTESIAN_POINT('',(-6.00000005,7.40000005,-7.000000000001));
#10315 = VECTOR('',#10316,1.);
#10316 = DIRECTION('',(0.,-1.,1.110223024625E-16));
#10317 = PCURVE('',#8410,#10318);
#10318 = DEFINITIONAL_REPRESENTATION('',(#10319),#10323);
#10319 = LINE('',#10320,#10321);
#10320 = CARTESIAN_POINT('',(1.110223024625E-16,-1.));
#10321 = VECTOR('',#10322,1.);
#10322 = DIRECTION('',(1.,0.));
#10323 = ( GEOMETRIC_REPRESENTATION_CONTEXT(2) 
PARAMETRIC_REPRESENTATION_CONTEXT() REPRESENTATION_CONTEXT('2D SPACE',''
  ) );
#10324 = PCURVE('',#8439,#10325);
#10325 = DEFINITIONAL_REPRESENTATION('',(#10326),#10330);
#10326 = LINE('',#10327,#10328);
#10327 = CARTESIAN_POINT('',(0.,0.));
#10328 = VECTOR('',#10329,1.);
#10329 = DIRECTION('',(0.,1.));
#10330 = ( GEOMETRIC_REPRESENTATION_CONTEXT(2) 
PARAMETRIC_REPRESENTATION_CONTEXT() REPRESENTATION_CONTEXT('2D SPACE',''
  ) );
#10331 = ORIENTED_EDGE('',*,*,#9823,.T.);
#10332 = ORIENTED_EDGE('',*,*,#10333,.T.);
#10333 = EDGE_CURVE('',#9824,#8395,#10334,.T.);
#10334 = SURFACE_CURVE('',#10335,(#10339,#10346),.PCURVE_S1.);
#10335 = LINE('',#10336,#10337);
#10336 = CARTESIAN_POINT('',(-6.00000005,7.40000005,6.999999999999));
#10337 = VECTOR('',#10338,1.);
#10338 = DIRECTION('',(0.,-1.,1.110223024625E-16));
#10339 = PCURVE('',#8410,#10340);
#10340 = DEFINITIONAL_REPRESENTATION('',(#10341),#10345);
#10341 = LINE('',#10342,#10343);
#10342 = CARTESIAN_POINT('',(-1.110223024625E-16,-15.));
#10343 = VECTOR('',#10344,1.);
#10344 = DIRECTION('',(1.,0.));
#10345 = ( GEOMETRIC_REPRESENTATION_CONTEXT(2) 
PARAMETRIC_REPRESENTATION_CONTEXT() REPRESENTATION_CONTEXT('2D SPACE',''
  ) );
#10346 = PCURVE('',#8710,#10347);
#10347 = DEFINITIONAL_REPRESENTATION('',(#10348),#10352);
#10348 = LINE('',#10349,#10350);
#10349 = CARTESIAN_POINT('',(-0.,0.));
#10350 = VECTOR('',#10351,1.);
#10351 = DIRECTION('',(-0.,1.));
#10352 = ( GEOMETRIC_REPRESENTATION_CONTEXT(2) 
PARAMETRIC_REPRESENTATION_CONTEXT() REPRESENTATION_CONTEXT('2D SPACE',''
  ) );
#10353 = ADVANCED_FACE('',(#10354),#8710,.T.);
#10354 = FACE_BOUND('',#10355,.F.);
#10355 = EDGE_LOOP('',(#10356,#10357,#10378,#10379));
#10356 = ORIENTED_EDGE('',*,*,#9846,.T.);
#10357 = ORIENTED_EDGE('',*,*,#10358,.T.);
#10358 = EDGE_CURVE('',#9847,#8664,#10359,.T.);
#10359 = SURFACE_CURVE('',#10360,(#10364,#10371),.PCURVE_S1.);
#10360 = LINE('',#10361,#10362);
#10361 = CARTESIAN_POINT('',(-5.00000005,7.40000005,7.999999999999));
#10362 = VECTOR('',#10363,1.);
#10363 = DIRECTION('',(0.,-1.,1.110223024625E-16));
#10364 = PCURVE('',#8710,#10365);
#10365 = DEFINITIONAL_REPRESENTATION('',(#10366),#10370);
#10366 = LINE('',#10367,#10368);
#10367 = CARTESIAN_POINT('',(-1.570796326795,0.));
#10368 = VECTOR('',#10369,1.);
#10369 = DIRECTION('',(-0.,1.));
#10370 = ( GEOMETRIC_REPRESENTATION_CONTEXT(2) 
PARAMETRIC_REPRESENTATION_CONTEXT() REPRESENTATION_CONTEXT('2D SPACE',''
  ) );
#10371 = PCURVE('',#8679,#10372);
#10372 = DEFINITIONAL_REPRESENTATION('',(#10373),#10377);
#10373 = LINE('',#10374,#10375);
#10374 = CARTESIAN_POINT('',(0.,1.));
#10375 = VECTOR('',#10376,1.);
#10376 = DIRECTION('',(1.,0.));
#10377 = ( GEOMETRIC_REPRESENTATION_CONTEXT(2) 
PARAMETRIC_REPRESENTATION_CONTEXT() REPRESENTATION_CONTEXT('2D SPACE',''
  ) );
#10378 = ORIENTED_EDGE('',*,*,#8691,.F.);
#10379 = ORIENTED_EDGE('',*,*,#10333,.F.);
#10380 = ADVANCED_FACE('',(#10381),#8679,.T.);
#10381 = FACE_BOUND('',#10382,.T.);
#10382 = EDGE_LOOP('',(#10383,#10384,#10385,#10386,#10387));
#10383 = ORIENTED_EDGE('',*,*,#9874,.F.);
#10384 = ORIENTED_EDGE('',*,*,#10358,.T.);
#10385 = ORIENTED_EDGE('',*,*,#8663,.T.);
#10386 = ORIENTED_EDGE('',*,*,#8896,.T.);
#10387 = ORIENTED_EDGE('',*,*,#10388,.T.);
#10388 = EDGE_CURVE('',#8726,#9875,#10389,.T.);
#10389 = SURFACE_CURVE('',#10390,(#10409,#10431),.PCURVE_S1.);
#10390 = B_SPLINE_CURVE_WITH_KNOTS('',5,(#10391,#10392,#10393,#10394,
    #10395,#10396,#10397,#10398,#10399,#10400,#10401,#10402,#10403,
    #10404,#10405,#10406,#10407,#10408),.UNSPECIFIED.,.F.,.F.,(6,4,4,4,6
    ),(0.,0.250323789429,0.500455457494,0.75032099105,1.),
  .UNSPECIFIED.);
#10391 = CARTESIAN_POINT('',(-0.733384744432,6.95000005,7.999999999999)
  );
#10392 = CARTESIAN_POINT('',(-0.697448358374,6.95000005,7.999999999999)
  );
#10393 = CARTESIAN_POINT('',(-0.66151260522,6.953468754501,
    7.999999999999));
#10394 = CARTESIAN_POINT('',(-0.626037626777,6.960406368702,
    7.999999999999));
#10395 = CARTESIAN_POINT('',(-0.591480953034,6.970725278607,
    7.999999999999));
#10396 = CARTESIAN_POINT('',(-0.525084314468,6.997772858832,
    7.999999999999));
#10397 = CARTESIAN_POINT('',(-0.493241529675,7.014496907191,
    7.999999999999));
#10398 = CARTESIAN_POINT('',(-0.463168009477,7.034255806535,
    7.999999999999));
#10399 = CARTESIAN_POINT('',(-0.435254952734,7.056797490946,
    7.999999999999));
#10400 = CARTESIAN_POINT('',(-0.384437749238,7.106779902208,
    7.999999999999));
#10401 = CARTESIAN_POINT('',(-0.361527651589,7.134216026057,
    7.999999999999));
#10402 = CARTESIAN_POINT('',(-0.341432232966,7.163791616033,
    7.999999999999));
#10403 = CARTESIAN_POINT('',(-0.324416040748,7.195124536109,
    7.999999999999));
#10404 = CARTESIAN_POINT('',(-0.296913311482,7.260436089127,
    7.999999999999));
#10405 = CARTESIAN_POINT('',(-0.286421515703,7.294413655078,
    7.999999999999));
#10406 = CARTESIAN_POINT('',(-0.279364601637,7.329303974597,
    7.999999999999));
#10407 = CARTESIAN_POINT('',(-0.275836250106,7.364652273653,
    7.999999999999));
#10408 = CARTESIAN_POINT('',(-0.275836250106,7.40000005,7.999999999999)
  );
#10409 = PCURVE('',#8679,#10410);
#10410 = DEFINITIONAL_REPRESENTATION('',(#10411),#10430);
#10411 = B_SPLINE_CURVE_WITH_KNOTS('',5,(#10412,#10413,#10414,#10415,
    #10416,#10417,#10418,#10419,#10420,#10421,#10422,#10423,#10424,
    #10425,#10426,#10427,#10428,#10429),.UNSPECIFIED.,.F.,.F.,(6,4,4,4,6
    ),(0.,0.250323789429,0.500455457494,0.75032099105,1.),
  .UNSPECIFIED.);
#10412 = CARTESIAN_POINT('',(0.45,5.266615305568));
#10413 = CARTESIAN_POINT('',(0.45,5.302551691626));
#10414 = CARTESIAN_POINT('',(0.446531295499,5.33848744478));
#10415 = CARTESIAN_POINT('',(0.439593681298,5.373962423223));
#10416 = CARTESIAN_POINT('',(0.429274771393,5.408519096966));
#10417 = CARTESIAN_POINT('',(0.402227191168,5.474915735532));
#10418 = CARTESIAN_POINT('',(0.385503142809,5.506758520325));
#10419 = CARTESIAN_POINT('',(0.365744243465,5.536832040523));
#10420 = CARTESIAN_POINT('',(0.343202559054,5.564745097266));
#10421 = CARTESIAN_POINT('',(0.293220147792,5.615562300762));
#10422 = CARTESIAN_POINT('',(0.265784023943,5.638472398411));
#10423 = CARTESIAN_POINT('',(0.236208433967,5.658567817034));
#10424 = CARTESIAN_POINT('',(0.204875513891,5.675584009252));
#10425 = CARTESIAN_POINT('',(0.139563960873,5.703086738518));
#10426 = CARTESIAN_POINT('',(0.105586394922,5.713578534297));
#10427 = CARTESIAN_POINT('',(7.069607540305E-02,5.720635448363));
#10428 = CARTESIAN_POINT('',(3.534777634745E-02,5.724163799894));
#10429 = CARTESIAN_POINT('',(-1.758593271006E-13,5.724163799894));
#10430 = ( GEOMETRIC_REPRESENTATION_CONTEXT(2) 
PARAMETRIC_REPRESENTATION_CONTEXT() REPRESENTATION_CONTEXT('2D SPACE',''
  ) );
#10431 = PCURVE('',#8837,#10432);
#10432 = DEFINITIONAL_REPRESENTATION('',(#10433),#10452);
#10433 = B_SPLINE_CURVE_WITH_KNOTS('',5,(#10434,#10435,#10436,#10437,
    #10438,#10439,#10440,#10441,#10442,#10443,#10444,#10445,#10446,
    #10447,#10448,#10449,#10450,#10451),.UNSPECIFIED.,.F.,.F.,(6,4,4,4,6
    ),(0.,0.250323789429,0.500455457494,0.75032099105,1.),
  .UNSPECIFIED.);
#10434 = CARTESIAN_POINT('',(-6.466020444172,4.712388980385));
#10435 = CARTESIAN_POINT('',(-6.465871946709,4.790916545588));
#10436 = CARTESIAN_POINT('',(-6.465723749957,4.869445426804));
#10437 = CARTESIAN_POINT('',(-6.465577754504,4.94797896124));
#10438 = CARTESIAN_POINT('',(-6.465435817901,5.026525988688));
#10439 = CARTESIAN_POINT('',(-6.465163586717,5.18358984021));
#10440 = CARTESIAN_POINT('',(-6.465033280219,5.262108425529));
#10441 = CARTESIAN_POINT('',(-6.464910437716,5.340645064517));
#10442 = CARTESIAN_POINT('',(-6.464796598821,5.419205557937));
#10443 = CARTESIAN_POINT('',(-6.464589614923,5.576285122018));
#10444 = CARTESIAN_POINT('',(-6.464496445414,5.654806142068));
#10445 = CARTESIAN_POINT('',(-6.464414828572,5.733347034597));
#10446 = CARTESIAN_POINT('',(-6.464345781392,5.81190943619));
#10447 = CARTESIAN_POINT('',(-6.46423425135,5.969004359613));
#10448 = CARTESIAN_POINT('',(-6.464191747132,6.047539062136));
#10449 = CARTESIAN_POINT('',(-6.464163174041,6.126082934136));
#10450 = CARTESIAN_POINT('',(-6.464148887729,6.204634693074));
#10451 = CARTESIAN_POINT('',(-6.464148887729,6.28318530718));
#10452 = ( GEOMETRIC_REPRESENTATION_CONTEXT(2) 
PARAMETRIC_REPRESENTATION_CONTEXT() REPRESENTATION_CONTEXT('2D SPACE',''
  ) );
#10453 = ADVANCED_FACE('',(#10454),#8573,.T.);
#10454 = FACE_BOUND('',#10455,.T.);
#10455 = EDGE_LOOP('',(#10456,#10457,#10458,#10459));
#10456 = ORIENTED_EDGE('',*,*,#8557,.F.);
#10457 = ORIENTED_EDGE('',*,*,#10249,.T.);
#10458 = ORIENTED_EDGE('',*,*,#9967,.T.);
#10459 = ORIENTED_EDGE('',*,*,#10278,.F.);
#10460 = ADVANCED_FACE('',(#10461),#8467,.F.);
#10461 = FACE_BOUND('',#10462,.F.);
#10462 = EDGE_LOOP('',(#10463,#10464,#10485,#10486,#10487));
#10463 = ORIENTED_EDGE('',*,*,#9776,.F.);
#10464 = ORIENTED_EDGE('',*,*,#10465,.T.);
#10465 = EDGE_CURVE('',#9777,#8423,#10466,.T.);
#10466 = SURFACE_CURVE('',#10467,(#10471,#10478),.PCURVE_S1.);
#10467 = LINE('',#10468,#10469);
#10468 = CARTESIAN_POINT('',(-5.00000005,7.40000005,-8.000000000001));
#10469 = VECTOR('',#10470,1.);
#10470 = DIRECTION('',(0.,-1.,1.110223024625E-16));
#10471 = PCURVE('',#8467,#10472);
#10472 = DEFINITIONAL_REPRESENTATION('',(#10473),#10477);
#10473 = LINE('',#10474,#10475);
#10474 = CARTESIAN_POINT('',(0.,1.));
#10475 = VECTOR('',#10476,1.);
#10476 = DIRECTION('',(1.,0.));
#10477 = ( GEOMETRIC_REPRESENTATION_CONTEXT(2) 
PARAMETRIC_REPRESENTATION_CONTEXT() REPRESENTATION_CONTEXT('2D SPACE',''
  ) );
#10478 = PCURVE('',#8439,#10479);
#10479 = DEFINITIONAL_REPRESENTATION('',(#10480),#10484);
#10480 = LINE('',#10481,#10482);
#10481 = CARTESIAN_POINT('',(1.570796326795,0.));
#10482 = VECTOR('',#10483,1.);
#10483 = DIRECTION('',(0.,1.));
#10484 = ( GEOMETRIC_REPRESENTATION_CONTEXT(2) 
PARAMETRIC_REPRESENTATION_CONTEXT() REPRESENTATION_CONTEXT('2D SPACE',''
  ) );
#10485 = ORIENTED_EDGE('',*,*,#8451,.T.);
#10486 = ORIENTED_EDGE('',*,*,#9427,.T.);
#10487 = ORIENTED_EDGE('',*,*,#10488,.T.);
#10488 = EDGE_CURVE('',#9269,#9753,#10489,.T.);
#10489 = SURFACE_CURVE('',#10490,(#10509,#10531),.PCURVE_S1.);
#10490 = B_SPLINE_CURVE_WITH_KNOTS('',5,(#10491,#10492,#10493,#10494,
    #10495,#10496,#10497,#10498,#10499,#10500,#10501,#10502,#10503,
    #10504,#10505,#10506,#10507,#10508),.UNSPECIFIED.,.F.,.F.,(6,4,4,4,6
    ),(0.,0.250323789429,0.500455457494,0.75032099105,1.),
  .UNSPECIFIED.);
#10491 = CARTESIAN_POINT('',(-0.733384744432,6.95000005,-8.000000000001)
  );
#10492 = CARTESIAN_POINT('',(-0.697448358374,6.95000005,-8.000000000001)
  );
#10493 = CARTESIAN_POINT('',(-0.66151260522,6.953468754501,
    -8.000000000001));
#10494 = CARTESIAN_POINT('',(-0.626037626777,6.960406368702,
    -8.000000000001));
#10495 = CARTESIAN_POINT('',(-0.591480953034,6.970725278607,
    -8.000000000001));
#10496 = CARTESIAN_POINT('',(-0.525084314468,6.997772858832,
    -8.000000000001));
#10497 = CARTESIAN_POINT('',(-0.493241529675,7.014496907191,
    -8.000000000001));
#10498 = CARTESIAN_POINT('',(-0.463168009477,7.034255806535,
    -8.000000000001));
#10499 = CARTESIAN_POINT('',(-0.435254952734,7.056797490946,
    -8.000000000001));
#10500 = CARTESIAN_POINT('',(-0.384437749238,7.106779902208,
    -8.000000000001));
#10501 = CARTESIAN_POINT('',(-0.361527651589,7.134216026057,
    -8.000000000001));
#10502 = CARTESIAN_POINT('',(-0.341432232966,7.163791616033,
    -8.000000000001));
#10503 = CARTESIAN_POINT('',(-0.324416040748,7.195124536109,
    -8.000000000001));
#10504 = CARTESIAN_POINT('',(-0.296913311482,7.260436089127,
    -8.000000000001));
#10505 = CARTESIAN_POINT('',(-0.286421515704,7.294413655078,
    -8.000000000001));
#10506 = CARTESIAN_POINT('',(-0.279364601637,7.329303974597,
    -8.000000000001));
#10507 = CARTESIAN_POINT('',(-0.275836250106,7.364652273653,
    -8.000000000001));
#10508 = CARTESIAN_POINT('',(-0.275836250106,7.40000005,-8.000000000001)
  );
#10509 = PCURVE('',#8467,#10510);
#10510 = DEFINITIONAL_REPRESENTATION('',(#10511),#10530);
#10511 = B_SPLINE_CURVE_WITH_KNOTS('',5,(#10512,#10513,#10514,#10515,
    #10516,#10517,#10518,#10519,#10520,#10521,#10522,#10523,#10524,
    #10525,#10526,#10527,#10528,#10529),.UNSPECIFIED.,.F.,.F.,(6,4,4,4,6
    ),(0.,0.250323789429,0.500455457494,0.75032099105,1.),
  .UNSPECIFIED.);
#10512 = CARTESIAN_POINT('',(0.45,5.266615305568));
#10513 = CARTESIAN_POINT('',(0.45,5.302551691626));
#10514 = CARTESIAN_POINT('',(0.446531295499,5.33848744478));
#10515 = CARTESIAN_POINT('',(0.439593681298,5.373962423223));
#10516 = CARTESIAN_POINT('',(0.429274771393,5.408519096966));
#10517 = CARTESIAN_POINT('',(0.402227191168,5.474915735532));
#10518 = CARTESIAN_POINT('',(0.385503142809,5.506758520325));
#10519 = CARTESIAN_POINT('',(0.365744243465,5.536832040523));
#10520 = CARTESIAN_POINT('',(0.343202559054,5.564745097266));
#10521 = CARTESIAN_POINT('',(0.293220147792,5.615562300762));
#10522 = CARTESIAN_POINT('',(0.265784023943,5.638472398411));
#10523 = CARTESIAN_POINT('',(0.236208433967,5.658567817034));
#10524 = CARTESIAN_POINT('',(0.204875513891,5.675584009252));
#10525 = CARTESIAN_POINT('',(0.139563960873,5.703086738518));
#10526 = CARTESIAN_POINT('',(0.105586394922,5.713578534296));
#10527 = CARTESIAN_POINT('',(7.069607540306E-02,5.720635448363));
#10528 = CARTESIAN_POINT('',(3.534777634742E-02,5.724163799894));
#10529 = CARTESIAN_POINT('',(-2.060573933704E-13,5.724163799894));
#10530 = ( GEOMETRIC_REPRESENTATION_CONTEXT(2) 
PARAMETRIC_REPRESENTATION_CONTEXT() REPRESENTATION_CONTEXT('2D SPACE',''
  ) );
#10531 = PCURVE('',#9374,#10532);
#10532 = DEFINITIONAL_REPRESENTATION('',(#10533),#10552);
#10533 = B_SPLINE_CURVE_WITH_KNOTS('',5,(#10534,#10535,#10536,#10537,
    #10538,#10539,#10540,#10541,#10542,#10543,#10544,#10545,#10546,
    #10547,#10548,#10549,#10550,#10551),.UNSPECIFIED.,.F.,.F.,(6,4,4,4,6
    ),(0.,0.250323789429,0.500455457494,0.75032099105,1.),
  .UNSPECIFIED.);
#10534 = CARTESIAN_POINT('',(-6.100350170187,4.712388980385));
#10535 = CARTESIAN_POINT('',(-6.10049866765,4.790916545588));
#10536 = CARTESIAN_POINT('',(-6.100646864402,4.869445426804));
#10537 = CARTESIAN_POINT('',(-6.100792859855,4.94797896124));
#10538 = CARTESIAN_POINT('',(-6.100934796458,5.026525988688));
#10539 = CARTESIAN_POINT('',(-6.101207027642,5.18358984021));
#10540 = CARTESIAN_POINT('',(-6.10133733414,5.262108425529));
#10541 = CARTESIAN_POINT('',(-6.101460176644,5.340645064517));
#10542 = CARTESIAN_POINT('',(-6.101574015539,5.419205557937));
#10543 = CARTESIAN_POINT('',(-6.101780999436,5.576285122018));
#10544 = CARTESIAN_POINT('',(-6.101874168946,5.654806142068));
#10545 = CARTESIAN_POINT('',(-6.101955785787,5.733347034596));
#10546 = CARTESIAN_POINT('',(-6.102024832967,5.81190943619));
#10547 = CARTESIAN_POINT('',(-6.102136363009,5.969004359613));
#10548 = CARTESIAN_POINT('',(-6.102178867227,6.047539062137));
#10549 = CARTESIAN_POINT('',(-6.102207440318,6.126082934136));
#10550 = CARTESIAN_POINT('',(-6.10222172663,6.204634693074));
#10551 = CARTESIAN_POINT('',(-6.10222172663,6.28318530718));
#10552 = ( GEOMETRIC_REPRESENTATION_CONTEXT(2) 
PARAMETRIC_REPRESENTATION_CONTEXT() REPRESENTATION_CONTEXT('2D SPACE',''
  ) );
#10553 = ADVANCED_FACE('',(#10554),#8439,.T.);
#10554 = FACE_BOUND('',#10555,.T.);
#10555 = EDGE_LOOP('',(#10556,#10557,#10558,#10559));
#10556 = ORIENTED_EDGE('',*,*,#9799,.T.);
#10557 = ORIENTED_EDGE('',*,*,#10465,.T.);
#10558 = ORIENTED_EDGE('',*,*,#8422,.F.);
#10559 = ORIENTED_EDGE('',*,*,#10311,.F.);
#10560 = ADVANCED_FACE('',(#10561),#8837,.F.);
#10561 = FACE_BOUND('',#10562,.T.);
#10562 = EDGE_LOOP('',(#10563,#10564,#10565));
#10563 = ORIENTED_EDGE('',*,*,#8725,.T.);
#10564 = ORIENTED_EDGE('',*,*,#9897,.F.);
#10565 = ORIENTED_EDGE('',*,*,#10388,.F.);
#10566 = ADVANCED_FACE('',(#10567),#9374,.F.);
#10567 = FACE_BOUND('',#10568,.T.);
#10568 = EDGE_LOOP('',(#10569,#10570,#10571));
#10569 = ORIENTED_EDGE('',*,*,#10488,.T.);
#10570 = ORIENTED_EDGE('',*,*,#9752,.F.);
#10571 = ORIENTED_EDGE('',*,*,#9268,.F.);
#10572 = ADVANCED_FACE('',(#10573),#10034,.F.);
#10573 = FACE_BOUND('',#10574,.T.);
#10574 = EDGE_LOOP('',(#10575,#10605,#10638,#10666,#10699,#10727,#10755,
    #10783,#10811,#10839,#10867,#10888,#10889,#10912));
#10575 = ORIENTED_EDGE('',*,*,#10576,.T.);
#10576 = EDGE_CURVE('',#10577,#10579,#10581,.T.);
#10577 = VERTEX_POINT('',#10578);
#10578 = CARTESIAN_POINT('',(-3.00000005,16.60000005,-5.000000000001));
#10579 = VERTEX_POINT('',#10580);
#10580 = CARTESIAN_POINT('',(-3.00000005,8.30000005,-5.000000000001));
#10581 = SURFACE_CURVE('',#10582,(#10586,#10593),.PCURVE_S1.);
#10582 = LINE('',#10583,#10584);
#10583 = CARTESIAN_POINT('',(-3.00000005,16.60000005,-5.000000000001));
#10584 = VECTOR('',#10585,1.);
#10585 = DIRECTION('',(0.,-1.,1.110223024625E-16));
#10586 = PCURVE('',#10034,#10587);
#10587 = DEFINITIONAL_REPRESENTATION('',(#10588),#10592);
#10588 = LINE('',#10589,#10590);
#10589 = CARTESIAN_POINT('',(9.992007221626E-17,-0.9));
#10590 = VECTOR('',#10591,1.);
#10591 = DIRECTION('',(-1.,0.));
#10592 = ( GEOMETRIC_REPRESENTATION_CONTEXT(2) 
PARAMETRIC_REPRESENTATION_CONTEXT() REPRESENTATION_CONTEXT('2D SPACE',''
  ) );
#10593 = PCURVE('',#10594,#10599);
#10594 = PLANE('',#10595);
#10595 = AXIS2_PLACEMENT_3D('',#10596,#10597,#10598);
#10596 = CARTESIAN_POINT('',(-3.00000005,16.60000005,-5.000000000001));
#10597 = DIRECTION('',(0.,-1.110223024625E-16,-1.));
#10598 = DIRECTION('',(-0.,1.,-1.110223024625E-16));
#10599 = DEFINITIONAL_REPRESENTATION('',(#10600),#10604);
#10600 = LINE('',#10601,#10602);
#10601 = CARTESIAN_POINT('',(-0.,0.));
#10602 = VECTOR('',#10603,1.);
#10603 = DIRECTION('',(-1.,0.));
#10604 = ( GEOMETRIC_REPRESENTATION_CONTEXT(2) 
PARAMETRIC_REPRESENTATION_CONTEXT() REPRESENTATION_CONTEXT('2D SPACE',''
  ) );
#10605 = ORIENTED_EDGE('',*,*,#10606,.F.);
#10606 = EDGE_CURVE('',#10607,#10579,#10609,.T.);
#10607 = VERTEX_POINT('',#10608);
#10608 = CARTESIAN_POINT('',(-3.00000005,8.10000005,-5.200000000001));
#10609 = SURFACE_CURVE('',#10610,(#10615,#10626),.PCURVE_S1.);
#10610 = CIRCLE('',#10611,0.2);
#10611 = AXIS2_PLACEMENT_3D('',#10612,#10613,#10614);
#10612 = CARTESIAN_POINT('',(-3.00000005,8.30000005,-5.200000000001));
#10613 = DIRECTION('',(-1.,0.,0.));
#10614 = DIRECTION('',(0.,-1.,1.110223024625E-16));
#10615 = PCURVE('',#10034,#10616);
#10616 = DEFINITIONAL_REPRESENTATION('',(#10617),#10625);
#10617 = ( BOUNDED_CURVE() B_SPLINE_CURVE(2,(#10618,#10619,#10620,#10621
    ,#10622,#10623,#10624),.UNSPECIFIED.,.T.,.F.) 
B_SPLINE_CURVE_WITH_KNOTS((1,2,2,2,2,1),(-2.094395102393,0.,
    2.094395102393,4.188790204786,6.28318530718,8.377580409573),
.UNSPECIFIED.) CURVE() GEOMETRIC_REPRESENTATION_ITEM() 
RATIONAL_B_SPLINE_CURVE((1.,0.5,1.,0.5,1.,0.5,1.)) REPRESENTATION_ITEM(
  '') );
#10618 = CARTESIAN_POINT('',(-8.5,-1.1));
#10619 = CARTESIAN_POINT('',(-8.5,-0.753589838486));
#10620 = CARTESIAN_POINT('',(-8.2,-0.926794919243));
#10621 = CARTESIAN_POINT('',(-7.9,-1.1));
#10622 = CARTESIAN_POINT('',(-8.2,-1.273205080757));
#10623 = CARTESIAN_POINT('',(-8.5,-1.446410161514));
#10624 = CARTESIAN_POINT('',(-8.5,-1.1));
#10625 = ( GEOMETRIC_REPRESENTATION_CONTEXT(2) 
PARAMETRIC_REPRESENTATION_CONTEXT() REPRESENTATION_CONTEXT('2D SPACE',''
  ) );
#10626 = PCURVE('',#10627,#10632);
#10627 = CYLINDRICAL_SURFACE('',#10628,0.2);
#10628 = AXIS2_PLACEMENT_3D('',#10629,#10630,#10631);
#10629 = CARTESIAN_POINT('',(-3.00000005,8.30000005,-5.200000000001));
#10630 = DIRECTION('',(1.,0.,0.));
#10631 = DIRECTION('',(0.,-1.,1.110223024625E-16));
#10632 = DEFINITIONAL_REPRESENTATION('',(#10633),#10637);
#10633 = LINE('',#10634,#10635);
#10634 = CARTESIAN_POINT('',(-0.,0.));
#10635 = VECTOR('',#10636,1.);
#10636 = DIRECTION('',(-1.,0.));
#10637 = ( GEOMETRIC_REPRESENTATION_CONTEXT(2) 
PARAMETRIC_REPRESENTATION_CONTEXT() REPRESENTATION_CONTEXT('2D SPACE',''
  ) );
#10638 = ORIENTED_EDGE('',*,*,#10639,.T.);
#10639 = EDGE_CURVE('',#10607,#10640,#10642,.T.);
#10640 = VERTEX_POINT('',#10641);
#10641 = CARTESIAN_POINT('',(-3.00000005,8.10000005,-5.300000000001));
#10642 = SURFACE_CURVE('',#10643,(#10647,#10654),.PCURVE_S1.);
#10643 = LINE('',#10644,#10645);
#10644 = CARTESIAN_POINT('',(-3.00000005,8.10000005,-4.100000000001));
#10645 = VECTOR('',#10646,1.);
#10646 = DIRECTION('',(0.,-1.110223024625E-16,-1.));
#10647 = PCURVE('',#10034,#10648);
#10648 = DEFINITIONAL_REPRESENTATION('',(#10649),#10653);
#10649 = LINE('',#10650,#10651);
#10650 = CARTESIAN_POINT('',(-8.5,-9.436895709314E-16));
#10651 = VECTOR('',#10652,1.);
#10652 = DIRECTION('',(-0.,-1.));
#10653 = ( GEOMETRIC_REPRESENTATION_CONTEXT(2) 
PARAMETRIC_REPRESENTATION_CONTEXT() REPRESENTATION_CONTEXT('2D SPACE',''
  ) );
#10654 = PCURVE('',#10655,#10660);
#10655 = PLANE('',#10656);
#10656 = AXIS2_PLACEMENT_3D('',#10657,#10658,#10659);
#10657 = CARTESIAN_POINT('',(-3.00000005,8.10000005,-4.100000000001));
#10658 = DIRECTION('',(0.,-1.,1.110223024625E-16));
#10659 = DIRECTION('',(-1.,-0.,0.));
#10660 = DEFINITIONAL_REPRESENTATION('',(#10661),#10665);
#10661 = LINE('',#10662,#10663);
#10662 = CARTESIAN_POINT('',(-0.,0.));
#10663 = VECTOR('',#10664,1.);
#10664 = DIRECTION('',(-0.,1.));
#10665 = ( GEOMETRIC_REPRESENTATION_CONTEXT(2) 
PARAMETRIC_REPRESENTATION_CONTEXT() REPRESENTATION_CONTEXT('2D SPACE',''
  ) );
#10666 = ORIENTED_EDGE('',*,*,#10667,.F.);
#10667 = EDGE_CURVE('',#10668,#10640,#10670,.T.);
#10668 = VERTEX_POINT('',#10669);
#10669 = CARTESIAN_POINT('',(-3.00000005,8.30000005,-5.500000000001));
#10670 = SURFACE_CURVE('',#10671,(#10676,#10687),.PCURVE_S1.);
#10671 = CIRCLE('',#10672,0.2);
#10672 = AXIS2_PLACEMENT_3D('',#10673,#10674,#10675);
#10673 = CARTESIAN_POINT('',(-3.00000005,8.30000005,-5.300000000001));
#10674 = DIRECTION('',(-1.,0.,0.));
#10675 = DIRECTION('',(0.,-1.,1.110223024625E-16));
#10676 = PCURVE('',#10034,#10677);
#10677 = DEFINITIONAL_REPRESENTATION('',(#10678),#10686);
#10678 = ( BOUNDED_CURVE() B_SPLINE_CURVE(2,(#10679,#10680,#10681,#10682
    ,#10683,#10684,#10685),.UNSPECIFIED.,.T.,.F.) 
B_SPLINE_CURVE_WITH_KNOTS((1,2,2,2,2,1),(-2.094395102393,0.,
    2.094395102393,4.188790204786,6.28318530718,8.377580409573),
.UNSPECIFIED.) CURVE() GEOMETRIC_REPRESENTATION_ITEM() 
RATIONAL_B_SPLINE_CURVE((1.,0.5,1.,0.5,1.,0.5,1.)) REPRESENTATION_ITEM(
  '') );
#10679 = CARTESIAN_POINT('',(-8.5,-1.2));
#10680 = CARTESIAN_POINT('',(-8.5,-0.853589838486));
#10681 = CARTESIAN_POINT('',(-8.2,-1.026794919243));
#10682 = CARTESIAN_POINT('',(-7.9,-1.2));
#10683 = CARTESIAN_POINT('',(-8.2,-1.373205080757));
#10684 = CARTESIAN_POINT('',(-8.5,-1.546410161514));
#10685 = CARTESIAN_POINT('',(-8.5,-1.2));
#10686 = ( GEOMETRIC_REPRESENTATION_CONTEXT(2) 
PARAMETRIC_REPRESENTATION_CONTEXT() REPRESENTATION_CONTEXT('2D SPACE',''
  ) );
#10687 = PCURVE('',#10688,#10693);
#10688 = CYLINDRICAL_SURFACE('',#10689,0.2);
#10689 = AXIS2_PLACEMENT_3D('',#10690,#10691,#10692);
#10690 = CARTESIAN_POINT('',(-3.00000005,8.30000005,-5.300000000001));
#10691 = DIRECTION('',(1.,0.,0.));
#10692 = DIRECTION('',(0.,-1.110223024625E-16,-1.));
#10693 = DEFINITIONAL_REPRESENTATION('',(#10694),#10698);
#10694 = LINE('',#10695,#10696);
#10695 = CARTESIAN_POINT('',(4.712388980385,-0.));
#10696 = VECTOR('',#10697,1.);
#10697 = DIRECTION('',(-1.,0.));
#10698 = ( GEOMETRIC_REPRESENTATION_CONTEXT(2) 
PARAMETRIC_REPRESENTATION_CONTEXT() REPRESENTATION_CONTEXT('2D SPACE',''
  ) );
#10699 = ORIENTED_EDGE('',*,*,#10700,.F.);
#10700 = EDGE_CURVE('',#10701,#10668,#10703,.T.);
#10701 = VERTEX_POINT('',#10702);
#10702 = CARTESIAN_POINT('',(-3.00000005,16.60000005,-5.500000000001));
#10703 = SURFACE_CURVE('',#10704,(#10708,#10715),.PCURVE_S1.);
#10704 = LINE('',#10705,#10706);
#10705 = CARTESIAN_POINT('',(-3.00000005,16.60000005,-5.500000000001));
#10706 = VECTOR('',#10707,1.);
#10707 = DIRECTION('',(0.,-1.,1.110223024625E-16));
#10708 = PCURVE('',#10034,#10709);
#10709 = DEFINITIONAL_REPRESENTATION('',(#10710),#10714);
#10710 = LINE('',#10711,#10712);
#10711 = CARTESIAN_POINT('',(1.554312234475E-16,-1.4));
#10712 = VECTOR('',#10713,1.);
#10713 = DIRECTION('',(-1.,0.));
#10714 = ( GEOMETRIC_REPRESENTATION_CONTEXT(2) 
PARAMETRIC_REPRESENTATION_CONTEXT() REPRESENTATION_CONTEXT('2D SPACE',''
  ) );
#10715 = PCURVE('',#10716,#10721);
#10716 = PLANE('',#10717);
#10717 = AXIS2_PLACEMENT_3D('',#10718,#10719,#10720);
#10718 = CARTESIAN_POINT('',(-3.00000005,16.60000005,-5.500000000001));
#10719 = DIRECTION('',(0.,-1.110223024625E-16,-1.));
#10720 = DIRECTION('',(-0.,1.,-1.110223024625E-16));
#10721 = DEFINITIONAL_REPRESENTATION('',(#10722),#10726);
#10722 = LINE('',#10723,#10724);
#10723 = CARTESIAN_POINT('',(-0.,0.));
#10724 = VECTOR('',#10725,1.);
#10725 = DIRECTION('',(-1.,0.));
#10726 = ( GEOMETRIC_REPRESENTATION_CONTEXT(2) 
PARAMETRIC_REPRESENTATION_CONTEXT() REPRESENTATION_CONTEXT('2D SPACE',''
  ) );
#10727 = ORIENTED_EDGE('',*,*,#10728,.T.);
#10728 = EDGE_CURVE('',#10701,#10729,#10731,.T.);
#10729 = VERTEX_POINT('',#10730);
#10730 = CARTESIAN_POINT('',(-3.00000005,16.60000005,-6.300000000001));
#10731 = SURFACE_CURVE('',#10732,(#10736,#10743),.PCURVE_S1.);
#10732 = LINE('',#10733,#10734);
#10733 = CARTESIAN_POINT('',(-3.00000005,16.60000005,-5.500000000001));
#10734 = VECTOR('',#10735,1.);
#10735 = DIRECTION('',(0.,-1.110223024625E-16,-1.));
#10736 = PCURVE('',#10034,#10737);
#10737 = DEFINITIONAL_REPRESENTATION('',(#10738),#10742);
#10738 = LINE('',#10739,#10740);
#10739 = CARTESIAN_POINT('',(1.554312234475E-16,-1.4));
#10740 = VECTOR('',#10741,1.);
#10741 = DIRECTION('',(-0.,-1.));
#10742 = ( GEOMETRIC_REPRESENTATION_CONTEXT(2) 
PARAMETRIC_REPRESENTATION_CONTEXT() REPRESENTATION_CONTEXT('2D SPACE',''
  ) );
#10743 = PCURVE('',#10744,#10749);
#10744 = PLANE('',#10745);
#10745 = AXIS2_PLACEMENT_3D('',#10746,#10747,#10748);
#10746 = CARTESIAN_POINT('',(-3.00000005,16.60000005,-5.500000000001));
#10747 = DIRECTION('',(0.,-1.,1.110223024625E-16));
#10748 = DIRECTION('',(-1.,-0.,0.));
#10749 = DEFINITIONAL_REPRESENTATION('',(#10750),#10754);
#10750 = LINE('',#10751,#10752);
#10751 = CARTESIAN_POINT('',(-0.,0.));
#10752 = VECTOR('',#10753,1.);
#10753 = DIRECTION('',(-0.,1.));
#10754 = ( GEOMETRIC_REPRESENTATION_CONTEXT(2) 
PARAMETRIC_REPRESENTATION_CONTEXT() REPRESENTATION_CONTEXT('2D SPACE',''
  ) );
#10755 = ORIENTED_EDGE('',*,*,#10756,.F.);
#10756 = EDGE_CURVE('',#10757,#10729,#10759,.T.);
#10757 = VERTEX_POINT('',#10758);
#10758 = CARTESIAN_POINT('',(-3.00000005,14.071428621429,-6.300000000001
    ));
#10759 = SURFACE_CURVE('',#10760,(#10764,#10771),.PCURVE_S1.);
#10760 = LINE('',#10761,#10762);
#10761 = CARTESIAN_POINT('',(-3.00000005,6.90000005,-6.300000000001));
#10762 = VECTOR('',#10763,1.);
#10763 = DIRECTION('',(0.,1.,-8.813110607849E-17));
#10764 = PCURVE('',#10034,#10765);
#10765 = DEFINITIONAL_REPRESENTATION('',(#10766),#10770);
#10766 = LINE('',#10767,#10768);
#10767 = CARTESIAN_POINT('',(-9.7,-2.2));
#10768 = VECTOR('',#10769,1.);
#10769 = DIRECTION('',(1.,2.289119638402E-17));
#10770 = ( GEOMETRIC_REPRESENTATION_CONTEXT(2) 
PARAMETRIC_REPRESENTATION_CONTEXT() REPRESENTATION_CONTEXT('2D SPACE',''
  ) );
#10771 = PCURVE('',#10772,#10777);
#10772 = PLANE('',#10773);
#10773 = AXIS2_PLACEMENT_3D('',#10774,#10775,#10776);
#10774 = CARTESIAN_POINT('',(-3.00000005,16.60000005,-6.300000000001));
#10775 = DIRECTION('',(0.,-1.110223024625E-16,-1.));
#10776 = DIRECTION('',(-0.,1.,-1.110223024625E-16));
#10777 = DEFINITIONAL_REPRESENTATION('',(#10778),#10782);
#10778 = LINE('',#10779,#10780);
#10779 = CARTESIAN_POINT('',(-9.7,0.));
#10780 = VECTOR('',#10781,1.);
#10781 = DIRECTION('',(1.,-0.));
#10782 = ( GEOMETRIC_REPRESENTATION_CONTEXT(2) 
PARAMETRIC_REPRESENTATION_CONTEXT() REPRESENTATION_CONTEXT('2D SPACE',''
  ) );
#10783 = ORIENTED_EDGE('',*,*,#10784,.T.);
#10784 = EDGE_CURVE('',#10757,#10785,#10787,.T.);
#10785 = VERTEX_POINT('',#10786);
#10786 = CARTESIAN_POINT('',(-3.00000005,13.30000005,-6.900000000001));
#10787 = SURFACE_CURVE('',#10788,(#10792,#10799),.PCURVE_S1.);
#10788 = LINE('',#10789,#10790);
#10789 = CARTESIAN_POINT('',(-3.00000005,14.20000005,-6.200000000001));
#10790 = VECTOR('',#10791,1.);
#10791 = DIRECTION('',(0.,-0.789352217376,-0.613940613515));
#10792 = PCURVE('',#10034,#10793);
#10793 = DEFINITIONAL_REPRESENTATION('',(#10794),#10798);
#10794 = LINE('',#10795,#10796);
#10795 = CARTESIAN_POINT('',(-2.4,-2.1));
#10796 = VECTOR('',#10797,1.);
#10797 = DIRECTION('',(-0.789352217376,-0.613940613515));
#10798 = ( GEOMETRIC_REPRESENTATION_CONTEXT(2) 
PARAMETRIC_REPRESENTATION_CONTEXT() REPRESENTATION_CONTEXT('2D SPACE',''
  ) );
#10799 = PCURVE('',#10800,#10805);
#10800 = PLANE('',#10801);
#10801 = AXIS2_PLACEMENT_3D('',#10802,#10803,#10804);
#10802 = CARTESIAN_POINT('',(-3.00000005,14.20000005,-6.200000000001));
#10803 = DIRECTION('',(0.,-0.613940613515,0.789352217376));
#10804 = DIRECTION('',(-0.,0.789352217376,0.613940613515));
#10805 = DEFINITIONAL_REPRESENTATION('',(#10806),#10810);
#10806 = LINE('',#10807,#10808);
#10807 = CARTESIAN_POINT('',(-0.,0.));
#10808 = VECTOR('',#10809,1.);
#10809 = DIRECTION('',(-1.,-0.));
#10810 = ( GEOMETRIC_REPRESENTATION_CONTEXT(2) 
PARAMETRIC_REPRESENTATION_CONTEXT() REPRESENTATION_CONTEXT('2D SPACE',''
  ) );
#10811 = ORIENTED_EDGE('',*,*,#10812,.T.);
#10812 = EDGE_CURVE('',#10785,#10813,#10815,.T.);
#10813 = VERTEX_POINT('',#10814);
#10814 = CARTESIAN_POINT('',(-3.00000005,12.80000005,-6.900000000001));
#10815 = SURFACE_CURVE('',#10816,(#10820,#10827),.PCURVE_S1.);
#10816 = LINE('',#10817,#10818);
#10817 = CARTESIAN_POINT('',(-3.00000005,13.30000005,-6.900000000001));
#10818 = VECTOR('',#10819,1.);
#10819 = DIRECTION('',(0.,-1.,1.110223024625E-16));
#10820 = PCURVE('',#10034,#10821);
#10821 = DEFINITIONAL_REPRESENTATION('',(#10822),#10826);
#10822 = LINE('',#10823,#10824);
#10823 = CARTESIAN_POINT('',(-3.3,-2.8));
#10824 = VECTOR('',#10825,1.);
#10825 = DIRECTION('',(-1.,0.));
#10826 = ( GEOMETRIC_REPRESENTATION_CONTEXT(2) 
PARAMETRIC_REPRESENTATION_CONTEXT() REPRESENTATION_CONTEXT('2D SPACE',''
  ) );
#10827 = PCURVE('',#10828,#10833);
#10828 = PLANE('',#10829);
#10829 = AXIS2_PLACEMENT_3D('',#10830,#10831,#10832);
#10830 = CARTESIAN_POINT('',(-3.00000005,13.30000005,-6.900000000001));
#10831 = DIRECTION('',(0.,1.110223024625E-16,1.));
#10832 = DIRECTION('',(-0.,1.,-1.110223024625E-16));
#10833 = DEFINITIONAL_REPRESENTATION('',(#10834),#10838);
#10834 = LINE('',#10835,#10836);
#10835 = CARTESIAN_POINT('',(-0.,0.));
#10836 = VECTOR('',#10837,1.);
#10837 = DIRECTION('',(-1.,0.));
#10838 = ( GEOMETRIC_REPRESENTATION_CONTEXT(2) 
PARAMETRIC_REPRESENTATION_CONTEXT() REPRESENTATION_CONTEXT('2D SPACE',''
  ) );
#10839 = ORIENTED_EDGE('',*,*,#10840,.T.);
#10840 = EDGE_CURVE('',#10813,#10841,#10843,.T.);
#10841 = VERTEX_POINT('',#10842);
#10842 = CARTESIAN_POINT('',(-3.00000005,12.80000005,-6.300000000001));
#10843 = SURFACE_CURVE('',#10844,(#10848,#10855),.PCURVE_S1.);
#10844 = LINE('',#10845,#10846);
#10845 = CARTESIAN_POINT('',(-3.00000005,12.80000005,-6.900000000001));
#10846 = VECTOR('',#10847,1.);
#10847 = DIRECTION('',(0.,1.110223024625E-16,1.));
#10848 = PCURVE('',#10034,#10849);
#10849 = DEFINITIONAL_REPRESENTATION('',(#10850),#10854);
#10850 = LINE('',#10851,#10852);
#10851 = CARTESIAN_POINT('',(-3.8,-2.8));
#10852 = VECTOR('',#10853,1.);
#10853 = DIRECTION('',(-0.,1.));
#10854 = ( GEOMETRIC_REPRESENTATION_CONTEXT(2) 
PARAMETRIC_REPRESENTATION_CONTEXT() REPRESENTATION_CONTEXT('2D SPACE',''
  ) );
#10855 = PCURVE('',#10856,#10861);
#10856 = PLANE('',#10857);
#10857 = AXIS2_PLACEMENT_3D('',#10858,#10859,#10860);
#10858 = CARTESIAN_POINT('',(-3.00000005,12.80000005,-6.900000000001));
#10859 = DIRECTION('',(0.,1.,-1.110223024625E-16));
#10860 = DIRECTION('',(-0.,-1.110223024625E-16,-1.));
#10861 = DEFINITIONAL_REPRESENTATION('',(#10862),#10866);
#10862 = LINE('',#10863,#10864);
#10863 = CARTESIAN_POINT('',(-0.,0.));
#10864 = VECTOR('',#10865,1.);
#10865 = DIRECTION('',(-1.,0.));
#10866 = ( GEOMETRIC_REPRESENTATION_CONTEXT(2) 
PARAMETRIC_REPRESENTATION_CONTEXT() REPRESENTATION_CONTEXT('2D SPACE',''
  ) );
#10867 = ORIENTED_EDGE('',*,*,#10868,.F.);
#10868 = EDGE_CURVE('',#10017,#10841,#10869,.T.);
#10869 = SURFACE_CURVE('',#10870,(#10874,#10881),.PCURVE_S1.);
#10870 = LINE('',#10871,#10872);
#10871 = CARTESIAN_POINT('',(-3.00000005,6.90000005,-6.300000000001));
#10872 = VECTOR('',#10873,1.);
#10873 = DIRECTION('',(0.,1.,-8.813110607849E-17));
#10874 = PCURVE('',#10034,#10875);
#10875 = DEFINITIONAL_REPRESENTATION('',(#10876),#10880);
#10876 = LINE('',#10877,#10878);
#10877 = CARTESIAN_POINT('',(-9.7,-2.2));
#10878 = VECTOR('',#10879,1.);
#10879 = DIRECTION('',(1.,2.289119638402E-17));
#10880 = ( GEOMETRIC_REPRESENTATION_CONTEXT(2) 
PARAMETRIC_REPRESENTATION_CONTEXT() REPRESENTATION_CONTEXT('2D SPACE',''
  ) );
#10881 = PCURVE('',#10062,#10882);
#10882 = DEFINITIONAL_REPRESENTATION('',(#10883),#10887);
#10883 = LINE('',#10884,#10885);
#10884 = CARTESIAN_POINT('',(-9.7,0.));
#10885 = VECTOR('',#10886,1.);
#10886 = DIRECTION('',(1.,-0.));
#10887 = ( GEOMETRIC_REPRESENTATION_CONTEXT(2) 
PARAMETRIC_REPRESENTATION_CONTEXT() REPRESENTATION_CONTEXT('2D SPACE',''
  ) );
#10888 = ORIENTED_EDGE('',*,*,#10016,.T.);
#10889 = ORIENTED_EDGE('',*,*,#10890,.F.);
#10890 = EDGE_CURVE('',#10891,#10019,#10893,.T.);
#10891 = VERTEX_POINT('',#10892);
#10892 = CARTESIAN_POINT('',(-3.00000005,16.60000005,-4.100000000001));
#10893 = SURFACE_CURVE('',#10894,(#10898,#10905),.PCURVE_S1.);
#10894 = LINE('',#10895,#10896);
#10895 = CARTESIAN_POINT('',(-3.00000005,16.60000005,-4.100000000001));
#10896 = VECTOR('',#10897,1.);
#10897 = DIRECTION('',(0.,-1.,1.110223024625E-16));
#10898 = PCURVE('',#10034,#10899);
#10899 = DEFINITIONAL_REPRESENTATION('',(#10900),#10904);
#10900 = LINE('',#10901,#10902);
#10901 = CARTESIAN_POINT('',(-0.,0.));
#10902 = VECTOR('',#10903,1.);
#10903 = DIRECTION('',(-1.,0.));
#10904 = ( GEOMETRIC_REPRESENTATION_CONTEXT(2) 
PARAMETRIC_REPRESENTATION_CONTEXT() REPRESENTATION_CONTEXT('2D SPACE',''
  ) );
#10905 = PCURVE('',#10116,#10906);
#10906 = DEFINITIONAL_REPRESENTATION('',(#10907),#10911);
#10907 = LINE('',#10908,#10909);
#10908 = CARTESIAN_POINT('',(-0.,0.));
#10909 = VECTOR('',#10910,1.);
#10910 = DIRECTION('',(-1.,0.));
#10911 = ( GEOMETRIC_REPRESENTATION_CONTEXT(2) 
PARAMETRIC_REPRESENTATION_CONTEXT() REPRESENTATION_CONTEXT('2D SPACE',''
  ) );
#10912 = ORIENTED_EDGE('',*,*,#10913,.T.);
#10913 = EDGE_CURVE('',#10891,#10577,#10914,.T.);
#10914 = SURFACE_CURVE('',#10915,(#10919,#10926),.PCURVE_S1.);
#10915 = LINE('',#10916,#10917);
#10916 = CARTESIAN_POINT('',(-3.00000005,16.60000005,-4.100000000001));
#10917 = VECTOR('',#10918,1.);
#10918 = DIRECTION('',(0.,-1.110223024625E-16,-1.));
#10919 = PCURVE('',#10034,#10920);
#10920 = DEFINITIONAL_REPRESENTATION('',(#10921),#10925);
#10921 = LINE('',#10922,#10923);
#10922 = CARTESIAN_POINT('',(-0.,0.));
#10923 = VECTOR('',#10924,1.);
#10924 = DIRECTION('',(-0.,-1.));
#10925 = ( GEOMETRIC_REPRESENTATION_CONTEXT(2) 
PARAMETRIC_REPRESENTATION_CONTEXT() REPRESENTATION_CONTEXT('2D SPACE',''
  ) );
#10926 = PCURVE('',#10927,#10932);
#10927 = PLANE('',#10928);
#10928 = AXIS2_PLACEMENT_3D('',#10929,#10930,#10931);
#10929 = CARTESIAN_POINT('',(-3.00000005,16.60000005,-4.100000000001));
#10930 = DIRECTION('',(0.,-1.,1.110223024625E-16));
#10931 = DIRECTION('',(-1.,-0.,0.));
#10932 = DEFINITIONAL_REPRESENTATION('',(#10933),#10937);
#10933 = LINE('',#10934,#10935);
#10934 = CARTESIAN_POINT('',(-0.,0.));
#10935 = VECTOR('',#10936,1.);
#10936 = DIRECTION('',(-0.,1.));
#10937 = ( GEOMETRIC_REPRESENTATION_CONTEXT(2) 
PARAMETRIC_REPRESENTATION_CONTEXT() REPRESENTATION_CONTEXT('2D SPACE',''
  ) );
#10938 = ADVANCED_FACE('',(#10939),#10062,.T.);
#10939 = FACE_BOUND('',#10940,.F.);
#10940 = EDGE_LOOP('',(#10941,#10964,#10985,#10986));
#10941 = ORIENTED_EDGE('',*,*,#10942,.F.);
#10942 = EDGE_CURVE('',#10943,#10047,#10945,.T.);
#10943 = VERTEX_POINT('',#10944);
#10944 = CARTESIAN_POINT('',(-1.00000005,12.80000005,-6.300000000001));
#10945 = SURFACE_CURVE('',#10946,(#10950,#10957),.PCURVE_S1.);
#10946 = LINE('',#10947,#10948);
#10947 = CARTESIAN_POINT('',(-1.00000005,16.60000005,-6.300000000001));
#10948 = VECTOR('',#10949,1.);
#10949 = DIRECTION('',(0.,-1.,8.813110607849E-17));
#10950 = PCURVE('',#10062,#10951);
#10951 = DEFINITIONAL_REPRESENTATION('',(#10952),#10956);
#10952 = LINE('',#10953,#10954);
#10953 = CARTESIAN_POINT('',(-0.,2.));
#10954 = VECTOR('',#10955,1.);
#10955 = DIRECTION('',(-1.,0.));
#10956 = ( GEOMETRIC_REPRESENTATION_CONTEXT(2) 
PARAMETRIC_REPRESENTATION_CONTEXT() REPRESENTATION_CONTEXT('2D SPACE',''
  ) );
#10957 = PCURVE('',#10090,#10958);
#10958 = DEFINITIONAL_REPRESENTATION('',(#10959),#10963);
#10959 = LINE('',#10960,#10961);
#10960 = CARTESIAN_POINT('',(2.442490654175E-16,-2.2));
#10961 = VECTOR('',#10962,1.);
#10962 = DIRECTION('',(-1.,-2.289119638402E-17));
#10963 = ( GEOMETRIC_REPRESENTATION_CONTEXT(2) 
PARAMETRIC_REPRESENTATION_CONTEXT() REPRESENTATION_CONTEXT('2D SPACE',''
  ) );
#10964 = ORIENTED_EDGE('',*,*,#10965,.T.);
#10965 = EDGE_CURVE('',#10943,#10841,#10966,.T.);
#10966 = SURFACE_CURVE('',#10967,(#10971,#10978),.PCURVE_S1.);
#10967 = LINE('',#10968,#10969);
#10968 = CARTESIAN_POINT('',(-3.00000005,12.80000005,-6.300000000001));
#10969 = VECTOR('',#10970,1.);
#10970 = DIRECTION('',(-1.,0.,0.));
#10971 = PCURVE('',#10062,#10972);
#10972 = DEFINITIONAL_REPRESENTATION('',(#10973),#10977);
#10973 = LINE('',#10974,#10975);
#10974 = CARTESIAN_POINT('',(-3.8,0.));
#10975 = VECTOR('',#10976,1.);
#10976 = DIRECTION('',(-0.,-1.));
#10977 = ( GEOMETRIC_REPRESENTATION_CONTEXT(2) 
PARAMETRIC_REPRESENTATION_CONTEXT() REPRESENTATION_CONTEXT('2D SPACE',''
  ) );
#10978 = PCURVE('',#10856,#10979);
#10979 = DEFINITIONAL_REPRESENTATION('',(#10980),#10984);
#10980 = LINE('',#10981,#10982);
#10981 = CARTESIAN_POINT('',(-0.6,0.));
#10982 = VECTOR('',#10983,1.);
#10983 = DIRECTION('',(-0.,1.));
#10984 = ( GEOMETRIC_REPRESENTATION_CONTEXT(2) 
PARAMETRIC_REPRESENTATION_CONTEXT() REPRESENTATION_CONTEXT('2D SPACE',''
  ) );
#10985 = ORIENTED_EDGE('',*,*,#10868,.F.);
#10986 = ORIENTED_EDGE('',*,*,#10046,.T.);
#10987 = ADVANCED_FACE('',(#10988),#10116,.F.);
#10988 = FACE_BOUND('',#10989,.T.);
#10989 = EDGE_LOOP('',(#10990,#11013,#11034,#11035));
#10990 = ORIENTED_EDGE('',*,*,#10991,.F.);
#10991 = EDGE_CURVE('',#10992,#10075,#10994,.T.);
#10992 = VERTEX_POINT('',#10993);
#10993 = CARTESIAN_POINT('',(-1.00000005,16.60000005,-4.100000000001));
#10994 = SURFACE_CURVE('',#10995,(#10999,#11006),.PCURVE_S1.);
#10995 = LINE('',#10996,#10997);
#10996 = CARTESIAN_POINT('',(-1.00000005,16.60000005,-4.100000000001));
#10997 = VECTOR('',#10998,1.);
#10998 = DIRECTION('',(0.,-1.,1.110223024625E-16));
#10999 = PCURVE('',#10116,#11000);
#11000 = DEFINITIONAL_REPRESENTATION('',(#11001),#11005);
#11001 = LINE('',#11002,#11003);
#11002 = CARTESIAN_POINT('',(-0.,2.));
#11003 = VECTOR('',#11004,1.);
#11004 = DIRECTION('',(-1.,0.));
#11005 = ( GEOMETRIC_REPRESENTATION_CONTEXT(2) 
PARAMETRIC_REPRESENTATION_CONTEXT() REPRESENTATION_CONTEXT('2D SPACE',''
  ) );
#11006 = PCURVE('',#10090,#11007);
#11007 = DEFINITIONAL_REPRESENTATION('',(#11008),#11012);
#11008 = LINE('',#11009,#11010);
#11009 = CARTESIAN_POINT('',(-0.,0.));
#11010 = VECTOR('',#11011,1.);
#11011 = DIRECTION('',(-1.,0.));
#11012 = ( GEOMETRIC_REPRESENTATION_CONTEXT(2) 
PARAMETRIC_REPRESENTATION_CONTEXT() REPRESENTATION_CONTEXT('2D SPACE',''
  ) );
#11013 = ORIENTED_EDGE('',*,*,#11014,.F.);
#11014 = EDGE_CURVE('',#10891,#10992,#11015,.T.);
#11015 = SURFACE_CURVE('',#11016,(#11020,#11027),.PCURVE_S1.);
#11016 = LINE('',#11017,#11018);
#11017 = CARTESIAN_POINT('',(-3.00000005,16.60000005,-4.100000000001));
#11018 = VECTOR('',#11019,1.);
#11019 = DIRECTION('',(1.,0.,0.));
#11020 = PCURVE('',#10116,#11021);
#11021 = DEFINITIONAL_REPRESENTATION('',(#11022),#11026);
#11022 = LINE('',#11023,#11024);
#11023 = CARTESIAN_POINT('',(-0.,0.));
#11024 = VECTOR('',#11025,1.);
#11025 = DIRECTION('',(-0.,1.));
#11026 = ( GEOMETRIC_REPRESENTATION_CONTEXT(2) 
PARAMETRIC_REPRESENTATION_CONTEXT() REPRESENTATION_CONTEXT('2D SPACE',''
  ) );
#11027 = PCURVE('',#10927,#11028);
#11028 = DEFINITIONAL_REPRESENTATION('',(#11029),#11033);
#11029 = LINE('',#11030,#11031);
#11030 = CARTESIAN_POINT('',(-0.,0.));
#11031 = VECTOR('',#11032,1.);
#11032 = DIRECTION('',(-1.,0.));
#11033 = ( GEOMETRIC_REPRESENTATION_CONTEXT(2) 
PARAMETRIC_REPRESENTATION_CONTEXT() REPRESENTATION_CONTEXT('2D SPACE',''
  ) );
#11034 = ORIENTED_EDGE('',*,*,#10890,.T.);
#11035 = ORIENTED_EDGE('',*,*,#10102,.T.);
#11036 = ADVANCED_FACE('',(#11037),#10090,.T.);
#11037 = FACE_BOUND('',#11038,.F.);
#11038 = EDGE_LOOP('',(#11039,#11064,#11092,#11115,#11143,#11166,#11189,
    #11212,#11235,#11258,#11279,#11280,#11281,#11282));
#11039 = ORIENTED_EDGE('',*,*,#11040,.T.);
#11040 = EDGE_CURVE('',#11041,#11043,#11045,.T.);
#11041 = VERTEX_POINT('',#11042);
#11042 = CARTESIAN_POINT('',(-1.00000005,16.60000005,-5.000000000001));
#11043 = VERTEX_POINT('',#11044);
#11044 = CARTESIAN_POINT('',(-1.00000005,8.30000005,-5.000000000001));
#11045 = SURFACE_CURVE('',#11046,(#11050,#11057),.PCURVE_S1.);
#11046 = LINE('',#11047,#11048);
#11047 = CARTESIAN_POINT('',(-1.00000005,16.60000005,-5.000000000001));
#11048 = VECTOR('',#11049,1.);
#11049 = DIRECTION('',(0.,-1.,1.110223024625E-16));
#11050 = PCURVE('',#10090,#11051);
#11051 = DEFINITIONAL_REPRESENTATION('',(#11052),#11056);
#11052 = LINE('',#11053,#11054);
#11053 = CARTESIAN_POINT('',(9.992007221626E-17,-0.9));
#11054 = VECTOR('',#11055,1.);
#11055 = DIRECTION('',(-1.,0.));
#11056 = ( GEOMETRIC_REPRESENTATION_CONTEXT(2) 
PARAMETRIC_REPRESENTATION_CONTEXT() REPRESENTATION_CONTEXT('2D SPACE',''
  ) );
#11057 = PCURVE('',#10594,#11058);
#11058 = DEFINITIONAL_REPRESENTATION('',(#11059),#11063);
#11059 = LINE('',#11060,#11061);
#11060 = CARTESIAN_POINT('',(-0.,2.));
#11061 = VECTOR('',#11062,1.);
#11062 = DIRECTION('',(-1.,0.));
#11063 = ( GEOMETRIC_REPRESENTATION_CONTEXT(2) 
PARAMETRIC_REPRESENTATION_CONTEXT() REPRESENTATION_CONTEXT('2D SPACE',''
  ) );
#11064 = ORIENTED_EDGE('',*,*,#11065,.F.);
#11065 = EDGE_CURVE('',#11066,#11043,#11068,.T.);
#11066 = VERTEX_POINT('',#11067);
#11067 = CARTESIAN_POINT('',(-1.00000005,8.10000005,-5.200000000001));
#11068 = SURFACE_CURVE('',#11069,(#11074,#11085),.PCURVE_S1.);
#11069 = CIRCLE('',#11070,0.2);
#11070 = AXIS2_PLACEMENT_3D('',#11071,#11072,#11073);
#11071 = CARTESIAN_POINT('',(-1.00000005,8.30000005,-5.200000000001));
#11072 = DIRECTION('',(-1.,0.,0.));
#11073 = DIRECTION('',(0.,-1.,1.110223024625E-16));
#11074 = PCURVE('',#10090,#11075);
#11075 = DEFINITIONAL_REPRESENTATION('',(#11076),#11084);
#11076 = ( BOUNDED_CURVE() B_SPLINE_CURVE(2,(#11077,#11078,#11079,#11080
    ,#11081,#11082,#11083),.UNSPECIFIED.,.T.,.F.) 
B_SPLINE_CURVE_WITH_KNOTS((1,2,2,2,2,1),(-2.094395102393,0.,
    2.094395102393,4.188790204786,6.28318530718,8.377580409573),
.UNSPECIFIED.) CURVE() GEOMETRIC_REPRESENTATION_ITEM() 
RATIONAL_B_SPLINE_CURVE((1.,0.5,1.,0.5,1.,0.5,1.)) REPRESENTATION_ITEM(
  '') );
#11077 = CARTESIAN_POINT('',(-8.5,-1.1));
#11078 = CARTESIAN_POINT('',(-8.5,-0.753589838486));
#11079 = CARTESIAN_POINT('',(-8.2,-0.926794919243));
#11080 = CARTESIAN_POINT('',(-7.9,-1.1));
#11081 = CARTESIAN_POINT('',(-8.2,-1.273205080757));
#11082 = CARTESIAN_POINT('',(-8.5,-1.446410161514));
#11083 = CARTESIAN_POINT('',(-8.5,-1.1));
#11084 = ( GEOMETRIC_REPRESENTATION_CONTEXT(2) 
PARAMETRIC_REPRESENTATION_CONTEXT() REPRESENTATION_CONTEXT('2D SPACE',''
  ) );
#11085 = PCURVE('',#10627,#11086);
#11086 = DEFINITIONAL_REPRESENTATION('',(#11087),#11091);
#11087 = LINE('',#11088,#11089);
#11088 = CARTESIAN_POINT('',(-0.,2.));
#11089 = VECTOR('',#11090,1.);
#11090 = DIRECTION('',(-1.,0.));
#11091 = ( GEOMETRIC_REPRESENTATION_CONTEXT(2) 
PARAMETRIC_REPRESENTATION_CONTEXT() REPRESENTATION_CONTEXT('2D SPACE',''
  ) );
#11092 = ORIENTED_EDGE('',*,*,#11093,.T.);
#11093 = EDGE_CURVE('',#11066,#11094,#11096,.T.);
#11094 = VERTEX_POINT('',#11095);
#11095 = CARTESIAN_POINT('',(-1.00000005,8.10000005,-5.300000000001));
#11096 = SURFACE_CURVE('',#11097,(#11101,#11108),.PCURVE_S1.);
#11097 = LINE('',#11098,#11099);
#11098 = CARTESIAN_POINT('',(-1.00000005,8.10000005,-4.100000000001));
#11099 = VECTOR('',#11100,1.);
#11100 = DIRECTION('',(0.,-1.110223024625E-16,-1.));
#11101 = PCURVE('',#10090,#11102);
#11102 = DEFINITIONAL_REPRESENTATION('',(#11103),#11107);
#11103 = LINE('',#11104,#11105);
#11104 = CARTESIAN_POINT('',(-8.5,-9.436895709314E-16));
#11105 = VECTOR('',#11106,1.);
#11106 = DIRECTION('',(-0.,-1.));
#11107 = ( GEOMETRIC_REPRESENTATION_CONTEXT(2) 
PARAMETRIC_REPRESENTATION_CONTEXT() REPRESENTATION_CONTEXT('2D SPACE',''
  ) );
#11108 = PCURVE('',#10655,#11109);
#11109 = DEFINITIONAL_REPRESENTATION('',(#11110),#11114);
#11110 = LINE('',#11111,#11112);
#11111 = CARTESIAN_POINT('',(-2.,0.));
#11112 = VECTOR('',#11113,1.);
#11113 = DIRECTION('',(-0.,1.));
#11114 = ( GEOMETRIC_REPRESENTATION_CONTEXT(2) 
PARAMETRIC_REPRESENTATION_CONTEXT() REPRESENTATION_CONTEXT('2D SPACE',''
  ) );
#11115 = ORIENTED_EDGE('',*,*,#11116,.F.);
#11116 = EDGE_CURVE('',#11117,#11094,#11119,.T.);
#11117 = VERTEX_POINT('',#11118);
#11118 = CARTESIAN_POINT('',(-1.00000005,8.30000005,-5.500000000001));
#11119 = SURFACE_CURVE('',#11120,(#11125,#11136),.PCURVE_S1.);
#11120 = CIRCLE('',#11121,0.2);
#11121 = AXIS2_PLACEMENT_3D('',#11122,#11123,#11124);
#11122 = CARTESIAN_POINT('',(-1.00000005,8.30000005,-5.300000000001));
#11123 = DIRECTION('',(-1.,0.,0.));
#11124 = DIRECTION('',(0.,-1.,1.110223024625E-16));
#11125 = PCURVE('',#10090,#11126);
#11126 = DEFINITIONAL_REPRESENTATION('',(#11127),#11135);
#11127 = ( BOUNDED_CURVE() B_SPLINE_CURVE(2,(#11128,#11129,#11130,#11131
    ,#11132,#11133,#11134),.UNSPECIFIED.,.T.,.F.) 
B_SPLINE_CURVE_WITH_KNOTS((1,2,2,2,2,1),(-2.094395102393,0.,
    2.094395102393,4.188790204786,6.28318530718,8.377580409573),
.UNSPECIFIED.) CURVE() GEOMETRIC_REPRESENTATION_ITEM() 
RATIONAL_B_SPLINE_CURVE((1.,0.5,1.,0.5,1.,0.5,1.)) REPRESENTATION_ITEM(
  '') );
#11128 = CARTESIAN_POINT('',(-8.5,-1.2));
#11129 = CARTESIAN_POINT('',(-8.5,-0.853589838486));
#11130 = CARTESIAN_POINT('',(-8.2,-1.026794919243));
#11131 = CARTESIAN_POINT('',(-7.9,-1.2));
#11132 = CARTESIAN_POINT('',(-8.2,-1.373205080757));
#11133 = CARTESIAN_POINT('',(-8.5,-1.546410161514));
#11134 = CARTESIAN_POINT('',(-8.5,-1.2));
#11135 = ( GEOMETRIC_REPRESENTATION_CONTEXT(2) 
PARAMETRIC_REPRESENTATION_CONTEXT() REPRESENTATION_CONTEXT('2D SPACE',''
  ) );
#11136 = PCURVE('',#10688,#11137);
#11137 = DEFINITIONAL_REPRESENTATION('',(#11138),#11142);
#11138 = LINE('',#11139,#11140);
#11139 = CARTESIAN_POINT('',(4.712388980385,2.));
#11140 = VECTOR('',#11141,1.);
#11141 = DIRECTION('',(-1.,0.));
#11142 = ( GEOMETRIC_REPRESENTATION_CONTEXT(2) 
PARAMETRIC_REPRESENTATION_CONTEXT() REPRESENTATION_CONTEXT('2D SPACE',''
  ) );
#11143 = ORIENTED_EDGE('',*,*,#11144,.F.);
#11144 = EDGE_CURVE('',#11145,#11117,#11147,.T.);
#11145 = VERTEX_POINT('',#11146);
#11146 = CARTESIAN_POINT('',(-1.00000005,16.60000005,-5.500000000001));
#11147 = SURFACE_CURVE('',#11148,(#11152,#11159),.PCURVE_S1.);
#11148 = LINE('',#11149,#11150);
#11149 = CARTESIAN_POINT('',(-1.00000005,16.60000005,-5.500000000001));
#11150 = VECTOR('',#11151,1.);
#11151 = DIRECTION('',(0.,-1.,1.110223024625E-16));
#11152 = PCURVE('',#10090,#11153);
#11153 = DEFINITIONAL_REPRESENTATION('',(#11154),#11158);
#11154 = LINE('',#11155,#11156);
#11155 = CARTESIAN_POINT('',(1.554312234475E-16,-1.4));
#11156 = VECTOR('',#11157,1.);
#11157 = DIRECTION('',(-1.,0.));
#11158 = ( GEOMETRIC_REPRESENTATION_CONTEXT(2) 
PARAMETRIC_REPRESENTATION_CONTEXT() REPRESENTATION_CONTEXT('2D SPACE',''
  ) );
#11159 = PCURVE('',#10716,#11160);
#11160 = DEFINITIONAL_REPRESENTATION('',(#11161),#11165);
#11161 = LINE('',#11162,#11163);
#11162 = CARTESIAN_POINT('',(-0.,2.));
#11163 = VECTOR('',#11164,1.);
#11164 = DIRECTION('',(-1.,0.));
#11165 = ( GEOMETRIC_REPRESENTATION_CONTEXT(2) 
PARAMETRIC_REPRESENTATION_CONTEXT() REPRESENTATION_CONTEXT('2D SPACE',''
  ) );
#11166 = ORIENTED_EDGE('',*,*,#11167,.T.);
#11167 = EDGE_CURVE('',#11145,#11168,#11170,.T.);
#11168 = VERTEX_POINT('',#11169);
#11169 = CARTESIAN_POINT('',(-1.00000005,16.60000005,-6.300000000001));
#11170 = SURFACE_CURVE('',#11171,(#11175,#11182),.PCURVE_S1.);
#11171 = LINE('',#11172,#11173);
#11172 = CARTESIAN_POINT('',(-1.00000005,16.60000005,-5.500000000001));
#11173 = VECTOR('',#11174,1.);
#11174 = DIRECTION('',(0.,-1.110223024625E-16,-1.));
#11175 = PCURVE('',#10090,#11176);
#11176 = DEFINITIONAL_REPRESENTATION('',(#11177),#11181);
#11177 = LINE('',#11178,#11179);
#11178 = CARTESIAN_POINT('',(1.554312234475E-16,-1.4));
#11179 = VECTOR('',#11180,1.);
#11180 = DIRECTION('',(-0.,-1.));
#11181 = ( GEOMETRIC_REPRESENTATION_CONTEXT(2) 
PARAMETRIC_REPRESENTATION_CONTEXT() REPRESENTATION_CONTEXT('2D SPACE',''
  ) );
#11182 = PCURVE('',#10744,#11183);
#11183 = DEFINITIONAL_REPRESENTATION('',(#11184),#11188);
#11184 = LINE('',#11185,#11186);
#11185 = CARTESIAN_POINT('',(-2.,0.));
#11186 = VECTOR('',#11187,1.);
#11187 = DIRECTION('',(-0.,1.));
#11188 = ( GEOMETRIC_REPRESENTATION_CONTEXT(2) 
PARAMETRIC_REPRESENTATION_CONTEXT() REPRESENTATION_CONTEXT('2D SPACE',''
  ) );
#11189 = ORIENTED_EDGE('',*,*,#11190,.T.);
#11190 = EDGE_CURVE('',#11168,#11191,#11193,.T.);
#11191 = VERTEX_POINT('',#11192);
#11192 = CARTESIAN_POINT('',(-1.00000005,14.071428621429,-6.300000000001
    ));
#11193 = SURFACE_CURVE('',#11194,(#11198,#11205),.PCURVE_S1.);
#11194 = LINE('',#11195,#11196);
#11195 = CARTESIAN_POINT('',(-1.00000005,16.60000005,-6.300000000001));
#11196 = VECTOR('',#11197,1.);
#11197 = DIRECTION('',(0.,-1.,8.813110607849E-17));
#11198 = PCURVE('',#10090,#11199);
#11199 = DEFINITIONAL_REPRESENTATION('',(#11200),#11204);
#11200 = LINE('',#11201,#11202);
#11201 = CARTESIAN_POINT('',(2.442490654175E-16,-2.2));
#11202 = VECTOR('',#11203,1.);
#11203 = DIRECTION('',(-1.,-2.289119638402E-17));
#11204 = ( GEOMETRIC_REPRESENTATION_CONTEXT(2) 
PARAMETRIC_REPRESENTATION_CONTEXT() REPRESENTATION_CONTEXT('2D SPACE',''
  ) );
#11205 = PCURVE('',#10772,#11206);
#11206 = DEFINITIONAL_REPRESENTATION('',(#11207),#11211);
#11207 = LINE('',#11208,#11209);
#11208 = CARTESIAN_POINT('',(-0.,2.));
#11209 = VECTOR('',#11210,1.);
#11210 = DIRECTION('',(-1.,0.));
#11211 = ( GEOMETRIC_REPRESENTATION_CONTEXT(2) 
PARAMETRIC_REPRESENTATION_CONTEXT() REPRESENTATION_CONTEXT('2D SPACE',''
  ) );
#11212 = ORIENTED_EDGE('',*,*,#11213,.T.);
#11213 = EDGE_CURVE('',#11191,#11214,#11216,.T.);
#11214 = VERTEX_POINT('',#11215);
#11215 = CARTESIAN_POINT('',(-1.00000005,13.30000005,-6.900000000001));
#11216 = SURFACE_CURVE('',#11217,(#11221,#11228),.PCURVE_S1.);
#11217 = LINE('',#11218,#11219);
#11218 = CARTESIAN_POINT('',(-1.00000005,14.20000005,-6.200000000001));
#11219 = VECTOR('',#11220,1.);
#11220 = DIRECTION('',(0.,-0.789352217376,-0.613940613515));
#11221 = PCURVE('',#10090,#11222);
#11222 = DEFINITIONAL_REPRESENTATION('',(#11223),#11227);
#11223 = LINE('',#11224,#11225);
#11224 = CARTESIAN_POINT('',(-2.4,-2.1));
#11225 = VECTOR('',#11226,1.);
#11226 = DIRECTION('',(-0.789352217376,-0.613940613515));
#11227 = ( GEOMETRIC_REPRESENTATION_CONTEXT(2) 
PARAMETRIC_REPRESENTATION_CONTEXT() REPRESENTATION_CONTEXT('2D SPACE',''
  ) );
#11228 = PCURVE('',#10800,#11229);
#11229 = DEFINITIONAL_REPRESENTATION('',(#11230),#11234);
#11230 = LINE('',#11231,#11232);
#11231 = CARTESIAN_POINT('',(-0.,-2.));
#11232 = VECTOR('',#11233,1.);
#11233 = DIRECTION('',(-1.,-0.));
#11234 = ( GEOMETRIC_REPRESENTATION_CONTEXT(2) 
PARAMETRIC_REPRESENTATION_CONTEXT() REPRESENTATION_CONTEXT('2D SPACE',''
  ) );
#11235 = ORIENTED_EDGE('',*,*,#11236,.T.);
#11236 = EDGE_CURVE('',#11214,#11237,#11239,.T.);
#11237 = VERTEX_POINT('',#11238);
#11238 = CARTESIAN_POINT('',(-1.00000005,12.80000005,-6.900000000001));
#11239 = SURFACE_CURVE('',#11240,(#11244,#11251),.PCURVE_S1.);
#11240 = LINE('',#11241,#11242);
#11241 = CARTESIAN_POINT('',(-1.00000005,13.30000005,-6.900000000001));
#11242 = VECTOR('',#11243,1.);
#11243 = DIRECTION('',(0.,-1.,1.110223024625E-16));
#11244 = PCURVE('',#10090,#11245);
#11245 = DEFINITIONAL_REPRESENTATION('',(#11246),#11250);
#11246 = LINE('',#11247,#11248);
#11247 = CARTESIAN_POINT('',(-3.3,-2.8));
#11248 = VECTOR('',#11249,1.);
#11249 = DIRECTION('',(-1.,0.));
#11250 = ( GEOMETRIC_REPRESENTATION_CONTEXT(2) 
PARAMETRIC_REPRESENTATION_CONTEXT() REPRESENTATION_CONTEXT('2D SPACE',''
  ) );
#11251 = PCURVE('',#10828,#11252);
#11252 = DEFINITIONAL_REPRESENTATION('',(#11253),#11257);
#11253 = LINE('',#11254,#11255);
#11254 = CARTESIAN_POINT('',(-0.,-2.));
#11255 = VECTOR('',#11256,1.);
#11256 = DIRECTION('',(-1.,0.));
#11257 = ( GEOMETRIC_REPRESENTATION_CONTEXT(2) 
PARAMETRIC_REPRESENTATION_CONTEXT() REPRESENTATION_CONTEXT('2D SPACE',''
  ) );
#11258 = ORIENTED_EDGE('',*,*,#11259,.T.);
#11259 = EDGE_CURVE('',#11237,#10943,#11260,.T.);
#11260 = SURFACE_CURVE('',#11261,(#11265,#11272),.PCURVE_S1.);
#11261 = LINE('',#11262,#11263);
#11262 = CARTESIAN_POINT('',(-1.00000005,12.80000005,-6.900000000001));
#11263 = VECTOR('',#11264,1.);
#11264 = DIRECTION('',(0.,1.110223024625E-16,1.));
#11265 = PCURVE('',#10090,#11266);
#11266 = DEFINITIONAL_REPRESENTATION('',(#11267),#11271);
#11267 = LINE('',#11268,#11269);
#11268 = CARTESIAN_POINT('',(-3.8,-2.8));
#11269 = VECTOR('',#11270,1.);
#11270 = DIRECTION('',(-0.,1.));
#11271 = ( GEOMETRIC_REPRESENTATION_CONTEXT(2) 
PARAMETRIC_REPRESENTATION_CONTEXT() REPRESENTATION_CONTEXT('2D SPACE',''
  ) );
#11272 = PCURVE('',#10856,#11273);
#11273 = DEFINITIONAL_REPRESENTATION('',(#11274),#11278);
#11274 = LINE('',#11275,#11276);
#11275 = CARTESIAN_POINT('',(-0.,-2.));
#11276 = VECTOR('',#11277,1.);
#11277 = DIRECTION('',(-1.,0.));
#11278 = ( GEOMETRIC_REPRESENTATION_CONTEXT(2) 
PARAMETRIC_REPRESENTATION_CONTEXT() REPRESENTATION_CONTEXT('2D SPACE',''
  ) );
#11279 = ORIENTED_EDGE('',*,*,#10942,.T.);
#11280 = ORIENTED_EDGE('',*,*,#10074,.T.);
#11281 = ORIENTED_EDGE('',*,*,#10991,.F.);
#11282 = ORIENTED_EDGE('',*,*,#11283,.T.);
#11283 = EDGE_CURVE('',#10992,#11041,#11284,.T.);
#11284 = SURFACE_CURVE('',#11285,(#11289,#11296),.PCURVE_S1.);
#11285 = LINE('',#11286,#11287);
#11286 = CARTESIAN_POINT('',(-1.00000005,16.60000005,-4.100000000001));
#11287 = VECTOR('',#11288,1.);
#11288 = DIRECTION('',(0.,-1.110223024625E-16,-1.));
#11289 = PCURVE('',#10090,#11290);
#11290 = DEFINITIONAL_REPRESENTATION('',(#11291),#11295);
#11291 = LINE('',#11292,#11293);
#11292 = CARTESIAN_POINT('',(-0.,0.));
#11293 = VECTOR('',#11294,1.);
#11294 = DIRECTION('',(-0.,-1.));
#11295 = ( GEOMETRIC_REPRESENTATION_CONTEXT(2) 
PARAMETRIC_REPRESENTATION_CONTEXT() REPRESENTATION_CONTEXT('2D SPACE',''
  ) );
#11296 = PCURVE('',#10927,#11297);
#11297 = DEFINITIONAL_REPRESENTATION('',(#11298),#11302);
#11298 = LINE('',#11299,#11300);
#11299 = CARTESIAN_POINT('',(-2.,0.));
#11300 = VECTOR('',#11301,1.);
#11301 = DIRECTION('',(-0.,1.));
#11302 = ( GEOMETRIC_REPRESENTATION_CONTEXT(2) 
PARAMETRIC_REPRESENTATION_CONTEXT() REPRESENTATION_CONTEXT('2D SPACE',''
  ) );
#11303 = ADVANCED_FACE('',(#11304),#10148,.T.);
#11304 = FACE_BOUND('',#11305,.T.);
#11305 = EDGE_LOOP('',(#11306,#11329,#11357,#11378));
#11306 = ORIENTED_EDGE('',*,*,#11307,.F.);
#11307 = EDGE_CURVE('',#11308,#10133,#11310,.T.);
#11308 = VERTEX_POINT('',#11309);
#11309 = CARTESIAN_POINT('',(-1.00000005,12.80000005,6.299999999999));
#11310 = SURFACE_CURVE('',#11311,(#11315,#11322),.PCURVE_S1.);
#11311 = LINE('',#11312,#11313);
#11312 = CARTESIAN_POINT('',(-1.00000005,16.60000005,6.299999999999));
#11313 = VECTOR('',#11314,1.);
#11314 = DIRECTION('',(0.,-1.,1.339134988465E-16));
#11315 = PCURVE('',#10148,#11316);
#11316 = DEFINITIONAL_REPRESENTATION('',(#11317),#11321);
#11317 = LINE('',#11318,#11319);
#11318 = CARTESIAN_POINT('',(0.,2.));
#11319 = VECTOR('',#11320,1.);
#11320 = DIRECTION('',(1.,0.));
#11321 = ( GEOMETRIC_REPRESENTATION_CONTEXT(2) 
PARAMETRIC_REPRESENTATION_CONTEXT() REPRESENTATION_CONTEXT('2D SPACE',''
  ) );
#11322 = PCURVE('',#10230,#11323);
#11323 = DEFINITIONAL_REPRESENTATION('',(#11324),#11328);
#11324 = LINE('',#11325,#11326);
#11325 = CARTESIAN_POINT('',(2.442490654175E-16,-2.2));
#11326 = VECTOR('',#11327,1.);
#11327 = DIRECTION('',(1.,-2.289119638402E-17));
#11328 = ( GEOMETRIC_REPRESENTATION_CONTEXT(2) 
PARAMETRIC_REPRESENTATION_CONTEXT() REPRESENTATION_CONTEXT('2D SPACE',''
  ) );
#11329 = ORIENTED_EDGE('',*,*,#11330,.T.);
#11330 = EDGE_CURVE('',#11308,#11331,#11333,.T.);
#11331 = VERTEX_POINT('',#11332);
#11332 = CARTESIAN_POINT('',(-3.00000005,12.80000005,6.299999999999));
#11333 = SURFACE_CURVE('',#11334,(#11338,#11345),.PCURVE_S1.);
#11334 = LINE('',#11335,#11336);
#11335 = CARTESIAN_POINT('',(-3.00000005,12.80000005,6.299999999999));
#11336 = VECTOR('',#11337,1.);
#11337 = DIRECTION('',(-1.,0.,0.));
#11338 = PCURVE('',#10148,#11339);
#11339 = DEFINITIONAL_REPRESENTATION('',(#11340),#11344);
#11340 = LINE('',#11341,#11342);
#11341 = CARTESIAN_POINT('',(3.8,0.));
#11342 = VECTOR('',#11343,1.);
#11343 = DIRECTION('',(0.,-1.));
#11344 = ( GEOMETRIC_REPRESENTATION_CONTEXT(2) 
PARAMETRIC_REPRESENTATION_CONTEXT() REPRESENTATION_CONTEXT('2D SPACE',''
  ) );
#11345 = PCURVE('',#11346,#11351);
#11346 = PLANE('',#11347);
#11347 = AXIS2_PLACEMENT_3D('',#11348,#11349,#11350);
#11348 = CARTESIAN_POINT('',(-3.00000005,12.80000005,6.899999999999));
#11349 = DIRECTION('',(0.,1.,-1.110223024625E-16));
#11350 = DIRECTION('',(0.,-1.110223024625E-16,-1.));
#11351 = DEFINITIONAL_REPRESENTATION('',(#11352),#11356);
#11352 = LINE('',#11353,#11354);
#11353 = CARTESIAN_POINT('',(0.6,0.));
#11354 = VECTOR('',#11355,1.);
#11355 = DIRECTION('',(-0.,1.));
#11356 = ( GEOMETRIC_REPRESENTATION_CONTEXT(2) 
PARAMETRIC_REPRESENTATION_CONTEXT() REPRESENTATION_CONTEXT('2D SPACE',''
  ) );
#11357 = ORIENTED_EDGE('',*,*,#11358,.F.);
#11358 = EDGE_CURVE('',#10131,#11331,#11359,.T.);
#11359 = SURFACE_CURVE('',#11360,(#11364,#11371),.PCURVE_S1.);
#11360 = LINE('',#11361,#11362);
#11361 = CARTESIAN_POINT('',(-3.00000005,6.90000005,6.299999999999));
#11362 = VECTOR('',#11363,1.);
#11363 = DIRECTION('',(0.,1.,-1.339134988465E-16));
#11364 = PCURVE('',#10148,#11365);
#11365 = DEFINITIONAL_REPRESENTATION('',(#11366),#11370);
#11366 = LINE('',#11367,#11368);
#11367 = CARTESIAN_POINT('',(9.7,0.));
#11368 = VECTOR('',#11369,1.);
#11369 = DIRECTION('',(-1.,0.));
#11370 = ( GEOMETRIC_REPRESENTATION_CONTEXT(2) 
PARAMETRIC_REPRESENTATION_CONTEXT() REPRESENTATION_CONTEXT('2D SPACE',''
  ) );
#11371 = PCURVE('',#10176,#11372);
#11372 = DEFINITIONAL_REPRESENTATION('',(#11373),#11377);
#11373 = LINE('',#11374,#11375);
#11374 = CARTESIAN_POINT('',(9.7,-2.2));
#11375 = VECTOR('',#11376,1.);
#11376 = DIRECTION('',(-1.,2.289119638402E-17));
#11377 = ( GEOMETRIC_REPRESENTATION_CONTEXT(2) 
PARAMETRIC_REPRESENTATION_CONTEXT() REPRESENTATION_CONTEXT('2D SPACE',''
  ) );
#11378 = ORIENTED_EDGE('',*,*,#10130,.T.);
#11379 = ADVANCED_FACE('',(#11380),#10230,.T.);
#11380 = FACE_BOUND('',#11381,.T.);
#11381 = EDGE_LOOP('',(#11382,#11412,#11441,#11469,#11498,#11526,#11554,
    #11582,#11610,#11638,#11659,#11660,#11661,#11684));
#11382 = ORIENTED_EDGE('',*,*,#11383,.T.);
#11383 = EDGE_CURVE('',#11384,#11386,#11388,.T.);
#11384 = VERTEX_POINT('',#11385);
#11385 = CARTESIAN_POINT('',(-1.00000005,16.60000005,4.999999999999));
#11386 = VERTEX_POINT('',#11387);
#11387 = CARTESIAN_POINT('',(-1.00000005,8.30000005,4.999999999999));
#11388 = SURFACE_CURVE('',#11389,(#11393,#11400),.PCURVE_S1.);
#11389 = LINE('',#11390,#11391);
#11390 = CARTESIAN_POINT('',(-1.00000005,16.60000005,4.999999999999));
#11391 = VECTOR('',#11392,1.);
#11392 = DIRECTION('',(0.,-1.,1.110223024625E-16));
#11393 = PCURVE('',#10230,#11394);
#11394 = DEFINITIONAL_REPRESENTATION('',(#11395),#11399);
#11395 = LINE('',#11396,#11397);
#11396 = CARTESIAN_POINT('',(9.992007221626E-17,-0.9));
#11397 = VECTOR('',#11398,1.);
#11398 = DIRECTION('',(1.,0.));
#11399 = ( GEOMETRIC_REPRESENTATION_CONTEXT(2) 
PARAMETRIC_REPRESENTATION_CONTEXT() REPRESENTATION_CONTEXT('2D SPACE',''
  ) );
#11400 = PCURVE('',#11401,#11406);
#11401 = PLANE('',#11402);
#11402 = AXIS2_PLACEMENT_3D('',#11403,#11404,#11405);
#11403 = CARTESIAN_POINT('',(-3.00000005,16.60000005,4.999999999999));
#11404 = DIRECTION('',(0.,1.110223024625E-16,1.));
#11405 = DIRECTION('',(0.,-1.,1.110223024625E-16));
#11406 = DEFINITIONAL_REPRESENTATION('',(#11407),#11411);
#11407 = LINE('',#11408,#11409);
#11408 = CARTESIAN_POINT('',(0.,2.));
#11409 = VECTOR('',#11410,1.);
#11410 = DIRECTION('',(1.,0.));
#11411 = ( GEOMETRIC_REPRESENTATION_CONTEXT(2) 
PARAMETRIC_REPRESENTATION_CONTEXT() REPRESENTATION_CONTEXT('2D SPACE',''
  ) );
#11412 = ORIENTED_EDGE('',*,*,#11413,.F.);
#11413 = EDGE_CURVE('',#11414,#11386,#11416,.T.);
#11414 = VERTEX_POINT('',#11415);
#11415 = CARTESIAN_POINT('',(-1.00000005,8.10000005,5.199999999999));
#11416 = SURFACE_CURVE('',#11417,(#11422,#11429),.PCURVE_S1.);
#11417 = CIRCLE('',#11418,0.2);
#11418 = AXIS2_PLACEMENT_3D('',#11419,#11420,#11421);
#11419 = CARTESIAN_POINT('',(-1.00000005,8.30000005,5.199999999999));
#11420 = DIRECTION('',(1.,0.,0.));
#11421 = DIRECTION('',(0.,-1.,1.110223024625E-16));
#11422 = PCURVE('',#10230,#11423);
#11423 = DEFINITIONAL_REPRESENTATION('',(#11424),#11428);
#11424 = CIRCLE('',#11425,0.2);
#11425 = AXIS2_PLACEMENT_2D('',#11426,#11427);
#11426 = CARTESIAN_POINT('',(8.3,-1.1));
#11427 = DIRECTION('',(1.,0.));
#11428 = ( GEOMETRIC_REPRESENTATION_CONTEXT(2) 
PARAMETRIC_REPRESENTATION_CONTEXT() REPRESENTATION_CONTEXT('2D SPACE',''
  ) );
#11429 = PCURVE('',#11430,#11435);
#11430 = CYLINDRICAL_SURFACE('',#11431,0.2);
#11431 = AXIS2_PLACEMENT_3D('',#11432,#11433,#11434);
#11432 = CARTESIAN_POINT('',(-3.00000005,8.30000005,5.199999999999));
#11433 = DIRECTION('',(1.,0.,0.));
#11434 = DIRECTION('',(0.,-1.,1.110223024625E-16));
#11435 = DEFINITIONAL_REPRESENTATION('',(#11436),#11440);
#11436 = LINE('',#11437,#11438);
#11437 = CARTESIAN_POINT('',(0.,2.));
#11438 = VECTOR('',#11439,1.);
#11439 = DIRECTION('',(1.,0.));
#11440 = ( GEOMETRIC_REPRESENTATION_CONTEXT(2) 
PARAMETRIC_REPRESENTATION_CONTEXT() REPRESENTATION_CONTEXT('2D SPACE',''
  ) );
#11441 = ORIENTED_EDGE('',*,*,#11442,.T.);
#11442 = EDGE_CURVE('',#11414,#11443,#11445,.T.);
#11443 = VERTEX_POINT('',#11444);
#11444 = CARTESIAN_POINT('',(-1.00000005,8.10000005,5.299999999999));
#11445 = SURFACE_CURVE('',#11446,(#11450,#11457),.PCURVE_S1.);
#11446 = LINE('',#11447,#11448);
#11447 = CARTESIAN_POINT('',(-1.00000005,8.10000005,4.099999999999));
#11448 = VECTOR('',#11449,1.);
#11449 = DIRECTION('',(0.,1.110223024625E-16,1.));
#11450 = PCURVE('',#10230,#11451);
#11451 = DEFINITIONAL_REPRESENTATION('',(#11452),#11456);
#11452 = LINE('',#11453,#11454);
#11453 = CARTESIAN_POINT('',(8.5,1.831867990632E-15));
#11454 = VECTOR('',#11455,1.);
#11455 = DIRECTION('',(0.,-1.));
#11456 = ( GEOMETRIC_REPRESENTATION_CONTEXT(2) 
PARAMETRIC_REPRESENTATION_CONTEXT() REPRESENTATION_CONTEXT('2D SPACE',''
  ) );
#11457 = PCURVE('',#11458,#11463);
#11458 = PLANE('',#11459);
#11459 = AXIS2_PLACEMENT_3D('',#11460,#11461,#11462);
#11460 = CARTESIAN_POINT('',(-3.00000005,8.10000005,4.099999999999));
#11461 = DIRECTION('',(0.,-1.,1.110223024625E-16));
#11462 = DIRECTION('',(1.,0.,0.));
#11463 = DEFINITIONAL_REPRESENTATION('',(#11464),#11468);
#11464 = LINE('',#11465,#11466);
#11465 = CARTESIAN_POINT('',(2.,0.));
#11466 = VECTOR('',#11467,1.);
#11467 = DIRECTION('',(0.,1.));
#11468 = ( GEOMETRIC_REPRESENTATION_CONTEXT(2) 
PARAMETRIC_REPRESENTATION_CONTEXT() REPRESENTATION_CONTEXT('2D SPACE',''
  ) );
#11469 = ORIENTED_EDGE('',*,*,#11470,.F.);
#11470 = EDGE_CURVE('',#11471,#11443,#11473,.T.);
#11471 = VERTEX_POINT('',#11472);
#11472 = CARTESIAN_POINT('',(-1.00000005,8.30000005,5.499999999999));
#11473 = SURFACE_CURVE('',#11474,(#11479,#11486),.PCURVE_S1.);
#11474 = CIRCLE('',#11475,0.2);
#11475 = AXIS2_PLACEMENT_3D('',#11476,#11477,#11478);
#11476 = CARTESIAN_POINT('',(-1.00000005,8.30000005,5.299999999999));
#11477 = DIRECTION('',(1.,0.,0.));
#11478 = DIRECTION('',(0.,-1.,1.110223024625E-16));
#11479 = PCURVE('',#10230,#11480);
#11480 = DEFINITIONAL_REPRESENTATION('',(#11481),#11485);
#11481 = CIRCLE('',#11482,0.2);
#11482 = AXIS2_PLACEMENT_2D('',#11483,#11484);
#11483 = CARTESIAN_POINT('',(8.3,-1.2));
#11484 = DIRECTION('',(1.,0.));
#11485 = ( GEOMETRIC_REPRESENTATION_CONTEXT(2) 
PARAMETRIC_REPRESENTATION_CONTEXT() REPRESENTATION_CONTEXT('2D SPACE',''
  ) );
#11486 = PCURVE('',#11487,#11492);
#11487 = CYLINDRICAL_SURFACE('',#11488,0.2);
#11488 = AXIS2_PLACEMENT_3D('',#11489,#11490,#11491);
#11489 = CARTESIAN_POINT('',(-3.00000005,8.30000005,5.299999999999));
#11490 = DIRECTION('',(1.,0.,0.));
#11491 = DIRECTION('',(0.,1.110223024625E-16,1.));
#11492 = DEFINITIONAL_REPRESENTATION('',(#11493),#11497);
#11493 = LINE('',#11494,#11495);
#11494 = CARTESIAN_POINT('',(-4.712388980385,2.));
#11495 = VECTOR('',#11496,1.);
#11496 = DIRECTION('',(1.,0.));
#11497 = ( GEOMETRIC_REPRESENTATION_CONTEXT(2) 
PARAMETRIC_REPRESENTATION_CONTEXT() REPRESENTATION_CONTEXT('2D SPACE',''
  ) );
#11498 = ORIENTED_EDGE('',*,*,#11499,.F.);
#11499 = EDGE_CURVE('',#11500,#11471,#11502,.T.);
#11500 = VERTEX_POINT('',#11501);
#11501 = CARTESIAN_POINT('',(-1.00000005,16.60000005,5.499999999999));
#11502 = SURFACE_CURVE('',#11503,(#11507,#11514),.PCURVE_S1.);
#11503 = LINE('',#11504,#11505);
#11504 = CARTESIAN_POINT('',(-1.00000005,16.60000005,5.499999999999));
#11505 = VECTOR('',#11506,1.);
#11506 = DIRECTION('',(0.,-1.,1.110223024625E-16));
#11507 = PCURVE('',#10230,#11508);
#11508 = DEFINITIONAL_REPRESENTATION('',(#11509),#11513);
#11509 = LINE('',#11510,#11511);
#11510 = CARTESIAN_POINT('',(1.554312234475E-16,-1.4));
#11511 = VECTOR('',#11512,1.);
#11512 = DIRECTION('',(1.,0.));
#11513 = ( GEOMETRIC_REPRESENTATION_CONTEXT(2) 
PARAMETRIC_REPRESENTATION_CONTEXT() REPRESENTATION_CONTEXT('2D SPACE',''
  ) );
#11514 = PCURVE('',#11515,#11520);
#11515 = PLANE('',#11516);
#11516 = AXIS2_PLACEMENT_3D('',#11517,#11518,#11519);
#11517 = CARTESIAN_POINT('',(-3.00000005,16.60000005,5.499999999999));
#11518 = DIRECTION('',(0.,1.110223024625E-16,1.));
#11519 = DIRECTION('',(0.,-1.,1.110223024625E-16));
#11520 = DEFINITIONAL_REPRESENTATION('',(#11521),#11525);
#11521 = LINE('',#11522,#11523);
#11522 = CARTESIAN_POINT('',(0.,2.));
#11523 = VECTOR('',#11524,1.);
#11524 = DIRECTION('',(1.,0.));
#11525 = ( GEOMETRIC_REPRESENTATION_CONTEXT(2) 
PARAMETRIC_REPRESENTATION_CONTEXT() REPRESENTATION_CONTEXT('2D SPACE',''
  ) );
#11526 = ORIENTED_EDGE('',*,*,#11527,.T.);
#11527 = EDGE_CURVE('',#11500,#11528,#11530,.T.);
#11528 = VERTEX_POINT('',#11529);
#11529 = CARTESIAN_POINT('',(-1.00000005,16.60000005,6.299999999999));
#11530 = SURFACE_CURVE('',#11531,(#11535,#11542),.PCURVE_S1.);
#11531 = LINE('',#11532,#11533);
#11532 = CARTESIAN_POINT('',(-1.00000005,16.60000005,5.499999999999));
#11533 = VECTOR('',#11534,1.);
#11534 = DIRECTION('',(0.,1.110223024625E-16,1.));
#11535 = PCURVE('',#10230,#11536);
#11536 = DEFINITIONAL_REPRESENTATION('',(#11537),#11541);
#11537 = LINE('',#11538,#11539);
#11538 = CARTESIAN_POINT('',(1.554312234475E-16,-1.4));
#11539 = VECTOR('',#11540,1.);
#11540 = DIRECTION('',(0.,-1.));
#11541 = ( GEOMETRIC_REPRESENTATION_CONTEXT(2) 
PARAMETRIC_REPRESENTATION_CONTEXT() REPRESENTATION_CONTEXT('2D SPACE',''
  ) );
#11542 = PCURVE('',#11543,#11548);
#11543 = PLANE('',#11544);
#11544 = AXIS2_PLACEMENT_3D('',#11545,#11546,#11547);
#11545 = CARTESIAN_POINT('',(-3.00000005,16.60000005,5.499999999999));
#11546 = DIRECTION('',(0.,-1.,1.110223024625E-16));
#11547 = DIRECTION('',(1.,0.,0.));
#11548 = DEFINITIONAL_REPRESENTATION('',(#11549),#11553);
#11549 = LINE('',#11550,#11551);
#11550 = CARTESIAN_POINT('',(2.,0.));
#11551 = VECTOR('',#11552,1.);
#11552 = DIRECTION('',(0.,1.));
#11553 = ( GEOMETRIC_REPRESENTATION_CONTEXT(2) 
PARAMETRIC_REPRESENTATION_CONTEXT() REPRESENTATION_CONTEXT('2D SPACE',''
  ) );
#11554 = ORIENTED_EDGE('',*,*,#11555,.T.);
#11555 = EDGE_CURVE('',#11528,#11556,#11558,.T.);
#11556 = VERTEX_POINT('',#11557);
#11557 = CARTESIAN_POINT('',(-1.00000005,14.071428621429,6.299999999999)
  );
#11558 = SURFACE_CURVE('',#11559,(#11563,#11570),.PCURVE_S1.);
#11559 = LINE('',#11560,#11561);
#11560 = CARTESIAN_POINT('',(-1.00000005,16.60000005,6.299999999999));
#11561 = VECTOR('',#11562,1.);
#11562 = DIRECTION('',(0.,-1.,1.339134988465E-16));
#11563 = PCURVE('',#10230,#11564);
#11564 = DEFINITIONAL_REPRESENTATION('',(#11565),#11569);
#11565 = LINE('',#11566,#11567);
#11566 = CARTESIAN_POINT('',(2.442490654175E-16,-2.2));
#11567 = VECTOR('',#11568,1.);
#11568 = DIRECTION('',(1.,-2.289119638402E-17));
#11569 = ( GEOMETRIC_REPRESENTATION_CONTEXT(2) 
PARAMETRIC_REPRESENTATION_CONTEXT() REPRESENTATION_CONTEXT('2D SPACE',''
  ) );
#11570 = PCURVE('',#11571,#11576);
#11571 = PLANE('',#11572);
#11572 = AXIS2_PLACEMENT_3D('',#11573,#11574,#11575);
#11573 = CARTESIAN_POINT('',(-3.00000005,16.60000005,6.299999999999));
#11574 = DIRECTION('',(0.,1.110223024625E-16,1.));
#11575 = DIRECTION('',(0.,-1.,1.110223024625E-16));
#11576 = DEFINITIONAL_REPRESENTATION('',(#11577),#11581);
#11577 = LINE('',#11578,#11579);
#11578 = CARTESIAN_POINT('',(0.,2.));
#11579 = VECTOR('',#11580,1.);
#11580 = DIRECTION('',(1.,0.));
#11581 = ( GEOMETRIC_REPRESENTATION_CONTEXT(2) 
PARAMETRIC_REPRESENTATION_CONTEXT() REPRESENTATION_CONTEXT('2D SPACE',''
  ) );
#11582 = ORIENTED_EDGE('',*,*,#11583,.T.);
#11583 = EDGE_CURVE('',#11556,#11584,#11586,.T.);
#11584 = VERTEX_POINT('',#11585);
#11585 = CARTESIAN_POINT('',(-1.00000005,13.30000005,6.899999999999));
#11586 = SURFACE_CURVE('',#11587,(#11591,#11598),.PCURVE_S1.);
#11587 = LINE('',#11588,#11589);
#11588 = CARTESIAN_POINT('',(-1.00000005,14.20000005,6.199999999999));
#11589 = VECTOR('',#11590,1.);
#11590 = DIRECTION('',(0.,-0.789352217376,0.613940613515));
#11591 = PCURVE('',#10230,#11592);
#11592 = DEFINITIONAL_REPRESENTATION('',(#11593),#11597);
#11593 = LINE('',#11594,#11595);
#11594 = CARTESIAN_POINT('',(2.4,-2.1));
#11595 = VECTOR('',#11596,1.);
#11596 = DIRECTION('',(0.789352217376,-0.613940613515));
#11597 = ( GEOMETRIC_REPRESENTATION_CONTEXT(2) 
PARAMETRIC_REPRESENTATION_CONTEXT() REPRESENTATION_CONTEXT('2D SPACE',''
  ) );
#11598 = PCURVE('',#11599,#11604);
#11599 = PLANE('',#11600);
#11600 = AXIS2_PLACEMENT_3D('',#11601,#11602,#11603);
#11601 = CARTESIAN_POINT('',(-3.00000005,14.20000005,6.199999999999));
#11602 = DIRECTION('',(0.,-0.613940613515,-0.789352217376));
#11603 = DIRECTION('',(0.,-0.789352217376,0.613940613515));
#11604 = DEFINITIONAL_REPRESENTATION('',(#11605),#11609);
#11605 = LINE('',#11606,#11607);
#11606 = CARTESIAN_POINT('',(0.,-2.));
#11607 = VECTOR('',#11608,1.);
#11608 = DIRECTION('',(1.,0.));
#11609 = ( GEOMETRIC_REPRESENTATION_CONTEXT(2) 
PARAMETRIC_REPRESENTATION_CONTEXT() REPRESENTATION_CONTEXT('2D SPACE',''
  ) );
#11610 = ORIENTED_EDGE('',*,*,#11611,.T.);
#11611 = EDGE_CURVE('',#11584,#11612,#11614,.T.);
#11612 = VERTEX_POINT('',#11613);
#11613 = CARTESIAN_POINT('',(-1.00000005,12.80000005,6.899999999999));
#11614 = SURFACE_CURVE('',#11615,(#11619,#11626),.PCURVE_S1.);
#11615 = LINE('',#11616,#11617);
#11616 = CARTESIAN_POINT('',(-1.00000005,13.30000005,6.899999999999));
#11617 = VECTOR('',#11618,1.);
#11618 = DIRECTION('',(0.,-1.,1.110223024625E-16));
#11619 = PCURVE('',#10230,#11620);
#11620 = DEFINITIONAL_REPRESENTATION('',(#11621),#11625);
#11621 = LINE('',#11622,#11623);
#11622 = CARTESIAN_POINT('',(3.3,-2.8));
#11623 = VECTOR('',#11624,1.);
#11624 = DIRECTION('',(1.,0.));
#11625 = ( GEOMETRIC_REPRESENTATION_CONTEXT(2) 
PARAMETRIC_REPRESENTATION_CONTEXT() REPRESENTATION_CONTEXT('2D SPACE',''
  ) );
#11626 = PCURVE('',#11627,#11632);
#11627 = PLANE('',#11628);
#11628 = AXIS2_PLACEMENT_3D('',#11629,#11630,#11631);
#11629 = CARTESIAN_POINT('',(-3.00000005,13.30000005,6.899999999999));
#11630 = DIRECTION('',(0.,-1.110223024625E-16,-1.));
#11631 = DIRECTION('',(0.,-1.,1.110223024625E-16));
#11632 = DEFINITIONAL_REPRESENTATION('',(#11633),#11637);
#11633 = LINE('',#11634,#11635);
#11634 = CARTESIAN_POINT('',(0.,-2.));
#11635 = VECTOR('',#11636,1.);
#11636 = DIRECTION('',(1.,0.));
#11637 = ( GEOMETRIC_REPRESENTATION_CONTEXT(2) 
PARAMETRIC_REPRESENTATION_CONTEXT() REPRESENTATION_CONTEXT('2D SPACE',''
  ) );
#11638 = ORIENTED_EDGE('',*,*,#11639,.T.);
#11639 = EDGE_CURVE('',#11612,#11308,#11640,.T.);
#11640 = SURFACE_CURVE('',#11641,(#11645,#11652),.PCURVE_S1.);
#11641 = LINE('',#11642,#11643);
#11642 = CARTESIAN_POINT('',(-1.00000005,12.80000005,6.899999999999));
#11643 = VECTOR('',#11644,1.);
#11644 = DIRECTION('',(0.,-1.110223024625E-16,-1.));
#11645 = PCURVE('',#10230,#11646);
#11646 = DEFINITIONAL_REPRESENTATION('',(#11647),#11651);
#11647 = LINE('',#11648,#11649);
#11648 = CARTESIAN_POINT('',(3.8,-2.8));
#11649 = VECTOR('',#11650,1.);
#11650 = DIRECTION('',(0.,1.));
#11651 = ( GEOMETRIC_REPRESENTATION_CONTEXT(2) 
PARAMETRIC_REPRESENTATION_CONTEXT() REPRESENTATION_CONTEXT('2D SPACE',''
  ) );
#11652 = PCURVE('',#11346,#11653);
#11653 = DEFINITIONAL_REPRESENTATION('',(#11654),#11658);
#11654 = LINE('',#11655,#11656);
#11655 = CARTESIAN_POINT('',(0.,-2.));
#11656 = VECTOR('',#11657,1.);
#11657 = DIRECTION('',(1.,-0.));
#11658 = ( GEOMETRIC_REPRESENTATION_CONTEXT(2) 
PARAMETRIC_REPRESENTATION_CONTEXT() REPRESENTATION_CONTEXT('2D SPACE',''
  ) );
#11659 = ORIENTED_EDGE('',*,*,#11307,.T.);
#11660 = ORIENTED_EDGE('',*,*,#10216,.T.);
#11661 = ORIENTED_EDGE('',*,*,#11662,.F.);
#11662 = EDGE_CURVE('',#11663,#10189,#11665,.T.);
#11663 = VERTEX_POINT('',#11664);
#11664 = CARTESIAN_POINT('',(-1.00000005,16.60000005,4.099999999999));
#11665 = SURFACE_CURVE('',#11666,(#11670,#11677),.PCURVE_S1.);
#11666 = LINE('',#11667,#11668);
#11667 = CARTESIAN_POINT('',(-1.00000005,16.60000005,4.099999999999));
#11668 = VECTOR('',#11669,1.);
#11669 = DIRECTION('',(0.,-1.,1.110223024625E-16));
#11670 = PCURVE('',#10230,#11671);
#11671 = DEFINITIONAL_REPRESENTATION('',(#11672),#11676);
#11672 = LINE('',#11673,#11674);
#11673 = CARTESIAN_POINT('',(0.,0.));
#11674 = VECTOR('',#11675,1.);
#11675 = DIRECTION('',(1.,0.));
#11676 = ( GEOMETRIC_REPRESENTATION_CONTEXT(2) 
PARAMETRIC_REPRESENTATION_CONTEXT() REPRESENTATION_CONTEXT('2D SPACE',''
  ) );
#11677 = PCURVE('',#10204,#11678);
#11678 = DEFINITIONAL_REPRESENTATION('',(#11679),#11683);
#11679 = LINE('',#11680,#11681);
#11680 = CARTESIAN_POINT('',(0.,2.));
#11681 = VECTOR('',#11682,1.);
#11682 = DIRECTION('',(1.,0.));
#11683 = ( GEOMETRIC_REPRESENTATION_CONTEXT(2) 
PARAMETRIC_REPRESENTATION_CONTEXT() REPRESENTATION_CONTEXT('2D SPACE',''
  ) );
#11684 = ORIENTED_EDGE('',*,*,#11685,.T.);
#11685 = EDGE_CURVE('',#11663,#11384,#11686,.T.);
#11686 = SURFACE_CURVE('',#11687,(#11691,#11698),.PCURVE_S1.);
#11687 = LINE('',#11688,#11689);
#11688 = CARTESIAN_POINT('',(-1.00000005,16.60000005,4.099999999999));
#11689 = VECTOR('',#11690,1.);
#11690 = DIRECTION('',(0.,1.110223024625E-16,1.));
#11691 = PCURVE('',#10230,#11692);
#11692 = DEFINITIONAL_REPRESENTATION('',(#11693),#11697);
#11693 = LINE('',#11694,#11695);
#11694 = CARTESIAN_POINT('',(0.,0.));
#11695 = VECTOR('',#11696,1.);
#11696 = DIRECTION('',(0.,-1.));
#11697 = ( GEOMETRIC_REPRESENTATION_CONTEXT(2) 
PARAMETRIC_REPRESENTATION_CONTEXT() REPRESENTATION_CONTEXT('2D SPACE',''
  ) );
#11698 = PCURVE('',#11699,#11704);
#11699 = PLANE('',#11700);
#11700 = AXIS2_PLACEMENT_3D('',#11701,#11702,#11703);
#11701 = CARTESIAN_POINT('',(-3.00000005,16.60000005,4.099999999999));
#11702 = DIRECTION('',(0.,-1.,1.110223024625E-16));
#11703 = DIRECTION('',(1.,0.,0.));
#11704 = DEFINITIONAL_REPRESENTATION('',(#11705),#11709);
#11705 = LINE('',#11706,#11707);
#11706 = CARTESIAN_POINT('',(2.,0.));
#11707 = VECTOR('',#11708,1.);
#11708 = DIRECTION('',(0.,1.));
#11709 = ( GEOMETRIC_REPRESENTATION_CONTEXT(2) 
PARAMETRIC_REPRESENTATION_CONTEXT() REPRESENTATION_CONTEXT('2D SPACE',''
  ) );
#11710 = ADVANCED_FACE('',(#11711),#10204,.F.);
#11711 = FACE_BOUND('',#11712,.F.);
#11712 = EDGE_LOOP('',(#11713,#11714,#11737,#11758));
#11713 = ORIENTED_EDGE('',*,*,#11662,.F.);
#11714 = ORIENTED_EDGE('',*,*,#11715,.F.);
#11715 = EDGE_CURVE('',#11716,#11663,#11718,.T.);
#11716 = VERTEX_POINT('',#11717);
#11717 = CARTESIAN_POINT('',(-3.00000005,16.60000005,4.099999999999));
#11718 = SURFACE_CURVE('',#11719,(#11723,#11730),.PCURVE_S1.);
#11719 = LINE('',#11720,#11721);
#11720 = CARTESIAN_POINT('',(-3.00000005,16.60000005,4.099999999999));
#11721 = VECTOR('',#11722,1.);
#11722 = DIRECTION('',(1.,0.,0.));
#11723 = PCURVE('',#10204,#11724);
#11724 = DEFINITIONAL_REPRESENTATION('',(#11725),#11729);
#11725 = LINE('',#11726,#11727);
#11726 = CARTESIAN_POINT('',(0.,0.));
#11727 = VECTOR('',#11728,1.);
#11728 = DIRECTION('',(0.,1.));
#11729 = ( GEOMETRIC_REPRESENTATION_CONTEXT(2) 
PARAMETRIC_REPRESENTATION_CONTEXT() REPRESENTATION_CONTEXT('2D SPACE',''
  ) );
#11730 = PCURVE('',#11699,#11731);
#11731 = DEFINITIONAL_REPRESENTATION('',(#11732),#11736);
#11732 = LINE('',#11733,#11734);
#11733 = CARTESIAN_POINT('',(0.,0.));
#11734 = VECTOR('',#11735,1.);
#11735 = DIRECTION('',(1.,0.));
#11736 = ( GEOMETRIC_REPRESENTATION_CONTEXT(2) 
PARAMETRIC_REPRESENTATION_CONTEXT() REPRESENTATION_CONTEXT('2D SPACE',''
  ) );
#11737 = ORIENTED_EDGE('',*,*,#11738,.T.);
#11738 = EDGE_CURVE('',#11716,#10161,#11739,.T.);
#11739 = SURFACE_CURVE('',#11740,(#11744,#11751),.PCURVE_S1.);
#11740 = LINE('',#11741,#11742);
#11741 = CARTESIAN_POINT('',(-3.00000005,16.60000005,4.099999999999));
#11742 = VECTOR('',#11743,1.);
#11743 = DIRECTION('',(0.,-1.,1.110223024625E-16));
#11744 = PCURVE('',#10204,#11745);
#11745 = DEFINITIONAL_REPRESENTATION('',(#11746),#11750);
#11746 = LINE('',#11747,#11748);
#11747 = CARTESIAN_POINT('',(0.,0.));
#11748 = VECTOR('',#11749,1.);
#11749 = DIRECTION('',(1.,0.));
#11750 = ( GEOMETRIC_REPRESENTATION_CONTEXT(2) 
PARAMETRIC_REPRESENTATION_CONTEXT() REPRESENTATION_CONTEXT('2D SPACE',''
  ) );
#11751 = PCURVE('',#10176,#11752);
#11752 = DEFINITIONAL_REPRESENTATION('',(#11753),#11757);
#11753 = LINE('',#11754,#11755);
#11754 = CARTESIAN_POINT('',(0.,0.));
#11755 = VECTOR('',#11756,1.);
#11756 = DIRECTION('',(1.,0.));
#11757 = ( GEOMETRIC_REPRESENTATION_CONTEXT(2) 
PARAMETRIC_REPRESENTATION_CONTEXT() REPRESENTATION_CONTEXT('2D SPACE',''
  ) );
#11758 = ORIENTED_EDGE('',*,*,#10188,.T.);
#11759 = ADVANCED_FACE('',(#11760),#10176,.F.);
#11760 = FACE_BOUND('',#11761,.F.);
#11761 = EDGE_LOOP('',(#11762,#11787,#11811,#11834,#11858,#11881,#11904,
    #11927,#11950,#11973,#11994,#11995,#11996,#11997));
#11762 = ORIENTED_EDGE('',*,*,#11763,.T.);
#11763 = EDGE_CURVE('',#11764,#11766,#11768,.T.);
#11764 = VERTEX_POINT('',#11765);
#11765 = CARTESIAN_POINT('',(-3.00000005,16.60000005,4.999999999999));
#11766 = VERTEX_POINT('',#11767);
#11767 = CARTESIAN_POINT('',(-3.00000005,8.30000005,4.999999999999));
#11768 = SURFACE_CURVE('',#11769,(#11773,#11780),.PCURVE_S1.);
#11769 = LINE('',#11770,#11771);
#11770 = CARTESIAN_POINT('',(-3.00000005,16.60000005,4.999999999999));
#11771 = VECTOR('',#11772,1.);
#11772 = DIRECTION('',(0.,-1.,1.110223024625E-16));
#11773 = PCURVE('',#10176,#11774);
#11774 = DEFINITIONAL_REPRESENTATION('',(#11775),#11779);
#11775 = LINE('',#11776,#11777);
#11776 = CARTESIAN_POINT('',(9.992007221626E-17,-0.9));
#11777 = VECTOR('',#11778,1.);
#11778 = DIRECTION('',(1.,0.));
#11779 = ( GEOMETRIC_REPRESENTATION_CONTEXT(2) 
PARAMETRIC_REPRESENTATION_CONTEXT() REPRESENTATION_CONTEXT('2D SPACE',''
  ) );
#11780 = PCURVE('',#11401,#11781);
#11781 = DEFINITIONAL_REPRESENTATION('',(#11782),#11786);
#11782 = LINE('',#11783,#11784);
#11783 = CARTESIAN_POINT('',(0.,0.));
#11784 = VECTOR('',#11785,1.);
#11785 = DIRECTION('',(1.,0.));
#11786 = ( GEOMETRIC_REPRESENTATION_CONTEXT(2) 
PARAMETRIC_REPRESENTATION_CONTEXT() REPRESENTATION_CONTEXT('2D SPACE',''
  ) );
#11787 = ORIENTED_EDGE('',*,*,#11788,.F.);
#11788 = EDGE_CURVE('',#11789,#11766,#11791,.T.);
#11789 = VERTEX_POINT('',#11790);
#11790 = CARTESIAN_POINT('',(-3.00000005,8.10000005,5.199999999999));
#11791 = SURFACE_CURVE('',#11792,(#11797,#11804),.PCURVE_S1.);
#11792 = CIRCLE('',#11793,0.2);
#11793 = AXIS2_PLACEMENT_3D('',#11794,#11795,#11796);
#11794 = CARTESIAN_POINT('',(-3.00000005,8.30000005,5.199999999999));
#11795 = DIRECTION('',(1.,0.,0.));
#11796 = DIRECTION('',(0.,-1.,1.110223024625E-16));
#11797 = PCURVE('',#10176,#11798);
#11798 = DEFINITIONAL_REPRESENTATION('',(#11799),#11803);
#11799 = CIRCLE('',#11800,0.2);
#11800 = AXIS2_PLACEMENT_2D('',#11801,#11802);
#11801 = CARTESIAN_POINT('',(8.3,-1.1));
#11802 = DIRECTION('',(1.,0.));
#11803 = ( GEOMETRIC_REPRESENTATION_CONTEXT(2) 
PARAMETRIC_REPRESENTATION_CONTEXT() REPRESENTATION_CONTEXT('2D SPACE',''
  ) );
#11804 = PCURVE('',#11430,#11805);
#11805 = DEFINITIONAL_REPRESENTATION('',(#11806),#11810);
#11806 = LINE('',#11807,#11808);
#11807 = CARTESIAN_POINT('',(0.,0.));
#11808 = VECTOR('',#11809,1.);
#11809 = DIRECTION('',(1.,0.));
#11810 = ( GEOMETRIC_REPRESENTATION_CONTEXT(2) 
PARAMETRIC_REPRESENTATION_CONTEXT() REPRESENTATION_CONTEXT('2D SPACE',''
  ) );
#11811 = ORIENTED_EDGE('',*,*,#11812,.T.);
#11812 = EDGE_CURVE('',#11789,#11813,#11815,.T.);
#11813 = VERTEX_POINT('',#11814);
#11814 = CARTESIAN_POINT('',(-3.00000005,8.10000005,5.299999999999));
#11815 = SURFACE_CURVE('',#11816,(#11820,#11827),.PCURVE_S1.);
#11816 = LINE('',#11817,#11818);
#11817 = CARTESIAN_POINT('',(-3.00000005,8.10000005,4.099999999999));
#11818 = VECTOR('',#11819,1.);
#11819 = DIRECTION('',(0.,1.110223024625E-16,1.));
#11820 = PCURVE('',#10176,#11821);
#11821 = DEFINITIONAL_REPRESENTATION('',(#11822),#11826);
#11822 = LINE('',#11823,#11824);
#11823 = CARTESIAN_POINT('',(8.5,1.831867990632E-15));
#11824 = VECTOR('',#11825,1.);
#11825 = DIRECTION('',(0.,-1.));
#11826 = ( GEOMETRIC_REPRESENTATION_CONTEXT(2) 
PARAMETRIC_REPRESENTATION_CONTEXT() REPRESENTATION_CONTEXT('2D SPACE',''
  ) );
#11827 = PCURVE('',#11458,#11828);
#11828 = DEFINITIONAL_REPRESENTATION('',(#11829),#11833);
#11829 = LINE('',#11830,#11831);
#11830 = CARTESIAN_POINT('',(0.,0.));
#11831 = VECTOR('',#11832,1.);
#11832 = DIRECTION('',(0.,1.));
#11833 = ( GEOMETRIC_REPRESENTATION_CONTEXT(2) 
PARAMETRIC_REPRESENTATION_CONTEXT() REPRESENTATION_CONTEXT('2D SPACE',''
  ) );
#11834 = ORIENTED_EDGE('',*,*,#11835,.F.);
#11835 = EDGE_CURVE('',#11836,#11813,#11838,.T.);
#11836 = VERTEX_POINT('',#11837);
#11837 = CARTESIAN_POINT('',(-3.00000005,8.30000005,5.499999999999));
#11838 = SURFACE_CURVE('',#11839,(#11844,#11851),.PCURVE_S1.);
#11839 = CIRCLE('',#11840,0.2);
#11840 = AXIS2_PLACEMENT_3D('',#11841,#11842,#11843);
#11841 = CARTESIAN_POINT('',(-3.00000005,8.30000005,5.299999999999));
#11842 = DIRECTION('',(1.,0.,0.));
#11843 = DIRECTION('',(0.,-1.,1.110223024625E-16));
#11844 = PCURVE('',#10176,#11845);
#11845 = DEFINITIONAL_REPRESENTATION('',(#11846),#11850);
#11846 = CIRCLE('',#11847,0.2);
#11847 = AXIS2_PLACEMENT_2D('',#11848,#11849);
#11848 = CARTESIAN_POINT('',(8.3,-1.2));
#11849 = DIRECTION('',(1.,0.));
#11850 = ( GEOMETRIC_REPRESENTATION_CONTEXT(2) 
PARAMETRIC_REPRESENTATION_CONTEXT() REPRESENTATION_CONTEXT('2D SPACE',''
  ) );
#11851 = PCURVE('',#11487,#11852);
#11852 = DEFINITIONAL_REPRESENTATION('',(#11853),#11857);
#11853 = LINE('',#11854,#11855);
#11854 = CARTESIAN_POINT('',(-4.712388980385,0.));
#11855 = VECTOR('',#11856,1.);
#11856 = DIRECTION('',(1.,0.));
#11857 = ( GEOMETRIC_REPRESENTATION_CONTEXT(2) 
PARAMETRIC_REPRESENTATION_CONTEXT() REPRESENTATION_CONTEXT('2D SPACE',''
  ) );
#11858 = ORIENTED_EDGE('',*,*,#11859,.F.);
#11859 = EDGE_CURVE('',#11860,#11836,#11862,.T.);
#11860 = VERTEX_POINT('',#11861);
#11861 = CARTESIAN_POINT('',(-3.00000005,16.60000005,5.499999999999));
#11862 = SURFACE_CURVE('',#11863,(#11867,#11874),.PCURVE_S1.);
#11863 = LINE('',#11864,#11865);
#11864 = CARTESIAN_POINT('',(-3.00000005,16.60000005,5.499999999999));
#11865 = VECTOR('',#11866,1.);
#11866 = DIRECTION('',(0.,-1.,1.110223024625E-16));
#11867 = PCURVE('',#10176,#11868);
#11868 = DEFINITIONAL_REPRESENTATION('',(#11869),#11873);
#11869 = LINE('',#11870,#11871);
#11870 = CARTESIAN_POINT('',(1.554312234475E-16,-1.4));
#11871 = VECTOR('',#11872,1.);
#11872 = DIRECTION('',(1.,0.));
#11873 = ( GEOMETRIC_REPRESENTATION_CONTEXT(2) 
PARAMETRIC_REPRESENTATION_CONTEXT() REPRESENTATION_CONTEXT('2D SPACE',''
  ) );
#11874 = PCURVE('',#11515,#11875);
#11875 = DEFINITIONAL_REPRESENTATION('',(#11876),#11880);
#11876 = LINE('',#11877,#11878);
#11877 = CARTESIAN_POINT('',(0.,0.));
#11878 = VECTOR('',#11879,1.);
#11879 = DIRECTION('',(1.,0.));
#11880 = ( GEOMETRIC_REPRESENTATION_CONTEXT(2) 
PARAMETRIC_REPRESENTATION_CONTEXT() REPRESENTATION_CONTEXT('2D SPACE',''
  ) );
#11881 = ORIENTED_EDGE('',*,*,#11882,.T.);
#11882 = EDGE_CURVE('',#11860,#11883,#11885,.T.);
#11883 = VERTEX_POINT('',#11884);
#11884 = CARTESIAN_POINT('',(-3.00000005,16.60000005,6.299999999999));
#11885 = SURFACE_CURVE('',#11886,(#11890,#11897),.PCURVE_S1.);
#11886 = LINE('',#11887,#11888);
#11887 = CARTESIAN_POINT('',(-3.00000005,16.60000005,5.499999999999));
#11888 = VECTOR('',#11889,1.);
#11889 = DIRECTION('',(0.,1.110223024625E-16,1.));
#11890 = PCURVE('',#10176,#11891);
#11891 = DEFINITIONAL_REPRESENTATION('',(#11892),#11896);
#11892 = LINE('',#11893,#11894);
#11893 = CARTESIAN_POINT('',(1.554312234475E-16,-1.4));
#11894 = VECTOR('',#11895,1.);
#11895 = DIRECTION('',(0.,-1.));
#11896 = ( GEOMETRIC_REPRESENTATION_CONTEXT(2) 
PARAMETRIC_REPRESENTATION_CONTEXT() REPRESENTATION_CONTEXT('2D SPACE',''
  ) );
#11897 = PCURVE('',#11543,#11898);
#11898 = DEFINITIONAL_REPRESENTATION('',(#11899),#11903);
#11899 = LINE('',#11900,#11901);
#11900 = CARTESIAN_POINT('',(0.,0.));
#11901 = VECTOR('',#11902,1.);
#11902 = DIRECTION('',(0.,1.));
#11903 = ( GEOMETRIC_REPRESENTATION_CONTEXT(2) 
PARAMETRIC_REPRESENTATION_CONTEXT() REPRESENTATION_CONTEXT('2D SPACE',''
  ) );
#11904 = ORIENTED_EDGE('',*,*,#11905,.F.);
#11905 = EDGE_CURVE('',#11906,#11883,#11908,.T.);
#11906 = VERTEX_POINT('',#11907);
#11907 = CARTESIAN_POINT('',(-3.00000005,14.071428621429,6.299999999999)
  );
#11908 = SURFACE_CURVE('',#11909,(#11913,#11920),.PCURVE_S1.);
#11909 = LINE('',#11910,#11911);
#11910 = CARTESIAN_POINT('',(-3.00000005,6.90000005,6.299999999999));
#11911 = VECTOR('',#11912,1.);
#11912 = DIRECTION('',(0.,1.,-1.339134988465E-16));
#11913 = PCURVE('',#10176,#11914);
#11914 = DEFINITIONAL_REPRESENTATION('',(#11915),#11919);
#11915 = LINE('',#11916,#11917);
#11916 = CARTESIAN_POINT('',(9.7,-2.2));
#11917 = VECTOR('',#11918,1.);
#11918 = DIRECTION('',(-1.,2.289119638402E-17));
#11919 = ( GEOMETRIC_REPRESENTATION_CONTEXT(2) 
PARAMETRIC_REPRESENTATION_CONTEXT() REPRESENTATION_CONTEXT('2D SPACE',''
  ) );
#11920 = PCURVE('',#11571,#11921);
#11921 = DEFINITIONAL_REPRESENTATION('',(#11922),#11926);
#11922 = LINE('',#11923,#11924);
#11923 = CARTESIAN_POINT('',(9.7,0.));
#11924 = VECTOR('',#11925,1.);
#11925 = DIRECTION('',(-1.,0.));
#11926 = ( GEOMETRIC_REPRESENTATION_CONTEXT(2) 
PARAMETRIC_REPRESENTATION_CONTEXT() REPRESENTATION_CONTEXT('2D SPACE',''
  ) );
#11927 = ORIENTED_EDGE('',*,*,#11928,.T.);
#11928 = EDGE_CURVE('',#11906,#11929,#11931,.T.);
#11929 = VERTEX_POINT('',#11930);
#11930 = CARTESIAN_POINT('',(-3.00000005,13.30000005,6.899999999999));
#11931 = SURFACE_CURVE('',#11932,(#11936,#11943),.PCURVE_S1.);
#11932 = LINE('',#11933,#11934);
#11933 = CARTESIAN_POINT('',(-3.00000005,14.20000005,6.199999999999));
#11934 = VECTOR('',#11935,1.);
#11935 = DIRECTION('',(0.,-0.789352217376,0.613940613515));
#11936 = PCURVE('',#10176,#11937);
#11937 = DEFINITIONAL_REPRESENTATION('',(#11938),#11942);
#11938 = LINE('',#11939,#11940);
#11939 = CARTESIAN_POINT('',(2.4,-2.1));
#11940 = VECTOR('',#11941,1.);
#11941 = DIRECTION('',(0.789352217376,-0.613940613515));
#11942 = ( GEOMETRIC_REPRESENTATION_CONTEXT(2) 
PARAMETRIC_REPRESENTATION_CONTEXT() REPRESENTATION_CONTEXT('2D SPACE',''
  ) );
#11943 = PCURVE('',#11599,#11944);
#11944 = DEFINITIONAL_REPRESENTATION('',(#11945),#11949);
#11945 = LINE('',#11946,#11947);
#11946 = CARTESIAN_POINT('',(0.,0.));
#11947 = VECTOR('',#11948,1.);
#11948 = DIRECTION('',(1.,0.));
#11949 = ( GEOMETRIC_REPRESENTATION_CONTEXT(2) 
PARAMETRIC_REPRESENTATION_CONTEXT() REPRESENTATION_CONTEXT('2D SPACE',''
  ) );
#11950 = ORIENTED_EDGE('',*,*,#11951,.T.);
#11951 = EDGE_CURVE('',#11929,#11952,#11954,.T.);
#11952 = VERTEX_POINT('',#11953);
#11953 = CARTESIAN_POINT('',(-3.00000005,12.80000005,6.899999999999));
#11954 = SURFACE_CURVE('',#11955,(#11959,#11966),.PCURVE_S1.);
#11955 = LINE('',#11956,#11957);
#11956 = CARTESIAN_POINT('',(-3.00000005,13.30000005,6.899999999999));
#11957 = VECTOR('',#11958,1.);
#11958 = DIRECTION('',(0.,-1.,1.110223024625E-16));
#11959 = PCURVE('',#10176,#11960);
#11960 = DEFINITIONAL_REPRESENTATION('',(#11961),#11965);
#11961 = LINE('',#11962,#11963);
#11962 = CARTESIAN_POINT('',(3.3,-2.8));
#11963 = VECTOR('',#11964,1.);
#11964 = DIRECTION('',(1.,0.));
#11965 = ( GEOMETRIC_REPRESENTATION_CONTEXT(2) 
PARAMETRIC_REPRESENTATION_CONTEXT() REPRESENTATION_CONTEXT('2D SPACE',''
  ) );
#11966 = PCURVE('',#11627,#11967);
#11967 = DEFINITIONAL_REPRESENTATION('',(#11968),#11972);
#11968 = LINE('',#11969,#11970);
#11969 = CARTESIAN_POINT('',(0.,0.));
#11970 = VECTOR('',#11971,1.);
#11971 = DIRECTION('',(1.,0.));
#11972 = ( GEOMETRIC_REPRESENTATION_CONTEXT(2) 
PARAMETRIC_REPRESENTATION_CONTEXT() REPRESENTATION_CONTEXT('2D SPACE',''
  ) );
#11973 = ORIENTED_EDGE('',*,*,#11974,.T.);
#11974 = EDGE_CURVE('',#11952,#11331,#11975,.T.);
#11975 = SURFACE_CURVE('',#11976,(#11980,#11987),.PCURVE_S1.);
#11976 = LINE('',#11977,#11978);
#11977 = CARTESIAN_POINT('',(-3.00000005,12.80000005,6.899999999999));
#11978 = VECTOR('',#11979,1.);
#11979 = DIRECTION('',(0.,-1.110223024625E-16,-1.));
#11980 = PCURVE('',#10176,#11981);
#11981 = DEFINITIONAL_REPRESENTATION('',(#11982),#11986);
#11982 = LINE('',#11983,#11984);
#11983 = CARTESIAN_POINT('',(3.8,-2.8));
#11984 = VECTOR('',#11985,1.);
#11985 = DIRECTION('',(0.,1.));
#11986 = ( GEOMETRIC_REPRESENTATION_CONTEXT(2) 
PARAMETRIC_REPRESENTATION_CONTEXT() REPRESENTATION_CONTEXT('2D SPACE',''
  ) );
#11987 = PCURVE('',#11346,#11988);
#11988 = DEFINITIONAL_REPRESENTATION('',(#11989),#11993);
#11989 = LINE('',#11990,#11991);
#11990 = CARTESIAN_POINT('',(0.,0.));
#11991 = VECTOR('',#11992,1.);
#11992 = DIRECTION('',(1.,-0.));
#11993 = ( GEOMETRIC_REPRESENTATION_CONTEXT(2) 
PARAMETRIC_REPRESENTATION_CONTEXT() REPRESENTATION_CONTEXT('2D SPACE',''
  ) );
#11994 = ORIENTED_EDGE('',*,*,#11358,.F.);
#11995 = ORIENTED_EDGE('',*,*,#10160,.T.);
#11996 = ORIENTED_EDGE('',*,*,#11738,.F.);
#11997 = ORIENTED_EDGE('',*,*,#11998,.T.);
#11998 = EDGE_CURVE('',#11716,#11764,#11999,.T.);
#11999 = SURFACE_CURVE('',#12000,(#12004,#12011),.PCURVE_S1.);
#12000 = LINE('',#12001,#12002);
#12001 = CARTESIAN_POINT('',(-3.00000005,16.60000005,4.099999999999));
#12002 = VECTOR('',#12003,1.);
#12003 = DIRECTION('',(0.,1.110223024625E-16,1.));
#12004 = PCURVE('',#10176,#12005);
#12005 = DEFINITIONAL_REPRESENTATION('',(#12006),#12010);
#12006 = LINE('',#12007,#12008);
#12007 = CARTESIAN_POINT('',(0.,0.));
#12008 = VECTOR('',#12009,1.);
#12009 = DIRECTION('',(0.,-1.));
#12010 = ( GEOMETRIC_REPRESENTATION_CONTEXT(2) 
PARAMETRIC_REPRESENTATION_CONTEXT() REPRESENTATION_CONTEXT('2D SPACE',''
  ) );
#12011 = PCURVE('',#11699,#12012);
#12012 = DEFINITIONAL_REPRESENTATION('',(#12013),#12017);
#12013 = LINE('',#12014,#12015);
#12014 = CARTESIAN_POINT('',(0.,0.));
#12015 = VECTOR('',#12016,1.);
#12016 = DIRECTION('',(0.,1.));
#12017 = ( GEOMETRIC_REPRESENTATION_CONTEXT(2) 
PARAMETRIC_REPRESENTATION_CONTEXT() REPRESENTATION_CONTEXT('2D SPACE',''
  ) );
#12018 = ADVANCED_FACE('',(#12019),#10594,.T.);
#12019 = FACE_BOUND('',#12020,.F.);
#12020 = EDGE_LOOP('',(#12021,#12022,#12043,#12044));
#12021 = ORIENTED_EDGE('',*,*,#11040,.F.);
#12022 = ORIENTED_EDGE('',*,*,#12023,.F.);
#12023 = EDGE_CURVE('',#10577,#11041,#12024,.T.);
#12024 = SURFACE_CURVE('',#12025,(#12029,#12036),.PCURVE_S1.);
#12025 = LINE('',#12026,#12027);
#12026 = CARTESIAN_POINT('',(-3.00000005,16.60000005,-5.000000000001));
#12027 = VECTOR('',#12028,1.);
#12028 = DIRECTION('',(1.,0.,0.));
#12029 = PCURVE('',#10594,#12030);
#12030 = DEFINITIONAL_REPRESENTATION('',(#12031),#12035);
#12031 = LINE('',#12032,#12033);
#12032 = CARTESIAN_POINT('',(-0.,0.));
#12033 = VECTOR('',#12034,1.);
#12034 = DIRECTION('',(-0.,1.));
#12035 = ( GEOMETRIC_REPRESENTATION_CONTEXT(2) 
PARAMETRIC_REPRESENTATION_CONTEXT() REPRESENTATION_CONTEXT('2D SPACE',''
  ) );
#12036 = PCURVE('',#10927,#12037);
#12037 = DEFINITIONAL_REPRESENTATION('',(#12038),#12042);
#12038 = LINE('',#12039,#12040);
#12039 = CARTESIAN_POINT('',(-0.,0.9));
#12040 = VECTOR('',#12041,1.);
#12041 = DIRECTION('',(-1.,0.));
#12042 = ( GEOMETRIC_REPRESENTATION_CONTEXT(2) 
PARAMETRIC_REPRESENTATION_CONTEXT() REPRESENTATION_CONTEXT('2D SPACE',''
  ) );
#12043 = ORIENTED_EDGE('',*,*,#10576,.T.);
#12044 = ORIENTED_EDGE('',*,*,#12045,.T.);
#12045 = EDGE_CURVE('',#10579,#11043,#12046,.T.);
#12046 = SURFACE_CURVE('',#12047,(#12051,#12058),.PCURVE_S1.);
#12047 = LINE('',#12048,#12049);
#12048 = CARTESIAN_POINT('',(-3.00000005,8.30000005,-5.000000000001));
#12049 = VECTOR('',#12050,1.);
#12050 = DIRECTION('',(1.,0.,0.));
#12051 = PCURVE('',#10594,#12052);
#12052 = DEFINITIONAL_REPRESENTATION('',(#12053),#12057);
#12053 = LINE('',#12054,#12055);
#12054 = CARTESIAN_POINT('',(-8.3,0.));
#12055 = VECTOR('',#12056,1.);
#12056 = DIRECTION('',(-0.,1.));
#12057 = ( GEOMETRIC_REPRESENTATION_CONTEXT(2) 
PARAMETRIC_REPRESENTATION_CONTEXT() REPRESENTATION_CONTEXT('2D SPACE',''
  ) );
#12058 = PCURVE('',#10627,#12059);
#12059 = DEFINITIONAL_REPRESENTATION('',(#12060),#12064);
#12060 = LINE('',#12061,#12062);
#12061 = CARTESIAN_POINT('',(-1.570796326795,0.));
#12062 = VECTOR('',#12063,1.);
#12063 = DIRECTION('',(-0.,1.));
#12064 = ( GEOMETRIC_REPRESENTATION_CONTEXT(2) 
PARAMETRIC_REPRESENTATION_CONTEXT() REPRESENTATION_CONTEXT('2D SPACE',''
  ) );
#12065 = ADVANCED_FACE('',(#12066),#10927,.F.);
#12066 = FACE_BOUND('',#12067,.T.);
#12067 = EDGE_LOOP('',(#12068,#12069,#12070,#12071));
#12068 = ORIENTED_EDGE('',*,*,#10913,.F.);
#12069 = ORIENTED_EDGE('',*,*,#11014,.T.);
#12070 = ORIENTED_EDGE('',*,*,#11283,.T.);
#12071 = ORIENTED_EDGE('',*,*,#12023,.F.);
#12072 = ADVANCED_FACE('',(#12073),#10856,.F.);
#12073 = FACE_BOUND('',#12074,.T.);
#12074 = EDGE_LOOP('',(#12075,#12076,#12097,#12098));
#12075 = ORIENTED_EDGE('',*,*,#10840,.F.);
#12076 = ORIENTED_EDGE('',*,*,#12077,.T.);
#12077 = EDGE_CURVE('',#10813,#11237,#12078,.T.);
#12078 = SURFACE_CURVE('',#12079,(#12083,#12090),.PCURVE_S1.);
#12079 = LINE('',#12080,#12081);
#12080 = CARTESIAN_POINT('',(-3.00000005,12.80000005,-6.900000000001));
#12081 = VECTOR('',#12082,1.);
#12082 = DIRECTION('',(1.,0.,0.));
#12083 = PCURVE('',#10856,#12084);
#12084 = DEFINITIONAL_REPRESENTATION('',(#12085),#12089);
#12085 = LINE('',#12086,#12087);
#12086 = CARTESIAN_POINT('',(-0.,0.));
#12087 = VECTOR('',#12088,1.);
#12088 = DIRECTION('',(-0.,-1.));
#12089 = ( GEOMETRIC_REPRESENTATION_CONTEXT(2) 
PARAMETRIC_REPRESENTATION_CONTEXT() REPRESENTATION_CONTEXT('2D SPACE',''
  ) );
#12090 = PCURVE('',#10828,#12091);
#12091 = DEFINITIONAL_REPRESENTATION('',(#12092),#12096);
#12092 = LINE('',#12093,#12094);
#12093 = CARTESIAN_POINT('',(-0.5,0.));
#12094 = VECTOR('',#12095,1.);
#12095 = DIRECTION('',(-0.,-1.));
#12096 = ( GEOMETRIC_REPRESENTATION_CONTEXT(2) 
PARAMETRIC_REPRESENTATION_CONTEXT() REPRESENTATION_CONTEXT('2D SPACE',''
  ) );
#12097 = ORIENTED_EDGE('',*,*,#11259,.T.);
#12098 = ORIENTED_EDGE('',*,*,#10965,.T.);
#12099 = ADVANCED_FACE('',(#12100),#10828,.F.);
#12100 = FACE_BOUND('',#12101,.T.);
#12101 = EDGE_LOOP('',(#12102,#12123,#12124,#12125));
#12102 = ORIENTED_EDGE('',*,*,#12103,.T.);
#12103 = EDGE_CURVE('',#10785,#11214,#12104,.T.);
#12104 = SURFACE_CURVE('',#12105,(#12109,#12116),.PCURVE_S1.);
#12105 = LINE('',#12106,#12107);
#12106 = CARTESIAN_POINT('',(-3.00000005,13.30000005,-6.900000000001));
#12107 = VECTOR('',#12108,1.);
#12108 = DIRECTION('',(1.,0.,0.));
#12109 = PCURVE('',#10828,#12110);
#12110 = DEFINITIONAL_REPRESENTATION('',(#12111),#12115);
#12111 = LINE('',#12112,#12113);
#12112 = CARTESIAN_POINT('',(-0.,0.));
#12113 = VECTOR('',#12114,1.);
#12114 = DIRECTION('',(-0.,-1.));
#12115 = ( GEOMETRIC_REPRESENTATION_CONTEXT(2) 
PARAMETRIC_REPRESENTATION_CONTEXT() REPRESENTATION_CONTEXT('2D SPACE',''
  ) );
#12116 = PCURVE('',#10800,#12117);
#12117 = DEFINITIONAL_REPRESENTATION('',(#12118),#12122);
#12118 = LINE('',#12119,#12120);
#12119 = CARTESIAN_POINT('',(-1.140175425099,-0.));
#12120 = VECTOR('',#12121,1.);
#12121 = DIRECTION('',(-0.,-1.));
#12122 = ( GEOMETRIC_REPRESENTATION_CONTEXT(2) 
PARAMETRIC_REPRESENTATION_CONTEXT() REPRESENTATION_CONTEXT('2D SPACE',''
  ) );
#12123 = ORIENTED_EDGE('',*,*,#11236,.T.);
#12124 = ORIENTED_EDGE('',*,*,#12077,.F.);
#12125 = ORIENTED_EDGE('',*,*,#10812,.F.);
#12126 = ADVANCED_FACE('',(#12127),#10800,.F.);
#12127 = FACE_BOUND('',#12128,.T.);
#12128 = EDGE_LOOP('',(#12129,#12130,#12151,#12152));
#12129 = ORIENTED_EDGE('',*,*,#10784,.F.);
#12130 = ORIENTED_EDGE('',*,*,#12131,.T.);
#12131 = EDGE_CURVE('',#10757,#11191,#12132,.T.);
#12132 = SURFACE_CURVE('',#12133,(#12137,#12144),.PCURVE_S1.);
#12133 = LINE('',#12134,#12135);
#12134 = CARTESIAN_POINT('',(-3.00000005,14.071428621429,-6.300000000001
    ));
#12135 = VECTOR('',#12136,1.);
#12136 = DIRECTION('',(1.,0.,0.));
#12137 = PCURVE('',#10800,#12138);
#12138 = DEFINITIONAL_REPRESENTATION('',(#12139),#12143);
#12139 = LINE('',#12140,#12141);
#12140 = CARTESIAN_POINT('',(-0.162882203586,-0.));
#12141 = VECTOR('',#12142,1.);
#12142 = DIRECTION('',(-0.,-1.));
#12143 = ( GEOMETRIC_REPRESENTATION_CONTEXT(2) 
PARAMETRIC_REPRESENTATION_CONTEXT() REPRESENTATION_CONTEXT('2D SPACE',''
  ) );
#12144 = PCURVE('',#10772,#12145);
#12145 = DEFINITIONAL_REPRESENTATION('',(#12146),#12150);
#12146 = LINE('',#12147,#12148);
#12147 = CARTESIAN_POINT('',(-2.528571428571,0.));
#12148 = VECTOR('',#12149,1.);
#12149 = DIRECTION('',(-0.,1.));
#12150 = ( GEOMETRIC_REPRESENTATION_CONTEXT(2) 
PARAMETRIC_REPRESENTATION_CONTEXT() REPRESENTATION_CONTEXT('2D SPACE',''
  ) );
#12151 = ORIENTED_EDGE('',*,*,#11213,.T.);
#12152 = ORIENTED_EDGE('',*,*,#12103,.F.);
#12153 = ADVANCED_FACE('',(#12154),#10772,.T.);
#12154 = FACE_BOUND('',#12155,.F.);
#12155 = EDGE_LOOP('',(#12156,#12157,#12178,#12179));
#12156 = ORIENTED_EDGE('',*,*,#11190,.F.);
#12157 = ORIENTED_EDGE('',*,*,#12158,.F.);
#12158 = EDGE_CURVE('',#10729,#11168,#12159,.T.);
#12159 = SURFACE_CURVE('',#12160,(#12164,#12171),.PCURVE_S1.);
#12160 = LINE('',#12161,#12162);
#12161 = CARTESIAN_POINT('',(-3.00000005,16.60000005,-6.300000000001));
#12162 = VECTOR('',#12163,1.);
#12163 = DIRECTION('',(1.,0.,0.));
#12164 = PCURVE('',#10772,#12165);
#12165 = DEFINITIONAL_REPRESENTATION('',(#12166),#12170);
#12166 = LINE('',#12167,#12168);
#12167 = CARTESIAN_POINT('',(-0.,0.));
#12168 = VECTOR('',#12169,1.);
#12169 = DIRECTION('',(-0.,1.));
#12170 = ( GEOMETRIC_REPRESENTATION_CONTEXT(2) 
PARAMETRIC_REPRESENTATION_CONTEXT() REPRESENTATION_CONTEXT('2D SPACE',''
  ) );
#12171 = PCURVE('',#10744,#12172);
#12172 = DEFINITIONAL_REPRESENTATION('',(#12173),#12177);
#12173 = LINE('',#12174,#12175);
#12174 = CARTESIAN_POINT('',(-0.,0.8));
#12175 = VECTOR('',#12176,1.);
#12176 = DIRECTION('',(-1.,0.));
#12177 = ( GEOMETRIC_REPRESENTATION_CONTEXT(2) 
PARAMETRIC_REPRESENTATION_CONTEXT() REPRESENTATION_CONTEXT('2D SPACE',''
  ) );
#12178 = ORIENTED_EDGE('',*,*,#10756,.F.);
#12179 = ORIENTED_EDGE('',*,*,#12131,.T.);
#12180 = ADVANCED_FACE('',(#12181),#10744,.F.);
#12181 = FACE_BOUND('',#12182,.T.);
#12182 = EDGE_LOOP('',(#12183,#12184,#12205,#12206));
#12183 = ORIENTED_EDGE('',*,*,#10728,.F.);
#12184 = ORIENTED_EDGE('',*,*,#12185,.T.);
#12185 = EDGE_CURVE('',#10701,#11145,#12186,.T.);
#12186 = SURFACE_CURVE('',#12187,(#12191,#12198),.PCURVE_S1.);
#12187 = LINE('',#12188,#12189);
#12188 = CARTESIAN_POINT('',(-3.00000005,16.60000005,-5.500000000001));
#12189 = VECTOR('',#12190,1.);
#12190 = DIRECTION('',(1.,0.,0.));
#12191 = PCURVE('',#10744,#12192);
#12192 = DEFINITIONAL_REPRESENTATION('',(#12193),#12197);
#12193 = LINE('',#12194,#12195);
#12194 = CARTESIAN_POINT('',(-0.,0.));
#12195 = VECTOR('',#12196,1.);
#12196 = DIRECTION('',(-1.,0.));
#12197 = ( GEOMETRIC_REPRESENTATION_CONTEXT(2) 
PARAMETRIC_REPRESENTATION_CONTEXT() REPRESENTATION_CONTEXT('2D SPACE',''
  ) );
#12198 = PCURVE('',#10716,#12199);
#12199 = DEFINITIONAL_REPRESENTATION('',(#12200),#12204);
#12200 = LINE('',#12201,#12202);
#12201 = CARTESIAN_POINT('',(-0.,0.));
#12202 = VECTOR('',#12203,1.);
#12203 = DIRECTION('',(-0.,1.));
#12204 = ( GEOMETRIC_REPRESENTATION_CONTEXT(2) 
PARAMETRIC_REPRESENTATION_CONTEXT() REPRESENTATION_CONTEXT('2D SPACE',''
  ) );
#12205 = ORIENTED_EDGE('',*,*,#11167,.T.);
#12206 = ORIENTED_EDGE('',*,*,#12158,.F.);
#12207 = ADVANCED_FACE('',(#12208),#10716,.F.);
#12208 = FACE_BOUND('',#12209,.T.);
#12209 = EDGE_LOOP('',(#12210,#12211,#12212,#12213));
#12210 = ORIENTED_EDGE('',*,*,#11144,.F.);
#12211 = ORIENTED_EDGE('',*,*,#12185,.F.);
#12212 = ORIENTED_EDGE('',*,*,#10700,.T.);
#12213 = ORIENTED_EDGE('',*,*,#12214,.T.);
#12214 = EDGE_CURVE('',#10668,#11117,#12215,.T.);
#12215 = SURFACE_CURVE('',#12216,(#12220,#12227),.PCURVE_S1.);
#12216 = LINE('',#12217,#12218);
#12217 = CARTESIAN_POINT('',(-3.00000005,8.30000005,-5.500000000001));
#12218 = VECTOR('',#12219,1.);
#12219 = DIRECTION('',(1.,0.,0.));
#12220 = PCURVE('',#10716,#12221);
#12221 = DEFINITIONAL_REPRESENTATION('',(#12222),#12226);
#12222 = LINE('',#12223,#12224);
#12223 = CARTESIAN_POINT('',(-8.3,0.));
#12224 = VECTOR('',#12225,1.);
#12225 = DIRECTION('',(-0.,1.));
#12226 = ( GEOMETRIC_REPRESENTATION_CONTEXT(2) 
PARAMETRIC_REPRESENTATION_CONTEXT() REPRESENTATION_CONTEXT('2D SPACE',''
  ) );
#12227 = PCURVE('',#10688,#12228);
#12228 = DEFINITIONAL_REPRESENTATION('',(#12229),#12233);
#12229 = LINE('',#12230,#12231);
#12230 = CARTESIAN_POINT('',(-0.,0.));
#12231 = VECTOR('',#12232,1.);
#12232 = DIRECTION('',(-0.,1.));
#12233 = ( GEOMETRIC_REPRESENTATION_CONTEXT(2) 
PARAMETRIC_REPRESENTATION_CONTEXT() REPRESENTATION_CONTEXT('2D SPACE',''
  ) );
#12234 = ADVANCED_FACE('',(#12235),#10688,.F.);
#12235 = FACE_BOUND('',#12236,.T.);
#12236 = EDGE_LOOP('',(#12237,#12238,#12259,#12260));
#12237 = ORIENTED_EDGE('',*,*,#10667,.T.);
#12238 = ORIENTED_EDGE('',*,*,#12239,.T.);
#12239 = EDGE_CURVE('',#10640,#11094,#12240,.T.);
#12240 = SURFACE_CURVE('',#12241,(#12245,#12252),.PCURVE_S1.);
#12241 = LINE('',#12242,#12243);
#12242 = CARTESIAN_POINT('',(-3.00000005,8.10000005,-5.300000000001));
#12243 = VECTOR('',#12244,1.);
#12244 = DIRECTION('',(1.,0.,0.));
#12245 = PCURVE('',#10688,#12246);
#12246 = DEFINITIONAL_REPRESENTATION('',(#12247),#12251);
#12247 = LINE('',#12248,#12249);
#12248 = CARTESIAN_POINT('',(-1.570796326795,0.));
#12249 = VECTOR('',#12250,1.);
#12250 = DIRECTION('',(-0.,1.));
#12251 = ( GEOMETRIC_REPRESENTATION_CONTEXT(2) 
PARAMETRIC_REPRESENTATION_CONTEXT() REPRESENTATION_CONTEXT('2D SPACE',''
  ) );
#12252 = PCURVE('',#10655,#12253);
#12253 = DEFINITIONAL_REPRESENTATION('',(#12254),#12258);
#12254 = LINE('',#12255,#12256);
#12255 = CARTESIAN_POINT('',(-0.,1.2));
#12256 = VECTOR('',#12257,1.);
#12257 = DIRECTION('',(-1.,0.));
#12258 = ( GEOMETRIC_REPRESENTATION_CONTEXT(2) 
PARAMETRIC_REPRESENTATION_CONTEXT() REPRESENTATION_CONTEXT('2D SPACE',''
  ) );
#12259 = ORIENTED_EDGE('',*,*,#11116,.F.);
#12260 = ORIENTED_EDGE('',*,*,#12214,.F.);
#12261 = ADVANCED_FACE('',(#12262),#10655,.F.);
#12262 = FACE_BOUND('',#12263,.T.);
#12263 = EDGE_LOOP('',(#12264,#12265,#12286,#12287));
#12264 = ORIENTED_EDGE('',*,*,#10639,.F.);
#12265 = ORIENTED_EDGE('',*,*,#12266,.T.);
#12266 = EDGE_CURVE('',#10607,#11066,#12267,.T.);
#12267 = SURFACE_CURVE('',#12268,(#12272,#12279),.PCURVE_S1.);
#12268 = LINE('',#12269,#12270);
#12269 = CARTESIAN_POINT('',(-3.00000005,8.10000005,-5.200000000001));
#12270 = VECTOR('',#12271,1.);
#12271 = DIRECTION('',(1.,0.,0.));
#12272 = PCURVE('',#10655,#12273);
#12273 = DEFINITIONAL_REPRESENTATION('',(#12274),#12278);
#12274 = LINE('',#12275,#12276);
#12275 = CARTESIAN_POINT('',(-0.,1.1));
#12276 = VECTOR('',#12277,1.);
#12277 = DIRECTION('',(-1.,0.));
#12278 = ( GEOMETRIC_REPRESENTATION_CONTEXT(2) 
PARAMETRIC_REPRESENTATION_CONTEXT() REPRESENTATION_CONTEXT('2D SPACE',''
  ) );
#12279 = PCURVE('',#10627,#12280);
#12280 = DEFINITIONAL_REPRESENTATION('',(#12281),#12285);
#12281 = LINE('',#12282,#12283);
#12282 = CARTESIAN_POINT('',(-0.,0.));
#12283 = VECTOR('',#12284,1.);
#12284 = DIRECTION('',(-0.,1.));
#12285 = ( GEOMETRIC_REPRESENTATION_CONTEXT(2) 
PARAMETRIC_REPRESENTATION_CONTEXT() REPRESENTATION_CONTEXT('2D SPACE',''
  ) );
#12286 = ORIENTED_EDGE('',*,*,#11093,.T.);
#12287 = ORIENTED_EDGE('',*,*,#12239,.F.);
#12288 = ADVANCED_FACE('',(#12289),#10627,.F.);
#12289 = FACE_BOUND('',#12290,.T.);
#12290 = EDGE_LOOP('',(#12291,#12292,#12293,#12294));
#12291 = ORIENTED_EDGE('',*,*,#10606,.T.);
#12292 = ORIENTED_EDGE('',*,*,#12045,.T.);
#12293 = ORIENTED_EDGE('',*,*,#11065,.F.);
#12294 = ORIENTED_EDGE('',*,*,#12266,.F.);
#12295 = ADVANCED_FACE('',(#12296),#11346,.F.);
#12296 = FACE_BOUND('',#12297,.F.);
#12297 = EDGE_LOOP('',(#12298,#12299,#12320,#12321));
#12298 = ORIENTED_EDGE('',*,*,#11974,.F.);
#12299 = ORIENTED_EDGE('',*,*,#12300,.T.);
#12300 = EDGE_CURVE('',#11952,#11612,#12301,.T.);
#12301 = SURFACE_CURVE('',#12302,(#12306,#12313),.PCURVE_S1.);
#12302 = LINE('',#12303,#12304);
#12303 = CARTESIAN_POINT('',(-3.00000005,12.80000005,6.899999999999));
#12304 = VECTOR('',#12305,1.);
#12305 = DIRECTION('',(1.,0.,0.));
#12306 = PCURVE('',#11346,#12307);
#12307 = DEFINITIONAL_REPRESENTATION('',(#12308),#12312);
#12308 = LINE('',#12309,#12310);
#12309 = CARTESIAN_POINT('',(0.,0.));
#12310 = VECTOR('',#12311,1.);
#12311 = DIRECTION('',(0.,-1.));
#12312 = ( GEOMETRIC_REPRESENTATION_CONTEXT(2) 
PARAMETRIC_REPRESENTATION_CONTEXT() REPRESENTATION_CONTEXT('2D SPACE',''
  ) );
#12313 = PCURVE('',#11627,#12314);
#12314 = DEFINITIONAL_REPRESENTATION('',(#12315),#12319);
#12315 = LINE('',#12316,#12317);
#12316 = CARTESIAN_POINT('',(0.5,0.));
#12317 = VECTOR('',#12318,1.);
#12318 = DIRECTION('',(0.,-1.));
#12319 = ( GEOMETRIC_REPRESENTATION_CONTEXT(2) 
PARAMETRIC_REPRESENTATION_CONTEXT() REPRESENTATION_CONTEXT('2D SPACE',''
  ) );
#12320 = ORIENTED_EDGE('',*,*,#11639,.T.);
#12321 = ORIENTED_EDGE('',*,*,#11330,.T.);
#12322 = ADVANCED_FACE('',(#12323),#11401,.T.);
#12323 = FACE_BOUND('',#12324,.T.);
#12324 = EDGE_LOOP('',(#12325,#12326,#12347,#12348));
#12325 = ORIENTED_EDGE('',*,*,#11383,.F.);
#12326 = ORIENTED_EDGE('',*,*,#12327,.F.);
#12327 = EDGE_CURVE('',#11764,#11384,#12328,.T.);
#12328 = SURFACE_CURVE('',#12329,(#12333,#12340),.PCURVE_S1.);
#12329 = LINE('',#12330,#12331);
#12330 = CARTESIAN_POINT('',(-3.00000005,16.60000005,4.999999999999));
#12331 = VECTOR('',#12332,1.);
#12332 = DIRECTION('',(1.,0.,0.));
#12333 = PCURVE('',#11401,#12334);
#12334 = DEFINITIONAL_REPRESENTATION('',(#12335),#12339);
#12335 = LINE('',#12336,#12337);
#12336 = CARTESIAN_POINT('',(0.,0.));
#12337 = VECTOR('',#12338,1.);
#12338 = DIRECTION('',(0.,1.));
#12339 = ( GEOMETRIC_REPRESENTATION_CONTEXT(2) 
PARAMETRIC_REPRESENTATION_CONTEXT() REPRESENTATION_CONTEXT('2D SPACE',''
  ) );
#12340 = PCURVE('',#11699,#12341);
#12341 = DEFINITIONAL_REPRESENTATION('',(#12342),#12346);
#12342 = LINE('',#12343,#12344);
#12343 = CARTESIAN_POINT('',(0.,0.9));
#12344 = VECTOR('',#12345,1.);
#12345 = DIRECTION('',(1.,0.));
#12346 = ( GEOMETRIC_REPRESENTATION_CONTEXT(2) 
PARAMETRIC_REPRESENTATION_CONTEXT() REPRESENTATION_CONTEXT('2D SPACE',''
  ) );
#12347 = ORIENTED_EDGE('',*,*,#11763,.T.);
#12348 = ORIENTED_EDGE('',*,*,#12349,.T.);
#12349 = EDGE_CURVE('',#11766,#11386,#12350,.T.);
#12350 = SURFACE_CURVE('',#12351,(#12355,#12362),.PCURVE_S1.);
#12351 = LINE('',#12352,#12353);
#12352 = CARTESIAN_POINT('',(-3.00000005,8.30000005,4.999999999999));
#12353 = VECTOR('',#12354,1.);
#12354 = DIRECTION('',(1.,0.,0.));
#12355 = PCURVE('',#11401,#12356);
#12356 = DEFINITIONAL_REPRESENTATION('',(#12357),#12361);
#12357 = LINE('',#12358,#12359);
#12358 = CARTESIAN_POINT('',(8.3,0.));
#12359 = VECTOR('',#12360,1.);
#12360 = DIRECTION('',(0.,1.));
#12361 = ( GEOMETRIC_REPRESENTATION_CONTEXT(2) 
PARAMETRIC_REPRESENTATION_CONTEXT() REPRESENTATION_CONTEXT('2D SPACE',''
  ) );
#12362 = PCURVE('',#11430,#12363);
#12363 = DEFINITIONAL_REPRESENTATION('',(#12364),#12368);
#12364 = LINE('',#12365,#12366);
#12365 = CARTESIAN_POINT('',(1.570796326795,0.));
#12366 = VECTOR('',#12367,1.);
#12367 = DIRECTION('',(0.,1.));
#12368 = ( GEOMETRIC_REPRESENTATION_CONTEXT(2) 
PARAMETRIC_REPRESENTATION_CONTEXT() REPRESENTATION_CONTEXT('2D SPACE',''
  ) );
#12369 = ADVANCED_FACE('',(#12370),#11699,.F.);
#12370 = FACE_BOUND('',#12371,.F.);
#12371 = EDGE_LOOP('',(#12372,#12373,#12374,#12375));
#12372 = ORIENTED_EDGE('',*,*,#11998,.F.);
#12373 = ORIENTED_EDGE('',*,*,#11715,.T.);
#12374 = ORIENTED_EDGE('',*,*,#11685,.T.);
#12375 = ORIENTED_EDGE('',*,*,#12327,.F.);
#12376 = ADVANCED_FACE('',(#12377),#11627,.F.);
#12377 = FACE_BOUND('',#12378,.F.);
#12378 = EDGE_LOOP('',(#12379,#12400,#12401,#12402));
#12379 = ORIENTED_EDGE('',*,*,#12380,.T.);
#12380 = EDGE_CURVE('',#11929,#11584,#12381,.T.);
#12381 = SURFACE_CURVE('',#12382,(#12386,#12393),.PCURVE_S1.);
#12382 = LINE('',#12383,#12384);
#12383 = CARTESIAN_POINT('',(-3.00000005,13.30000005,6.899999999999));
#12384 = VECTOR('',#12385,1.);
#12385 = DIRECTION('',(1.,0.,0.));
#12386 = PCURVE('',#11627,#12387);
#12387 = DEFINITIONAL_REPRESENTATION('',(#12388),#12392);
#12388 = LINE('',#12389,#12390);
#12389 = CARTESIAN_POINT('',(0.,0.));
#12390 = VECTOR('',#12391,1.);
#12391 = DIRECTION('',(0.,-1.));
#12392 = ( GEOMETRIC_REPRESENTATION_CONTEXT(2) 
PARAMETRIC_REPRESENTATION_CONTEXT() REPRESENTATION_CONTEXT('2D SPACE',''
  ) );
#12393 = PCURVE('',#11599,#12394);
#12394 = DEFINITIONAL_REPRESENTATION('',(#12395),#12399);
#12395 = LINE('',#12396,#12397);
#12396 = CARTESIAN_POINT('',(1.140175425099,0.));
#12397 = VECTOR('',#12398,1.);
#12398 = DIRECTION('',(0.,-1.));
#12399 = ( GEOMETRIC_REPRESENTATION_CONTEXT(2) 
PARAMETRIC_REPRESENTATION_CONTEXT() REPRESENTATION_CONTEXT('2D SPACE',''
  ) );
#12400 = ORIENTED_EDGE('',*,*,#11611,.T.);
#12401 = ORIENTED_EDGE('',*,*,#12300,.F.);
#12402 = ORIENTED_EDGE('',*,*,#11951,.F.);
#12403 = ADVANCED_FACE('',(#12404),#11599,.F.);
#12404 = FACE_BOUND('',#12405,.F.);
#12405 = EDGE_LOOP('',(#12406,#12407,#12428,#12429));
#12406 = ORIENTED_EDGE('',*,*,#11928,.F.);
#12407 = ORIENTED_EDGE('',*,*,#12408,.T.);
#12408 = EDGE_CURVE('',#11906,#11556,#12409,.T.);
#12409 = SURFACE_CURVE('',#12410,(#12414,#12421),.PCURVE_S1.);
#12410 = LINE('',#12411,#12412);
#12411 = CARTESIAN_POINT('',(-3.00000005,14.071428621429,6.299999999999)
  );
#12412 = VECTOR('',#12413,1.);
#12413 = DIRECTION('',(1.,0.,0.));
#12414 = PCURVE('',#11599,#12415);
#12415 = DEFINITIONAL_REPRESENTATION('',(#12416),#12420);
#12416 = LINE('',#12417,#12418);
#12417 = CARTESIAN_POINT('',(0.162882203586,0.));
#12418 = VECTOR('',#12419,1.);
#12419 = DIRECTION('',(0.,-1.));
#12420 = ( GEOMETRIC_REPRESENTATION_CONTEXT(2) 
PARAMETRIC_REPRESENTATION_CONTEXT() REPRESENTATION_CONTEXT('2D SPACE',''
  ) );
#12421 = PCURVE('',#11571,#12422);
#12422 = DEFINITIONAL_REPRESENTATION('',(#12423),#12427);
#12423 = LINE('',#12424,#12425);
#12424 = CARTESIAN_POINT('',(2.528571428571,0.));
#12425 = VECTOR('',#12426,1.);
#12426 = DIRECTION('',(0.,1.));
#12427 = ( GEOMETRIC_REPRESENTATION_CONTEXT(2) 
PARAMETRIC_REPRESENTATION_CONTEXT() REPRESENTATION_CONTEXT('2D SPACE',''
  ) );
#12428 = ORIENTED_EDGE('',*,*,#11583,.T.);
#12429 = ORIENTED_EDGE('',*,*,#12380,.F.);
#12430 = ADVANCED_FACE('',(#12431),#11571,.T.);
#12431 = FACE_BOUND('',#12432,.T.);
#12432 = EDGE_LOOP('',(#12433,#12434,#12455,#12456));
#12433 = ORIENTED_EDGE('',*,*,#11555,.F.);
#12434 = ORIENTED_EDGE('',*,*,#12435,.F.);
#12435 = EDGE_CURVE('',#11883,#11528,#12436,.T.);
#12436 = SURFACE_CURVE('',#12437,(#12441,#12448),.PCURVE_S1.);
#12437 = LINE('',#12438,#12439);
#12438 = CARTESIAN_POINT('',(-3.00000005,16.60000005,6.299999999999));
#12439 = VECTOR('',#12440,1.);
#12440 = DIRECTION('',(1.,0.,0.));
#12441 = PCURVE('',#11571,#12442);
#12442 = DEFINITIONAL_REPRESENTATION('',(#12443),#12447);
#12443 = LINE('',#12444,#12445);
#12444 = CARTESIAN_POINT('',(0.,0.));
#12445 = VECTOR('',#12446,1.);
#12446 = DIRECTION('',(0.,1.));
#12447 = ( GEOMETRIC_REPRESENTATION_CONTEXT(2) 
PARAMETRIC_REPRESENTATION_CONTEXT() REPRESENTATION_CONTEXT('2D SPACE',''
  ) );
#12448 = PCURVE('',#11543,#12449);
#12449 = DEFINITIONAL_REPRESENTATION('',(#12450),#12454);
#12450 = LINE('',#12451,#12452);
#12451 = CARTESIAN_POINT('',(0.,0.8));
#12452 = VECTOR('',#12453,1.);
#12453 = DIRECTION('',(1.,0.));
#12454 = ( GEOMETRIC_REPRESENTATION_CONTEXT(2) 
PARAMETRIC_REPRESENTATION_CONTEXT() REPRESENTATION_CONTEXT('2D SPACE',''
  ) );
#12455 = ORIENTED_EDGE('',*,*,#11905,.F.);
#12456 = ORIENTED_EDGE('',*,*,#12408,.T.);
#12457 = ADVANCED_FACE('',(#12458),#11543,.F.);
#12458 = FACE_BOUND('',#12459,.F.);
#12459 = EDGE_LOOP('',(#12460,#12461,#12482,#12483));
#12460 = ORIENTED_EDGE('',*,*,#11882,.F.);
#12461 = ORIENTED_EDGE('',*,*,#12462,.T.);
#12462 = EDGE_CURVE('',#11860,#11500,#12463,.T.);
#12463 = SURFACE_CURVE('',#12464,(#12468,#12475),.PCURVE_S1.);
#12464 = LINE('',#12465,#12466);
#12465 = CARTESIAN_POINT('',(-3.00000005,16.60000005,5.499999999999));
#12466 = VECTOR('',#12467,1.);
#12467 = DIRECTION('',(1.,0.,0.));
#12468 = PCURVE('',#11543,#12469);
#12469 = DEFINITIONAL_REPRESENTATION('',(#12470),#12474);
#12470 = LINE('',#12471,#12472);
#12471 = CARTESIAN_POINT('',(0.,0.));
#12472 = VECTOR('',#12473,1.);
#12473 = DIRECTION('',(1.,0.));
#12474 = ( GEOMETRIC_REPRESENTATION_CONTEXT(2) 
PARAMETRIC_REPRESENTATION_CONTEXT() REPRESENTATION_CONTEXT('2D SPACE',''
  ) );
#12475 = PCURVE('',#11515,#12476);
#12476 = DEFINITIONAL_REPRESENTATION('',(#12477),#12481);
#12477 = LINE('',#12478,#12479);
#12478 = CARTESIAN_POINT('',(0.,0.));
#12479 = VECTOR('',#12480,1.);
#12480 = DIRECTION('',(0.,1.));
#12481 = ( GEOMETRIC_REPRESENTATION_CONTEXT(2) 
PARAMETRIC_REPRESENTATION_CONTEXT() REPRESENTATION_CONTEXT('2D SPACE',''
  ) );
#12482 = ORIENTED_EDGE('',*,*,#11527,.T.);
#12483 = ORIENTED_EDGE('',*,*,#12435,.F.);
#12484 = ADVANCED_FACE('',(#12485),#11515,.F.);
#12485 = FACE_BOUND('',#12486,.F.);
#12486 = EDGE_LOOP('',(#12487,#12488,#12489,#12490));
#12487 = ORIENTED_EDGE('',*,*,#11499,.F.);
#12488 = ORIENTED_EDGE('',*,*,#12462,.F.);
#12489 = ORIENTED_EDGE('',*,*,#11859,.T.);
#12490 = ORIENTED_EDGE('',*,*,#12491,.T.);
#12491 = EDGE_CURVE('',#11836,#11471,#12492,.T.);
#12492 = SURFACE_CURVE('',#12493,(#12497,#12504),.PCURVE_S1.);
#12493 = LINE('',#12494,#12495);
#12494 = CARTESIAN_POINT('',(-3.00000005,8.30000005,5.499999999999));
#12495 = VECTOR('',#12496,1.);
#12496 = DIRECTION('',(1.,0.,0.));
#12497 = PCURVE('',#11515,#12498);
#12498 = DEFINITIONAL_REPRESENTATION('',(#12499),#12503);
#12499 = LINE('',#12500,#12501);
#12500 = CARTESIAN_POINT('',(8.3,0.));
#12501 = VECTOR('',#12502,1.);
#12502 = DIRECTION('',(0.,1.));
#12503 = ( GEOMETRIC_REPRESENTATION_CONTEXT(2) 
PARAMETRIC_REPRESENTATION_CONTEXT() REPRESENTATION_CONTEXT('2D SPACE',''
  ) );
#12504 = PCURVE('',#11487,#12505);
#12505 = DEFINITIONAL_REPRESENTATION('',(#12506),#12510);
#12506 = LINE('',#12507,#12508);
#12507 = CARTESIAN_POINT('',(0.,0.));
#12508 = VECTOR('',#12509,1.);
#12509 = DIRECTION('',(0.,1.));
#12510 = ( GEOMETRIC_REPRESENTATION_CONTEXT(2) 
PARAMETRIC_REPRESENTATION_CONTEXT() REPRESENTATION_CONTEXT('2D SPACE',''
  ) );
#12511 = ADVANCED_FACE('',(#12512),#11487,.F.);
#12512 = FACE_BOUND('',#12513,.F.);
#12513 = EDGE_LOOP('',(#12514,#12515,#12536,#12537));
#12514 = ORIENTED_EDGE('',*,*,#11835,.T.);
#12515 = ORIENTED_EDGE('',*,*,#12516,.T.);
#12516 = EDGE_CURVE('',#11813,#11443,#12517,.T.);
#12517 = SURFACE_CURVE('',#12518,(#12522,#12529),.PCURVE_S1.);
#12518 = LINE('',#12519,#12520);
#12519 = CARTESIAN_POINT('',(-3.00000005,8.10000005,5.299999999999));
#12520 = VECTOR('',#12521,1.);
#12521 = DIRECTION('',(1.,0.,0.));
#12522 = PCURVE('',#11487,#12523);
#12523 = DEFINITIONAL_REPRESENTATION('',(#12524),#12528);
#12524 = LINE('',#12525,#12526);
#12525 = CARTESIAN_POINT('',(1.570796326795,0.));
#12526 = VECTOR('',#12527,1.);
#12527 = DIRECTION('',(0.,1.));
#12528 = ( GEOMETRIC_REPRESENTATION_CONTEXT(2) 
PARAMETRIC_REPRESENTATION_CONTEXT() REPRESENTATION_CONTEXT('2D SPACE',''
  ) );
#12529 = PCURVE('',#11458,#12530);
#12530 = DEFINITIONAL_REPRESENTATION('',(#12531),#12535);
#12531 = LINE('',#12532,#12533);
#12532 = CARTESIAN_POINT('',(0.,1.2));
#12533 = VECTOR('',#12534,1.);
#12534 = DIRECTION('',(1.,0.));
#12535 = ( GEOMETRIC_REPRESENTATION_CONTEXT(2) 
PARAMETRIC_REPRESENTATION_CONTEXT() REPRESENTATION_CONTEXT('2D SPACE',''
  ) );
#12536 = ORIENTED_EDGE('',*,*,#11470,.F.);
#12537 = ORIENTED_EDGE('',*,*,#12491,.F.);
#12538 = ADVANCED_FACE('',(#12539),#11458,.F.);
#12539 = FACE_BOUND('',#12540,.F.);
#12540 = EDGE_LOOP('',(#12541,#12542,#12563,#12564));
#12541 = ORIENTED_EDGE('',*,*,#11812,.F.);
#12542 = ORIENTED_EDGE('',*,*,#12543,.T.);
#12543 = EDGE_CURVE('',#11789,#11414,#12544,.T.);
#12544 = SURFACE_CURVE('',#12545,(#12549,#12556),.PCURVE_S1.);
#12545 = LINE('',#12546,#12547);
#12546 = CARTESIAN_POINT('',(-3.00000005,8.10000005,5.199999999999));
#12547 = VECTOR('',#12548,1.);
#12548 = DIRECTION('',(1.,0.,0.));
#12549 = PCURVE('',#11458,#12550);
#12550 = DEFINITIONAL_REPRESENTATION('',(#12551),#12555);
#12551 = LINE('',#12552,#12553);
#12552 = CARTESIAN_POINT('',(0.,1.1));
#12553 = VECTOR('',#12554,1.);
#12554 = DIRECTION('',(1.,0.));
#12555 = ( GEOMETRIC_REPRESENTATION_CONTEXT(2) 
PARAMETRIC_REPRESENTATION_CONTEXT() REPRESENTATION_CONTEXT('2D SPACE',''
  ) );
#12556 = PCURVE('',#11430,#12557);
#12557 = DEFINITIONAL_REPRESENTATION('',(#12558),#12562);
#12558 = LINE('',#12559,#12560);
#12559 = CARTESIAN_POINT('',(0.,0.));
#12560 = VECTOR('',#12561,1.);
#12561 = DIRECTION('',(0.,1.));
#12562 = ( GEOMETRIC_REPRESENTATION_CONTEXT(2) 
PARAMETRIC_REPRESENTATION_CONTEXT() REPRESENTATION_CONTEXT('2D SPACE',''
  ) );
#12563 = ORIENTED_EDGE('',*,*,#11442,.T.);
#12564 = ORIENTED_EDGE('',*,*,#12516,.F.);
#12565 = ADVANCED_FACE('',(#12566),#11430,.F.);
#12566 = FACE_BOUND('',#12567,.F.);
#12567 = EDGE_LOOP('',(#12568,#12569,#12570,#12571));
#12568 = ORIENTED_EDGE('',*,*,#11788,.T.);
#12569 = ORIENTED_EDGE('',*,*,#12349,.T.);
#12570 = ORIENTED_EDGE('',*,*,#11413,.F.);
#12571 = ORIENTED_EDGE('',*,*,#12543,.F.);
#12572 = ( GEOMETRIC_REPRESENTATION_CONTEXT(3) 
GLOBAL_UNCERTAINTY_ASSIGNED_CONTEXT((#12576)) 
GLOBAL_UNIT_ASSIGNED_CONTEXT((#12573,#12574,#12575)) 
REPRESENTATION_CONTEXT('Context #1',
  '3D Context with UNIT and UNCERTAINTY') );
#12573 = ( LENGTH_UNIT() NAMED_UNIT(*) SI_UNIT(.MILLI.,.METRE.) );
#12574 = ( NAMED_UNIT(*) PLANE_ANGLE_UNIT() SI_UNIT($,.RADIAN.) );
#12575 = ( NAMED_UNIT(*) SI_UNIT($,.STERADIAN.) SOLID_ANGLE_UNIT() );
#12576 = UNCERTAINTY_MEASURE_WITH_UNIT(LENGTH_MEASURE(2.E-06),#12573,
  'distance_accuracy_value','confusion accuracy');
#12577 = CONTEXT_DEPENDENT_SHAPE_REPRESENTATION(#12578,#12580);
#12578 = ( REPRESENTATION_RELATIONSHIP('','',#32,#10) 
REPRESENTATION_RELATIONSHIP_WITH_TRANSFORMATION(#12579) 
SHAPE_REPRESENTATION_RELATIONSHIP() );
#12579 = ITEM_DEFINED_TRANSFORMATION('','',#11,#15);
#12580 = PRODUCT_DEFINITION_SHAPE('Placement','Placement of an item',
  #12581);
#12581 = NEXT_ASSEMBLY_USAGE_OCCURRENCE('1','winding_jig_contact_shoe_body','',#5,#27,$);
#12582 = PRODUCT_RELATED_PRODUCT_CATEGORY('part',$,(#29));
ENDSEC;
END-ISO-10303-21;
