ISO-10303-21;
HEADER;
FILE_DESCRIPTION(('Open CASCADE Model'),'2;1');
FILE_NAME('Open CASCADE Shape Model','1970-01-01T00:00:00',('Author'),(
    'Open CASCADE'),'Open CASCADE STEP processor 7.9','Open CASCADE 7.9'
  ,'Unknown');
FILE_SCHEMA(('AUTOMOTIVE_DESIGN { 1 0 10303 214 1 1 1 1 }'));
ENDSEC;
DATA;
#1 = APPLICATION_PROTOCOL_DEFINITION('international standard',
  'automotive_design',2000,#2);
#2 = APPLICATION_CONTEXT(
  'core data for automotive mechanical design processes');
#3 = SHAPE_DEFINITION_REPRESENTATION(#4,#10);
#4 = PRODUCT_DEFINITION_SHAPE('','',#5);
#5 = PRODUCT_DEFINITION('design','',#6,#9);
#6 = PRODUCT_DEFINITION_FORMATION('','',#7);
#7 = PRODUCT('winding_head_clamp','winding_head_clamp','',(#8));
#8 = PRODUCT_CONTEXT('',#2,'mechanical');
#9 = PRODUCT_DEFINITION_CONTEXT('part definition',#2,'design');
#10 = SHAPE_REPRESENTATION('',(#11,#15),#19);
#11 = AXIS2_PLACEMENT_3D('',#12,#13,#14);
#12 = CARTESIAN_POINT('',(0.,0.,0.));
#13 = DIRECTION('',(0.,0.,1.));
#14 = DIRECTION('',(1.,0.,-0.));
#15 = AXIS2_PLACEMENT_3D('',#16,#17,#18);
#16 = CARTESIAN_POINT('',(0.,0.,0.));
#17 = DIRECTION('',(0.,0.,1.));
#18 = DIRECTION('',(1.,0.,-0.));
#19 = ( GEOMETRIC_REPRESENTATION_CONTEXT(3) 
GLOBAL_UNCERTAINTY_ASSIGNED_CONTEXT((#23)) GLOBAL_UNIT_ASSIGNED_CONTEXT(
(#20,#21,#22)) REPRESENTATION_CONTEXT('Context #1',
  '3D Context with UNIT and UNCERTAINTY') );
#20 = ( LENGTH_UNIT() NAMED_UNIT(*) SI_UNIT(.MILLI.,.METRE.) );
#21 = ( NAMED_UNIT(*) PLANE_ANGLE_UNIT() SI_UNIT($,.RADIAN.) );
#22 = ( NAMED_UNIT(*) SI_UNIT($,.STERADIAN.) SOLID_ANGLE_UNIT() );
#23 = UNCERTAINTY_MEASURE_WITH_UNIT(LENGTH_MEASURE(1.E-07),#20,
  'distance_accuracy_value','confusion accuracy');
#24 = PRODUCT_RELATED_PRODUCT_CATEGORY('part',$,(#7));
#25 = SHAPE_DEFINITION_REPRESENTATION(#26,#32);
#26 = PRODUCT_DEFINITION_SHAPE('','',#27);
#27 = PRODUCT_DEFINITION('design','',#28,#31);
#28 = PRODUCT_DEFINITION_FORMATION('','',#29);
#29 = PRODUCT('winding_head_clamp_body','winding_head_clamp_body','',(
    #30));
#30 = PRODUCT_CONTEXT('',#2,'mechanical');
#31 = PRODUCT_DEFINITION_CONTEXT('part definition',#2,'design');
#32 = ADVANCED_BREP_SHAPE_REPRESENTATION('',(#11,#33),#3599);
#33 = MANIFOLD_SOLID_BREP('',#34);
#34 = CLOSED_SHELL('',(#35,#181,#1669,#1776,#1883,#3005,#3054,#3082,
    #3110,#3138,#3145,#3173,#3201,#3229,#3257,#3285,#3313,#3341,#3369,
    #3397,#3425,#3453,#3481,#3509,#3537,#3565,#3572));
#35 = ADVANCED_FACE('',(#36),#51,.T.);
#36 = FACE_BOUND('',#37,.F.);
#37 = EDGE_LOOP('',(#38,#74,#114,#143));
#38 = ORIENTED_EDGE('',*,*,#39,.F.);
#39 = EDGE_CURVE('',#40,#42,#44,.T.);
#40 = VERTEX_POINT('',#41);
#41 = CARTESIAN_POINT('',(-79.31862745107,3.177192940137,-0.8500001));
#42 = VERTEX_POINT('',#43);
#43 = CARTESIAN_POINT('',(-84.4077839267,11.991870523591,-0.8500001));
#44 = SURFACE_CURVE('',#45,(#50,#62),.PCURVE_S1.);
#45 = CIRCLE('',#46,16.);
#46 = AXIS2_PLACEMENT_3D('',#47,#48,#49);
#47 = CARTESIAN_POINT('',(-95.00000000009,0.,-0.8500001));
#48 = DIRECTION('',(0.,0.,1.));
#49 = DIRECTION('',(1.,0.,0.));
#50 = PCURVE('',#51,#56);
#51 = CYLINDRICAL_SURFACE('',#52,16.);
#52 = AXIS2_PLACEMENT_3D('',#53,#54,#55);
#53 = CARTESIAN_POINT('',(-95.00000000009,0.,-0.8500001));
#54 = DIRECTION('',(0.,-0.,-1.));
#55 = DIRECTION('',(1.,0.,0.));
#56 = DEFINITIONAL_REPRESENTATION('',(#57),#61);
#57 = LINE('',#58,#59);
#58 = CARTESIAN_POINT('',(-0.,0.));
#59 = VECTOR('',#60,1.);
#60 = DIRECTION('',(-1.,0.));
#61 = ( GEOMETRIC_REPRESENTATION_CONTEXT(2) 
PARAMETRIC_REPRESENTATION_CONTEXT() REPRESENTATION_CONTEXT('2D SPACE',''
  ) );
#62 = PCURVE('',#63,#68);
#63 = PLANE('',#64);
#64 = AXIS2_PLACEMENT_3D('',#65,#66,#67);
#65 = CARTESIAN_POINT('',(-95.00000000009,3.057510672446E-17,-0.8500001)
  );
#66 = DIRECTION('',(0.,0.,1.));
#67 = DIRECTION('',(1.,0.,0.));
#68 = DEFINITIONAL_REPRESENTATION('',(#69),#73);
#69 = CIRCLE('',#70,16.);
#70 = AXIS2_PLACEMENT_2D('',#71,#72);
#71 = CARTESIAN_POINT('',(0.,-3.057510672446E-17));
#72 = DIRECTION('',(1.,0.));
#73 = ( GEOMETRIC_REPRESENTATION_CONTEXT(2) 
PARAMETRIC_REPRESENTATION_CONTEXT() REPRESENTATION_CONTEXT('2D SPACE',''
  ) );
#74 = ORIENTED_EDGE('',*,*,#75,.F.);
#75 = EDGE_CURVE('',#76,#40,#78,.T.);
#76 = VERTEX_POINT('',#77);
#77 = CARTESIAN_POINT('',(-79.31862745107,3.177192940137,3.6499999));
#78 = SURFACE_CURVE('',#79,(#85,#91),.PCURVE_S1.);
#79 = B_SPLINE_CURVE_WITH_KNOTS('',2,(#80,#81,#82,#83,#84),
  .UNSPECIFIED.,.F.,.F.,(3,1,1,3),(-0.2754,-2.80678258413E-15,4.5,4.7754
    ),.UNSPECIFIED.);
#80 = CARTESIAN_POINT('',(-79.31862745107,3.177192940137,3.9253999));
#81 = CARTESIAN_POINT('',(-79.31862745107,3.177192940137,3.7876999));
#82 = CARTESIAN_POINT('',(-79.31862745107,3.177192940137,1.3999999));
#83 = CARTESIAN_POINT('',(-79.31862745107,3.177192940137,-0.9877001));
#84 = CARTESIAN_POINT('',(-79.31862745107,3.177192940137,-1.1254001));
#85 = PCURVE('',#51,#86);
#86 = DEFINITIONAL_REPRESENTATION('',(#87),#90);
#87 = B_SPLINE_CURVE_WITH_KNOTS('',1,(#88,#89),.UNSPECIFIED.,.F.,.F.,(2,
    2),(-2.80678258413E-15,4.5),.PIECEWISE_BEZIER_KNOTS.);
#88 = CARTESIAN_POINT('',(-0.199903301357,-4.5));
#89 = CARTESIAN_POINT('',(-0.199903301357,3.996802888645E-15));
#90 = ( GEOMETRIC_REPRESENTATION_CONTEXT(2) 
PARAMETRIC_REPRESENTATION_CONTEXT() REPRESENTATION_CONTEXT('2D SPACE',''
  ) );
#91 = PCURVE('',#92,#108);
#92 = ( BOUNDED_SURFACE() B_SPLINE_SURFACE(2,2,(
    (#93,#94,#95,#96,#97)
    ,(#98,#99,#100,#101,#102)
    ,(#103,#104,#105,#106,#107
)),.UNSPECIFIED.,.F.,.F.,.F.) B_SPLINE_SURFACE_WITH_KNOTS((3,3),(3,1,1,3
    ),(0.,4.5),(-0.2754,-2.80678258413E-15,4.5,4.7754),.UNSPECIFIED.) 
GEOMETRIC_REPRESENTATION_ITEM() RATIONAL_B_SPLINE_SURFACE((
    (1.,1.,1.,1.,1.)
    ,(0.748057124011,0.748057124011,0.748057124011,0.748057124011
      ,0.748057124011)
,(1.,1.,1.,1.,1.))) REPRESENTATION_ITEM('') SURFACE() );
#93 = CARTESIAN_POINT('',(-79.31862745107,3.177192940137,3.9253999));
#94 = CARTESIAN_POINT('',(-79.31862745107,3.177192940137,3.7876999));
#95 = CARTESIAN_POINT('',(-79.31862745107,3.177192940137,1.3999999));
#96 = CARTESIAN_POINT('',(-79.31862745107,3.177192940137,-0.9877001));
#97 = CARTESIAN_POINT('',(-79.31862745107,3.177192940137,-1.1254001));
#98 = CARTESIAN_POINT('',(-79.19531250009,2.56855892778,3.9253999));
#99 = CARTESIAN_POINT('',(-79.19531250009,2.56855892778,3.7876999));
#100 = CARTESIAN_POINT('',(-79.19531250009,2.56855892778,1.3999999));
#101 = CARTESIAN_POINT('',(-79.19531250009,2.56855892778,-0.9877001));
#102 = CARTESIAN_POINT('',(-79.19531250009,2.56855892778,-1.1254001));
#103 = CARTESIAN_POINT('',(-79.78491210947,2.373586522661,3.9253999));
#104 = CARTESIAN_POINT('',(-79.78491210947,2.373586522661,3.7876999));
#105 = CARTESIAN_POINT('',(-79.78491210947,2.373586522661,1.3999999));
#106 = CARTESIAN_POINT('',(-79.78491210947,2.373586522661,-0.9877001));
#107 = CARTESIAN_POINT('',(-79.78491210947,2.373586522661,-1.1254001));
#108 = DEFINITIONAL_REPRESENTATION('',(#109),#113);
#109 = LINE('',#110,#111);
#110 = CARTESIAN_POINT('',(0.,0.));
#111 = VECTOR('',#112,1.);
#112 = DIRECTION('',(0.,1.));
#113 = ( GEOMETRIC_REPRESENTATION_CONTEXT(2) 
PARAMETRIC_REPRESENTATION_CONTEXT() REPRESENTATION_CONTEXT('2D SPACE',''
  ) );
#114 = ORIENTED_EDGE('',*,*,#115,.T.);
#115 = EDGE_CURVE('',#76,#116,#118,.T.);
#116 = VERTEX_POINT('',#117);
#117 = CARTESIAN_POINT('',(-84.4077839267,11.991870523591,3.6499999));
#118 = SURFACE_CURVE('',#119,(#124,#131),.PCURVE_S1.);
#119 = CIRCLE('',#120,16.);
#120 = AXIS2_PLACEMENT_3D('',#121,#122,#123);
#121 = CARTESIAN_POINT('',(-95.00000000009,0.,3.6499999));
#122 = DIRECTION('',(0.,0.,1.));
#123 = DIRECTION('',(1.,0.,0.));
#124 = PCURVE('',#51,#125);
#125 = DEFINITIONAL_REPRESENTATION('',(#126),#130);
#126 = LINE('',#127,#128);
#127 = CARTESIAN_POINT('',(-0.,-4.5));
#128 = VECTOR('',#129,1.);
#129 = DIRECTION('',(-1.,0.));
#130 = ( GEOMETRIC_REPRESENTATION_CONTEXT(2) 
PARAMETRIC_REPRESENTATION_CONTEXT() REPRESENTATION_CONTEXT('2D SPACE',''
  ) );
#131 = PCURVE('',#132,#137);
#132 = PLANE('',#133);
#133 = AXIS2_PLACEMENT_3D('',#134,#135,#136);
#134 = CARTESIAN_POINT('',(-95.00000000009,3.057510672446E-17,3.6499999)
  );
#135 = DIRECTION('',(0.,0.,1.));
#136 = DIRECTION('',(1.,0.,0.));
#137 = DEFINITIONAL_REPRESENTATION('',(#138),#142);
#138 = CIRCLE('',#139,16.);
#139 = AXIS2_PLACEMENT_2D('',#140,#141);
#140 = CARTESIAN_POINT('',(0.,-3.057510672446E-17));
#141 = DIRECTION('',(1.,0.));
#142 = ( GEOMETRIC_REPRESENTATION_CONTEXT(2) 
PARAMETRIC_REPRESENTATION_CONTEXT() REPRESENTATION_CONTEXT('2D SPACE',''
  ) );
#143 = ORIENTED_EDGE('',*,*,#144,.T.);
#144 = EDGE_CURVE('',#116,#42,#145,.T.);
#145 = SURFACE_CURVE('',#146,(#152,#158),.PCURVE_S1.);
#146 = B_SPLINE_CURVE_WITH_KNOTS('',2,(#147,#148,#149,#150,#151),
  .UNSPECIFIED.,.F.,.F.,(3,1,1,3),(-0.2754,-2.80678258413E-15,4.5,4.7754
    ),.UNSPECIFIED.);
#147 = CARTESIAN_POINT('',(-84.4077839267,11.991870523591,3.9253999));
#148 = CARTESIAN_POINT('',(-84.4077839267,11.991870523591,3.7876999));
#149 = CARTESIAN_POINT('',(-84.4077839267,11.991870523591,1.3999999));
#150 = CARTESIAN_POINT('',(-84.4077839267,11.991870523591,-0.9877001));
#151 = CARTESIAN_POINT('',(-84.4077839267,11.991870523591,-1.1254001));
#152 = PCURVE('',#51,#153);
#153 = DEFINITIONAL_REPRESENTATION('',(#154),#157);
#154 = B_SPLINE_CURVE_WITH_KNOTS('',1,(#155,#156),.UNSPECIFIED.,.F.,.F.,
  (2,2),(-2.80678258413E-15,4.5),.PIECEWISE_BEZIER_KNOTS.);
#155 = CARTESIAN_POINT('',(-0.847294249839,-4.5));
#156 = CARTESIAN_POINT('',(-0.847294249839,4.440892098495E-15));
#157 = ( GEOMETRIC_REPRESENTATION_CONTEXT(2) 
PARAMETRIC_REPRESENTATION_CONTEXT() REPRESENTATION_CONTEXT('2D SPACE',''
  ) );
#158 = PCURVE('',#159,#175);
#159 = ( BOUNDED_SURFACE() B_SPLINE_SURFACE(2,2,(
    (#160,#161,#162,#163,#164)
    ,(#165,#166,#167,#168,#169)
    ,(#170,#171,#172,#173,#174
)),.UNSPECIFIED.,.F.,.F.,.F.) B_SPLINE_SURFACE_WITH_KNOTS((3,3),(3,1,1,3
    ),(0.,4.5),(-0.2754,-2.80678258413E-15,4.5,4.7754),.UNSPECIFIED.) 
GEOMETRIC_REPRESENTATION_ITEM() RATIONAL_B_SPLINE_SURFACE((
    (1.,1.,1.,1.,1.)
    ,(0.748057124011,0.748057124011,0.748057124011,0.748057124011
      ,0.748057124011)
,(1.,1.,1.,1.,1.))) REPRESENTATION_ITEM('') SURFACE() );
#160 = CARTESIAN_POINT('',(-84.4077839267,11.991870523591,3.9253999));
#161 = CARTESIAN_POINT('',(-84.4077839267,11.991870523591,3.7876999));
#162 = CARTESIAN_POINT('',(-84.4077839267,11.991870523591,1.3999999));
#163 = CARTESIAN_POINT('',(-84.4077839267,11.991870523591,-0.9877001));
#164 = CARTESIAN_POINT('',(-84.4077839267,11.991870523591,-1.1254001));
#165 = CARTESIAN_POINT('',(-84.87321896752,12.402981409985,3.9253999));
#166 = CARTESIAN_POINT('',(-84.87321896752,12.402981409985,3.7876999));
#167 = CARTESIAN_POINT('',(-84.87321896752,12.402981409985,1.3999999));
#168 = CARTESIAN_POINT('',(-84.87321896752,12.402981409985,-0.9877001));
#169 = CARTESIAN_POINT('',(-84.87321896752,12.402981409985,-1.1254001));
#170 = CARTESIAN_POINT('',(-85.33686982807,11.989859372764,3.9253999));
#171 = CARTESIAN_POINT('',(-85.33686982807,11.989859372764,3.7876999));
#172 = CARTESIAN_POINT('',(-85.33686982807,11.989859372764,1.3999999));
#173 = CARTESIAN_POINT('',(-85.33686982807,11.989859372764,-0.9877001));
#174 = CARTESIAN_POINT('',(-85.33686982807,11.989859372764,-1.1254001));
#175 = DEFINITIONAL_REPRESENTATION('',(#176),#180);
#176 = LINE('',#177,#178);
#177 = CARTESIAN_POINT('',(0.,0.));
#178 = VECTOR('',#179,1.);
#179 = DIRECTION('',(0.,1.));
#180 = ( GEOMETRIC_REPRESENTATION_CONTEXT(2) 
PARAMETRIC_REPRESENTATION_CONTEXT() REPRESENTATION_CONTEXT('2D SPACE',''
  ) );
#181 = ADVANCED_FACE('',(#182,#1634),#63,.F.);
#182 = FACE_BOUND('',#183,.F.);
#183 = EDGE_LOOP('',(#184,#215,#311,#344,#422,#423,#503,#536,#632,#661,
    #757,#786,#882,#911,#1007,#1036,#1132,#1161,#1257,#1286,#1382,#1411,
    #1507,#1540));
#184 = ORIENTED_EDGE('',*,*,#185,.T.);
#185 = EDGE_CURVE('',#186,#188,#190,.T.);
#186 = VERTEX_POINT('',#187);
#187 = CARTESIAN_POINT('',(-84.4077839267,-11.99187052359,-0.8500001));
#188 = VERTEX_POINT('',#189);
#189 = CARTESIAN_POINT('',(-79.31862745107,-3.177192940137,-0.8500001));
#190 = SURFACE_CURVE('',#191,(#196,#203),.PCURVE_S1.);
#191 = CIRCLE('',#192,16.);
#192 = AXIS2_PLACEMENT_3D('',#193,#194,#195);
#193 = CARTESIAN_POINT('',(-95.00000000009,0.,-0.8500001));
#194 = DIRECTION('',(0.,0.,1.));
#195 = DIRECTION('',(1.,0.,0.));
#196 = PCURVE('',#63,#197);
#197 = DEFINITIONAL_REPRESENTATION('',(#198),#202);
#198 = CIRCLE('',#199,16.);
#199 = AXIS2_PLACEMENT_2D('',#200,#201);
#200 = CARTESIAN_POINT('',(0.,-3.057510672446E-17));
#201 = DIRECTION('',(1.,0.));
#202 = ( GEOMETRIC_REPRESENTATION_CONTEXT(2) 
PARAMETRIC_REPRESENTATION_CONTEXT() REPRESENTATION_CONTEXT('2D SPACE',''
  ) );
#203 = PCURVE('',#204,#209);
#204 = CYLINDRICAL_SURFACE('',#205,16.);
#205 = AXIS2_PLACEMENT_3D('',#206,#207,#208);
#206 = CARTESIAN_POINT('',(-95.00000000009,0.,-0.8500001));
#207 = DIRECTION('',(0.,-0.,-1.));
#208 = DIRECTION('',(1.,0.,0.));
#209 = DEFINITIONAL_REPRESENTATION('',(#210),#214);
#210 = LINE('',#211,#212);
#211 = CARTESIAN_POINT('',(-0.,0.));
#212 = VECTOR('',#213,1.);
#213 = DIRECTION('',(-1.,0.));
#214 = ( GEOMETRIC_REPRESENTATION_CONTEXT(2) 
PARAMETRIC_REPRESENTATION_CONTEXT() REPRESENTATION_CONTEXT('2D SPACE',''
  ) );
#215 = ORIENTED_EDGE('',*,*,#216,.F.);
#216 = EDGE_CURVE('',#217,#188,#219,.T.);
#217 = VERTEX_POINT('',#218);
#218 = CARTESIAN_POINT('',(-79.78491210947,-2.373586522661,-0.8500001));
#219 = SURFACE_CURVE('',#220,(#243,#269),.PCURVE_S1.);
#220 = B_SPLINE_CURVE_WITH_KNOTS('',6,(#221,#222,#223,#224,#225,#226,
    #227,#228,#229,#230,#231,#232,#233,#234,#235,#236,#237,#238,#239,
    #240,#241,#242),.UNSPECIFIED.,.F.,.F.,(7,5,5,5,7),(0.,0.249589904412
    ,0.500000000001,0.750410095589,1.),.UNSPECIFIED.);
#221 = CARTESIAN_POINT('',(-79.78491210947,-2.373586522661,-0.8500001));
#222 = CARTESIAN_POINT('',(-79.7480702225,-2.385769623185,-0.8500001));
#223 = CARTESIAN_POINT('',(-79.71114605356,-2.400698745263,-0.8500001));
#224 = CARTESIAN_POINT('',(-79.67447758478,-2.418508852927,-0.8500001));
#225 = CARTESIAN_POINT('',(-79.63845868146,-2.439272916527,-0.8500001));
#226 = CARTESIAN_POINT('',(-79.60351969349,-2.46296521324,-0.8500001));
#227 = CARTESIAN_POINT('',(-79.53652370516,-2.516027298932,-0.8500001));
#228 = CARTESIAN_POINT('',(-79.50447600658,-2.545416009327,-0.8500001));
#229 = CARTESIAN_POINT('',(-79.47435409294,-2.577484703219,-0.8500001));
#230 = CARTESIAN_POINT('',(-79.44656409287,-2.611992941921,-0.8500001));
#231 = CARTESIAN_POINT('',(-79.42144373735,-2.648593491829,-0.8500001));
#232 = CARTESIAN_POINT('',(-79.37701379334,-2.725165147122,-0.8500001));
#233 = CARTESIAN_POINT('',(-79.35770373409,-2.765137063852,-0.8500001));
#234 = CARTESIAN_POINT('',(-79.34153498215,-2.806388416593,-0.8500001));
#235 = CARTESIAN_POINT('',(-79.32864140182,-2.848453680118,-0.8500001));
#236 = CARTESIAN_POINT('',(-79.31903019788,-2.890860944138,-0.8500001));
#237 = CARTESIAN_POINT('',(-79.30620914757,-2.975357500632,-0.8500001));
#238 = CARTESIAN_POINT('',(-79.30297825798,-3.017448107136,-0.8500001));
#239 = CARTESIAN_POINT('',(-79.3028255112,-3.059023152567,-0.8500001));
#240 = CARTESIAN_POINT('',(-79.30555967987,-3.099696250051,-0.8500001));
#241 = CARTESIAN_POINT('',(-79.31092195837,-3.139161664118,-0.8500001));
#242 = CARTESIAN_POINT('',(-79.31862745107,-3.177192940137,-0.8500001));
#243 = PCURVE('',#63,#244);
#244 = DEFINITIONAL_REPRESENTATION('',(#245),#268);
#245 = B_SPLINE_CURVE_WITH_KNOTS('',6,(#246,#247,#248,#249,#250,#251,
    #252,#253,#254,#255,#256,#257,#258,#259,#260,#261,#262,#263,#264,
    #265,#266,#267),.UNSPECIFIED.,.F.,.F.,(7,5,5,5,7),(0.,0.249589904412
    ,0.500000000001,0.750410095589,1.),.UNSPECIFIED.);
#246 = CARTESIAN_POINT('',(15.215087890625,-2.373586522661));
#247 = CARTESIAN_POINT('',(15.251929777587,-2.385769623185));
#248 = CARTESIAN_POINT('',(15.288853946531,-2.400698745263));
#249 = CARTESIAN_POINT('',(15.325522415306,-2.418508852927));
#250 = CARTESIAN_POINT('',(15.361541318635,-2.439272916527));
#251 = CARTESIAN_POINT('',(15.396480306597,-2.46296521324));
#252 = CARTESIAN_POINT('',(15.46347629493,-2.516027298932));
#253 = CARTESIAN_POINT('',(15.495523993506,-2.545416009327));
#254 = CARTESIAN_POINT('',(15.525645907146,-2.577484703219));
#255 = CARTESIAN_POINT('',(15.553435907215,-2.611992941921));
#256 = CARTESIAN_POINT('',(15.578556262744,-2.648593491829));
#257 = CARTESIAN_POINT('',(15.62298620675,-2.725165147122));
#258 = CARTESIAN_POINT('',(15.642296266002,-2.765137063852));
#259 = CARTESIAN_POINT('',(15.658465017938,-2.806388416593));
#260 = CARTESIAN_POINT('',(15.671358598274,-2.848453680118));
#261 = CARTESIAN_POINT('',(15.68096980221,-2.890860944138));
#262 = CARTESIAN_POINT('',(15.693790852524,-2.975357500632));
#263 = CARTESIAN_POINT('',(15.697021742114,-3.017448107136));
#264 = CARTESIAN_POINT('',(15.697174488895,-3.059023152567));
#265 = CARTESIAN_POINT('',(15.694440320222,-3.099696250051));
#266 = CARTESIAN_POINT('',(15.689078041718,-3.139161664118));
#267 = CARTESIAN_POINT('',(15.68137254902,-3.177192940137));
#268 = ( GEOMETRIC_REPRESENTATION_CONTEXT(2) 
PARAMETRIC_REPRESENTATION_CONTEXT() REPRESENTATION_CONTEXT('2D SPACE',''
  ) );
#269 = PCURVE('',#270,#286);
#270 = ( BOUNDED_SURFACE() B_SPLINE_SURFACE(2,2,(
    (#271,#272,#273,#274,#275)
    ,(#276,#277,#278,#279,#280)
    ,(#281,#282,#283,#284,#285
)),.UNSPECIFIED.,.F.,.F.,.F.) B_SPLINE_SURFACE_WITH_KNOTS((3,3),(3,1,1,3
    ),(0.,4.5),(-0.2754,-2.80678258413E-15,4.5,4.7754),.UNSPECIFIED.) 
GEOMETRIC_REPRESENTATION_ITEM() RATIONAL_B_SPLINE_SURFACE((
    (1.,1.,1.,1.,1.)
    ,(0.748057124011,0.748057124011,0.748057124011,0.748057124011
      ,0.748057124011)
,(1.,1.,1.,1.,1.))) REPRESENTATION_ITEM('') SURFACE() );
#271 = CARTESIAN_POINT('',(-79.78491210947,-2.373586522661,3.9253999));
#272 = CARTESIAN_POINT('',(-79.78491210947,-2.373586522661,3.7876999));
#273 = CARTESIAN_POINT('',(-79.78491210947,-2.373586522661,1.3999999));
#274 = CARTESIAN_POINT('',(-79.78491210947,-2.373586522661,-0.9877001));
#275 = CARTESIAN_POINT('',(-79.78491210947,-2.373586522661,-1.1254001));
#276 = CARTESIAN_POINT('',(-79.19531250009,-2.56855892778,3.9253999));
#277 = CARTESIAN_POINT('',(-79.19531250009,-2.56855892778,3.7876999));
#278 = CARTESIAN_POINT('',(-79.19531250009,-2.56855892778,1.3999999));
#279 = CARTESIAN_POINT('',(-79.19531250009,-2.56855892778,-0.9877001));
#280 = CARTESIAN_POINT('',(-79.19531250009,-2.56855892778,-1.1254001));
#281 = CARTESIAN_POINT('',(-79.31862745107,-3.177192940137,3.9253999));
#282 = CARTESIAN_POINT('',(-79.31862745107,-3.177192940137,3.7876999));
#283 = CARTESIAN_POINT('',(-79.31862745107,-3.177192940137,1.3999999));
#284 = CARTESIAN_POINT('',(-79.31862745107,-3.177192940137,-0.9877001));
#285 = CARTESIAN_POINT('',(-79.31862745107,-3.177192940137,-1.1254001));
#286 = DEFINITIONAL_REPRESENTATION('',(#287),#310);
#287 = B_SPLINE_CURVE_WITH_KNOTS('',6,(#288,#289,#290,#291,#292,#293,
    #294,#295,#296,#297,#298,#299,#300,#301,#302,#303,#304,#305,#306,
    #307,#308,#309),.UNSPECIFIED.,.F.,.F.,(7,5,5,5,7),(0.,0.249589904412
    ,0.500000000001,0.750410095589,1.),.UNSPECIFIED.);
#288 = CARTESIAN_POINT('',(0.,4.5));
#289 = CARTESIAN_POINT('',(0.187945717102,4.5));
#290 = CARTESIAN_POINT('',(0.375699223067,4.5));
#291 = CARTESIAN_POINT('',(0.563264279737,4.5));
#292 = CARTESIAN_POINT('',(0.750654145324,4.5));
#293 = CARTESIAN_POINT('',(0.937891655301,4.5));
#294 = CARTESIAN_POINT('',(1.312723211769,4.5));
#295 = CARTESIAN_POINT('',(1.500319901519,4.5));
#296 = CARTESIAN_POINT('',(1.687810659603,4.5));
#297 = CARTESIAN_POINT('',(1.875229582187,4.5));
#298 = CARTESIAN_POINT('',(2.062615880487,4.5));
#299 = CARTESIAN_POINT('',(2.437384119513,4.5));
#300 = CARTESIAN_POINT('',(2.624770417814,4.5));
#301 = CARTESIAN_POINT('',(2.812189340396,4.5));
#302 = CARTESIAN_POINT('',(2.999680098481,4.5));
#303 = CARTESIAN_POINT('',(3.187276788231,4.5));
#304 = CARTESIAN_POINT('',(3.562108344699,4.5));
#305 = CARTESIAN_POINT('',(3.749345854677,4.5));
#306 = CARTESIAN_POINT('',(3.936735720263,4.5));
#307 = CARTESIAN_POINT('',(4.124300776933,4.5));
#308 = CARTESIAN_POINT('',(4.312054282898,4.5));
#309 = CARTESIAN_POINT('',(4.5,4.5));
#310 = ( GEOMETRIC_REPRESENTATION_CONTEXT(2) 
PARAMETRIC_REPRESENTATION_CONTEXT() REPRESENTATION_CONTEXT('2D SPACE',''
  ) );
#311 = ORIENTED_EDGE('',*,*,#312,.T.);
#312 = EDGE_CURVE('',#217,#313,#315,.T.);
#313 = VERTEX_POINT('',#314);
#314 = CARTESIAN_POINT('',(-79.78491210947,2.373586522661,-0.8500001));
#315 = SURFACE_CURVE('',#316,(#321,#332),.PCURVE_S1.);
#316 = CIRCLE('',#317,2.5);
#317 = AXIS2_PLACEMENT_3D('',#318,#319,#320);
#318 = CARTESIAN_POINT('',(-79.00000000009,0.,-0.8500001));
#319 = DIRECTION('',(0.,0.,-1.));
#320 = DIRECTION('',(1.,0.,0.));
#321 = PCURVE('',#63,#322);
#322 = DEFINITIONAL_REPRESENTATION('',(#323),#331);
#323 = ( BOUNDED_CURVE() B_SPLINE_CURVE(2,(#324,#325,#326,#327,#328,#329
,#330),.UNSPECIFIED.,.T.,.F.) B_SPLINE_CURVE_WITH_KNOTS((1,2,2,2,2,1),(
    -2.094395102393,0.,2.094395102393,4.188790204786,6.28318530718,
8.377580409573),.UNSPECIFIED.) CURVE() GEOMETRIC_REPRESENTATION_ITEM() 
RATIONAL_B_SPLINE_CURVE((1.,0.5,1.,0.5,1.,0.5,1.)) REPRESENTATION_ITEM(
  '') );
#324 = CARTESIAN_POINT('',(18.5,-3.057510672446E-17));
#325 = CARTESIAN_POINT('',(18.5,-4.330127018922));
#326 = CARTESIAN_POINT('',(14.75,-2.165063509461));
#327 = CARTESIAN_POINT('',(11.,-6.428985062981E-16));
#328 = CARTESIAN_POINT('',(14.75,2.165063509461));
#329 = CARTESIAN_POINT('',(18.5,4.330127018922));
#330 = CARTESIAN_POINT('',(18.5,-3.057510672446E-17));
#331 = ( GEOMETRIC_REPRESENTATION_CONTEXT(2) 
PARAMETRIC_REPRESENTATION_CONTEXT() REPRESENTATION_CONTEXT('2D SPACE',''
  ) );
#332 = PCURVE('',#333,#338);
#333 = CYLINDRICAL_SURFACE('',#334,2.5);
#334 = AXIS2_PLACEMENT_3D('',#335,#336,#337);
#335 = CARTESIAN_POINT('',(-79.00000000009,0.,-1.3500001));
#336 = DIRECTION('',(0.,-0.,-1.));
#337 = DIRECTION('',(1.,0.,0.));
#338 = DEFINITIONAL_REPRESENTATION('',(#339),#343);
#339 = LINE('',#340,#341);
#340 = CARTESIAN_POINT('',(-6.28318530718,-0.5));
#341 = VECTOR('',#342,1.);
#342 = DIRECTION('',(1.,-0.));
#343 = ( GEOMETRIC_REPRESENTATION_CONTEXT(2) 
PARAMETRIC_REPRESENTATION_CONTEXT() REPRESENTATION_CONTEXT('2D SPACE',''
  ) );
#344 = ORIENTED_EDGE('',*,*,#345,.F.);
#345 = EDGE_CURVE('',#40,#313,#346,.T.);
#346 = SURFACE_CURVE('',#347,(#370,#396),.PCURVE_S1.);
#347 = B_SPLINE_CURVE_WITH_KNOTS('',6,(#348,#349,#350,#351,#352,#353,
    #354,#355,#356,#357,#358,#359,#360,#361,#362,#363,#364,#365,#366,
    #367,#368,#369),.UNSPECIFIED.,.F.,.F.,(7,5,5,5,7),(0.,0.249589904412
    ,0.500000000001,0.750410095589,1.),.UNSPECIFIED.);
#348 = CARTESIAN_POINT('',(-79.31862745107,3.177192940137,-0.8500001));
#349 = CARTESIAN_POINT('',(-79.31092195837,3.139161664118,-0.8500001));
#350 = CARTESIAN_POINT('',(-79.30555967987,3.099696250051,-0.8500001));
#351 = CARTESIAN_POINT('',(-79.3028255112,3.059023152567,-0.8500001));
#352 = CARTESIAN_POINT('',(-79.30297825798,3.017448107136,-0.8500001));
#353 = CARTESIAN_POINT('',(-79.30620914757,2.975357500632,-0.8500001));
#354 = CARTESIAN_POINT('',(-79.31903019788,2.890860944138,-0.8500001));
#355 = CARTESIAN_POINT('',(-79.32864140182,2.848453680118,-0.8500001));
#356 = CARTESIAN_POINT('',(-79.34153498215,2.806388416593,-0.8500001));
#357 = CARTESIAN_POINT('',(-79.35770373409,2.765137063852,-0.8500001));
#358 = CARTESIAN_POINT('',(-79.37701379334,2.725165147122,-0.8500001));
#359 = CARTESIAN_POINT('',(-79.42144373735,2.648593491829,-0.8500001));
#360 = CARTESIAN_POINT('',(-79.44656409287,2.61199294192,-0.8500001));
#361 = CARTESIAN_POINT('',(-79.47435409294,2.577484703219,-0.8500001));
#362 = CARTESIAN_POINT('',(-79.50447600658,2.545416009327,-0.8500001));
#363 = CARTESIAN_POINT('',(-79.53652370516,2.516027298932,-0.8500001));
#364 = CARTESIAN_POINT('',(-79.60351969349,2.462965213241,-0.8500001));
#365 = CARTESIAN_POINT('',(-79.63845868146,2.439272916526,-0.8500001));
#366 = CARTESIAN_POINT('',(-79.67447758478,2.418508852927,-0.8500001));
#367 = CARTESIAN_POINT('',(-79.71114605356,2.400698745263,-0.8500001));
#368 = CARTESIAN_POINT('',(-79.7480702225,2.385769623185,-0.8500001));
#369 = CARTESIAN_POINT('',(-79.78491210947,2.373586522661,-0.8500001));
#370 = PCURVE('',#63,#371);
#371 = DEFINITIONAL_REPRESENTATION('',(#372),#395);
#372 = B_SPLINE_CURVE_WITH_KNOTS('',6,(#373,#374,#375,#376,#377,#378,
    #379,#380,#381,#382,#383,#384,#385,#386,#387,#388,#389,#390,#391,
    #392,#393,#394),.UNSPECIFIED.,.F.,.F.,(7,5,5,5,7),(0.,0.249589904412
    ,0.500000000001,0.750410095589,1.),.UNSPECIFIED.);
#373 = CARTESIAN_POINT('',(15.68137254902,3.177192940137));
#374 = CARTESIAN_POINT('',(15.689078041718,3.139161664118));
#375 = CARTESIAN_POINT('',(15.694440320222,3.099696250051));
#376 = CARTESIAN_POINT('',(15.697174488895,3.059023152567));
#377 = CARTESIAN_POINT('',(15.697021742114,3.017448107136));
#378 = CARTESIAN_POINT('',(15.693790852524,2.975357500632));
#379 = CARTESIAN_POINT('',(15.68096980221,2.890860944138));
#380 = CARTESIAN_POINT('',(15.671358598274,2.848453680118));
#381 = CARTESIAN_POINT('',(15.658465017938,2.806388416593));
#382 = CARTESIAN_POINT('',(15.642296266002,2.765137063852));
#383 = CARTESIAN_POINT('',(15.62298620675,2.725165147122));
#384 = CARTESIAN_POINT('',(15.578556262744,2.648593491829));
#385 = CARTESIAN_POINT('',(15.553435907215,2.61199294192));
#386 = CARTESIAN_POINT('',(15.525645907146,2.577484703219));
#387 = CARTESIAN_POINT('',(15.495523993506,2.545416009327));
#388 = CARTESIAN_POINT('',(15.46347629493,2.516027298932));
#389 = CARTESIAN_POINT('',(15.396480306597,2.462965213241));
#390 = CARTESIAN_POINT('',(15.361541318635,2.439272916526));
#391 = CARTESIAN_POINT('',(15.325522415306,2.418508852927));
#392 = CARTESIAN_POINT('',(15.288853946531,2.400698745263));
#393 = CARTESIAN_POINT('',(15.251929777587,2.385769623185));
#394 = CARTESIAN_POINT('',(15.215087890625,2.373586522661));
#395 = ( GEOMETRIC_REPRESENTATION_CONTEXT(2) 
PARAMETRIC_REPRESENTATION_CONTEXT() REPRESENTATION_CONTEXT('2D SPACE',''
  ) );
#396 = PCURVE('',#92,#397);
#397 = DEFINITIONAL_REPRESENTATION('',(#398),#421);
#398 = B_SPLINE_CURVE_WITH_KNOTS('',6,(#399,#400,#401,#402,#403,#404,
    #405,#406,#407,#408,#409,#410,#411,#412,#413,#414,#415,#416,#417,
    #418,#419,#420),.UNSPECIFIED.,.F.,.F.,(7,5,5,5,7),(0.,0.249589904412
    ,0.500000000001,0.750410095589,1.),.UNSPECIFIED.);
#399 = CARTESIAN_POINT('',(0.,4.5));
#400 = CARTESIAN_POINT('',(0.187945717102,4.5));
#401 = CARTESIAN_POINT('',(0.375699223067,4.5));
#402 = CARTESIAN_POINT('',(0.563264279737,4.5));
#403 = CARTESIAN_POINT('',(0.750654145324,4.5));
#404 = CARTESIAN_POINT('',(0.937891655301,4.5));
#405 = CARTESIAN_POINT('',(1.312723211769,4.5));
#406 = CARTESIAN_POINT('',(1.50031990152,4.5));
#407 = CARTESIAN_POINT('',(1.687810659603,4.5));
#408 = CARTESIAN_POINT('',(1.875229582187,4.5));
#409 = CARTESIAN_POINT('',(2.062615880487,4.5));
#410 = CARTESIAN_POINT('',(2.437384119513,4.5));
#411 = CARTESIAN_POINT('',(2.624770417814,4.5));
#412 = CARTESIAN_POINT('',(2.812189340395,4.5));
#413 = CARTESIAN_POINT('',(2.999680098481,4.5));
#414 = CARTESIAN_POINT('',(3.18727678823,4.5));
#415 = CARTESIAN_POINT('',(3.562108344698,4.5));
#416 = CARTESIAN_POINT('',(3.749345854678,4.5));
#417 = CARTESIAN_POINT('',(3.936735720261,4.5));
#418 = CARTESIAN_POINT('',(4.124300776934,4.5));
#419 = CARTESIAN_POINT('',(4.312054282898,4.5));
#420 = CARTESIAN_POINT('',(4.5,4.5));
#421 = ( GEOMETRIC_REPRESENTATION_CONTEXT(2) 
PARAMETRIC_REPRESENTATION_CONTEXT() REPRESENTATION_CONTEXT('2D SPACE',''
  ) );
#422 = ORIENTED_EDGE('',*,*,#39,.T.);
#423 = ORIENTED_EDGE('',*,*,#424,.T.);
#424 = EDGE_CURVE('',#42,#425,#427,.T.);
#425 = VERTEX_POINT('',#426);
#426 = CARTESIAN_POINT('',(-85.33686982807,11.989859372764,-0.8500001));
#427 = SURFACE_CURVE('',#428,(#451,#477),.PCURVE_S1.);
#428 = B_SPLINE_CURVE_WITH_KNOTS('',6,(#429,#430,#431,#432,#433,#434,
    #435,#436,#437,#438,#439,#440,#441,#442,#443,#444,#445,#446,#447,
    #448,#449,#450),.UNSPECIFIED.,.F.,.F.,(7,5,5,5,7),(0.,0.249589904412
    ,0.5,0.750410095589,1.),.UNSPECIFIED.);
#429 = CARTESIAN_POINT('',(-84.4077839267,11.991870523591,-0.8500001));
#430 = CARTESIAN_POINT('',(-84.43686723152,12.017559314025,-0.8500001));
#431 = CARTESIAN_POINT('',(-84.46836414342,12.041935890465,-0.8500001));
#432 = CARTESIAN_POINT('',(-84.50222099475,12.064640298736,-0.8500001));
#433 = CARTESIAN_POINT('',(-84.53830241365,12.08529553886,-0.8500001));
#434 = CARTESIAN_POINT('',(-84.57636939294,12.10354280965,-0.8500001));
#435 = CARTESIAN_POINT('',(-84.65595608255,12.134687732622,-0.8500001));
#436 = CARTESIAN_POINT('',(-84.69748745247,12.147567817862,-0.8500001));
#437 = CARTESIAN_POINT('',(-84.74036382947,12.157434281508,-0.8500001));
#438 = CARTESIAN_POINT('',(-84.78417292485,12.164057407954,-0.8500001));
#439 = CARTESIAN_POINT('',(-84.8284446498,12.167320364458,-0.8500001));
#440 = CARTESIAN_POINT('',(-84.9169726205,12.167128731907,-0.8500001));
#441 = CARTESIAN_POINT('',(-84.96122980427,12.163674140821,-0.8500001));
#442 = CARTESIAN_POINT('',(-85.00500981566,12.156861414141,-0.8500001));
#443 = CARTESIAN_POINT('',(-85.04784307606,12.146809418664,-0.8500001));
#444 = CARTESIAN_POINT('',(-85.08931829514,12.133749652762,-0.8500001));
#445 = CARTESIAN_POINT('',(-85.16876940349,12.102260467759,-0.8500001));
#446 = CARTESIAN_POINT('',(-85.2067570283,12.083848564959,-0.8500001));
#447 = CARTESIAN_POINT('',(-85.24274868652,12.063037311459,-0.8500001));
#448 = CARTESIAN_POINT('',(-85.27650692659,12.040186539814,-0.8500001));
#449 = CARTESIAN_POINT('',(-85.30789801004,12.015673832534,-0.8500001));
#450 = CARTESIAN_POINT('',(-85.33686982807,11.989859372764,-0.8500001));
#451 = PCURVE('',#63,#452);
#452 = DEFINITIONAL_REPRESENTATION('',(#453),#476);
#453 = B_SPLINE_CURVE_WITH_KNOTS('',6,(#454,#455,#456,#457,#458,#459,
    #460,#461,#462,#463,#464,#465,#466,#467,#468,#469,#470,#471,#472,
    #473,#474,#475),.UNSPECIFIED.,.F.,.F.,(7,5,5,5,7),(0.,0.249589904412
    ,0.5,0.750410095589,1.),.UNSPECIFIED.);
#454 = CARTESIAN_POINT('',(10.592216073393,11.991870523591));
#455 = CARTESIAN_POINT('',(10.563132768571,12.017559314025));
#456 = CARTESIAN_POINT('',(10.531635856671,12.041935890465));
#457 = CARTESIAN_POINT('',(10.497779005336,12.064640298736));
#458 = CARTESIAN_POINT('',(10.461697586438,12.08529553886));
#459 = CARTESIAN_POINT('',(10.42363060715,12.10354280965));
#460 = CARTESIAN_POINT('',(10.344043917537,12.134687732622));
#461 = CARTESIAN_POINT('',(10.302512547622,12.147567817862));
#462 = CARTESIAN_POINT('',(10.259636170625,12.157434281508));
#463 = CARTESIAN_POINT('',(10.215827075243,12.164057407954));
#464 = CARTESIAN_POINT('',(10.17155535029,12.167320364458));
#465 = CARTESIAN_POINT('',(10.083027379594,12.167128731907));
#466 = CARTESIAN_POINT('',(10.038770195816,12.163674140821));
#467 = CARTESIAN_POINT('',(9.994990184427,12.156861414141));
#468 = CARTESIAN_POINT('',(9.95215692403,12.146809418664));
#469 = CARTESIAN_POINT('',(9.910681704955,12.133749652762));
#470 = CARTESIAN_POINT('',(9.831230596602,12.102260467759));
#471 = CARTESIAN_POINT('',(9.793242971793,12.083848564959));
#472 = CARTESIAN_POINT('',(9.757251313565,12.063037311459));
#473 = CARTESIAN_POINT('',(9.723493073497,12.040186539814));
#474 = CARTESIAN_POINT('',(9.692101990049,12.015673832534));
#475 = CARTESIAN_POINT('',(9.663130172017,11.989859372764));
#476 = ( GEOMETRIC_REPRESENTATION_CONTEXT(2) 
PARAMETRIC_REPRESENTATION_CONTEXT() REPRESENTATION_CONTEXT('2D SPACE',''
  ) );
#477 = PCURVE('',#159,#478);
#478 = DEFINITIONAL_REPRESENTATION('',(#479),#502);
#479 = B_SPLINE_CURVE_WITH_KNOTS('',6,(#480,#481,#482,#483,#484,#485,
    #486,#487,#488,#489,#490,#491,#492,#493,#494,#495,#496,#497,#498,
    #499,#500,#501),.UNSPECIFIED.,.F.,.F.,(7,5,5,5,7),(0.,0.249589904412
    ,0.5,0.750410095589,1.),.UNSPECIFIED.);
#480 = CARTESIAN_POINT('',(0.,4.5));
#481 = CARTESIAN_POINT('',(0.187945717102,4.5));
#482 = CARTESIAN_POINT('',(0.375699223067,4.5));
#483 = CARTESIAN_POINT('',(0.563264279737,4.5));
#484 = CARTESIAN_POINT('',(0.750654145324,4.5));
#485 = CARTESIAN_POINT('',(0.937891655301,4.5));
#486 = CARTESIAN_POINT('',(1.312723211769,4.5));
#487 = CARTESIAN_POINT('',(1.500319901519,4.5));
#488 = CARTESIAN_POINT('',(1.687810659604,4.5));
#489 = CARTESIAN_POINT('',(1.875229582186,4.5));
#490 = CARTESIAN_POINT('',(2.062615880487,4.5));
#491 = CARTESIAN_POINT('',(2.437384119513,4.5));
#492 = CARTESIAN_POINT('',(2.624770417814,4.5));
#493 = CARTESIAN_POINT('',(2.812189340396,4.5));
#494 = CARTESIAN_POINT('',(2.999680098481,4.5));
#495 = CARTESIAN_POINT('',(3.187276788231,4.5));
#496 = CARTESIAN_POINT('',(3.562108344699,4.5));
#497 = CARTESIAN_POINT('',(3.749345854677,4.5));
#498 = CARTESIAN_POINT('',(3.936735720263,4.5));
#499 = CARTESIAN_POINT('',(4.124300776933,4.5));
#500 = CARTESIAN_POINT('',(4.312054282898,4.5));
#501 = CARTESIAN_POINT('',(4.5,4.5));
#502 = ( GEOMETRIC_REPRESENTATION_CONTEXT(2) 
PARAMETRIC_REPRESENTATION_CONTEXT() REPRESENTATION_CONTEXT('2D SPACE',''
  ) );
#503 = ORIENTED_EDGE('',*,*,#504,.T.);
#504 = EDGE_CURVE('',#425,#505,#507,.T.);
#505 = VERTEX_POINT('',#506);
#506 = CARTESIAN_POINT('',(-89.44804228148,14.363445895425,-0.8500001));
#507 = SURFACE_CURVE('',#508,(#513,#524),.PCURVE_S1.);
#508 = CIRCLE('',#509,2.5);
#509 = AXIS2_PLACEMENT_3D('',#510,#511,#512);
#510 = CARTESIAN_POINT('',(-87.00000000009,13.856406460551,-0.8500001));
#511 = DIRECTION('',(0.,0.,-1.));
#512 = DIRECTION('',(1.,0.,0.));
#513 = PCURVE('',#63,#514);
#514 = DEFINITIONAL_REPRESENTATION('',(#515),#523);
#515 = ( BOUNDED_CURVE() B_SPLINE_CURVE(2,(#516,#517,#518,#519,#520,#521
,#522),.UNSPECIFIED.,.T.,.F.) B_SPLINE_CURVE_WITH_KNOTS((1,2,2,2,2,1),(
    -2.094395102393,0.,2.094395102393,4.188790204786,6.28318530718,
8.377580409573),.UNSPECIFIED.) CURVE() GEOMETRIC_REPRESENTATION_ITEM() 
RATIONAL_B_SPLINE_CURVE((1.,0.5,1.,0.5,1.,0.5,1.)) REPRESENTATION_ITEM(
  '') );
#516 = CARTESIAN_POINT('',(10.5,13.856406460551));
#517 = CARTESIAN_POINT('',(10.5,9.526279441629));
#518 = CARTESIAN_POINT('',(6.75,11.69134295109));
#519 = CARTESIAN_POINT('',(3.,13.856406460551));
#520 = CARTESIAN_POINT('',(6.75,16.021469970012));
#521 = CARTESIAN_POINT('',(10.5,18.186533479473));
#522 = CARTESIAN_POINT('',(10.5,13.856406460551));
#523 = ( GEOMETRIC_REPRESENTATION_CONTEXT(2) 
PARAMETRIC_REPRESENTATION_CONTEXT() REPRESENTATION_CONTEXT('2D SPACE',''
  ) );
#524 = PCURVE('',#525,#530);
#525 = CYLINDRICAL_SURFACE('',#526,2.5);
#526 = AXIS2_PLACEMENT_3D('',#527,#528,#529);
#527 = CARTESIAN_POINT('',(-87.00000000009,13.856406460551,-1.3500001));
#528 = DIRECTION('',(0.,-0.,-1.));
#529 = DIRECTION('',(1.,0.,0.));
#530 = DEFINITIONAL_REPRESENTATION('',(#531),#535);
#531 = LINE('',#532,#533);
#532 = CARTESIAN_POINT('',(-6.28318530718,-0.5));
#533 = VECTOR('',#534,1.);
#534 = DIRECTION('',(1.,-0.));
#535 = ( GEOMETRIC_REPRESENTATION_CONTEXT(2) 
PARAMETRIC_REPRESENTATION_CONTEXT() REPRESENTATION_CONTEXT('2D SPACE',''
  ) );
#536 = ORIENTED_EDGE('',*,*,#537,.T.);
#537 = EDGE_CURVE('',#505,#538,#540,.T.);
#538 = VERTEX_POINT('',#539);
#539 = CARTESIAN_POINT('',(-89.91084352446,15.169063463727,-0.8500001));
#540 = SURFACE_CURVE('',#541,(#564,#590),.PCURVE_S1.);
#541 = B_SPLINE_CURVE_WITH_KNOTS('',6,(#542,#543,#544,#545,#546,#547,
    #548,#549,#550,#551,#552,#553,#554,#555,#556,#557,#558,#559,#560,
    #561,#562,#563),.UNSPECIFIED.,.F.,.F.,(7,5,5,5,7),(0.,0.249589904412
    ,0.500000000001,0.750410095589,1.),.UNSPECIFIED.);
#542 = CARTESIAN_POINT('',(-89.44804228148,14.363445895425,-0.8500001));
#543 = CARTESIAN_POINT('',(-89.44017221255,14.401443455719,-0.8500001));
#544 = CARTESIAN_POINT('',(-89.43463912706,14.440885285077,-0.8500001));
#545 = CARTESIAN_POINT('',(-89.43172889835,14.481546164386,-0.8500001));
#546 = CARTESIAN_POINT('',(-89.43170165325,14.523121481486,-0.8500001));
#547 = CARTESIAN_POINT('',(-89.4347502901,14.565225681,-0.8500001));
#548 = CARTESIAN_POINT('',(-89.44720541012,14.649776951693,-0.8500001));
#549 = CARTESIAN_POINT('',(-89.45663293061,14.692225427991,-0.8500001));
#550 = CARTESIAN_POINT('',(-89.46934427737,14.73434611736,-0.8500001));
#551 = CARTESIAN_POINT('',(-89.48533428869,14.775667082742,-0.8500001));
#552 = CARTESIAN_POINT('',(-89.50447111694,14.815722223736,-0.8500001));
#553 = CARTESIAN_POINT('',(-89.54856914363,14.89248551158,-0.8500001));
#554 = CARTESIAN_POINT('',(-89.57353080933,14.929194471806,-0.8500001));
#555 = CARTESIAN_POINT('',(-89.60117115278,14.963822698101,-0.8500001));
#556 = CARTESIAN_POINT('',(-89.63115394944,14.99602149798,-0.8500001));
#557 = CARTESIAN_POINT('',(-89.66307411542,15.025548676759,-0.8500001));
#558 = CARTESIAN_POINT('',(-89.72983975472,15.078900310282,-0.8500001));
#559 = CARTESIAN_POINT('',(-89.76467584441,15.102743645996,-0.8500001));
#560 = CARTESIAN_POINT('',(-89.80060451653,15.123663451304,-0.8500001));
#561 = CARTESIAN_POINT('',(-89.83719553654,15.141632140517,-0.8500001));
#562 = CARTESIAN_POINT('',(-89.87405472694,15.156720978143,-0.8500001));
#563 = CARTESIAN_POINT('',(-89.91084352446,15.169063463727,-0.8500001));
#564 = PCURVE('',#63,#565);
#565 = DEFINITIONAL_REPRESENTATION('',(#566),#589);
#566 = B_SPLINE_CURVE_WITH_KNOTS('',6,(#567,#568,#569,#570,#571,#572,
    #573,#574,#575,#576,#577,#578,#579,#580,#581,#582,#583,#584,#585,
    #586,#587,#588),.UNSPECIFIED.,.F.,.F.,(7,5,5,5,7),(0.,0.249589904412
    ,0.500000000001,0.750410095589,1.),.UNSPECIFIED.);
#567 = CARTESIAN_POINT('',(5.551957718608,14.363445895425));
#568 = CARTESIAN_POINT('',(5.559827787538,14.401443455719));
#569 = CARTESIAN_POINT('',(5.565360873034,14.440885285077));
#570 = CARTESIAN_POINT('',(5.56827110174,14.481546164386));
#571 = CARTESIAN_POINT('',(5.568298346842,14.523121481486));
#572 = CARTESIAN_POINT('',(5.565249709995,14.565225681));
#573 = CARTESIAN_POINT('',(5.552794589975,14.649776951693));
#574 = CARTESIAN_POINT('',(5.543367069477,14.692225427991));
#575 = CARTESIAN_POINT('',(5.53065572272,14.73434611736));
#576 = CARTESIAN_POINT('',(5.514665711399,14.775667082742));
#577 = CARTESIAN_POINT('',(5.49552888315,14.815722223736));
#578 = CARTESIAN_POINT('',(5.45143085646,14.89248551158));
#579 = CARTESIAN_POINT('',(5.426469190759,14.929194471806));
#580 = CARTESIAN_POINT('',(5.398828847313,14.963822698101));
#581 = CARTESIAN_POINT('',(5.368846050651,14.99602149798));
#582 = CARTESIAN_POINT('',(5.336925884674,15.025548676759));
#583 = CARTESIAN_POINT('',(5.270160245374,15.078900310282));
#584 = CARTESIAN_POINT('',(5.235324155676,15.102743645996));
#585 = CARTESIAN_POINT('',(5.199395483559,15.123663451304));
#586 = CARTESIAN_POINT('',(5.162804463551,15.141632140517));
#587 = CARTESIAN_POINT('',(5.125945273146,15.156720978143));
#588 = CARTESIAN_POINT('',(5.089156475627,15.169063463727));
#589 = ( GEOMETRIC_REPRESENTATION_CONTEXT(2) 
PARAMETRIC_REPRESENTATION_CONTEXT() REPRESENTATION_CONTEXT('2D SPACE',''
  ) );
#590 = PCURVE('',#591,#607);
#591 = ( BOUNDED_SURFACE() B_SPLINE_SURFACE(2,2,(
    (#592,#593,#594,#595,#596)
    ,(#597,#598,#599,#600,#601)
    ,(#602,#603,#604,#605,#606
)),.UNSPECIFIED.,.F.,.F.,.F.) B_SPLINE_SURFACE_WITH_KNOTS((3,3),(3,1,1,3
    ),(0.,4.5),(-0.2754,-2.80678258413E-15,4.5,4.7754),.UNSPECIFIED.) 
GEOMETRIC_REPRESENTATION_ITEM() RATIONAL_B_SPLINE_SURFACE((
    (1.,1.,1.,1.,1.)
    ,(0.748057124011,0.748057124011,0.748057124011,0.748057124011
      ,0.748057124011)
,(1.,1.,1.,1.,1.))) REPRESENTATION_ITEM('') SURFACE() );
#592 = CARTESIAN_POINT('',(-89.44804228148,14.363445895425,3.9253999));
#593 = CARTESIAN_POINT('',(-89.44804228148,14.363445895425,3.7876999));
#594 = CARTESIAN_POINT('',(-89.44804228148,14.363445895425,1.3999999));
#595 = CARTESIAN_POINT('',(-89.44804228148,14.363445895425,-0.9877001));
#596 = CARTESIAN_POINT('',(-89.44804228148,14.363445895425,-1.1254001));
#597 = CARTESIAN_POINT('',(-89.32209353266,14.971540337764,3.9253999));
#598 = CARTESIAN_POINT('',(-89.32209353266,14.971540337764,3.7876999));
#599 = CARTESIAN_POINT('',(-89.32209353266,14.971540337764,1.3999999));
#600 = CARTESIAN_POINT('',(-89.32209353266,14.971540337764,-0.9877001));
#601 = CARTESIAN_POINT('',(-89.32209353266,14.971540337764,-1.1254001));
#602 = CARTESIAN_POINT('',(-89.91084352446,15.169063463727,3.9253999));
#603 = CARTESIAN_POINT('',(-89.91084352446,15.169063463727,3.7876999));
#604 = CARTESIAN_POINT('',(-89.91084352446,15.169063463727,1.3999999));
#605 = CARTESIAN_POINT('',(-89.91084352446,15.169063463727,-0.9877001));
#606 = CARTESIAN_POINT('',(-89.91084352446,15.169063463727,-1.1254001));
#607 = DEFINITIONAL_REPRESENTATION('',(#608),#631);
#608 = B_SPLINE_CURVE_WITH_KNOTS('',6,(#609,#610,#611,#612,#613,#614,
    #615,#616,#617,#618,#619,#620,#621,#622,#623,#624,#625,#626,#627,
    #628,#629,#630),.UNSPECIFIED.,.F.,.F.,(7,5,5,5,7),(0.,0.249589904412
    ,0.500000000001,0.750410095589,1.),.UNSPECIFIED.);
#609 = CARTESIAN_POINT('',(0.,4.5));
#610 = CARTESIAN_POINT('',(0.187945717102,4.5));
#611 = CARTESIAN_POINT('',(0.375699223068,4.5));
#612 = CARTESIAN_POINT('',(0.563264279737,4.5));
#613 = CARTESIAN_POINT('',(0.750654145324,4.5));
#614 = CARTESIAN_POINT('',(0.937891655301,4.5));
#615 = CARTESIAN_POINT('',(1.312723211769,4.5));
#616 = CARTESIAN_POINT('',(1.50031990152,4.5));
#617 = CARTESIAN_POINT('',(1.687810659603,4.5));
#618 = CARTESIAN_POINT('',(1.875229582187,4.5));
#619 = CARTESIAN_POINT('',(2.062615880487,4.5));
#620 = CARTESIAN_POINT('',(2.437384119513,4.5));
#621 = CARTESIAN_POINT('',(2.624770417814,4.5));
#622 = CARTESIAN_POINT('',(2.812189340396,4.5));
#623 = CARTESIAN_POINT('',(2.999680098481,4.5));
#624 = CARTESIAN_POINT('',(3.187276788231,4.5));
#625 = CARTESIAN_POINT('',(3.562108344698,4.5));
#626 = CARTESIAN_POINT('',(3.749345854677,4.5));
#627 = CARTESIAN_POINT('',(3.936735720263,4.5));
#628 = CARTESIAN_POINT('',(4.124300776933,4.5));
#629 = CARTESIAN_POINT('',(4.312054282898,4.5));
#630 = CARTESIAN_POINT('',(4.5,4.5));
#631 = ( GEOMETRIC_REPRESENTATION_CONTEXT(2) 
PARAMETRIC_REPRESENTATION_CONTEXT() REPRESENTATION_CONTEXT('2D SPACE',''
  ) );
#632 = ORIENTED_EDGE('',*,*,#633,.T.);
#633 = EDGE_CURVE('',#538,#634,#636,.T.);
#634 = VERTEX_POINT('',#635);
#635 = CARTESIAN_POINT('',(-100.0891564757,15.169063463727,-0.8500001));
#636 = SURFACE_CURVE('',#637,(#642,#649),.PCURVE_S1.);
#637 = CIRCLE('',#638,16.);
#638 = AXIS2_PLACEMENT_3D('',#639,#640,#641);
#639 = CARTESIAN_POINT('',(-95.00000000009,0.,-0.8500001));
#640 = DIRECTION('',(0.,0.,1.));
#641 = DIRECTION('',(1.,0.,0.));
#642 = PCURVE('',#63,#643);
#643 = DEFINITIONAL_REPRESENTATION('',(#644),#648);
#644 = CIRCLE('',#645,16.);
#645 = AXIS2_PLACEMENT_2D('',#646,#647);
#646 = CARTESIAN_POINT('',(0.,-3.057510672446E-17));
#647 = DIRECTION('',(1.,0.));
#648 = ( GEOMETRIC_REPRESENTATION_CONTEXT(2) 
PARAMETRIC_REPRESENTATION_CONTEXT() REPRESENTATION_CONTEXT('2D SPACE',''
  ) );
#649 = PCURVE('',#650,#655);
#650 = CYLINDRICAL_SURFACE('',#651,16.);
#651 = AXIS2_PLACEMENT_3D('',#652,#653,#654);
#652 = CARTESIAN_POINT('',(-95.00000000009,0.,-0.8500001));
#653 = DIRECTION('',(0.,-0.,-1.));
#654 = DIRECTION('',(1.,0.,0.));
#655 = DEFINITIONAL_REPRESENTATION('',(#656),#660);
#656 = LINE('',#657,#658);
#657 = CARTESIAN_POINT('',(-0.,0.));
#658 = VECTOR('',#659,1.);
#659 = DIRECTION('',(-1.,0.));
#660 = ( GEOMETRIC_REPRESENTATION_CONTEXT(2) 
PARAMETRIC_REPRESENTATION_CONTEXT() REPRESENTATION_CONTEXT('2D SPACE',''
  ) );
#661 = ORIENTED_EDGE('',*,*,#662,.T.);
#662 = EDGE_CURVE('',#634,#663,#665,.T.);
#663 = VERTEX_POINT('',#664);
#664 = CARTESIAN_POINT('',(-100.5519577187,14.363445895425,-0.8500001));
#665 = SURFACE_CURVE('',#666,(#689,#715),.PCURVE_S1.);
#666 = B_SPLINE_CURVE_WITH_KNOTS('',6,(#667,#668,#669,#670,#671,#672,
    #673,#674,#675,#676,#677,#678,#679,#680,#681,#682,#683,#684,#685,
    #686,#687,#688),.UNSPECIFIED.,.F.,.F.,(7,5,5,5,7),(0.,0.249589904412
    ,0.5,0.750410095589,1.),.UNSPECIFIED.);
#667 = CARTESIAN_POINT('',(-100.0891564757,15.169063463727,-0.8500001));
#668 = CARTESIAN_POINT('',(-100.1259452732,15.156720978143,-0.8500001));
#669 = CARTESIAN_POINT('',(-100.1628044636,15.141632140517,-0.8500001));
#670 = CARTESIAN_POINT('',(-100.1993954836,15.123663451304,-0.8500001));
#671 = CARTESIAN_POINT('',(-100.2353241557,15.102743645995,-0.8500001));
#672 = CARTESIAN_POINT('',(-100.2701602454,15.078900310282,-0.8500001));
#673 = CARTESIAN_POINT('',(-100.3369258847,15.025548676759,-0.8500001));
#674 = CARTESIAN_POINT('',(-100.3688460507,14.99602149798,-0.8500001));
#675 = CARTESIAN_POINT('',(-100.3988288474,14.963822698101,-0.8500001));
#676 = CARTESIAN_POINT('',(-100.4264691908,14.929194471806,-0.8500001));
#677 = CARTESIAN_POINT('',(-100.4514308565,14.89248551158,-0.8500001));
#678 = CARTESIAN_POINT('',(-100.4955288832,14.815722223736,-0.8500001));
#679 = CARTESIAN_POINT('',(-100.5146657114,14.775667082742,-0.8500001));
#680 = CARTESIAN_POINT('',(-100.5306557228,14.73434611736,-0.8500001));
#681 = CARTESIAN_POINT('',(-100.5433670695,14.692225427991,-0.8500001));
#682 = CARTESIAN_POINT('',(-100.55279459,14.649776951693,-0.8500001));
#683 = CARTESIAN_POINT('',(-100.56524971,14.565225681,-0.8500001));
#684 = CARTESIAN_POINT('',(-100.5682983469,14.523121481485,-0.8500001));
#685 = CARTESIAN_POINT('',(-100.5682711018,14.481546164386,-0.8500001));
#686 = CARTESIAN_POINT('',(-100.5653608731,14.440885285077,-0.8500001));
#687 = CARTESIAN_POINT('',(-100.5598277876,14.401443455719,-0.8500001));
#688 = CARTESIAN_POINT('',(-100.5519577187,14.363445895425,-0.8500001));
#689 = PCURVE('',#63,#690);
#690 = DEFINITIONAL_REPRESENTATION('',(#691),#714);
#691 = B_SPLINE_CURVE_WITH_KNOTS('',6,(#692,#693,#694,#695,#696,#697,
    #698,#699,#700,#701,#702,#703,#704,#705,#706,#707,#708,#709,#710,
    #711,#712,#713),.UNSPECIFIED.,.F.,.F.,(7,5,5,5,7),(0.,0.249589904412
    ,0.5,0.750410095589,1.),.UNSPECIFIED.);
#692 = CARTESIAN_POINT('',(-5.089156475627,15.169063463727));
#693 = CARTESIAN_POINT('',(-5.125945273146,15.156720978143));
#694 = CARTESIAN_POINT('',(-5.162804463551,15.141632140517));
#695 = CARTESIAN_POINT('',(-5.199395483559,15.123663451304));
#696 = CARTESIAN_POINT('',(-5.235324155676,15.102743645995));
#697 = CARTESIAN_POINT('',(-5.270160245374,15.078900310282));
#698 = CARTESIAN_POINT('',(-5.336925884673,15.025548676759));
#699 = CARTESIAN_POINT('',(-5.368846050652,14.99602149798));
#700 = CARTESIAN_POINT('',(-5.398828847313,14.963822698101));
#701 = CARTESIAN_POINT('',(-5.426469190759,14.929194471806));
#702 = CARTESIAN_POINT('',(-5.45143085646,14.89248551158));
#703 = CARTESIAN_POINT('',(-5.49552888315,14.815722223736));
#704 = CARTESIAN_POINT('',(-5.514665711399,14.775667082742));
#705 = CARTESIAN_POINT('',(-5.53065572272,14.73434611736));
#706 = CARTESIAN_POINT('',(-5.543367069477,14.692225427991));
#707 = CARTESIAN_POINT('',(-5.552794589975,14.649776951693));
#708 = CARTESIAN_POINT('',(-5.565249709995,14.565225681));
#709 = CARTESIAN_POINT('',(-5.568298346842,14.523121481485));
#710 = CARTESIAN_POINT('',(-5.56827110174,14.481546164386));
#711 = CARTESIAN_POINT('',(-5.565360873034,14.440885285077));
#712 = CARTESIAN_POINT('',(-5.559827787538,14.401443455719));
#713 = CARTESIAN_POINT('',(-5.551957718608,14.363445895425));
#714 = ( GEOMETRIC_REPRESENTATION_CONTEXT(2) 
PARAMETRIC_REPRESENTATION_CONTEXT() REPRESENTATION_CONTEXT('2D SPACE',''
  ) );
#715 = PCURVE('',#716,#732);
#716 = ( BOUNDED_SURFACE() B_SPLINE_SURFACE(2,2,(
    (#717,#718,#719,#720,#721)
    ,(#722,#723,#724,#725,#726)
    ,(#727,#728,#729,#730,#731
)),.UNSPECIFIED.,.F.,.F.,.F.) B_SPLINE_SURFACE_WITH_KNOTS((3,3),(3,1,1,3
    ),(0.,4.5),(-0.2754,-2.818271673723E-15,4.5,4.7754),.UNSPECIFIED.) 
GEOMETRIC_REPRESENTATION_ITEM() RATIONAL_B_SPLINE_SURFACE((
    (1.,1.,1.,1.,1.)
    ,(0.748057124011,0.748057124011,0.748057124011,0.748057124011
      ,0.748057124011)
,(1.,1.,1.,1.,1.))) REPRESENTATION_ITEM('') SURFACE() );
#717 = CARTESIAN_POINT('',(-100.0891564757,15.169063463727,3.9253999));
#718 = CARTESIAN_POINT('',(-100.0891564757,15.169063463727,3.7876999));
#719 = CARTESIAN_POINT('',(-100.0891564757,15.169063463727,1.3999999));
#720 = CARTESIAN_POINT('',(-100.0891564757,15.169063463727,-0.9877001));
#721 = CARTESIAN_POINT('',(-100.0891564757,15.169063463727,-1.1254001));
#722 = CARTESIAN_POINT('',(-100.6779064675,14.971540337764,3.9253999));
#723 = CARTESIAN_POINT('',(-100.6779064675,14.971540337764,3.7876999));
#724 = CARTESIAN_POINT('',(-100.6779064675,14.971540337764,1.3999999));
#725 = CARTESIAN_POINT('',(-100.6779064675,14.971540337764,-0.9877001));
#726 = CARTESIAN_POINT('',(-100.6779064675,14.971540337764,-1.1254001));
#727 = CARTESIAN_POINT('',(-100.5519577187,14.363445895425,3.9253999));
#728 = CARTESIAN_POINT('',(-100.5519577187,14.363445895425,3.7876999));
#729 = CARTESIAN_POINT('',(-100.5519577187,14.363445895425,1.3999999));
#730 = CARTESIAN_POINT('',(-100.5519577187,14.363445895425,-0.9877001));
#731 = CARTESIAN_POINT('',(-100.5519577187,14.363445895425,-1.1254001));
#732 = DEFINITIONAL_REPRESENTATION('',(#733),#756);
#733 = B_SPLINE_CURVE_WITH_KNOTS('',6,(#734,#735,#736,#737,#738,#739,
    #740,#741,#742,#743,#744,#745,#746,#747,#748,#749,#750,#751,#752,
    #753,#754,#755),.UNSPECIFIED.,.F.,.F.,(7,5,5,5,7),(0.,0.249589904412
    ,0.5,0.750410095589,1.),.UNSPECIFIED.);
#734 = CARTESIAN_POINT('',(0.,4.5));
#735 = CARTESIAN_POINT('',(0.187945717102,4.5));
#736 = CARTESIAN_POINT('',(0.375699223068,4.5));
#737 = CARTESIAN_POINT('',(0.563264279737,4.5));
#738 = CARTESIAN_POINT('',(0.750654145324,4.5));
#739 = CARTESIAN_POINT('',(0.937891655301,4.5));
#740 = CARTESIAN_POINT('',(1.312723211769,4.5));
#741 = CARTESIAN_POINT('',(1.500319901519,4.5));
#742 = CARTESIAN_POINT('',(1.687810659604,4.5));
#743 = CARTESIAN_POINT('',(1.875229582187,4.5));
#744 = CARTESIAN_POINT('',(2.062615880487,4.5));
#745 = CARTESIAN_POINT('',(2.437384119513,4.5));
#746 = CARTESIAN_POINT('',(2.624770417813,4.5));
#747 = CARTESIAN_POINT('',(2.812189340396,4.5));
#748 = CARTESIAN_POINT('',(2.999680098481,4.5));
#749 = CARTESIAN_POINT('',(3.187276788231,4.5));
#750 = CARTESIAN_POINT('',(3.562108344698,4.5));
#751 = CARTESIAN_POINT('',(3.749345854677,4.5));
#752 = CARTESIAN_POINT('',(3.936735720261,4.5));
#753 = CARTESIAN_POINT('',(4.124300776934,4.5));
#754 = CARTESIAN_POINT('',(4.312054282897,4.5));
#755 = CARTESIAN_POINT('',(4.5,4.5));
#756 = ( GEOMETRIC_REPRESENTATION_CONTEXT(2) 
PARAMETRIC_REPRESENTATION_CONTEXT() REPRESENTATION_CONTEXT('2D SPACE',''
  ) );
#757 = ORIENTED_EDGE('',*,*,#758,.F.);
#758 = EDGE_CURVE('',#759,#663,#761,.T.);
#759 = VERTEX_POINT('',#760);
#760 = CARTESIAN_POINT('',(-104.6631301721,11.989859372764,-0.8500001));
#761 = SURFACE_CURVE('',#762,(#767,#774),.PCURVE_S1.);
#762 = CIRCLE('',#763,2.5);
#763 = AXIS2_PLACEMENT_3D('',#764,#765,#766);
#764 = CARTESIAN_POINT('',(-103.,13.856406460551,-0.8500001));
#765 = DIRECTION('',(0.,0.,1.));
#766 = DIRECTION('',(-0.824315958893,-0.566130020325,0.));
#767 = PCURVE('',#63,#768);
#768 = DEFINITIONAL_REPRESENTATION('',(#769),#773);
#769 = CIRCLE('',#770,2.5);
#770 = AXIS2_PLACEMENT_2D('',#771,#772);
#771 = CARTESIAN_POINT('',(-8.,13.856406460551));
#772 = DIRECTION('',(-0.824315958893,-0.566130020325));
#773 = ( GEOMETRIC_REPRESENTATION_CONTEXT(2) 
PARAMETRIC_REPRESENTATION_CONTEXT() REPRESENTATION_CONTEXT('2D SPACE',''
  ) );
#774 = PCURVE('',#775,#780);
#775 = CYLINDRICAL_SURFACE('',#776,2.5);
#776 = AXIS2_PLACEMENT_3D('',#777,#778,#779);
#777 = CARTESIAN_POINT('',(-103.,13.856406460551,-1.3500001));
#778 = DIRECTION('',(0.,-0.,-1.));
#779 = DIRECTION('',(1.,0.,0.));
#780 = DEFINITIONAL_REPRESENTATION('',(#781),#785);
#781 = LINE('',#782,#783);
#782 = CARTESIAN_POINT('',(-3.743396121123,-0.5));
#783 = VECTOR('',#784,1.);
#784 = DIRECTION('',(-1.,-0.));
#785 = ( GEOMETRIC_REPRESENTATION_CONTEXT(2) 
PARAMETRIC_REPRESENTATION_CONTEXT() REPRESENTATION_CONTEXT('2D SPACE',''
  ) );
#786 = ORIENTED_EDGE('',*,*,#787,.T.);
#787 = EDGE_CURVE('',#759,#788,#790,.T.);
#788 = VERTEX_POINT('',#789);
#789 = CARTESIAN_POINT('',(-105.5922160734,11.991870523591,-0.8500001));
#790 = SURFACE_CURVE('',#791,(#814,#840),.PCURVE_S1.);
#791 = B_SPLINE_CURVE_WITH_KNOTS('',6,(#792,#793,#794,#795,#796,#797,
    #798,#799,#800,#801,#802,#803,#804,#805,#806,#807,#808,#809,#810,
    #811,#812,#813),.UNSPECIFIED.,.F.,.F.,(7,5,5,5,7),(0.,0.249589904412
    ,0.5,0.750410095588,1.),.UNSPECIFIED.);
#792 = CARTESIAN_POINT('',(-104.6631301721,11.989859372764,-0.8500001));
#793 = CARTESIAN_POINT('',(-104.6921019901,12.015673832534,-0.8500001));
#794 = CARTESIAN_POINT('',(-104.7234930735,12.040186539814,-0.8500001));
#795 = CARTESIAN_POINT('',(-104.7572513136,12.063037311459,-0.8500001));
#796 = CARTESIAN_POINT('',(-104.7932429718,12.083848564959,-0.8500001));
#797 = CARTESIAN_POINT('',(-104.8312305966,12.102260467759,-0.8500001));
#798 = CARTESIAN_POINT('',(-104.910681705,12.133749652762,-0.8500001));
#799 = CARTESIAN_POINT('',(-104.9521569241,12.146809418664,-0.8500001));
#800 = CARTESIAN_POINT('',(-104.9949901845,12.156861414141,-0.8500001));
#801 = CARTESIAN_POINT('',(-105.0387701959,12.163674140821,-0.8500001));
#802 = CARTESIAN_POINT('',(-105.0830273796,12.167128731907,-0.8500001));
#803 = CARTESIAN_POINT('',(-105.1715553503,12.167320364458,-0.8500001));
#804 = CARTESIAN_POINT('',(-105.2158270753,12.164057407954,-0.8500001));
#805 = CARTESIAN_POINT('',(-105.2596361707,12.157434281508,-0.8500001));
#806 = CARTESIAN_POINT('',(-105.3025125477,12.147567817862,-0.8500001));
#807 = CARTESIAN_POINT('',(-105.3440439176,12.134687732622,-0.8500001));
#808 = CARTESIAN_POINT('',(-105.4236306072,12.10354280965,-0.8500001));
#809 = CARTESIAN_POINT('',(-105.4616975865,12.08529553886,-0.8500001));
#810 = CARTESIAN_POINT('',(-105.4977790054,12.064640298736,-0.8500001));
#811 = CARTESIAN_POINT('',(-105.5316358567,12.041935890465,-0.8500001));
#812 = CARTESIAN_POINT('',(-105.5631327686,12.017559314025,-0.8500001));
#813 = CARTESIAN_POINT('',(-105.5922160734,11.991870523591,-0.8500001));
#814 = PCURVE('',#63,#815);
#815 = DEFINITIONAL_REPRESENTATION('',(#816),#839);
#816 = B_SPLINE_CURVE_WITH_KNOTS('',6,(#817,#818,#819,#820,#821,#822,
    #823,#824,#825,#826,#827,#828,#829,#830,#831,#832,#833,#834,#835,
    #836,#837,#838),.UNSPECIFIED.,.F.,.F.,(7,5,5,5,7),(0.,0.249589904412
    ,0.5,0.750410095588,1.),.UNSPECIFIED.);
#817 = CARTESIAN_POINT('',(-9.663130172017,11.989859372764));
#818 = CARTESIAN_POINT('',(-9.692101990049,12.015673832534));
#819 = CARTESIAN_POINT('',(-9.723493073497,12.040186539814));
#820 = CARTESIAN_POINT('',(-9.757251313565,12.063037311459));
#821 = CARTESIAN_POINT('',(-9.793242971793,12.083848564959));
#822 = CARTESIAN_POINT('',(-9.831230596602,12.102260467759));
#823 = CARTESIAN_POINT('',(-9.910681704955,12.133749652762));
#824 = CARTESIAN_POINT('',(-9.95215692403,12.146809418664));
#825 = CARTESIAN_POINT('',(-9.994990184427,12.156861414141));
#826 = CARTESIAN_POINT('',(-10.03877019581,12.163674140821));
#827 = CARTESIAN_POINT('',(-10.08302737959,12.167128731907));
#828 = CARTESIAN_POINT('',(-10.17155535029,12.167320364458));
#829 = CARTESIAN_POINT('',(-10.21582707524,12.164057407954));
#830 = CARTESIAN_POINT('',(-10.25963617062,12.157434281508));
#831 = CARTESIAN_POINT('',(-10.30251254762,12.147567817862));
#832 = CARTESIAN_POINT('',(-10.34404391753,12.134687732622));
#833 = CARTESIAN_POINT('',(-10.42363060715,12.10354280965));
#834 = CARTESIAN_POINT('',(-10.46169758643,12.08529553886));
#835 = CARTESIAN_POINT('',(-10.49777900533,12.064640298736));
#836 = CARTESIAN_POINT('',(-10.53163585667,12.041935890465));
#837 = CARTESIAN_POINT('',(-10.56313276857,12.017559314025));
#838 = CARTESIAN_POINT('',(-10.59221607339,11.991870523591));
#839 = ( GEOMETRIC_REPRESENTATION_CONTEXT(2) 
PARAMETRIC_REPRESENTATION_CONTEXT() REPRESENTATION_CONTEXT('2D SPACE',''
  ) );
#840 = PCURVE('',#841,#857);
#841 = ( BOUNDED_SURFACE() B_SPLINE_SURFACE(2,2,(
    (#842,#843,#844,#845,#846)
    ,(#847,#848,#849,#850,#851)
    ,(#852,#853,#854,#855,#856
)),.UNSPECIFIED.,.F.,.F.,.F.) B_SPLINE_SURFACE_WITH_KNOTS((3,3),(3,1,1,3
    ),(0.,4.5),(-0.2754,-2.80678258413E-15,4.5,4.7754),.UNSPECIFIED.) 
GEOMETRIC_REPRESENTATION_ITEM() RATIONAL_B_SPLINE_SURFACE((
    (1.,1.,1.,1.,1.)
    ,(0.748057124011,0.748057124011,0.748057124011,0.748057124011
      ,0.748057124011)
,(1.,1.,1.,1.,1.))) REPRESENTATION_ITEM('') SURFACE() );
#842 = CARTESIAN_POINT('',(-104.6631301721,11.989859372764,3.9253999));
#843 = CARTESIAN_POINT('',(-104.6631301721,11.989859372764,3.7876999));
#844 = CARTESIAN_POINT('',(-104.6631301721,11.989859372764,1.3999999));
#845 = CARTESIAN_POINT('',(-104.6631301721,11.989859372764,-0.9877001));
#846 = CARTESIAN_POINT('',(-104.6631301721,11.989859372764,-1.1254001));
#847 = CARTESIAN_POINT('',(-105.1267810326,12.402981409985,3.9253999));
#848 = CARTESIAN_POINT('',(-105.1267810326,12.402981409985,3.7876999));
#849 = CARTESIAN_POINT('',(-105.1267810326,12.402981409985,1.3999999));
#850 = CARTESIAN_POINT('',(-105.1267810326,12.402981409985,-0.9877001));
#851 = CARTESIAN_POINT('',(-105.1267810326,12.402981409985,-1.1254001));
#852 = CARTESIAN_POINT('',(-105.5922160734,11.991870523591,3.9253999));
#853 = CARTESIAN_POINT('',(-105.5922160734,11.991870523591,3.7876999));
#854 = CARTESIAN_POINT('',(-105.5922160734,11.991870523591,1.3999999));
#855 = CARTESIAN_POINT('',(-105.5922160734,11.991870523591,-0.9877001));
#856 = CARTESIAN_POINT('',(-105.5922160734,11.991870523591,-1.1254001));
#857 = DEFINITIONAL_REPRESENTATION('',(#858),#881);
#858 = B_SPLINE_CURVE_WITH_KNOTS('',6,(#859,#860,#861,#862,#863,#864,
    #865,#866,#867,#868,#869,#870,#871,#872,#873,#874,#875,#876,#877,
    #878,#879,#880),.UNSPECIFIED.,.F.,.F.,(7,5,5,5,7),(0.,0.249589904412
    ,0.5,0.750410095588,1.),.UNSPECIFIED.);
#859 = CARTESIAN_POINT('',(0.,4.5));
#860 = CARTESIAN_POINT('',(0.187945717102,4.5));
#861 = CARTESIAN_POINT('',(0.375699223068,4.5));
#862 = CARTESIAN_POINT('',(0.563264279737,4.5));
#863 = CARTESIAN_POINT('',(0.750654145324,4.5));
#864 = CARTESIAN_POINT('',(0.937891655301,4.5));
#865 = CARTESIAN_POINT('',(1.312723211769,4.5));
#866 = CARTESIAN_POINT('',(1.500319901519,4.5));
#867 = CARTESIAN_POINT('',(1.687810659604,4.5));
#868 = CARTESIAN_POINT('',(1.875229582187,4.5));
#869 = CARTESIAN_POINT('',(2.062615880487,4.5));
#870 = CARTESIAN_POINT('',(2.437384119513,4.5));
#871 = CARTESIAN_POINT('',(2.624770417813,4.5));
#872 = CARTESIAN_POINT('',(2.812189340396,4.5));
#873 = CARTESIAN_POINT('',(2.99968009848,4.5));
#874 = CARTESIAN_POINT('',(3.187276788231,4.5));
#875 = CARTESIAN_POINT('',(3.562108344699,4.5));
#876 = CARTESIAN_POINT('',(3.749345854676,4.5));
#877 = CARTESIAN_POINT('',(3.936735720263,4.5));
#878 = CARTESIAN_POINT('',(4.124300776932,4.5));
#879 = CARTESIAN_POINT('',(4.312054282898,4.5));
#880 = CARTESIAN_POINT('',(4.5,4.5));
#881 = ( GEOMETRIC_REPRESENTATION_CONTEXT(2) 
PARAMETRIC_REPRESENTATION_CONTEXT() REPRESENTATION_CONTEXT('2D SPACE',''
  ) );
#882 = ORIENTED_EDGE('',*,*,#883,.T.);
#883 = EDGE_CURVE('',#788,#884,#886,.T.);
#884 = VERTEX_POINT('',#885);
#885 = CARTESIAN_POINT('',(-110.6813725491,3.177192940137,-0.8500001));
#886 = SURFACE_CURVE('',#887,(#892,#899),.PCURVE_S1.);
#887 = CIRCLE('',#888,16.);
#888 = AXIS2_PLACEMENT_3D('',#889,#890,#891);
#889 = CARTESIAN_POINT('',(-95.00000000009,0.,-0.8500001));
#890 = DIRECTION('',(0.,0.,1.));
#891 = DIRECTION('',(1.,0.,0.));
#892 = PCURVE('',#63,#893);
#893 = DEFINITIONAL_REPRESENTATION('',(#894),#898);
#894 = CIRCLE('',#895,16.);
#895 = AXIS2_PLACEMENT_2D('',#896,#897);
#896 = CARTESIAN_POINT('',(0.,-3.057510672446E-17));
#897 = DIRECTION('',(1.,0.));
#898 = ( GEOMETRIC_REPRESENTATION_CONTEXT(2) 
PARAMETRIC_REPRESENTATION_CONTEXT() REPRESENTATION_CONTEXT('2D SPACE',''
  ) );
#899 = PCURVE('',#900,#905);
#900 = CYLINDRICAL_SURFACE('',#901,16.);
#901 = AXIS2_PLACEMENT_3D('',#902,#903,#904);
#902 = CARTESIAN_POINT('',(-95.00000000009,0.,-0.8500001));
#903 = DIRECTION('',(0.,-0.,-1.));
#904 = DIRECTION('',(1.,0.,0.));
#905 = DEFINITIONAL_REPRESENTATION('',(#906),#910);
#906 = LINE('',#907,#908);
#907 = CARTESIAN_POINT('',(-0.,0.));
#908 = VECTOR('',#909,1.);
#909 = DIRECTION('',(-1.,0.));
#910 = ( GEOMETRIC_REPRESENTATION_CONTEXT(2) 
PARAMETRIC_REPRESENTATION_CONTEXT() REPRESENTATION_CONTEXT('2D SPACE',''
  ) );
#911 = ORIENTED_EDGE('',*,*,#912,.F.);
#912 = EDGE_CURVE('',#913,#884,#915,.T.);
#913 = VERTEX_POINT('',#914);
#914 = CARTESIAN_POINT('',(-110.2150878907,2.373586522661,-0.8500001));
#915 = SURFACE_CURVE('',#916,(#939,#965),.PCURVE_S1.);
#916 = B_SPLINE_CURVE_WITH_KNOTS('',6,(#917,#918,#919,#920,#921,#922,
    #923,#924,#925,#926,#927,#928,#929,#930,#931,#932,#933,#934,#935,
    #936,#937,#938),.UNSPECIFIED.,.F.,.F.,(7,5,5,5,7),(0.,0.249589904412
    ,0.5,0.750410095588,1.),.UNSPECIFIED.);
#917 = CARTESIAN_POINT('',(-110.2150878907,2.373586522661,-0.8500001));
#918 = CARTESIAN_POINT('',(-110.2519297776,2.385769623185,-0.8500001));
#919 = CARTESIAN_POINT('',(-110.2888539466,2.400698745263,-0.8500001));
#920 = CARTESIAN_POINT('',(-110.3255224154,2.418508852927,-0.8500001));
#921 = CARTESIAN_POINT('',(-110.3615413187,2.439272916527,-0.8500001));
#922 = CARTESIAN_POINT('',(-110.3964803066,2.46296521324,-0.8500001));
#923 = CARTESIAN_POINT('',(-110.463476295,2.516027298932,-0.8500001));
#924 = CARTESIAN_POINT('',(-110.4955239936,2.545416009327,-0.8500001));
#925 = CARTESIAN_POINT('',(-110.5256459072,2.577484703219,-0.8500001));
#926 = CARTESIAN_POINT('',(-110.5534359073,2.61199294192,-0.8500001));
#927 = CARTESIAN_POINT('',(-110.5785562628,2.648593491829,-0.8500001));
#928 = CARTESIAN_POINT('',(-110.6229862068,2.725165147122,-0.8500001));
#929 = CARTESIAN_POINT('',(-110.642296266,2.765137063852,-0.8500001));
#930 = CARTESIAN_POINT('',(-110.658465018,2.806388416593,-0.8500001));
#931 = CARTESIAN_POINT('',(-110.6713585983,2.848453680118,-0.8500001));
#932 = CARTESIAN_POINT('',(-110.6809698023,2.890860944138,-0.8500001));
#933 = CARTESIAN_POINT('',(-110.6937908526,2.975357500632,-0.8500001));
#934 = CARTESIAN_POINT('',(-110.6970217422,3.017448107136,-0.8500001));
#935 = CARTESIAN_POINT('',(-110.6971744889,3.059023152567,-0.8500001));
#936 = CARTESIAN_POINT('',(-110.6944403203,3.099696250051,-0.8500001));
#937 = CARTESIAN_POINT('',(-110.6890780418,3.139161664118,-0.8500001));
#938 = CARTESIAN_POINT('',(-110.6813725491,3.177192940137,-0.8500001));
#939 = PCURVE('',#63,#940);
#940 = DEFINITIONAL_REPRESENTATION('',(#941),#964);
#941 = B_SPLINE_CURVE_WITH_KNOTS('',6,(#942,#943,#944,#945,#946,#947,
    #948,#949,#950,#951,#952,#953,#954,#955,#956,#957,#958,#959,#960,
    #961,#962,#963),.UNSPECIFIED.,.F.,.F.,(7,5,5,5,7),(0.,0.249589904412
    ,0.5,0.750410095588,1.),.UNSPECIFIED.);
#942 = CARTESIAN_POINT('',(-15.21508789062,2.373586522661));
#943 = CARTESIAN_POINT('',(-15.25192977758,2.385769623185));
#944 = CARTESIAN_POINT('',(-15.28885394653,2.400698745263));
#945 = CARTESIAN_POINT('',(-15.3255224153,2.418508852927));
#946 = CARTESIAN_POINT('',(-15.36154131863,2.439272916527));
#947 = CARTESIAN_POINT('',(-15.39648030659,2.46296521324));
#948 = CARTESIAN_POINT('',(-15.46347629493,2.516027298932));
#949 = CARTESIAN_POINT('',(-15.4955239935,2.545416009327));
#950 = CARTESIAN_POINT('',(-15.52564590714,2.577484703219));
#951 = CARTESIAN_POINT('',(-15.55343590721,2.61199294192));
#952 = CARTESIAN_POINT('',(-15.57855626274,2.648593491829));
#953 = CARTESIAN_POINT('',(-15.62298620675,2.725165147122));
#954 = CARTESIAN_POINT('',(-15.642296266,2.765137063852));
#955 = CARTESIAN_POINT('',(-15.65846501793,2.806388416593));
#956 = CARTESIAN_POINT('',(-15.67135859827,2.848453680118));
#957 = CARTESIAN_POINT('',(-15.68096980221,2.890860944138));
#958 = CARTESIAN_POINT('',(-15.69379085252,2.975357500632));
#959 = CARTESIAN_POINT('',(-15.69702174211,3.017448107136));
#960 = CARTESIAN_POINT('',(-15.69717448889,3.059023152567));
#961 = CARTESIAN_POINT('',(-15.69444032022,3.099696250051));
#962 = CARTESIAN_POINT('',(-15.68907804171,3.139161664118));
#963 = CARTESIAN_POINT('',(-15.68137254902,3.177192940137));
#964 = ( GEOMETRIC_REPRESENTATION_CONTEXT(2) 
PARAMETRIC_REPRESENTATION_CONTEXT() REPRESENTATION_CONTEXT('2D SPACE',''
  ) );
#965 = PCURVE('',#966,#982);
#966 = ( BOUNDED_SURFACE() B_SPLINE_SURFACE(2,2,(
    (#967,#968,#969,#970,#971)
    ,(#972,#973,#974,#975,#976)
    ,(#977,#978,#979,#980,#981
)),.UNSPECIFIED.,.F.,.F.,.F.) B_SPLINE_SURFACE_WITH_KNOTS((3,3),(3,1,1,3
    ),(0.,4.5),(-0.2754,-2.80678258413E-15,4.5,4.7754),.UNSPECIFIED.) 
GEOMETRIC_REPRESENTATION_ITEM() RATIONAL_B_SPLINE_SURFACE((
    (1.,1.,1.,1.,1.)
    ,(0.748057124011,0.748057124011,0.748057124011,0.748057124011
      ,0.748057124011)
,(1.,1.,1.,1.,1.))) REPRESENTATION_ITEM('') SURFACE() );
#967 = CARTESIAN_POINT('',(-110.2150878907,2.373586522661,3.9253999));
#968 = CARTESIAN_POINT('',(-110.2150878907,2.373586522661,3.7876999));
#969 = CARTESIAN_POINT('',(-110.2150878907,2.373586522661,1.3999999));
#970 = CARTESIAN_POINT('',(-110.2150878907,2.373586522661,-0.9877001));
#971 = CARTESIAN_POINT('',(-110.2150878907,2.373586522661,-1.1254001));
#972 = CARTESIAN_POINT('',(-110.8046875,2.56855892778,3.9253999));
#973 = CARTESIAN_POINT('',(-110.8046875,2.56855892778,3.7876999));
#974 = CARTESIAN_POINT('',(-110.8046875,2.56855892778,1.3999999));
#975 = CARTESIAN_POINT('',(-110.8046875,2.56855892778,-0.9877001));
#976 = CARTESIAN_POINT('',(-110.8046875,2.56855892778,-1.1254001));
#977 = CARTESIAN_POINT('',(-110.6813725491,3.177192940137,3.9253999));
#978 = CARTESIAN_POINT('',(-110.6813725491,3.177192940137,3.7876999));
#979 = CARTESIAN_POINT('',(-110.6813725491,3.177192940137,1.3999999));
#980 = CARTESIAN_POINT('',(-110.6813725491,3.177192940137,-0.9877001));
#981 = CARTESIAN_POINT('',(-110.6813725491,3.177192940137,-1.1254001));
#982 = DEFINITIONAL_REPRESENTATION('',(#983),#1006);
#983 = B_SPLINE_CURVE_WITH_KNOTS('',6,(#984,#985,#986,#987,#988,#989,
    #990,#991,#992,#993,#994,#995,#996,#997,#998,#999,#1000,#1001,#1002,
    #1003,#1004,#1005),.UNSPECIFIED.,.F.,.F.,(7,5,5,5,7),(0.,
    0.249589904412,0.5,0.750410095588,1.),.UNSPECIFIED.);
#984 = CARTESIAN_POINT('',(0.,4.5));
#985 = CARTESIAN_POINT('',(0.187945717102,4.5));
#986 = CARTESIAN_POINT('',(0.375699223067,4.5));
#987 = CARTESIAN_POINT('',(0.563264279737,4.5));
#988 = CARTESIAN_POINT('',(0.750654145323,4.5));
#989 = CARTESIAN_POINT('',(0.937891655301,4.5));
#990 = CARTESIAN_POINT('',(1.312723211769,4.5));
#991 = CARTESIAN_POINT('',(1.500319901519,4.5));
#992 = CARTESIAN_POINT('',(1.687810659604,4.5));
#993 = CARTESIAN_POINT('',(1.875229582187,4.5));
#994 = CARTESIAN_POINT('',(2.062615880487,4.5));
#995 = CARTESIAN_POINT('',(2.437384119513,4.5));
#996 = CARTESIAN_POINT('',(2.624770417813,4.5));
#997 = CARTESIAN_POINT('',(2.812189340396,4.5));
#998 = CARTESIAN_POINT('',(2.999680098481,4.5));
#999 = CARTESIAN_POINT('',(3.187276788231,4.5));
#1000 = CARTESIAN_POINT('',(3.562108344699,4.5));
#1001 = CARTESIAN_POINT('',(3.749345854676,4.5));
#1002 = CARTESIAN_POINT('',(3.936735720263,4.5));
#1003 = CARTESIAN_POINT('',(4.124300776932,4.5));
#1004 = CARTESIAN_POINT('',(4.312054282898,4.5));
#1005 = CARTESIAN_POINT('',(4.5,4.5));
#1006 = ( GEOMETRIC_REPRESENTATION_CONTEXT(2) 
PARAMETRIC_REPRESENTATION_CONTEXT() REPRESENTATION_CONTEXT('2D SPACE',''
  ) );
#1007 = ORIENTED_EDGE('',*,*,#1008,.F.);
#1008 = EDGE_CURVE('',#1009,#913,#1011,.T.);
#1009 = VERTEX_POINT('',#1010);
#1010 = CARTESIAN_POINT('',(-110.2150878907,-2.373586522661,-0.8500001)
  );
#1011 = SURFACE_CURVE('',#1012,(#1017,#1024),.PCURVE_S1.);
#1012 = CIRCLE('',#1013,2.5);
#1013 = AXIS2_PLACEMENT_3D('',#1014,#1015,#1016);
#1014 = CARTESIAN_POINT('',(-111.,1.959434878636E-15,-0.8500001));
#1015 = DIRECTION('',(-0.,0.,1.));
#1016 = DIRECTION('',(7.8125E-02,-0.996943571309,0.));
#1017 = PCURVE('',#63,#1018);
#1018 = DEFINITIONAL_REPRESENTATION('',(#1019),#1023);
#1019 = CIRCLE('',#1020,2.5);
#1020 = AXIS2_PLACEMENT_2D('',#1021,#1022);
#1021 = CARTESIAN_POINT('',(-16.,1.928859771911E-15));
#1022 = DIRECTION('',(7.8125E-02,-0.996943571309));
#1023 = ( GEOMETRIC_REPRESENTATION_CONTEXT(2) 
PARAMETRIC_REPRESENTATION_CONTEXT() REPRESENTATION_CONTEXT('2D SPACE',''
  ) );
#1024 = PCURVE('',#1025,#1030);
#1025 = CYLINDRICAL_SURFACE('',#1026,2.5);
#1026 = AXIS2_PLACEMENT_3D('',#1027,#1028,#1029);
#1027 = CARTESIAN_POINT('',(-111.,1.959434878636E-15,-1.3500001));
#1028 = DIRECTION('',(0.,-0.,-1.));
#1029 = DIRECTION('',(1.,0.,0.));
#1030 = DEFINITIONAL_REPRESENTATION('',(#1031),#1035);
#1031 = LINE('',#1032,#1033);
#1032 = CARTESIAN_POINT('',(-4.790593672319,-0.5));
#1033 = VECTOR('',#1034,1.);
#1034 = DIRECTION('',(-1.,-0.));
#1035 = ( GEOMETRIC_REPRESENTATION_CONTEXT(2) 
PARAMETRIC_REPRESENTATION_CONTEXT() REPRESENTATION_CONTEXT('2D SPACE',''
  ) );
#1036 = ORIENTED_EDGE('',*,*,#1037,.F.);
#1037 = EDGE_CURVE('',#1038,#1009,#1040,.T.);
#1038 = VERTEX_POINT('',#1039);
#1039 = CARTESIAN_POINT('',(-110.6813725491,-3.177192940137,-0.8500001)
  );
#1040 = SURFACE_CURVE('',#1041,(#1064,#1090),.PCURVE_S1.);
#1041 = B_SPLINE_CURVE_WITH_KNOTS('',6,(#1042,#1043,#1044,#1045,#1046,
    #1047,#1048,#1049,#1050,#1051,#1052,#1053,#1054,#1055,#1056,#1057,
    #1058,#1059,#1060,#1061,#1062,#1063),.UNSPECIFIED.,.F.,.F.,(7,5,5,5,
    7),(0.,0.249589904412,0.5,0.750410095588,1.),.UNSPECIFIED.);
#1042 = CARTESIAN_POINT('',(-110.6813725491,-3.177192940137,-0.8500001)
  );
#1043 = CARTESIAN_POINT('',(-110.6890780418,-3.139161664118,-0.8500001)
  );
#1044 = CARTESIAN_POINT('',(-110.6944403203,-3.099696250051,-0.8500001)
  );
#1045 = CARTESIAN_POINT('',(-110.6971744889,-3.059023152567,-0.8500001)
  );
#1046 = CARTESIAN_POINT('',(-110.6970217422,-3.017448107136,-0.8500001)
  );
#1047 = CARTESIAN_POINT('',(-110.6937908526,-2.975357500632,-0.8500001)
  );
#1048 = CARTESIAN_POINT('',(-110.6809698023,-2.890860944138,-0.8500001)
  );
#1049 = CARTESIAN_POINT('',(-110.6713585983,-2.848453680118,-0.8500001)
  );
#1050 = CARTESIAN_POINT('',(-110.658465018,-2.806388416593,-0.8500001));
#1051 = CARTESIAN_POINT('',(-110.642296266,-2.765137063852,-0.8500001));
#1052 = CARTESIAN_POINT('',(-110.6229862068,-2.725165147122,-0.8500001)
  );
#1053 = CARTESIAN_POINT('',(-110.5785562628,-2.648593491829,-0.8500001)
  );
#1054 = CARTESIAN_POINT('',(-110.5534359073,-2.61199294192,-0.8500001));
#1055 = CARTESIAN_POINT('',(-110.5256459072,-2.577484703219,-0.8500001)
  );
#1056 = CARTESIAN_POINT('',(-110.4955239936,-2.545416009327,-0.8500001)
  );
#1057 = CARTESIAN_POINT('',(-110.463476295,-2.516027298932,-0.8500001));
#1058 = CARTESIAN_POINT('',(-110.3964803066,-2.46296521324,-0.8500001));
#1059 = CARTESIAN_POINT('',(-110.3615413187,-2.439272916527,-0.8500001)
  );
#1060 = CARTESIAN_POINT('',(-110.3255224154,-2.418508852927,-0.8500001)
  );
#1061 = CARTESIAN_POINT('',(-110.2888539466,-2.400698745263,-0.8500001)
  );
#1062 = CARTESIAN_POINT('',(-110.2519297776,-2.385769623185,-0.8500001)
  );
#1063 = CARTESIAN_POINT('',(-110.2150878907,-2.373586522661,-0.8500001)
  );
#1064 = PCURVE('',#63,#1065);
#1065 = DEFINITIONAL_REPRESENTATION('',(#1066),#1089);
#1066 = B_SPLINE_CURVE_WITH_KNOTS('',6,(#1067,#1068,#1069,#1070,#1071,
    #1072,#1073,#1074,#1075,#1076,#1077,#1078,#1079,#1080,#1081,#1082,
    #1083,#1084,#1085,#1086,#1087,#1088),.UNSPECIFIED.,.F.,.F.,(7,5,5,5,
    7),(0.,0.249589904412,0.5,0.750410095588,1.),.UNSPECIFIED.);
#1067 = CARTESIAN_POINT('',(-15.68137254902,-3.177192940137));
#1068 = CARTESIAN_POINT('',(-15.68907804171,-3.139161664118));
#1069 = CARTESIAN_POINT('',(-15.69444032022,-3.099696250051));
#1070 = CARTESIAN_POINT('',(-15.69717448889,-3.059023152567));
#1071 = CARTESIAN_POINT('',(-15.69702174211,-3.017448107136));
#1072 = CARTESIAN_POINT('',(-15.69379085252,-2.975357500632));
#1073 = CARTESIAN_POINT('',(-15.68096980221,-2.890860944138));
#1074 = CARTESIAN_POINT('',(-15.67135859827,-2.848453680118));
#1075 = CARTESIAN_POINT('',(-15.65846501793,-2.806388416593));
#1076 = CARTESIAN_POINT('',(-15.642296266,-2.765137063852));
#1077 = CARTESIAN_POINT('',(-15.62298620675,-2.725165147122));
#1078 = CARTESIAN_POINT('',(-15.57855626274,-2.648593491829));
#1079 = CARTESIAN_POINT('',(-15.55343590721,-2.61199294192));
#1080 = CARTESIAN_POINT('',(-15.52564590714,-2.577484703219));
#1081 = CARTESIAN_POINT('',(-15.4955239935,-2.545416009327));
#1082 = CARTESIAN_POINT('',(-15.46347629493,-2.516027298932));
#1083 = CARTESIAN_POINT('',(-15.39648030659,-2.46296521324));
#1084 = CARTESIAN_POINT('',(-15.36154131863,-2.439272916527));
#1085 = CARTESIAN_POINT('',(-15.3255224153,-2.418508852927));
#1086 = CARTESIAN_POINT('',(-15.28885394653,-2.400698745263));
#1087 = CARTESIAN_POINT('',(-15.25192977758,-2.385769623185));
#1088 = CARTESIAN_POINT('',(-15.21508789062,-2.373586522661));
#1089 = ( GEOMETRIC_REPRESENTATION_CONTEXT(2) 
PARAMETRIC_REPRESENTATION_CONTEXT() REPRESENTATION_CONTEXT('2D SPACE',''
  ) );
#1090 = PCURVE('',#1091,#1107);
#1091 = ( BOUNDED_SURFACE() B_SPLINE_SURFACE(2,2,(
    (#1092,#1093,#1094,#1095,#1096)
    ,(#1097,#1098,#1099,#1100,#1101)
    ,(#1102,#1103,#1104,#1105,#1106
)),.UNSPECIFIED.,.F.,.F.,.F.) B_SPLINE_SURFACE_WITH_KNOTS((3,3),(3,1,1,3
    ),(0.,4.5),(-0.2754,-2.80678258413E-15,4.5,4.7754),.UNSPECIFIED.) 
GEOMETRIC_REPRESENTATION_ITEM() RATIONAL_B_SPLINE_SURFACE((
    (1.,1.,1.,1.,1.)
    ,(0.748057124011,0.748057124011,0.748057124011,0.748057124011
      ,0.748057124011)
,(1.,1.,1.,1.,1.))) REPRESENTATION_ITEM('') SURFACE() );
#1092 = CARTESIAN_POINT('',(-110.6813725491,-3.177192940137,3.9253999));
#1093 = CARTESIAN_POINT('',(-110.6813725491,-3.177192940137,3.7876999));
#1094 = CARTESIAN_POINT('',(-110.6813725491,-3.177192940137,1.3999999));
#1095 = CARTESIAN_POINT('',(-110.6813725491,-3.177192940137,-0.9877001)
  );
#1096 = CARTESIAN_POINT('',(-110.6813725491,-3.177192940137,-1.1254001)
  );
#1097 = CARTESIAN_POINT('',(-110.8046875,-2.56855892778,3.9253999));
#1098 = CARTESIAN_POINT('',(-110.8046875,-2.56855892778,3.7876999));
#1099 = CARTESIAN_POINT('',(-110.8046875,-2.56855892778,1.3999999));
#1100 = CARTESIAN_POINT('',(-110.8046875,-2.56855892778,-0.9877001));
#1101 = CARTESIAN_POINT('',(-110.8046875,-2.56855892778,-1.1254001));
#1102 = CARTESIAN_POINT('',(-110.2150878907,-2.373586522661,3.9253999));
#1103 = CARTESIAN_POINT('',(-110.2150878907,-2.373586522661,3.7876999));
#1104 = CARTESIAN_POINT('',(-110.2150878907,-2.373586522661,1.3999999));
#1105 = CARTESIAN_POINT('',(-110.2150878907,-2.373586522661,-0.9877001)
  );
#1106 = CARTESIAN_POINT('',(-110.2150878907,-2.373586522661,-1.1254001)
  );
#1107 = DEFINITIONAL_REPRESENTATION('',(#1108),#1131);
#1108 = B_SPLINE_CURVE_WITH_KNOTS('',6,(#1109,#1110,#1111,#1112,#1113,
    #1114,#1115,#1116,#1117,#1118,#1119,#1120,#1121,#1122,#1123,#1124,
    #1125,#1126,#1127,#1128,#1129,#1130),.UNSPECIFIED.,.F.,.F.,(7,5,5,5,
    7),(0.,0.249589904412,0.5,0.750410095588,1.),.UNSPECIFIED.);
#1109 = CARTESIAN_POINT('',(0.,4.5));
#1110 = CARTESIAN_POINT('',(0.187945717102,4.5));
#1111 = CARTESIAN_POINT('',(0.375699223068,4.5));
#1112 = CARTESIAN_POINT('',(0.563264279737,4.5));
#1113 = CARTESIAN_POINT('',(0.750654145324,4.5));
#1114 = CARTESIAN_POINT('',(0.937891655301,4.5));
#1115 = CARTESIAN_POINT('',(1.312723211769,4.5));
#1116 = CARTESIAN_POINT('',(1.50031990152,4.5));
#1117 = CARTESIAN_POINT('',(1.687810659603,4.5));
#1118 = CARTESIAN_POINT('',(1.875229582187,4.5));
#1119 = CARTESIAN_POINT('',(2.062615880487,4.5));
#1120 = CARTESIAN_POINT('',(2.437384119513,4.5));
#1121 = CARTESIAN_POINT('',(2.624770417813,4.5));
#1122 = CARTESIAN_POINT('',(2.812189340396,4.5));
#1123 = CARTESIAN_POINT('',(2.999680098481,4.5));
#1124 = CARTESIAN_POINT('',(3.187276788231,4.5));
#1125 = CARTESIAN_POINT('',(3.562108344699,4.5));
#1126 = CARTESIAN_POINT('',(3.749345854676,4.5));
#1127 = CARTESIAN_POINT('',(3.936735720263,4.5));
#1128 = CARTESIAN_POINT('',(4.124300776933,4.5));
#1129 = CARTESIAN_POINT('',(4.312054282898,4.5));
#1130 = CARTESIAN_POINT('',(4.5,4.5));
#1131 = ( GEOMETRIC_REPRESENTATION_CONTEXT(2) 
PARAMETRIC_REPRESENTATION_CONTEXT() REPRESENTATION_CONTEXT('2D SPACE',''
  ) );
#1132 = ORIENTED_EDGE('',*,*,#1133,.T.);
#1133 = EDGE_CURVE('',#1038,#1134,#1136,.T.);
#1134 = VERTEX_POINT('',#1135);
#1135 = CARTESIAN_POINT('',(-105.5922160734,-11.99187052359,-0.8500001)
  );
#1136 = SURFACE_CURVE('',#1137,(#1142,#1149),.PCURVE_S1.);
#1137 = CIRCLE('',#1138,16.);
#1138 = AXIS2_PLACEMENT_3D('',#1139,#1140,#1141);
#1139 = CARTESIAN_POINT('',(-95.00000000009,0.,-0.8500001));
#1140 = DIRECTION('',(0.,0.,1.));
#1141 = DIRECTION('',(1.,0.,0.));
#1142 = PCURVE('',#63,#1143);
#1143 = DEFINITIONAL_REPRESENTATION('',(#1144),#1148);
#1144 = CIRCLE('',#1145,16.);
#1145 = AXIS2_PLACEMENT_2D('',#1146,#1147);
#1146 = CARTESIAN_POINT('',(0.,-3.057510672446E-17));
#1147 = DIRECTION('',(1.,0.));
#1148 = ( GEOMETRIC_REPRESENTATION_CONTEXT(2) 
PARAMETRIC_REPRESENTATION_CONTEXT() REPRESENTATION_CONTEXT('2D SPACE',''
  ) );
#1149 = PCURVE('',#1150,#1155);
#1150 = CYLINDRICAL_SURFACE('',#1151,16.);
#1151 = AXIS2_PLACEMENT_3D('',#1152,#1153,#1154);
#1152 = CARTESIAN_POINT('',(-95.00000000009,0.,-0.8500001));
#1153 = DIRECTION('',(0.,-0.,-1.));
#1154 = DIRECTION('',(1.,0.,0.));
#1155 = DEFINITIONAL_REPRESENTATION('',(#1156),#1160);
#1156 = LINE('',#1157,#1158);
#1157 = CARTESIAN_POINT('',(-0.,0.));
#1158 = VECTOR('',#1159,1.);
#1159 = DIRECTION('',(-1.,0.));
#1160 = ( GEOMETRIC_REPRESENTATION_CONTEXT(2) 
PARAMETRIC_REPRESENTATION_CONTEXT() REPRESENTATION_CONTEXT('2D SPACE',''
  ) );
#1161 = ORIENTED_EDGE('',*,*,#1162,.F.);
#1162 = EDGE_CURVE('',#1163,#1134,#1165,.T.);
#1163 = VERTEX_POINT('',#1164);
#1164 = CARTESIAN_POINT('',(-104.6631301721,-11.98985937276,-0.8500001)
  );
#1165 = SURFACE_CURVE('',#1166,(#1189,#1215),.PCURVE_S1.);
#1166 = B_SPLINE_CURVE_WITH_KNOTS('',6,(#1167,#1168,#1169,#1170,#1171,
    #1172,#1173,#1174,#1175,#1176,#1177,#1178,#1179,#1180,#1181,#1182,
    #1183,#1184,#1185,#1186,#1187,#1188),.UNSPECIFIED.,.F.,.F.,(7,5,5,5,
    7),(0.,0.249589904412,0.5,0.750410095588,1.),.UNSPECIFIED.);
#1167 = CARTESIAN_POINT('',(-104.6631301721,-11.98985937276,-0.8500001)
  );
#1168 = CARTESIAN_POINT('',(-104.6921019901,-12.01567383253,-0.8500001)
  );
#1169 = CARTESIAN_POINT('',(-104.7234930735,-12.04018653981,-0.8500001)
  );
#1170 = CARTESIAN_POINT('',(-104.7572513136,-12.06303731145,-0.8500001)
  );
#1171 = CARTESIAN_POINT('',(-104.7932429718,-12.08384856495,-0.8500001)
  );
#1172 = CARTESIAN_POINT('',(-104.8312305966,-12.10226046775,-0.8500001)
  );
#1173 = CARTESIAN_POINT('',(-104.910681705,-12.13374965276,-0.8500001));
#1174 = CARTESIAN_POINT('',(-104.9521569241,-12.14680941866,-0.8500001)
  );
#1175 = CARTESIAN_POINT('',(-104.9949901845,-12.15686141414,-0.8500001)
  );
#1176 = CARTESIAN_POINT('',(-105.0387701959,-12.16367414082,-0.8500001)
  );
#1177 = CARTESIAN_POINT('',(-105.0830273796,-12.1671287319,-0.8500001));
#1178 = CARTESIAN_POINT('',(-105.1715553503,-12.16732036445,-0.8500001)
  );
#1179 = CARTESIAN_POINT('',(-105.2158270753,-12.16405740795,-0.8500001)
  );
#1180 = CARTESIAN_POINT('',(-105.2596361707,-12.1574342815,-0.8500001));
#1181 = CARTESIAN_POINT('',(-105.3025125477,-12.14756781786,-0.8500001)
  );
#1182 = CARTESIAN_POINT('',(-105.3440439176,-12.13468773262,-0.8500001)
  );
#1183 = CARTESIAN_POINT('',(-105.4236306072,-12.10354280965,-0.8500001)
  );
#1184 = CARTESIAN_POINT('',(-105.4616975865,-12.08529553886,-0.8500001)
  );
#1185 = CARTESIAN_POINT('',(-105.4977790054,-12.06464029873,-0.8500001)
  );
#1186 = CARTESIAN_POINT('',(-105.5316358567,-12.04193589046,-0.8500001)
  );
#1187 = CARTESIAN_POINT('',(-105.5631327686,-12.01755931402,-0.8500001)
  );
#1188 = CARTESIAN_POINT('',(-105.5922160734,-11.99187052359,-0.8500001)
  );
#1189 = PCURVE('',#63,#1190);
#1190 = DEFINITIONAL_REPRESENTATION('',(#1191),#1214);
#1191 = B_SPLINE_CURVE_WITH_KNOTS('',6,(#1192,#1193,#1194,#1195,#1196,
    #1197,#1198,#1199,#1200,#1201,#1202,#1203,#1204,#1205,#1206,#1207,
    #1208,#1209,#1210,#1211,#1212,#1213),.UNSPECIFIED.,.F.,.F.,(7,5,5,5,
    7),(0.,0.249589904412,0.5,0.750410095588,1.),.UNSPECIFIED.);
#1192 = CARTESIAN_POINT('',(-9.663130172017,-11.98985937276));
#1193 = CARTESIAN_POINT('',(-9.692101990049,-12.01567383253));
#1194 = CARTESIAN_POINT('',(-9.723493073497,-12.04018653981));
#1195 = CARTESIAN_POINT('',(-9.757251313565,-12.06303731145));
#1196 = CARTESIAN_POINT('',(-9.793242971793,-12.08384856495));
#1197 = CARTESIAN_POINT('',(-9.831230596602,-12.10226046775));
#1198 = CARTESIAN_POINT('',(-9.910681704955,-12.13374965276));
#1199 = CARTESIAN_POINT('',(-9.95215692403,-12.14680941866));
#1200 = CARTESIAN_POINT('',(-9.994990184427,-12.15686141414));
#1201 = CARTESIAN_POINT('',(-10.03877019581,-12.16367414082));
#1202 = CARTESIAN_POINT('',(-10.08302737959,-12.1671287319));
#1203 = CARTESIAN_POINT('',(-10.17155535029,-12.16732036445));
#1204 = CARTESIAN_POINT('',(-10.21582707524,-12.16405740795));
#1205 = CARTESIAN_POINT('',(-10.25963617062,-12.1574342815));
#1206 = CARTESIAN_POINT('',(-10.30251254762,-12.14756781786));
#1207 = CARTESIAN_POINT('',(-10.34404391753,-12.13468773262));
#1208 = CARTESIAN_POINT('',(-10.42363060715,-12.10354280965));
#1209 = CARTESIAN_POINT('',(-10.46169758643,-12.08529553886));
#1210 = CARTESIAN_POINT('',(-10.49777900533,-12.06464029873));
#1211 = CARTESIAN_POINT('',(-10.53163585667,-12.04193589046));
#1212 = CARTESIAN_POINT('',(-10.56313276857,-12.01755931402));
#1213 = CARTESIAN_POINT('',(-10.59221607339,-11.99187052359));
#1214 = ( GEOMETRIC_REPRESENTATION_CONTEXT(2) 
PARAMETRIC_REPRESENTATION_CONTEXT() REPRESENTATION_CONTEXT('2D SPACE',''
  ) );
#1215 = PCURVE('',#1216,#1232);
#1216 = ( BOUNDED_SURFACE() B_SPLINE_SURFACE(2,2,(
    (#1217,#1218,#1219,#1220,#1221)
    ,(#1222,#1223,#1224,#1225,#1226)
    ,(#1227,#1228,#1229,#1230,#1231
)),.UNSPECIFIED.,.F.,.F.,.F.) B_SPLINE_SURFACE_WITH_KNOTS((3,3),(3,1,1,3
    ),(0.,4.5),(-0.2754,-6.537739100088E-16,4.5,4.7754),.UNSPECIFIED.) 
GEOMETRIC_REPRESENTATION_ITEM() RATIONAL_B_SPLINE_SURFACE((
    (1.,1.,1.,1.,1.)
    ,(0.748057124011,0.748057124011,0.748057124011,0.748057124011
      ,0.748057124011)
,(1.,1.,1.,1.,1.))) REPRESENTATION_ITEM('') SURFACE() );
#1217 = CARTESIAN_POINT('',(-104.6631301721,-11.98985937276,3.9253999));
#1218 = CARTESIAN_POINT('',(-104.6631301721,-11.98985937276,3.7876999));
#1219 = CARTESIAN_POINT('',(-104.6631301721,-11.98985937276,1.3999999));
#1220 = CARTESIAN_POINT('',(-104.6631301721,-11.98985937276,-0.9877001)
  );
#1221 = CARTESIAN_POINT('',(-104.6631301721,-11.98985937276,-1.1254001)
  );
#1222 = CARTESIAN_POINT('',(-105.1267810326,-12.40298140998,3.9253999));
#1223 = CARTESIAN_POINT('',(-105.1267810326,-12.40298140998,3.7876999));
#1224 = CARTESIAN_POINT('',(-105.1267810326,-12.40298140998,1.3999999));
#1225 = CARTESIAN_POINT('',(-105.1267810326,-12.40298140998,-0.9877001)
  );
#1226 = CARTESIAN_POINT('',(-105.1267810326,-12.40298140998,-1.1254001)
  );
#1227 = CARTESIAN_POINT('',(-105.5922160734,-11.99187052359,3.9253999));
#1228 = CARTESIAN_POINT('',(-105.5922160734,-11.99187052359,3.7876999));
#1229 = CARTESIAN_POINT('',(-105.5922160734,-11.99187052359,1.3999999));
#1230 = CARTESIAN_POINT('',(-105.5922160734,-11.99187052359,-0.9877001)
  );
#1231 = CARTESIAN_POINT('',(-105.5922160734,-11.99187052359,-1.1254001)
  );
#1232 = DEFINITIONAL_REPRESENTATION('',(#1233),#1256);
#1233 = B_SPLINE_CURVE_WITH_KNOTS('',6,(#1234,#1235,#1236,#1237,#1238,
    #1239,#1240,#1241,#1242,#1243,#1244,#1245,#1246,#1247,#1248,#1249,
    #1250,#1251,#1252,#1253,#1254,#1255),.UNSPECIFIED.,.F.,.F.,(7,5,5,5,
    7),(0.,0.249589904412,0.5,0.750410095588,1.),.UNSPECIFIED.);
#1234 = CARTESIAN_POINT('',(0.,4.5));
#1235 = CARTESIAN_POINT('',(0.187945717102,4.5));
#1236 = CARTESIAN_POINT('',(0.375699223067,4.5));
#1237 = CARTESIAN_POINT('',(0.563264279737,4.5));
#1238 = CARTESIAN_POINT('',(0.750654145324,4.5));
#1239 = CARTESIAN_POINT('',(0.937891655301,4.5));
#1240 = CARTESIAN_POINT('',(1.312723211769,4.5));
#1241 = CARTESIAN_POINT('',(1.500319901519,4.5));
#1242 = CARTESIAN_POINT('',(1.687810659604,4.5));
#1243 = CARTESIAN_POINT('',(1.875229582187,4.5));
#1244 = CARTESIAN_POINT('',(2.062615880487,4.5));
#1245 = CARTESIAN_POINT('',(2.437384119513,4.5));
#1246 = CARTESIAN_POINT('',(2.624770417813,4.5));
#1247 = CARTESIAN_POINT('',(2.812189340396,4.5));
#1248 = CARTESIAN_POINT('',(2.999680098481,4.5));
#1249 = CARTESIAN_POINT('',(3.187276788231,4.5));
#1250 = CARTESIAN_POINT('',(3.562108344699,4.5));
#1251 = CARTESIAN_POINT('',(3.749345854677,4.5));
#1252 = CARTESIAN_POINT('',(3.936735720263,4.5));
#1253 = CARTESIAN_POINT('',(4.124300776933,4.5));
#1254 = CARTESIAN_POINT('',(4.312054282898,4.5));
#1255 = CARTESIAN_POINT('',(4.5,4.5));
#1256 = ( GEOMETRIC_REPRESENTATION_CONTEXT(2) 
PARAMETRIC_REPRESENTATION_CONTEXT() REPRESENTATION_CONTEXT('2D SPACE',''
  ) );
#1257 = ORIENTED_EDGE('',*,*,#1258,.F.);
#1258 = EDGE_CURVE('',#1259,#1163,#1261,.T.);
#1259 = VERTEX_POINT('',#1260);
#1260 = CARTESIAN_POINT('',(-100.5519577187,-14.36344589542,-0.8500001)
  );
#1261 = SURFACE_CURVE('',#1262,(#1267,#1274),.PCURVE_S1.);
#1262 = CIRCLE('',#1263,2.5);
#1263 = AXIS2_PLACEMENT_3D('',#1264,#1265,#1266);
#1264 = CARTESIAN_POINT('',(-103.,-13.85640646055,-0.8500001));
#1265 = DIRECTION('',(-0.,0.,1.));
#1266 = DIRECTION('',(0.902440958893,-0.430813550984,0.));
#1267 = PCURVE('',#63,#1268);
#1268 = DEFINITIONAL_REPRESENTATION('',(#1269),#1273);
#1269 = CIRCLE('',#1270,2.5);
#1270 = AXIS2_PLACEMENT_2D('',#1271,#1272);
#1271 = CARTESIAN_POINT('',(-8.,-13.85640646055));
#1272 = DIRECTION('',(0.902440958893,-0.430813550984));
#1273 = ( GEOMETRIC_REPRESENTATION_CONTEXT(2) 
PARAMETRIC_REPRESENTATION_CONTEXT() REPRESENTATION_CONTEXT('2D SPACE',''
  ) );
#1274 = PCURVE('',#1275,#1280);
#1275 = CYLINDRICAL_SURFACE('',#1276,2.5);
#1276 = AXIS2_PLACEMENT_3D('',#1277,#1278,#1279);
#1277 = CARTESIAN_POINT('',(-103.,-13.85640646055,-1.3500001));
#1278 = DIRECTION('',(0.,-0.,-1.));
#1279 = DIRECTION('',(1.,0.,0.));
#1280 = DEFINITIONAL_REPRESENTATION('',(#1281),#1285);
#1281 = LINE('',#1282,#1283);
#1282 = CARTESIAN_POINT('',(-5.837791223516,-0.5));
#1283 = VECTOR('',#1284,1.);
#1284 = DIRECTION('',(-1.,-0.));
#1285 = ( GEOMETRIC_REPRESENTATION_CONTEXT(2) 
PARAMETRIC_REPRESENTATION_CONTEXT() REPRESENTATION_CONTEXT('2D SPACE',''
  ) );
#1286 = ORIENTED_EDGE('',*,*,#1287,.F.);
#1287 = EDGE_CURVE('',#1288,#1259,#1290,.T.);
#1288 = VERTEX_POINT('',#1289);
#1289 = CARTESIAN_POINT('',(-100.0891564757,-15.16906346372,-0.8500001)
  );
#1290 = SURFACE_CURVE('',#1291,(#1314,#1340),.PCURVE_S1.);
#1291 = B_SPLINE_CURVE_WITH_KNOTS('',6,(#1292,#1293,#1294,#1295,#1296,
    #1297,#1298,#1299,#1300,#1301,#1302,#1303,#1304,#1305,#1306,#1307,
    #1308,#1309,#1310,#1311,#1312,#1313),.UNSPECIFIED.,.F.,.F.,(7,5,5,5,
    7),(0.,0.249589904412,0.500000000001,0.750410095589,1.),
  .UNSPECIFIED.);
#1292 = CARTESIAN_POINT('',(-100.0891564757,-15.16906346372,-0.8500001)
  );
#1293 = CARTESIAN_POINT('',(-100.1259452732,-15.15672097814,-0.8500001)
  );
#1294 = CARTESIAN_POINT('',(-100.1628044636,-15.14163214051,-0.8500001)
  );
#1295 = CARTESIAN_POINT('',(-100.1993954836,-15.1236634513,-0.8500001));
#1296 = CARTESIAN_POINT('',(-100.2353241557,-15.10274364599,-0.8500001)
  );
#1297 = CARTESIAN_POINT('',(-100.2701602454,-15.07890031028,-0.8500001)
  );
#1298 = CARTESIAN_POINT('',(-100.3369258847,-15.02554867675,-0.8500001)
  );
#1299 = CARTESIAN_POINT('',(-100.3688460507,-14.99602149798,-0.8500001)
  );
#1300 = CARTESIAN_POINT('',(-100.3988288474,-14.9638226981,-0.8500001));
#1301 = CARTESIAN_POINT('',(-100.4264691908,-14.9291944718,-0.8500001));
#1302 = CARTESIAN_POINT('',(-100.4514308565,-14.89248551158,-0.8500001)
  );
#1303 = CARTESIAN_POINT('',(-100.4955288832,-14.81572222373,-0.8500001)
  );
#1304 = CARTESIAN_POINT('',(-100.5146657114,-14.77566708274,-0.8500001)
  );
#1305 = CARTESIAN_POINT('',(-100.5306557228,-14.73434611736,-0.8500001)
  );
#1306 = CARTESIAN_POINT('',(-100.5433670695,-14.69222542799,-0.8500001)
  );
#1307 = CARTESIAN_POINT('',(-100.55279459,-14.64977695169,-0.8500001));
#1308 = CARTESIAN_POINT('',(-100.56524971,-14.565225681,-0.8500001));
#1309 = CARTESIAN_POINT('',(-100.5682983469,-14.52312148148,-0.8500001)
  );
#1310 = CARTESIAN_POINT('',(-100.5682711018,-14.48154616438,-0.8500001)
  );
#1311 = CARTESIAN_POINT('',(-100.5653608731,-14.44088528507,-0.8500001)
  );
#1312 = CARTESIAN_POINT('',(-100.5598277876,-14.40144345571,-0.8500001)
  );
#1313 = CARTESIAN_POINT('',(-100.5519577187,-14.36344589542,-0.8500001)
  );
#1314 = PCURVE('',#63,#1315);
#1315 = DEFINITIONAL_REPRESENTATION('',(#1316),#1339);
#1316 = B_SPLINE_CURVE_WITH_KNOTS('',6,(#1317,#1318,#1319,#1320,#1321,
    #1322,#1323,#1324,#1325,#1326,#1327,#1328,#1329,#1330,#1331,#1332,
    #1333,#1334,#1335,#1336,#1337,#1338),.UNSPECIFIED.,.F.,.F.,(7,5,5,5,
    7),(0.,0.249589904412,0.500000000001,0.750410095589,1.),
  .UNSPECIFIED.);
#1317 = CARTESIAN_POINT('',(-5.089156475627,-15.16906346372));
#1318 = CARTESIAN_POINT('',(-5.125945273146,-15.15672097814));
#1319 = CARTESIAN_POINT('',(-5.162804463551,-15.14163214051));
#1320 = CARTESIAN_POINT('',(-5.199395483559,-15.1236634513));
#1321 = CARTESIAN_POINT('',(-5.235324155676,-15.10274364599));
#1322 = CARTESIAN_POINT('',(-5.270160245374,-15.07890031028));
#1323 = CARTESIAN_POINT('',(-5.336925884673,-15.02554867675));
#1324 = CARTESIAN_POINT('',(-5.368846050652,-14.99602149798));
#1325 = CARTESIAN_POINT('',(-5.398828847313,-14.9638226981));
#1326 = CARTESIAN_POINT('',(-5.426469190759,-14.9291944718));
#1327 = CARTESIAN_POINT('',(-5.45143085646,-14.89248551158));
#1328 = CARTESIAN_POINT('',(-5.49552888315,-14.81572222373));
#1329 = CARTESIAN_POINT('',(-5.514665711399,-14.77566708274));
#1330 = CARTESIAN_POINT('',(-5.53065572272,-14.73434611736));
#1331 = CARTESIAN_POINT('',(-5.543367069477,-14.69222542799));
#1332 = CARTESIAN_POINT('',(-5.552794589975,-14.64977695169));
#1333 = CARTESIAN_POINT('',(-5.565249709995,-14.565225681));
#1334 = CARTESIAN_POINT('',(-5.568298346842,-14.52312148148));
#1335 = CARTESIAN_POINT('',(-5.56827110174,-14.48154616438));
#1336 = CARTESIAN_POINT('',(-5.565360873034,-14.44088528507));
#1337 = CARTESIAN_POINT('',(-5.559827787538,-14.40144345571));
#1338 = CARTESIAN_POINT('',(-5.551957718608,-14.36344589542));
#1339 = ( GEOMETRIC_REPRESENTATION_CONTEXT(2) 
PARAMETRIC_REPRESENTATION_CONTEXT() REPRESENTATION_CONTEXT('2D SPACE',''
  ) );
#1340 = PCURVE('',#1341,#1357);
#1341 = ( BOUNDED_SURFACE() B_SPLINE_SURFACE(2,2,(
    (#1342,#1343,#1344,#1345,#1346)
    ,(#1347,#1348,#1349,#1350,#1351)
    ,(#1352,#1353,#1354,#1355,#1356
)),.UNSPECIFIED.,.F.,.F.,.F.) B_SPLINE_SURFACE_WITH_KNOTS((3,3),(3,1,1,3
    ),(0.,4.5),(-0.2754,-2.831090558497E-15,4.5,4.7754),.UNSPECIFIED.) 
GEOMETRIC_REPRESENTATION_ITEM() RATIONAL_B_SPLINE_SURFACE((
    (1.,1.,1.,1.,1.)
    ,(0.748057124011,0.748057124011,0.748057124011,0.748057124011
      ,0.748057124011)
,(1.,1.,1.,1.,1.))) REPRESENTATION_ITEM('') SURFACE() );
#1342 = CARTESIAN_POINT('',(-100.0891564757,-15.16906346372,3.9253999));
#1343 = CARTESIAN_POINT('',(-100.0891564757,-15.16906346372,3.7876999));
#1344 = CARTESIAN_POINT('',(-100.0891564757,-15.16906346372,1.3999999));
#1345 = CARTESIAN_POINT('',(-100.0891564757,-15.16906346372,-0.9877001)
  );
#1346 = CARTESIAN_POINT('',(-100.0891564757,-15.16906346372,-1.1254001)
  );
#1347 = CARTESIAN_POINT('',(-100.6779064675,-14.97154033776,3.9253999));
#1348 = CARTESIAN_POINT('',(-100.6779064675,-14.97154033776,3.7876999));
#1349 = CARTESIAN_POINT('',(-100.6779064675,-14.97154033776,1.3999999));
#1350 = CARTESIAN_POINT('',(-100.6779064675,-14.97154033776,-0.9877001)
  );
#1351 = CARTESIAN_POINT('',(-100.6779064675,-14.97154033776,-1.1254001)
  );
#1352 = CARTESIAN_POINT('',(-100.5519577187,-14.36344589542,3.9253999));
#1353 = CARTESIAN_POINT('',(-100.5519577187,-14.36344589542,3.7876999));
#1354 = CARTESIAN_POINT('',(-100.5519577187,-14.36344589542,1.3999999));
#1355 = CARTESIAN_POINT('',(-100.5519577187,-14.36344589542,-0.9877001)
  );
#1356 = CARTESIAN_POINT('',(-100.5519577187,-14.36344589542,-1.1254001)
  );
#1357 = DEFINITIONAL_REPRESENTATION('',(#1358),#1381);
#1358 = B_SPLINE_CURVE_WITH_KNOTS('',6,(#1359,#1360,#1361,#1362,#1363,
    #1364,#1365,#1366,#1367,#1368,#1369,#1370,#1371,#1372,#1373,#1374,
    #1375,#1376,#1377,#1378,#1379,#1380),.UNSPECIFIED.,.F.,.F.,(7,5,5,5,
    7),(0.,0.249589904412,0.500000000001,0.750410095589,1.),
  .UNSPECIFIED.);
#1359 = CARTESIAN_POINT('',(0.,4.5));
#1360 = CARTESIAN_POINT('',(0.187945717102,4.5));
#1361 = CARTESIAN_POINT('',(0.375699223067,4.5));
#1362 = CARTESIAN_POINT('',(0.563264279737,4.5));
#1363 = CARTESIAN_POINT('',(0.750654145324,4.5));
#1364 = CARTESIAN_POINT('',(0.937891655301,4.5));
#1365 = CARTESIAN_POINT('',(1.312723211769,4.5));
#1366 = CARTESIAN_POINT('',(1.50031990152,4.5));
#1367 = CARTESIAN_POINT('',(1.687810659603,4.5));
#1368 = CARTESIAN_POINT('',(1.875229582187,4.5));
#1369 = CARTESIAN_POINT('',(2.062615880487,4.5));
#1370 = CARTESIAN_POINT('',(2.437384119513,4.5));
#1371 = CARTESIAN_POINT('',(2.624770417813,4.5));
#1372 = CARTESIAN_POINT('',(2.812189340396,4.5));
#1373 = CARTESIAN_POINT('',(2.999680098481,4.5));
#1374 = CARTESIAN_POINT('',(3.187276788231,4.5));
#1375 = CARTESIAN_POINT('',(3.562108344698,4.5));
#1376 = CARTESIAN_POINT('',(3.749345854677,4.5));
#1377 = CARTESIAN_POINT('',(3.936735720262,4.5));
#1378 = CARTESIAN_POINT('',(4.124300776933,4.5));
#1379 = CARTESIAN_POINT('',(4.312054282898,4.5));
#1380 = CARTESIAN_POINT('',(4.5,4.5));
#1381 = ( GEOMETRIC_REPRESENTATION_CONTEXT(2) 
PARAMETRIC_REPRESENTATION_CONTEXT() REPRESENTATION_CONTEXT('2D SPACE',''
  ) );
#1382 = ORIENTED_EDGE('',*,*,#1383,.T.);
#1383 = EDGE_CURVE('',#1288,#1384,#1386,.T.);
#1384 = VERTEX_POINT('',#1385);
#1385 = CARTESIAN_POINT('',(-89.91084352446,-15.16906346372,-0.8500001)
  );
#1386 = SURFACE_CURVE('',#1387,(#1392,#1399),.PCURVE_S1.);
#1387 = CIRCLE('',#1388,16.);
#1388 = AXIS2_PLACEMENT_3D('',#1389,#1390,#1391);
#1389 = CARTESIAN_POINT('',(-95.00000000009,0.,-0.8500001));
#1390 = DIRECTION('',(0.,0.,1.));
#1391 = DIRECTION('',(1.,0.,0.));
#1392 = PCURVE('',#63,#1393);
#1393 = DEFINITIONAL_REPRESENTATION('',(#1394),#1398);
#1394 = CIRCLE('',#1395,16.);
#1395 = AXIS2_PLACEMENT_2D('',#1396,#1397);
#1396 = CARTESIAN_POINT('',(0.,-3.057510672446E-17));
#1397 = DIRECTION('',(1.,0.));
#1398 = ( GEOMETRIC_REPRESENTATION_CONTEXT(2) 
PARAMETRIC_REPRESENTATION_CONTEXT() REPRESENTATION_CONTEXT('2D SPACE',''
  ) );
#1399 = PCURVE('',#1400,#1405);
#1400 = CYLINDRICAL_SURFACE('',#1401,16.);
#1401 = AXIS2_PLACEMENT_3D('',#1402,#1403,#1404);
#1402 = CARTESIAN_POINT('',(-95.00000000009,0.,-0.8500001));
#1403 = DIRECTION('',(0.,-0.,-1.));
#1404 = DIRECTION('',(1.,0.,0.));
#1405 = DEFINITIONAL_REPRESENTATION('',(#1406),#1410);
#1406 = LINE('',#1407,#1408);
#1407 = CARTESIAN_POINT('',(-0.,0.));
#1408 = VECTOR('',#1409,1.);
#1409 = DIRECTION('',(-1.,0.));
#1410 = ( GEOMETRIC_REPRESENTATION_CONTEXT(2) 
PARAMETRIC_REPRESENTATION_CONTEXT() REPRESENTATION_CONTEXT('2D SPACE',''
  ) );
#1411 = ORIENTED_EDGE('',*,*,#1412,.F.);
#1412 = EDGE_CURVE('',#1413,#1384,#1415,.T.);
#1413 = VERTEX_POINT('',#1414);
#1414 = CARTESIAN_POINT('',(-89.44804228148,-14.36344589542,-0.8500001)
  );
#1415 = SURFACE_CURVE('',#1416,(#1439,#1465),.PCURVE_S1.);
#1416 = B_SPLINE_CURVE_WITH_KNOTS('',6,(#1417,#1418,#1419,#1420,#1421,
    #1422,#1423,#1424,#1425,#1426,#1427,#1428,#1429,#1430,#1431,#1432,
    #1433,#1434,#1435,#1436,#1437,#1438),.UNSPECIFIED.,.F.,.F.,(7,5,5,5,
    7),(0.,0.249589904412,0.500000000001,0.750410095589,1.),
  .UNSPECIFIED.);
#1417 = CARTESIAN_POINT('',(-89.44804228148,-14.36344589542,-0.8500001)
  );
#1418 = CARTESIAN_POINT('',(-89.44017221255,-14.40144345571,-0.8500001)
  );
#1419 = CARTESIAN_POINT('',(-89.43463912706,-14.44088528507,-0.8500001)
  );
#1420 = CARTESIAN_POINT('',(-89.43172889835,-14.48154616438,-0.8500001)
  );
#1421 = CARTESIAN_POINT('',(-89.43170165325,-14.52312148148,-0.8500001)
  );
#1422 = CARTESIAN_POINT('',(-89.4347502901,-14.565225681,-0.8500001));
#1423 = CARTESIAN_POINT('',(-89.44720541012,-14.64977695169,-0.8500001)
  );
#1424 = CARTESIAN_POINT('',(-89.45663293061,-14.69222542799,-0.8500001)
  );
#1425 = CARTESIAN_POINT('',(-89.46934427737,-14.73434611736,-0.8500001)
  );
#1426 = CARTESIAN_POINT('',(-89.48533428869,-14.77566708274,-0.8500001)
  );
#1427 = CARTESIAN_POINT('',(-89.50447111694,-14.81572222373,-0.8500001)
  );
#1428 = CARTESIAN_POINT('',(-89.54856914363,-14.89248551158,-0.8500001)
  );
#1429 = CARTESIAN_POINT('',(-89.57353080933,-14.9291944718,-0.8500001));
#1430 = CARTESIAN_POINT('',(-89.60117115278,-14.9638226981,-0.8500001));
#1431 = CARTESIAN_POINT('',(-89.63115394944,-14.99602149798,-0.8500001)
  );
#1432 = CARTESIAN_POINT('',(-89.66307411542,-15.02554867675,-0.8500001)
  );
#1433 = CARTESIAN_POINT('',(-89.72983975472,-15.07890031028,-0.8500001)
  );
#1434 = CARTESIAN_POINT('',(-89.76467584441,-15.10274364599,-0.8500001)
  );
#1435 = CARTESIAN_POINT('',(-89.80060451653,-15.1236634513,-0.8500001));
#1436 = CARTESIAN_POINT('',(-89.83719553654,-15.14163214051,-0.8500001)
  );
#1437 = CARTESIAN_POINT('',(-89.87405472694,-15.15672097814,-0.8500001)
  );
#1438 = CARTESIAN_POINT('',(-89.91084352446,-15.16906346372,-0.8500001)
  );
#1439 = PCURVE('',#63,#1440);
#1440 = DEFINITIONAL_REPRESENTATION('',(#1441),#1464);
#1441 = B_SPLINE_CURVE_WITH_KNOTS('',6,(#1442,#1443,#1444,#1445,#1446,
    #1447,#1448,#1449,#1450,#1451,#1452,#1453,#1454,#1455,#1456,#1457,
    #1458,#1459,#1460,#1461,#1462,#1463),.UNSPECIFIED.,.F.,.F.,(7,5,5,5,
    7),(0.,0.249589904412,0.500000000001,0.750410095589,1.),
  .UNSPECIFIED.);
#1442 = CARTESIAN_POINT('',(5.551957718608,-14.36344589542));
#1443 = CARTESIAN_POINT('',(5.559827787538,-14.40144345571));
#1444 = CARTESIAN_POINT('',(5.565360873034,-14.44088528507));
#1445 = CARTESIAN_POINT('',(5.56827110174,-14.48154616438));
#1446 = CARTESIAN_POINT('',(5.568298346842,-14.52312148148));
#1447 = CARTESIAN_POINT('',(5.565249709995,-14.565225681));
#1448 = CARTESIAN_POINT('',(5.552794589975,-14.64977695169));
#1449 = CARTESIAN_POINT('',(5.543367069477,-14.69222542799));
#1450 = CARTESIAN_POINT('',(5.53065572272,-14.73434611736));
#1451 = CARTESIAN_POINT('',(5.514665711399,-14.77566708274));
#1452 = CARTESIAN_POINT('',(5.49552888315,-14.81572222373));
#1453 = CARTESIAN_POINT('',(5.45143085646,-14.89248551158));
#1454 = CARTESIAN_POINT('',(5.426469190759,-14.9291944718));
#1455 = CARTESIAN_POINT('',(5.398828847313,-14.9638226981));
#1456 = CARTESIAN_POINT('',(5.368846050651,-14.99602149798));
#1457 = CARTESIAN_POINT('',(5.336925884674,-15.02554867675));
#1458 = CARTESIAN_POINT('',(5.270160245374,-15.07890031028));
#1459 = CARTESIAN_POINT('',(5.235324155676,-15.10274364599));
#1460 = CARTESIAN_POINT('',(5.19939548356,-15.1236634513));
#1461 = CARTESIAN_POINT('',(5.162804463551,-15.14163214051));
#1462 = CARTESIAN_POINT('',(5.125945273146,-15.15672097814));
#1463 = CARTESIAN_POINT('',(5.089156475627,-15.16906346372));
#1464 = ( GEOMETRIC_REPRESENTATION_CONTEXT(2) 
PARAMETRIC_REPRESENTATION_CONTEXT() REPRESENTATION_CONTEXT('2D SPACE',''
  ) );
#1465 = PCURVE('',#1466,#1482);
#1466 = ( BOUNDED_SURFACE() B_SPLINE_SURFACE(2,2,(
    (#1467,#1468,#1469,#1470,#1471)
    ,(#1472,#1473,#1474,#1475,#1476)
    ,(#1477,#1478,#1479,#1480,#1481
)),.UNSPECIFIED.,.F.,.F.,.F.) B_SPLINE_SURFACE_WITH_KNOTS((3,3),(3,1,1,3
    ),(0.,4.5),(-0.2754,-2.80678258413E-15,4.5,4.7754),.UNSPECIFIED.) 
GEOMETRIC_REPRESENTATION_ITEM() RATIONAL_B_SPLINE_SURFACE((
    (1.,1.,1.,1.,1.)
    ,(0.748057124011,0.748057124011,0.748057124011,0.748057124011
      ,0.748057124011)
,(1.,1.,1.,1.,1.))) REPRESENTATION_ITEM('') SURFACE() );
#1467 = CARTESIAN_POINT('',(-89.44804228148,-14.36344589542,3.9253999));
#1468 = CARTESIAN_POINT('',(-89.44804228148,-14.36344589542,3.7876999));
#1469 = CARTESIAN_POINT('',(-89.44804228148,-14.36344589542,1.3999999));
#1470 = CARTESIAN_POINT('',(-89.44804228148,-14.36344589542,-0.9877001)
  );
#1471 = CARTESIAN_POINT('',(-89.44804228148,-14.36344589542,-1.1254001)
  );
#1472 = CARTESIAN_POINT('',(-89.32209353266,-14.97154033776,3.9253999));
#1473 = CARTESIAN_POINT('',(-89.32209353266,-14.97154033776,3.7876999));
#1474 = CARTESIAN_POINT('',(-89.32209353266,-14.97154033776,1.3999999));
#1475 = CARTESIAN_POINT('',(-89.32209353266,-14.97154033776,-0.9877001)
  );
#1476 = CARTESIAN_POINT('',(-89.32209353266,-14.97154033776,-1.1254001)
  );
#1477 = CARTESIAN_POINT('',(-89.91084352446,-15.16906346372,3.9253999));
#1478 = CARTESIAN_POINT('',(-89.91084352446,-15.16906346372,3.7876999));
#1479 = CARTESIAN_POINT('',(-89.91084352446,-15.16906346372,1.3999999));
#1480 = CARTESIAN_POINT('',(-89.91084352446,-15.16906346372,-0.9877001)
  );
#1481 = CARTESIAN_POINT('',(-89.91084352446,-15.16906346372,-1.1254001)
  );
#1482 = DEFINITIONAL_REPRESENTATION('',(#1483),#1506);
#1483 = B_SPLINE_CURVE_WITH_KNOTS('',6,(#1484,#1485,#1486,#1487,#1488,
    #1489,#1490,#1491,#1492,#1493,#1494,#1495,#1496,#1497,#1498,#1499,
    #1500,#1501,#1502,#1503,#1504,#1505),.UNSPECIFIED.,.F.,.F.,(7,5,5,5,
    7),(0.,0.249589904412,0.500000000001,0.750410095589,1.),
  .UNSPECIFIED.);
#1484 = CARTESIAN_POINT('',(0.,4.5));
#1485 = CARTESIAN_POINT('',(0.187945717102,4.5));
#1486 = CARTESIAN_POINT('',(0.375699223067,4.5));
#1487 = CARTESIAN_POINT('',(0.563264279737,4.5));
#1488 = CARTESIAN_POINT('',(0.750654145324,4.5));
#1489 = CARTESIAN_POINT('',(0.937891655301,4.5));
#1490 = CARTESIAN_POINT('',(1.312723211769,4.5));
#1491 = CARTESIAN_POINT('',(1.500319901519,4.5));
#1492 = CARTESIAN_POINT('',(1.687810659603,4.5));
#1493 = CARTESIAN_POINT('',(1.875229582187,4.5));
#1494 = CARTESIAN_POINT('',(2.062615880487,4.5));
#1495 = CARTESIAN_POINT('',(2.437384119513,4.5));
#1496 = CARTESIAN_POINT('',(2.624770417814,4.5));
#1497 = CARTESIAN_POINT('',(2.812189340396,4.5));
#1498 = CARTESIAN_POINT('',(2.999680098481,4.5));
#1499 = CARTESIAN_POINT('',(3.187276788231,4.5));
#1500 = CARTESIAN_POINT('',(3.562108344698,4.5));
#1501 = CARTESIAN_POINT('',(3.749345854677,4.5));
#1502 = CARTESIAN_POINT('',(3.936735720262,4.5));
#1503 = CARTESIAN_POINT('',(4.124300776933,4.5));
#1504 = CARTESIAN_POINT('',(4.312054282898,4.5));
#1505 = CARTESIAN_POINT('',(4.5,4.5));
#1506 = ( GEOMETRIC_REPRESENTATION_CONTEXT(2) 
PARAMETRIC_REPRESENTATION_CONTEXT() REPRESENTATION_CONTEXT('2D SPACE',''
  ) );
#1507 = ORIENTED_EDGE('',*,*,#1508,.T.);
#1508 = EDGE_CURVE('',#1413,#1509,#1511,.T.);
#1509 = VERTEX_POINT('',#1510);
#1510 = CARTESIAN_POINT('',(-85.33686982807,-11.98985937276,-0.8500001)
  );
#1511 = SURFACE_CURVE('',#1512,(#1517,#1528),.PCURVE_S1.);
#1512 = CIRCLE('',#1513,2.5);
#1513 = AXIS2_PLACEMENT_3D('',#1514,#1515,#1516);
#1514 = CARTESIAN_POINT('',(-87.00000000009,-13.85640646055,-0.8500001)
  );
#1515 = DIRECTION('',(0.,0.,-1.));
#1516 = DIRECTION('',(1.,0.,0.));
#1517 = PCURVE('',#63,#1518);
#1518 = DEFINITIONAL_REPRESENTATION('',(#1519),#1527);
#1519 = ( BOUNDED_CURVE() B_SPLINE_CURVE(2,(#1520,#1521,#1522,#1523,
#1524,#1525,#1526),.UNSPECIFIED.,.T.,.F.) B_SPLINE_CURVE_WITH_KNOTS((1,2
    ,2,2,2,1),(-2.094395102393,0.,2.094395102393,4.188790204786,
6.28318530718,8.377580409573),.UNSPECIFIED.) CURVE() 
GEOMETRIC_REPRESENTATION_ITEM() RATIONAL_B_SPLINE_CURVE((1.,0.5,1.,0.5,
1.,0.5,1.)) REPRESENTATION_ITEM('') );
#1520 = CARTESIAN_POINT('',(10.5,-13.85640646055));
#1521 = CARTESIAN_POINT('',(10.5,-18.18653347947));
#1522 = CARTESIAN_POINT('',(6.75,-16.02146997001));
#1523 = CARTESIAN_POINT('',(3.,-13.85640646055));
#1524 = CARTESIAN_POINT('',(6.75,-11.69134295109));
#1525 = CARTESIAN_POINT('',(10.5,-9.526279441629));
#1526 = CARTESIAN_POINT('',(10.5,-13.85640646055));
#1527 = ( GEOMETRIC_REPRESENTATION_CONTEXT(2) 
PARAMETRIC_REPRESENTATION_CONTEXT() REPRESENTATION_CONTEXT('2D SPACE',''
  ) );
#1528 = PCURVE('',#1529,#1534);
#1529 = CYLINDRICAL_SURFACE('',#1530,2.5);
#1530 = AXIS2_PLACEMENT_3D('',#1531,#1532,#1533);
#1531 = CARTESIAN_POINT('',(-87.00000000009,-13.85640646055,-1.3500001)
  );
#1532 = DIRECTION('',(0.,-0.,-1.));
#1533 = DIRECTION('',(1.,0.,0.));
#1534 = DEFINITIONAL_REPRESENTATION('',(#1535),#1539);
#1535 = LINE('',#1536,#1537);
#1536 = CARTESIAN_POINT('',(-6.28318530718,-0.5));
#1537 = VECTOR('',#1538,1.);
#1538 = DIRECTION('',(1.,-0.));
#1539 = ( GEOMETRIC_REPRESENTATION_CONTEXT(2) 
PARAMETRIC_REPRESENTATION_CONTEXT() REPRESENTATION_CONTEXT('2D SPACE',''
  ) );
#1540 = ORIENTED_EDGE('',*,*,#1541,.F.);
#1541 = EDGE_CURVE('',#186,#1509,#1542,.T.);
#1542 = SURFACE_CURVE('',#1543,(#1566,#1592),.PCURVE_S1.);
#1543 = B_SPLINE_CURVE_WITH_KNOTS('',6,(#1544,#1545,#1546,#1547,#1548,
    #1549,#1550,#1551,#1552,#1553,#1554,#1555,#1556,#1557,#1558,#1559,
    #1560,#1561,#1562,#1563,#1564,#1565),.UNSPECIFIED.,.F.,.F.,(7,5,5,5,
    7),(0.,0.249589904412,0.5,0.750410095589,1.),.UNSPECIFIED.);
#1544 = CARTESIAN_POINT('',(-84.4077839267,-11.99187052359,-0.8500001));
#1545 = CARTESIAN_POINT('',(-84.43686723152,-12.01755931402,-0.8500001)
  );
#1546 = CARTESIAN_POINT('',(-84.46836414342,-12.04193589046,-0.8500001)
  );
#1547 = CARTESIAN_POINT('',(-84.50222099475,-12.06464029873,-0.8500001)
  );
#1548 = CARTESIAN_POINT('',(-84.53830241365,-12.08529553886,-0.8500001)
  );
#1549 = CARTESIAN_POINT('',(-84.57636939294,-12.10354280965,-0.8500001)
  );
#1550 = CARTESIAN_POINT('',(-84.65595608255,-12.13468773262,-0.8500001)
  );
#1551 = CARTESIAN_POINT('',(-84.69748745247,-12.14756781786,-0.8500001)
  );
#1552 = CARTESIAN_POINT('',(-84.74036382947,-12.1574342815,-0.8500001));
#1553 = CARTESIAN_POINT('',(-84.78417292485,-12.16405740795,-0.8500001)
  );
#1554 = CARTESIAN_POINT('',(-84.8284446498,-12.16732036445,-0.8500001));
#1555 = CARTESIAN_POINT('',(-84.9169726205,-12.1671287319,-0.8500001));
#1556 = CARTESIAN_POINT('',(-84.96122980427,-12.16367414082,-0.8500001)
  );
#1557 = CARTESIAN_POINT('',(-85.00500981566,-12.15686141414,-0.8500001)
  );
#1558 = CARTESIAN_POINT('',(-85.04784307606,-12.14680941866,-0.8500001)
  );
#1559 = CARTESIAN_POINT('',(-85.08931829514,-12.13374965276,-0.8500001)
  );
#1560 = CARTESIAN_POINT('',(-85.16876940349,-12.10226046775,-0.8500001)
  );
#1561 = CARTESIAN_POINT('',(-85.2067570283,-12.08384856495,-0.8500001));
#1562 = CARTESIAN_POINT('',(-85.24274868652,-12.06303731145,-0.8500001)
  );
#1563 = CARTESIAN_POINT('',(-85.27650692659,-12.04018653981,-0.8500001)
  );
#1564 = CARTESIAN_POINT('',(-85.30789801004,-12.01567383253,-0.8500001)
  );
#1565 = CARTESIAN_POINT('',(-85.33686982807,-11.98985937276,-0.8500001)
  );
#1566 = PCURVE('',#63,#1567);
#1567 = DEFINITIONAL_REPRESENTATION('',(#1568),#1591);
#1568 = B_SPLINE_CURVE_WITH_KNOTS('',6,(#1569,#1570,#1571,#1572,#1573,
    #1574,#1575,#1576,#1577,#1578,#1579,#1580,#1581,#1582,#1583,#1584,
    #1585,#1586,#1587,#1588,#1589,#1590),.UNSPECIFIED.,.F.,.F.,(7,5,5,5,
    7),(0.,0.249589904412,0.5,0.750410095589,1.),.UNSPECIFIED.);
#1569 = CARTESIAN_POINT('',(10.592216073393,-11.99187052359));
#1570 = CARTESIAN_POINT('',(10.563132768571,-12.01755931402));
#1571 = CARTESIAN_POINT('',(10.531635856671,-12.04193589046));
#1572 = CARTESIAN_POINT('',(10.497779005336,-12.06464029873));
#1573 = CARTESIAN_POINT('',(10.461697586438,-12.08529553886));
#1574 = CARTESIAN_POINT('',(10.42363060715,-12.10354280965));
#1575 = CARTESIAN_POINT('',(10.344043917537,-12.13468773262));
#1576 = CARTESIAN_POINT('',(10.302512547622,-12.14756781786));
#1577 = CARTESIAN_POINT('',(10.259636170625,-12.1574342815));
#1578 = CARTESIAN_POINT('',(10.215827075243,-12.16405740795));
#1579 = CARTESIAN_POINT('',(10.17155535029,-12.16732036445));
#1580 = CARTESIAN_POINT('',(10.083027379594,-12.1671287319));
#1581 = CARTESIAN_POINT('',(10.038770195816,-12.16367414082));
#1582 = CARTESIAN_POINT('',(9.994990184427,-12.15686141414));
#1583 = CARTESIAN_POINT('',(9.95215692403,-12.14680941866));
#1584 = CARTESIAN_POINT('',(9.910681704955,-12.13374965276));
#1585 = CARTESIAN_POINT('',(9.831230596602,-12.10226046775));
#1586 = CARTESIAN_POINT('',(9.793242971793,-12.08384856495));
#1587 = CARTESIAN_POINT('',(9.757251313565,-12.06303731145));
#1588 = CARTESIAN_POINT('',(9.723493073497,-12.04018653981));
#1589 = CARTESIAN_POINT('',(9.692101990049,-12.01567383253));
#1590 = CARTESIAN_POINT('',(9.663130172017,-11.98985937276));
#1591 = ( GEOMETRIC_REPRESENTATION_CONTEXT(2) 
PARAMETRIC_REPRESENTATION_CONTEXT() REPRESENTATION_CONTEXT('2D SPACE',''
  ) );
#1592 = PCURVE('',#1593,#1609);
#1593 = ( BOUNDED_SURFACE() B_SPLINE_SURFACE(2,2,(
    (#1594,#1595,#1596,#1597,#1598)
    ,(#1599,#1600,#1601,#1602,#1603)
    ,(#1604,#1605,#1606,#1607,#1608
)),.UNSPECIFIED.,.F.,.F.,.F.) B_SPLINE_SURFACE_WITH_KNOTS((3,3),(3,1,1,3
    ),(0.,4.5),(-0.2754,2.356933605839E-16,4.5,4.7754),.UNSPECIFIED.) 
GEOMETRIC_REPRESENTATION_ITEM() RATIONAL_B_SPLINE_SURFACE((
    (1.,1.,1.,1.,1.)
    ,(0.748057124011,0.748057124011,0.748057124011,0.748057124011
      ,0.748057124011)
,(1.,1.,1.,1.,1.))) REPRESENTATION_ITEM('') SURFACE() );
#1594 = CARTESIAN_POINT('',(-84.4077839267,-11.99187052359,3.9253999));
#1595 = CARTESIAN_POINT('',(-84.4077839267,-11.99187052359,3.7876999));
#1596 = CARTESIAN_POINT('',(-84.4077839267,-11.99187052359,1.3999999));
#1597 = CARTESIAN_POINT('',(-84.4077839267,-11.99187052359,-0.9877001));
#1598 = CARTESIAN_POINT('',(-84.4077839267,-11.99187052359,-1.1254001));
#1599 = CARTESIAN_POINT('',(-84.87321896752,-12.40298140998,3.9253999));
#1600 = CARTESIAN_POINT('',(-84.87321896752,-12.40298140998,3.7876999));
#1601 = CARTESIAN_POINT('',(-84.87321896752,-12.40298140998,1.3999999));
#1602 = CARTESIAN_POINT('',(-84.87321896752,-12.40298140998,-0.9877001)
  );
#1603 = CARTESIAN_POINT('',(-84.87321896752,-12.40298140998,-1.1254001)
  );
#1604 = CARTESIAN_POINT('',(-85.33686982807,-11.98985937276,3.9253999));
#1605 = CARTESIAN_POINT('',(-85.33686982807,-11.98985937276,3.7876999));
#1606 = CARTESIAN_POINT('',(-85.33686982807,-11.98985937276,1.3999999));
#1607 = CARTESIAN_POINT('',(-85.33686982807,-11.98985937276,-0.9877001)
  );
#1608 = CARTESIAN_POINT('',(-85.33686982807,-11.98985937276,-1.1254001)
  );
#1609 = DEFINITIONAL_REPRESENTATION('',(#1610),#1633);
#1610 = B_SPLINE_CURVE_WITH_KNOTS('',6,(#1611,#1612,#1613,#1614,#1615,
    #1616,#1617,#1618,#1619,#1620,#1621,#1622,#1623,#1624,#1625,#1626,
    #1627,#1628,#1629,#1630,#1631,#1632),.UNSPECIFIED.,.F.,.F.,(7,5,5,5,
    7),(0.,0.249589904412,0.5,0.750410095589,1.),.UNSPECIFIED.);
#1611 = CARTESIAN_POINT('',(0.,4.5));
#1612 = CARTESIAN_POINT('',(0.187945717102,4.5));
#1613 = CARTESIAN_POINT('',(0.375699223067,4.5));
#1614 = CARTESIAN_POINT('',(0.563264279737,4.5));
#1615 = CARTESIAN_POINT('',(0.750654145324,4.5));
#1616 = CARTESIAN_POINT('',(0.937891655301,4.5));
#1617 = CARTESIAN_POINT('',(1.312723211769,4.5));
#1618 = CARTESIAN_POINT('',(1.500319901519,4.5));
#1619 = CARTESIAN_POINT('',(1.687810659604,4.5));
#1620 = CARTESIAN_POINT('',(1.875229582187,4.5));
#1621 = CARTESIAN_POINT('',(2.062615880487,4.5));
#1622 = CARTESIAN_POINT('',(2.437384119513,4.5));
#1623 = CARTESIAN_POINT('',(2.624770417814,4.5));
#1624 = CARTESIAN_POINT('',(2.812189340395,4.5));
#1625 = CARTESIAN_POINT('',(2.999680098481,4.5));
#1626 = CARTESIAN_POINT('',(3.187276788231,4.5));
#1627 = CARTESIAN_POINT('',(3.562108344699,4.5));
#1628 = CARTESIAN_POINT('',(3.749345854677,4.5));
#1629 = CARTESIAN_POINT('',(3.936735720262,4.5));
#1630 = CARTESIAN_POINT('',(4.124300776933,4.5));
#1631 = CARTESIAN_POINT('',(4.312054282898,4.5));
#1632 = CARTESIAN_POINT('',(4.5,4.5));
#1633 = ( GEOMETRIC_REPRESENTATION_CONTEXT(2) 
PARAMETRIC_REPRESENTATION_CONTEXT() REPRESENTATION_CONTEXT('2D SPACE',''
  ) );
#1634 = FACE_BOUND('',#1635,.F.);
#1635 = EDGE_LOOP('',(#1636));
#1636 = ORIENTED_EDGE('',*,*,#1637,.T.);
#1637 = EDGE_CURVE('',#1638,#1638,#1640,.T.);
#1638 = VERTEX_POINT('',#1639);
#1639 = CARTESIAN_POINT('',(-90.70000000009,0.,-0.8500001));
#1640 = SURFACE_CURVE('',#1641,(#1646,#1657),.PCURVE_S1.);
#1641 = CIRCLE('',#1642,4.3);
#1642 = AXIS2_PLACEMENT_3D('',#1643,#1644,#1645);
#1643 = CARTESIAN_POINT('',(-95.00000000009,0.,-0.8500001));
#1644 = DIRECTION('',(0.,0.,-1.));
#1645 = DIRECTION('',(1.,0.,0.));
#1646 = PCURVE('',#63,#1647);
#1647 = DEFINITIONAL_REPRESENTATION('',(#1648),#1656);
#1648 = ( BOUNDED_CURVE() B_SPLINE_CURVE(2,(#1649,#1650,#1651,#1652,
#1653,#1654,#1655),.UNSPECIFIED.,.T.,.F.) B_SPLINE_CURVE_WITH_KNOTS((1,2
    ,2,2,2,1),(-2.094395102393,0.,2.094395102393,4.188790204786,
6.28318530718,8.377580409573),.UNSPECIFIED.) CURVE() 
GEOMETRIC_REPRESENTATION_ITEM() RATIONAL_B_SPLINE_CURVE((1.,0.5,1.,0.5,
1.,0.5,1.)) REPRESENTATION_ITEM('') );
#1649 = CARTESIAN_POINT('',(4.3,-3.057510672446E-17));
#1650 = CARTESIAN_POINT('',(4.3,-7.447818472546));
#1651 = CARTESIAN_POINT('',(-2.15,-3.723909236273));
#1652 = CARTESIAN_POINT('',(-8.6,-1.083771353991E-15));
#1653 = CARTESIAN_POINT('',(-2.15,3.723909236273));
#1654 = CARTESIAN_POINT('',(4.3,7.447818472546));
#1655 = CARTESIAN_POINT('',(4.3,-3.057510672446E-17));
#1656 = ( GEOMETRIC_REPRESENTATION_CONTEXT(2) 
PARAMETRIC_REPRESENTATION_CONTEXT() REPRESENTATION_CONTEXT('2D SPACE',''
  ) );
#1657 = PCURVE('',#1658,#1663);
#1658 = CYLINDRICAL_SURFACE('',#1659,4.3);
#1659 = AXIS2_PLACEMENT_3D('',#1660,#1661,#1662);
#1660 = CARTESIAN_POINT('',(-95.00000000009,0.,-1.3500001));
#1661 = DIRECTION('',(0.,-0.,-1.));
#1662 = DIRECTION('',(1.,0.,0.));
#1663 = DEFINITIONAL_REPRESENTATION('',(#1664),#1668);
#1664 = LINE('',#1665,#1666);
#1665 = CARTESIAN_POINT('',(-6.28318530718,-0.5));
#1666 = VECTOR('',#1667,1.);
#1667 = DIRECTION('',(1.,-0.));
#1668 = ( GEOMETRIC_REPRESENTATION_CONTEXT(2) 
PARAMETRIC_REPRESENTATION_CONTEXT() REPRESENTATION_CONTEXT('2D SPACE',''
  ) );
#1669 = ADVANCED_FACE('',(#1670),#92,.T.);
#1670 = FACE_BOUND('',#1671,.T.);
#1671 = EDGE_LOOP('',(#1672,#1752,#1774,#1775));
#1672 = ORIENTED_EDGE('',*,*,#1673,.T.);
#1673 = EDGE_CURVE('',#76,#1674,#1676,.T.);
#1674 = VERTEX_POINT('',#1675);
#1675 = CARTESIAN_POINT('',(-79.78491210947,2.373586522661,3.6499999));
#1676 = SURFACE_CURVE('',#1677,(#1700,#1726),.PCURVE_S1.);
#1677 = B_SPLINE_CURVE_WITH_KNOTS('',6,(#1678,#1679,#1680,#1681,#1682,
    #1683,#1684,#1685,#1686,#1687,#1688,#1689,#1690,#1691,#1692,#1693,
    #1694,#1695,#1696,#1697,#1698,#1699),.UNSPECIFIED.,.F.,.F.,(7,5,5,5,
    7),(0.,0.249589904412,0.500000000001,0.750410095589,1.),
  .UNSPECIFIED.);
#1678 = CARTESIAN_POINT('',(-79.31862745107,3.177192940137,3.6499999));
#1679 = CARTESIAN_POINT('',(-79.31092195837,3.139161664118,3.6499999));
#1680 = CARTESIAN_POINT('',(-79.30555967987,3.099696250051,3.6499999));
#1681 = CARTESIAN_POINT('',(-79.3028255112,3.059023152567,3.6499999));
#1682 = CARTESIAN_POINT('',(-79.30297825798,3.017448107136,3.6499999));
#1683 = CARTESIAN_POINT('',(-79.30620914757,2.975357500632,3.6499999));
#1684 = CARTESIAN_POINT('',(-79.31903019788,2.890860944138,3.6499999));
#1685 = CARTESIAN_POINT('',(-79.32864140182,2.848453680118,3.6499999));
#1686 = CARTESIAN_POINT('',(-79.34153498215,2.806388416593,3.6499999));
#1687 = CARTESIAN_POINT('',(-79.35770373409,2.765137063852,3.6499999));
#1688 = CARTESIAN_POINT('',(-79.37701379334,2.725165147122,3.6499999));
#1689 = CARTESIAN_POINT('',(-79.42144373735,2.648593491829,3.6499999));
#1690 = CARTESIAN_POINT('',(-79.44656409287,2.61199294192,3.6499999));
#1691 = CARTESIAN_POINT('',(-79.47435409294,2.577484703219,3.6499999));
#1692 = CARTESIAN_POINT('',(-79.50447600658,2.545416009327,3.6499999));
#1693 = CARTESIAN_POINT('',(-79.53652370516,2.516027298932,3.6499999));
#1694 = CARTESIAN_POINT('',(-79.60351969349,2.46296521324,3.6499999));
#1695 = CARTESIAN_POINT('',(-79.63845868146,2.439272916527,3.6499999));
#1696 = CARTESIAN_POINT('',(-79.67447758478,2.418508852927,3.6499999));
#1697 = CARTESIAN_POINT('',(-79.71114605356,2.400698745263,3.6499999));
#1698 = CARTESIAN_POINT('',(-79.7480702225,2.385769623185,3.6499999));
#1699 = CARTESIAN_POINT('',(-79.78491210947,2.373586522661,3.6499999));
#1700 = PCURVE('',#92,#1701);
#1701 = DEFINITIONAL_REPRESENTATION('',(#1702),#1725);
#1702 = B_SPLINE_CURVE_WITH_KNOTS('',6,(#1703,#1704,#1705,#1706,#1707,
    #1708,#1709,#1710,#1711,#1712,#1713,#1714,#1715,#1716,#1717,#1718,
    #1719,#1720,#1721,#1722,#1723,#1724),.UNSPECIFIED.,.F.,.F.,(7,5,5,5,
    7),(0.,0.249589904412,0.500000000001,0.750410095589,1.),
  .UNSPECIFIED.);
#1703 = CARTESIAN_POINT('',(0.,-4.198030811864E-16));
#1704 = CARTESIAN_POINT('',(0.187945717102,-3.363282282478E-16));
#1705 = CARTESIAN_POINT('',(0.375699223067,-8.18292750719E-15));
#1706 = CARTESIAN_POINT('',(0.563264279737,4.957003806449E-15));
#1707 = CARTESIAN_POINT('',(0.750654145324,-3.908127823006E-15));
#1708 = CARTESIAN_POINT('',(0.937891655301,-2.780713399298E-15));
#1709 = CARTESIAN_POINT('',(1.312723211769,-2.780713399298E-15));
#1710 = CARTESIAN_POINT('',(1.50031990152,-4.239385279969E-15));
#1711 = CARTESIAN_POINT('',(1.687810659603,6.083588275243E-15));
#1712 = CARTESIAN_POINT('',(1.875229582187,-1.275820793673E-14));
#1713 = CARTESIAN_POINT('',(2.062615880487,6.383300063868E-16));
#1714 = CARTESIAN_POINT('',(2.437384119513,6.383300063868E-16));
#1715 = CARTESIAN_POINT('',(2.624770417814,-1.192063362173E-14));
#1716 = CARTESIAN_POINT('',(2.812189340395,2.181611997787E-15));
#1717 = CARTESIAN_POINT('',(2.999680098481,-1.133760886927E-15));
#1718 = CARTESIAN_POINT('',(3.187276788231,-2.79412132196E-15));
#1719 = CARTESIAN_POINT('',(3.562108344699,-2.788919489156E-15));
#1720 = CARTESIAN_POINT('',(3.749345854676,7.077990165299E-16));
#1721 = CARTESIAN_POINT('',(3.936735720263,-6.370740350077E-15));
#1722 = CARTESIAN_POINT('',(4.124300776933,2.662060326072E-15));
#1723 = CARTESIAN_POINT('',(4.312054282898,-2.624206031068E-15));
#1724 = CARTESIAN_POINT('',(4.5,-2.622901895677E-15));
#1725 = ( GEOMETRIC_REPRESENTATION_CONTEXT(2) 
PARAMETRIC_REPRESENTATION_CONTEXT() REPRESENTATION_CONTEXT('2D SPACE',''
  ) );
#1726 = PCURVE('',#132,#1727);
#1727 = DEFINITIONAL_REPRESENTATION('',(#1728),#1751);
#1728 = B_SPLINE_CURVE_WITH_KNOTS('',6,(#1729,#1730,#1731,#1732,#1733,
    #1734,#1735,#1736,#1737,#1738,#1739,#1740,#1741,#1742,#1743,#1744,
    #1745,#1746,#1747,#1748,#1749,#1750),.UNSPECIFIED.,.F.,.F.,(7,5,5,5,
    7),(0.,0.249589904412,0.500000000001,0.750410095589,1.),
  .UNSPECIFIED.);
#1729 = CARTESIAN_POINT('',(15.68137254902,3.177192940137));
#1730 = CARTESIAN_POINT('',(15.689078041718,3.139161664118));
#1731 = CARTESIAN_POINT('',(15.694440320222,3.099696250051));
#1732 = CARTESIAN_POINT('',(15.697174488895,3.059023152567));
#1733 = CARTESIAN_POINT('',(15.697021742114,3.017448107136));
#1734 = CARTESIAN_POINT('',(15.693790852524,2.975357500632));
#1735 = CARTESIAN_POINT('',(15.68096980221,2.890860944138));
#1736 = CARTESIAN_POINT('',(15.671358598274,2.848453680118));
#1737 = CARTESIAN_POINT('',(15.658465017938,2.806388416593));
#1738 = CARTESIAN_POINT('',(15.642296266002,2.765137063852));
#1739 = CARTESIAN_POINT('',(15.62298620675,2.725165147122));
#1740 = CARTESIAN_POINT('',(15.578556262744,2.648593491829));
#1741 = CARTESIAN_POINT('',(15.553435907215,2.61199294192));
#1742 = CARTESIAN_POINT('',(15.525645907146,2.577484703219));
#1743 = CARTESIAN_POINT('',(15.495523993506,2.545416009327));
#1744 = CARTESIAN_POINT('',(15.46347629493,2.516027298932));
#1745 = CARTESIAN_POINT('',(15.396480306597,2.46296521324));
#1746 = CARTESIAN_POINT('',(15.361541318635,2.439272916527));
#1747 = CARTESIAN_POINT('',(15.325522415306,2.418508852927));
#1748 = CARTESIAN_POINT('',(15.288853946531,2.400698745263));
#1749 = CARTESIAN_POINT('',(15.251929777587,2.385769623185));
#1750 = CARTESIAN_POINT('',(15.215087890625,2.373586522661));
#1751 = ( GEOMETRIC_REPRESENTATION_CONTEXT(2) 
PARAMETRIC_REPRESENTATION_CONTEXT() REPRESENTATION_CONTEXT('2D SPACE',''
  ) );
#1752 = ORIENTED_EDGE('',*,*,#1753,.T.);
#1753 = EDGE_CURVE('',#1674,#313,#1754,.T.);
#1754 = SURFACE_CURVE('',#1755,(#1761,#1768),.PCURVE_S1.);
#1755 = B_SPLINE_CURVE_WITH_KNOTS('',2,(#1756,#1757,#1758,#1759,#1760),
  .UNSPECIFIED.,.F.,.F.,(3,1,1,3),(-0.2754,-2.80678258413E-15,4.5,4.7754
    ),.UNSPECIFIED.);
#1756 = CARTESIAN_POINT('',(-79.78491210947,2.373586522661,3.9253999));
#1757 = CARTESIAN_POINT('',(-79.78491210947,2.373586522661,3.7876999));
#1758 = CARTESIAN_POINT('',(-79.78491210947,2.373586522661,1.3999999));
#1759 = CARTESIAN_POINT('',(-79.78491210947,2.373586522661,-0.9877001));
#1760 = CARTESIAN_POINT('',(-79.78491210947,2.373586522661,-1.1254001));
#1761 = PCURVE('',#92,#1762);
#1762 = DEFINITIONAL_REPRESENTATION('',(#1763),#1767);
#1763 = LINE('',#1764,#1765);
#1764 = CARTESIAN_POINT('',(4.5,0.));
#1765 = VECTOR('',#1766,1.);
#1766 = DIRECTION('',(0.,1.));
#1767 = ( GEOMETRIC_REPRESENTATION_CONTEXT(2) 
PARAMETRIC_REPRESENTATION_CONTEXT() REPRESENTATION_CONTEXT('2D SPACE',''
  ) );
#1768 = PCURVE('',#333,#1769);
#1769 = DEFINITIONAL_REPRESENTATION('',(#1770),#1773);
#1770 = B_SPLINE_CURVE_WITH_KNOTS('',1,(#1771,#1772),.UNSPECIFIED.,.F.,
  .F.,(2,2),(-2.80678258413E-15,4.5),.PIECEWISE_BEZIER_KNOTS.);
#1771 = CARTESIAN_POINT('',(-1.890162496969,-5.));
#1772 = CARTESIAN_POINT('',(-1.890162496969,-0.5));
#1773 = ( GEOMETRIC_REPRESENTATION_CONTEXT(2) 
PARAMETRIC_REPRESENTATION_CONTEXT() REPRESENTATION_CONTEXT('2D SPACE',''
  ) );
#1774 = ORIENTED_EDGE('',*,*,#345,.F.);
#1775 = ORIENTED_EDGE('',*,*,#75,.F.);
#1776 = ADVANCED_FACE('',(#1777),#159,.F.);
#1777 = FACE_BOUND('',#1778,.F.);
#1778 = EDGE_LOOP('',(#1779,#1859,#1881,#1882));
#1779 = ORIENTED_EDGE('',*,*,#1780,.T.);
#1780 = EDGE_CURVE('',#116,#1781,#1783,.T.);
#1781 = VERTEX_POINT('',#1782);
#1782 = CARTESIAN_POINT('',(-85.33686982807,11.989859372764,3.6499999));
#1783 = SURFACE_CURVE('',#1784,(#1807,#1833),.PCURVE_S1.);
#1784 = B_SPLINE_CURVE_WITH_KNOTS('',6,(#1785,#1786,#1787,#1788,#1789,
    #1790,#1791,#1792,#1793,#1794,#1795,#1796,#1797,#1798,#1799,#1800,
    #1801,#1802,#1803,#1804,#1805,#1806),.UNSPECIFIED.,.F.,.F.,(7,5,5,5,
    7),(0.,0.249589904412,0.500000000001,0.750410095589,1.),
  .UNSPECIFIED.);
#1785 = CARTESIAN_POINT('',(-84.4077839267,11.991870523591,3.6499999));
#1786 = CARTESIAN_POINT('',(-84.43686723152,12.017559314025,3.6499999));
#1787 = CARTESIAN_POINT('',(-84.46836414342,12.041935890465,3.6499999));
#1788 = CARTESIAN_POINT('',(-84.50222099475,12.064640298736,3.6499999));
#1789 = CARTESIAN_POINT('',(-84.53830241365,12.08529553886,3.6499999));
#1790 = CARTESIAN_POINT('',(-84.57636939294,12.10354280965,3.6499999));
#1791 = CARTESIAN_POINT('',(-84.65595608255,12.134687732622,3.6499999));
#1792 = CARTESIAN_POINT('',(-84.69748745247,12.147567817862,3.6499999));
#1793 = CARTESIAN_POINT('',(-84.74036382947,12.157434281508,3.6499999));
#1794 = CARTESIAN_POINT('',(-84.78417292485,12.164057407954,3.6499999));
#1795 = CARTESIAN_POINT('',(-84.8284446498,12.167320364458,3.6499999));
#1796 = CARTESIAN_POINT('',(-84.9169726205,12.167128731907,3.6499999));
#1797 = CARTESIAN_POINT('',(-84.96122980427,12.163674140821,3.6499999));
#1798 = CARTESIAN_POINT('',(-85.00500981566,12.156861414141,3.6499999));
#1799 = CARTESIAN_POINT('',(-85.04784307606,12.146809418664,3.6499999));
#1800 = CARTESIAN_POINT('',(-85.08931829514,12.133749652762,3.6499999));
#1801 = CARTESIAN_POINT('',(-85.16876940349,12.102260467759,3.6499999));
#1802 = CARTESIAN_POINT('',(-85.2067570283,12.083848564959,3.6499999));
#1803 = CARTESIAN_POINT('',(-85.24274868652,12.063037311459,3.6499999));
#1804 = CARTESIAN_POINT('',(-85.27650692659,12.040186539814,3.6499999));
#1805 = CARTESIAN_POINT('',(-85.30789801004,12.015673832534,3.6499999));
#1806 = CARTESIAN_POINT('',(-85.33686982807,11.989859372764,3.6499999));
#1807 = PCURVE('',#159,#1808);
#1808 = DEFINITIONAL_REPRESENTATION('',(#1809),#1832);
#1809 = B_SPLINE_CURVE_WITH_KNOTS('',6,(#1810,#1811,#1812,#1813,#1814,
    #1815,#1816,#1817,#1818,#1819,#1820,#1821,#1822,#1823,#1824,#1825,
    #1826,#1827,#1828,#1829,#1830,#1831),.UNSPECIFIED.,.F.,.F.,(7,5,5,5,
    7),(0.,0.249589904412,0.500000000001,0.750410095589,1.),
  .UNSPECIFIED.);
#1810 = CARTESIAN_POINT('',(0.,-3.477253207596E-15));
#1811 = CARTESIAN_POINT('',(0.187945717102,-3.393788542593E-15));
#1812 = CARTESIAN_POINT('',(0.375699223067,-6.710263679821E-15));
#1813 = CARTESIAN_POINT('',(0.563264279737,6.004340011305E-16));
#1814 = CARTESIAN_POINT('',(0.750654145324,-9.885187232105E-15));
#1815 = CARTESIAN_POINT('',(0.937891655301,-3.281308142733E-15));
#1816 = CARTESIAN_POINT('',(1.312723211769,-3.117906989874E-15));
#1817 = CARTESIAN_POINT('',(1.50031990152,-8.682093301012E-15));
#1818 = CARTESIAN_POINT('',(1.687810659603,7.162933196824E-16));
#1819 = CARTESIAN_POINT('',(1.875229582187,-7.885780154567E-15));
#1820 = CARTESIAN_POINT('',(2.062615880487,-3.135077442267E-15));
#1821 = CARTESIAN_POINT('',(2.437384119513,-3.135077442267E-15));
#1822 = CARTESIAN_POINT('',(2.624770417814,-7.56505571905E-15));
#1823 = CARTESIAN_POINT('',(2.812189340395,-4.938246375368E-16));
#1824 = CARTESIAN_POINT('',(2.999680098481,-6.639514687564E-15));
#1825 = CARTESIAN_POINT('',(3.18727678823,-3.165169846981E-15));
#1826 = CARTESIAN_POINT('',(3.562108344699,-3.247035854905E-15));
#1827 = CARTESIAN_POINT('',(3.749345854677,-8.647324048404E-15));
#1828 = CARTESIAN_POINT('',(3.936735720262,5.198710828228E-16));
#1829 = CARTESIAN_POINT('',(4.124300776933,-6.383264994015E-15));
#1830 = CARTESIAN_POINT('',(4.312054282898,-3.310088134877E-15));
#1831 = CARTESIAN_POINT('',(4.5,-3.39355279988E-15));
#1832 = ( GEOMETRIC_REPRESENTATION_CONTEXT(2) 
PARAMETRIC_REPRESENTATION_CONTEXT() REPRESENTATION_CONTEXT('2D SPACE',''
  ) );
#1833 = PCURVE('',#132,#1834);
#1834 = DEFINITIONAL_REPRESENTATION('',(#1835),#1858);
#1835 = B_SPLINE_CURVE_WITH_KNOTS('',6,(#1836,#1837,#1838,#1839,#1840,
    #1841,#1842,#1843,#1844,#1845,#1846,#1847,#1848,#1849,#1850,#1851,
    #1852,#1853,#1854,#1855,#1856,#1857),.UNSPECIFIED.,.F.,.F.,(7,5,5,5,
    7),(0.,0.249589904412,0.500000000001,0.750410095589,1.),
  .UNSPECIFIED.);
#1836 = CARTESIAN_POINT('',(10.592216073393,11.991870523591));
#1837 = CARTESIAN_POINT('',(10.563132768571,12.017559314025));
#1838 = CARTESIAN_POINT('',(10.531635856671,12.041935890465));
#1839 = CARTESIAN_POINT('',(10.497779005336,12.064640298736));
#1840 = CARTESIAN_POINT('',(10.461697586438,12.08529553886));
#1841 = CARTESIAN_POINT('',(10.42363060715,12.10354280965));
#1842 = CARTESIAN_POINT('',(10.344043917537,12.134687732622));
#1843 = CARTESIAN_POINT('',(10.302512547622,12.147567817862));
#1844 = CARTESIAN_POINT('',(10.259636170625,12.157434281508));
#1845 = CARTESIAN_POINT('',(10.215827075243,12.164057407954));
#1846 = CARTESIAN_POINT('',(10.17155535029,12.167320364458));
#1847 = CARTESIAN_POINT('',(10.083027379594,12.167128731907));
#1848 = CARTESIAN_POINT('',(10.038770195816,12.163674140821));
#1849 = CARTESIAN_POINT('',(9.994990184427,12.156861414141));
#1850 = CARTESIAN_POINT('',(9.95215692403,12.146809418664));
#1851 = CARTESIAN_POINT('',(9.910681704955,12.133749652762));
#1852 = CARTESIAN_POINT('',(9.831230596602,12.102260467759));
#1853 = CARTESIAN_POINT('',(9.793242971793,12.083848564959));
#1854 = CARTESIAN_POINT('',(9.757251313565,12.063037311459));
#1855 = CARTESIAN_POINT('',(9.723493073497,12.040186539814));
#1856 = CARTESIAN_POINT('',(9.692101990049,12.015673832534));
#1857 = CARTESIAN_POINT('',(9.663130172017,11.989859372764));
#1858 = ( GEOMETRIC_REPRESENTATION_CONTEXT(2) 
PARAMETRIC_REPRESENTATION_CONTEXT() REPRESENTATION_CONTEXT('2D SPACE',''
  ) );
#1859 = ORIENTED_EDGE('',*,*,#1860,.T.);
#1860 = EDGE_CURVE('',#1781,#425,#1861,.T.);
#1861 = SURFACE_CURVE('',#1862,(#1868,#1875),.PCURVE_S1.);
#1862 = B_SPLINE_CURVE_WITH_KNOTS('',2,(#1863,#1864,#1865,#1866,#1867),
  .UNSPECIFIED.,.F.,.F.,(3,1,1,3),(-0.2754,-2.80678258413E-15,4.5,4.7754
    ),.UNSPECIFIED.);
#1863 = CARTESIAN_POINT('',(-85.33686982807,11.989859372764,3.9253999));
#1864 = CARTESIAN_POINT('',(-85.33686982807,11.989859372764,3.7876999));
#1865 = CARTESIAN_POINT('',(-85.33686982807,11.989859372764,1.3999999));
#1866 = CARTESIAN_POINT('',(-85.33686982807,11.989859372764,-0.9877001)
  );
#1867 = CARTESIAN_POINT('',(-85.33686982807,11.989859372764,-1.1254001)
  );
#1868 = PCURVE('',#159,#1869);
#1869 = DEFINITIONAL_REPRESENTATION('',(#1870),#1874);
#1870 = LINE('',#1871,#1872);
#1871 = CARTESIAN_POINT('',(4.5,0.));
#1872 = VECTOR('',#1873,1.);
#1873 = DIRECTION('',(0.,1.));
#1874 = ( GEOMETRIC_REPRESENTATION_CONTEXT(2) 
PARAMETRIC_REPRESENTATION_CONTEXT() REPRESENTATION_CONTEXT('2D SPACE',''
  ) );
#1875 = PCURVE('',#525,#1876);
#1876 = DEFINITIONAL_REPRESENTATION('',(#1877),#1880);
#1877 = B_SPLINE_CURVE_WITH_KNOTS('',1,(#1878,#1879),.UNSPECIFIED.,.F.,
  .F.,(2,2),(-2.80678258413E-15,4.5),.PIECEWISE_BEZIER_KNOTS.);
#1878 = CARTESIAN_POINT('',(-5.440220361407,-5.));
#1879 = CARTESIAN_POINT('',(-5.440220361407,-0.5));
#1880 = ( GEOMETRIC_REPRESENTATION_CONTEXT(2) 
PARAMETRIC_REPRESENTATION_CONTEXT() REPRESENTATION_CONTEXT('2D SPACE',''
  ) );
#1881 = ORIENTED_EDGE('',*,*,#424,.F.);
#1882 = ORIENTED_EDGE('',*,*,#144,.F.);
#1883 = ADVANCED_FACE('',(#1884,#2975),#132,.T.);
#1884 = FACE_BOUND('',#1885,.T.);
#1885 = EDGE_LOOP('',(#1886,#1912,#1992,#2018,#2019,#2020,#2021,#2049,
    #2129,#2153,#2233,#2261,#2341,#2365,#2445,#2473,#2553,#2577,#2657,
    #2685,#2765,#2789,#2869,#2897));
#1886 = ORIENTED_EDGE('',*,*,#1887,.T.);
#1887 = EDGE_CURVE('',#1888,#1890,#1892,.T.);
#1888 = VERTEX_POINT('',#1889);
#1889 = CARTESIAN_POINT('',(-84.4077839267,-11.99187052359,3.6499999));
#1890 = VERTEX_POINT('',#1891);
#1891 = CARTESIAN_POINT('',(-79.31862745107,-3.177192940137,3.6499999));
#1892 = SURFACE_CURVE('',#1893,(#1898,#1905),.PCURVE_S1.);
#1893 = CIRCLE('',#1894,16.);
#1894 = AXIS2_PLACEMENT_3D('',#1895,#1896,#1897);
#1895 = CARTESIAN_POINT('',(-95.00000000009,0.,3.6499999));
#1896 = DIRECTION('',(0.,0.,1.));
#1897 = DIRECTION('',(1.,0.,0.));
#1898 = PCURVE('',#132,#1899);
#1899 = DEFINITIONAL_REPRESENTATION('',(#1900),#1904);
#1900 = CIRCLE('',#1901,16.);
#1901 = AXIS2_PLACEMENT_2D('',#1902,#1903);
#1902 = CARTESIAN_POINT('',(0.,-3.057510672446E-17));
#1903 = DIRECTION('',(1.,0.));
#1904 = ( GEOMETRIC_REPRESENTATION_CONTEXT(2) 
PARAMETRIC_REPRESENTATION_CONTEXT() REPRESENTATION_CONTEXT('2D SPACE',''
  ) );
#1905 = PCURVE('',#204,#1906);
#1906 = DEFINITIONAL_REPRESENTATION('',(#1907),#1911);
#1907 = LINE('',#1908,#1909);
#1908 = CARTESIAN_POINT('',(-0.,-4.5));
#1909 = VECTOR('',#1910,1.);
#1910 = DIRECTION('',(-1.,0.));
#1911 = ( GEOMETRIC_REPRESENTATION_CONTEXT(2) 
PARAMETRIC_REPRESENTATION_CONTEXT() REPRESENTATION_CONTEXT('2D SPACE',''
  ) );
#1912 = ORIENTED_EDGE('',*,*,#1913,.F.);
#1913 = EDGE_CURVE('',#1914,#1890,#1916,.T.);
#1914 = VERTEX_POINT('',#1915);
#1915 = CARTESIAN_POINT('',(-79.78491210947,-2.373586522661,3.6499999));
#1916 = SURFACE_CURVE('',#1917,(#1940,#1966),.PCURVE_S1.);
#1917 = B_SPLINE_CURVE_WITH_KNOTS('',6,(#1918,#1919,#1920,#1921,#1922,
    #1923,#1924,#1925,#1926,#1927,#1928,#1929,#1930,#1931,#1932,#1933,
    #1934,#1935,#1936,#1937,#1938,#1939),.UNSPECIFIED.,.F.,.F.,(7,5,5,5,
    7),(0.,0.249589904412,0.5,0.750410095588,1.),.UNSPECIFIED.);
#1918 = CARTESIAN_POINT('',(-79.78491210947,-2.373586522661,3.6499999));
#1919 = CARTESIAN_POINT('',(-79.7480702225,-2.385769623185,3.6499999));
#1920 = CARTESIAN_POINT('',(-79.71114605356,-2.400698745263,3.6499999));
#1921 = CARTESIAN_POINT('',(-79.67447758478,-2.418508852927,3.6499999));
#1922 = CARTESIAN_POINT('',(-79.63845868146,-2.439272916527,3.6499999));
#1923 = CARTESIAN_POINT('',(-79.60351969349,-2.46296521324,3.6499999));
#1924 = CARTESIAN_POINT('',(-79.53652370516,-2.516027298932,3.6499999));
#1925 = CARTESIAN_POINT('',(-79.50447600658,-2.545416009327,3.6499999));
#1926 = CARTESIAN_POINT('',(-79.47435409294,-2.577484703219,3.6499999));
#1927 = CARTESIAN_POINT('',(-79.44656409287,-2.61199294192,3.6499999));
#1928 = CARTESIAN_POINT('',(-79.42144373735,-2.648593491829,3.6499999));
#1929 = CARTESIAN_POINT('',(-79.37701379334,-2.725165147122,3.6499999));
#1930 = CARTESIAN_POINT('',(-79.35770373409,-2.765137063852,3.6499999));
#1931 = CARTESIAN_POINT('',(-79.34153498215,-2.806388416593,3.6499999));
#1932 = CARTESIAN_POINT('',(-79.32864140182,-2.848453680118,3.6499999));
#1933 = CARTESIAN_POINT('',(-79.31903019788,-2.890860944138,3.6499999));
#1934 = CARTESIAN_POINT('',(-79.30620914757,-2.975357500632,3.6499999));
#1935 = CARTESIAN_POINT('',(-79.30297825798,-3.017448107136,3.6499999));
#1936 = CARTESIAN_POINT('',(-79.3028255112,-3.059023152567,3.6499999));
#1937 = CARTESIAN_POINT('',(-79.30555967987,-3.099696250051,3.6499999));
#1938 = CARTESIAN_POINT('',(-79.31092195837,-3.139161664118,3.6499999));
#1939 = CARTESIAN_POINT('',(-79.31862745107,-3.177192940137,3.6499999));
#1940 = PCURVE('',#132,#1941);
#1941 = DEFINITIONAL_REPRESENTATION('',(#1942),#1965);
#1942 = B_SPLINE_CURVE_WITH_KNOTS('',6,(#1943,#1944,#1945,#1946,#1947,
    #1948,#1949,#1950,#1951,#1952,#1953,#1954,#1955,#1956,#1957,#1958,
    #1959,#1960,#1961,#1962,#1963,#1964),.UNSPECIFIED.,.F.,.F.,(7,5,5,5,
    7),(0.,0.249589904412,0.5,0.750410095588,1.),.UNSPECIFIED.);
#1943 = CARTESIAN_POINT('',(15.215087890625,-2.373586522661));
#1944 = CARTESIAN_POINT('',(15.251929777587,-2.385769623185));
#1945 = CARTESIAN_POINT('',(15.288853946531,-2.400698745263));
#1946 = CARTESIAN_POINT('',(15.325522415306,-2.418508852927));
#1947 = CARTESIAN_POINT('',(15.361541318635,-2.439272916527));
#1948 = CARTESIAN_POINT('',(15.396480306597,-2.46296521324));
#1949 = CARTESIAN_POINT('',(15.46347629493,-2.516027298932));
#1950 = CARTESIAN_POINT('',(15.495523993506,-2.545416009327));
#1951 = CARTESIAN_POINT('',(15.525645907146,-2.577484703219));
#1952 = CARTESIAN_POINT('',(15.553435907215,-2.61199294192));
#1953 = CARTESIAN_POINT('',(15.578556262744,-2.648593491829));
#1954 = CARTESIAN_POINT('',(15.62298620675,-2.725165147122));
#1955 = CARTESIAN_POINT('',(15.642296266002,-2.765137063852));
#1956 = CARTESIAN_POINT('',(15.658465017938,-2.806388416593));
#1957 = CARTESIAN_POINT('',(15.671358598274,-2.848453680118));
#1958 = CARTESIAN_POINT('',(15.68096980221,-2.890860944138));
#1959 = CARTESIAN_POINT('',(15.693790852524,-2.975357500632));
#1960 = CARTESIAN_POINT('',(15.697021742114,-3.017448107136));
#1961 = CARTESIAN_POINT('',(15.697174488895,-3.059023152567));
#1962 = CARTESIAN_POINT('',(15.694440320222,-3.099696250051));
#1963 = CARTESIAN_POINT('',(15.689078041718,-3.139161664118));
#1964 = CARTESIAN_POINT('',(15.68137254902,-3.177192940137));
#1965 = ( GEOMETRIC_REPRESENTATION_CONTEXT(2) 
PARAMETRIC_REPRESENTATION_CONTEXT() REPRESENTATION_CONTEXT('2D SPACE',''
  ) );
#1966 = PCURVE('',#270,#1967);
#1967 = DEFINITIONAL_REPRESENTATION('',(#1968),#1991);
#1968 = B_SPLINE_CURVE_WITH_KNOTS('',6,(#1969,#1970,#1971,#1972,#1973,
    #1974,#1975,#1976,#1977,#1978,#1979,#1980,#1981,#1982,#1983,#1984,
    #1985,#1986,#1987,#1988,#1989,#1990),.UNSPECIFIED.,.F.,.F.,(7,5,5,5,
    7),(0.,0.249589904412,0.5,0.750410095588,1.),.UNSPECIFIED.);
#1969 = CARTESIAN_POINT('',(0.,-4.198030811864E-16));
#1970 = CARTESIAN_POINT('',(0.187945717102,-3.363282282478E-16));
#1971 = CARTESIAN_POINT('',(0.375699223067,-8.181111588056E-15));
#1972 = CARTESIAN_POINT('',(0.563264279737,4.952099215047E-15));
#1973 = CARTESIAN_POINT('',(0.750654145324,-3.90267653935E-15));
#1974 = CARTESIAN_POINT('',(0.937891655301,-2.783310049203E-15));
#1975 = CARTESIAN_POINT('',(1.312723211769,-2.778108216399E-15));
#1976 = CARTESIAN_POINT('',(1.500319901519,-4.246676679831E-15));
#1977 = CARTESIAN_POINT('',(1.687810659604,6.093427302868E-15));
#1978 = CARTESIAN_POINT('',(1.875229582187,-1.276549275135E-14));
#1979 = CARTESIAN_POINT('',(2.062615880487,6.40930483436E-16));
#1980 = CARTESIAN_POINT('',(2.437384119513,6.357295293377E-16));
#1981 = CARTESIAN_POINT('',(2.624770417813,-1.191608537921E-14));
#1982 = CARTESIAN_POINT('',(2.812189340396,2.179160839647E-15));
#1983 = CARTESIAN_POINT('',(2.999680098481,-1.134677099077E-15));
#1984 = CARTESIAN_POINT('',(3.187276788231,-2.79281873051E-15));
#1985 = CARTESIAN_POINT('',(3.562108344699,-2.790217814108E-15));
#1986 = CARTESIAN_POINT('',(3.749345854676,7.096108718805E-16));
#1987 = CARTESIAN_POINT('',(3.936735720263,-6.370726201956E-15));
#1988 = CARTESIAN_POINT('',(4.124300776932,2.660228685214E-15));
#1989 = CARTESIAN_POINT('',(4.312054282898,-2.622901895677E-15));
#1990 = CARTESIAN_POINT('',(4.5,-2.622901895677E-15));
#1991 = ( GEOMETRIC_REPRESENTATION_CONTEXT(2) 
PARAMETRIC_REPRESENTATION_CONTEXT() REPRESENTATION_CONTEXT('2D SPACE',''
  ) );
#1992 = ORIENTED_EDGE('',*,*,#1993,.T.);
#1993 = EDGE_CURVE('',#1914,#1674,#1994,.T.);
#1994 = SURFACE_CURVE('',#1995,(#2000,#2011),.PCURVE_S1.);
#1995 = CIRCLE('',#1996,2.5);
#1996 = AXIS2_PLACEMENT_3D('',#1997,#1998,#1999);
#1997 = CARTESIAN_POINT('',(-79.00000000009,0.,3.6499999));
#1998 = DIRECTION('',(0.,0.,-1.));
#1999 = DIRECTION('',(1.,0.,0.));
#2000 = PCURVE('',#132,#2001);
#2001 = DEFINITIONAL_REPRESENTATION('',(#2002),#2010);
#2002 = ( BOUNDED_CURVE() B_SPLINE_CURVE(2,(#2003,#2004,#2005,#2006,
#2007,#2008,#2009),.UNSPECIFIED.,.T.,.F.) B_SPLINE_CURVE_WITH_KNOTS((1,2
    ,2,2,2,1),(-2.094395102393,0.,2.094395102393,4.188790204786,
6.28318530718,8.377580409573),.UNSPECIFIED.) CURVE() 
GEOMETRIC_REPRESENTATION_ITEM() RATIONAL_B_SPLINE_CURVE((1.,0.5,1.,0.5,
1.,0.5,1.)) REPRESENTATION_ITEM('') );
#2003 = CARTESIAN_POINT('',(18.5,-3.057510672446E-17));
#2004 = CARTESIAN_POINT('',(18.5,-4.330127018922));
#2005 = CARTESIAN_POINT('',(14.75,-2.165063509461));
#2006 = CARTESIAN_POINT('',(11.,-6.428985062981E-16));
#2007 = CARTESIAN_POINT('',(14.75,2.165063509461));
#2008 = CARTESIAN_POINT('',(18.5,4.330127018922));
#2009 = CARTESIAN_POINT('',(18.5,-3.057510672446E-17));
#2010 = ( GEOMETRIC_REPRESENTATION_CONTEXT(2) 
PARAMETRIC_REPRESENTATION_CONTEXT() REPRESENTATION_CONTEXT('2D SPACE',''
  ) );
#2011 = PCURVE('',#333,#2012);
#2012 = DEFINITIONAL_REPRESENTATION('',(#2013),#2017);
#2013 = LINE('',#2014,#2015);
#2014 = CARTESIAN_POINT('',(-6.28318530718,-5.));
#2015 = VECTOR('',#2016,1.);
#2016 = DIRECTION('',(1.,-0.));
#2017 = ( GEOMETRIC_REPRESENTATION_CONTEXT(2) 
PARAMETRIC_REPRESENTATION_CONTEXT() REPRESENTATION_CONTEXT('2D SPACE',''
  ) );
#2018 = ORIENTED_EDGE('',*,*,#1673,.F.);
#2019 = ORIENTED_EDGE('',*,*,#115,.T.);
#2020 = ORIENTED_EDGE('',*,*,#1780,.T.);
#2021 = ORIENTED_EDGE('',*,*,#2022,.T.);
#2022 = EDGE_CURVE('',#1781,#2023,#2025,.T.);
#2023 = VERTEX_POINT('',#2024);
#2024 = CARTESIAN_POINT('',(-89.44804228148,14.363445895425,3.6499999));
#2025 = SURFACE_CURVE('',#2026,(#2031,#2042),.PCURVE_S1.);
#2026 = CIRCLE('',#2027,2.5);
#2027 = AXIS2_PLACEMENT_3D('',#2028,#2029,#2030);
#2028 = CARTESIAN_POINT('',(-87.00000000009,13.856406460551,3.6499999));
#2029 = DIRECTION('',(0.,0.,-1.));
#2030 = DIRECTION('',(1.,0.,0.));
#2031 = PCURVE('',#132,#2032);
#2032 = DEFINITIONAL_REPRESENTATION('',(#2033),#2041);
#2033 = ( BOUNDED_CURVE() B_SPLINE_CURVE(2,(#2034,#2035,#2036,#2037,
#2038,#2039,#2040),.UNSPECIFIED.,.T.,.F.) B_SPLINE_CURVE_WITH_KNOTS((1,2
    ,2,2,2,1),(-2.094395102393,0.,2.094395102393,4.188790204786,
6.28318530718,8.377580409573),.UNSPECIFIED.) CURVE() 
GEOMETRIC_REPRESENTATION_ITEM() RATIONAL_B_SPLINE_CURVE((1.,0.5,1.,0.5,
1.,0.5,1.)) REPRESENTATION_ITEM('') );
#2034 = CARTESIAN_POINT('',(10.5,13.856406460551));
#2035 = CARTESIAN_POINT('',(10.5,9.526279441629));
#2036 = CARTESIAN_POINT('',(6.75,11.69134295109));
#2037 = CARTESIAN_POINT('',(3.,13.856406460551));
#2038 = CARTESIAN_POINT('',(6.75,16.021469970012));
#2039 = CARTESIAN_POINT('',(10.5,18.186533479473));
#2040 = CARTESIAN_POINT('',(10.5,13.856406460551));
#2041 = ( GEOMETRIC_REPRESENTATION_CONTEXT(2) 
PARAMETRIC_REPRESENTATION_CONTEXT() REPRESENTATION_CONTEXT('2D SPACE',''
  ) );
#2042 = PCURVE('',#525,#2043);
#2043 = DEFINITIONAL_REPRESENTATION('',(#2044),#2048);
#2044 = LINE('',#2045,#2046);
#2045 = CARTESIAN_POINT('',(-6.28318530718,-5.));
#2046 = VECTOR('',#2047,1.);
#2047 = DIRECTION('',(1.,-0.));
#2048 = ( GEOMETRIC_REPRESENTATION_CONTEXT(2) 
PARAMETRIC_REPRESENTATION_CONTEXT() REPRESENTATION_CONTEXT('2D SPACE',''
  ) );
#2049 = ORIENTED_EDGE('',*,*,#2050,.T.);
#2050 = EDGE_CURVE('',#2023,#2051,#2053,.T.);
#2051 = VERTEX_POINT('',#2052);
#2052 = CARTESIAN_POINT('',(-89.91084352446,15.169063463727,3.6499999));
#2053 = SURFACE_CURVE('',#2054,(#2077,#2103),.PCURVE_S1.);
#2054 = B_SPLINE_CURVE_WITH_KNOTS('',6,(#2055,#2056,#2057,#2058,#2059,
    #2060,#2061,#2062,#2063,#2064,#2065,#2066,#2067,#2068,#2069,#2070,
    #2071,#2072,#2073,#2074,#2075,#2076),.UNSPECIFIED.,.F.,.F.,(7,5,5,5,
    7),(0.,0.249589904412,0.5,0.750410095589,1.),.UNSPECIFIED.);
#2055 = CARTESIAN_POINT('',(-89.44804228148,14.363445895425,3.6499999));
#2056 = CARTESIAN_POINT('',(-89.44017221255,14.401443455719,3.6499999));
#2057 = CARTESIAN_POINT('',(-89.43463912706,14.440885285077,3.6499999));
#2058 = CARTESIAN_POINT('',(-89.43172889835,14.481546164386,3.6499999));
#2059 = CARTESIAN_POINT('',(-89.43170165325,14.523121481485,3.6499999));
#2060 = CARTESIAN_POINT('',(-89.4347502901,14.565225681,3.6499999));
#2061 = CARTESIAN_POINT('',(-89.44720541012,14.649776951693,3.6499999));
#2062 = CARTESIAN_POINT('',(-89.45663293061,14.692225427991,3.6499999));
#2063 = CARTESIAN_POINT('',(-89.46934427737,14.73434611736,3.6499999));
#2064 = CARTESIAN_POINT('',(-89.48533428869,14.775667082742,3.6499999));
#2065 = CARTESIAN_POINT('',(-89.50447111694,14.815722223736,3.6499999));
#2066 = CARTESIAN_POINT('',(-89.54856914363,14.89248551158,3.6499999));
#2067 = CARTESIAN_POINT('',(-89.57353080933,14.929194471806,3.6499999));
#2068 = CARTESIAN_POINT('',(-89.60117115278,14.963822698101,3.6499999));
#2069 = CARTESIAN_POINT('',(-89.63115394944,14.99602149798,3.6499999));
#2070 = CARTESIAN_POINT('',(-89.66307411542,15.025548676759,3.6499999));
#2071 = CARTESIAN_POINT('',(-89.72983975472,15.078900310282,3.6499999));
#2072 = CARTESIAN_POINT('',(-89.76467584441,15.102743645995,3.6499999));
#2073 = CARTESIAN_POINT('',(-89.80060451653,15.123663451304,3.6499999));
#2074 = CARTESIAN_POINT('',(-89.83719553654,15.141632140517,3.6499999));
#2075 = CARTESIAN_POINT('',(-89.87405472694,15.156720978143,3.6499999));
#2076 = CARTESIAN_POINT('',(-89.91084352446,15.169063463727,3.6499999));
#2077 = PCURVE('',#132,#2078);
#2078 = DEFINITIONAL_REPRESENTATION('',(#2079),#2102);
#2079 = B_SPLINE_CURVE_WITH_KNOTS('',6,(#2080,#2081,#2082,#2083,#2084,
    #2085,#2086,#2087,#2088,#2089,#2090,#2091,#2092,#2093,#2094,#2095,
    #2096,#2097,#2098,#2099,#2100,#2101),.UNSPECIFIED.,.F.,.F.,(7,5,5,5,
    7),(0.,0.249589904412,0.5,0.750410095589,1.),.UNSPECIFIED.);
#2080 = CARTESIAN_POINT('',(5.551957718608,14.363445895425));
#2081 = CARTESIAN_POINT('',(5.559827787538,14.401443455719));
#2082 = CARTESIAN_POINT('',(5.565360873034,14.440885285077));
#2083 = CARTESIAN_POINT('',(5.56827110174,14.481546164386));
#2084 = CARTESIAN_POINT('',(5.568298346842,14.523121481485));
#2085 = CARTESIAN_POINT('',(5.565249709995,14.565225681));
#2086 = CARTESIAN_POINT('',(5.552794589975,14.649776951693));
#2087 = CARTESIAN_POINT('',(5.543367069477,14.692225427991));
#2088 = CARTESIAN_POINT('',(5.53065572272,14.73434611736));
#2089 = CARTESIAN_POINT('',(5.514665711399,14.775667082742));
#2090 = CARTESIAN_POINT('',(5.49552888315,14.815722223736));
#2091 = CARTESIAN_POINT('',(5.45143085646,14.89248551158));
#2092 = CARTESIAN_POINT('',(5.426469190759,14.929194471806));
#2093 = CARTESIAN_POINT('',(5.398828847313,14.963822698101));
#2094 = CARTESIAN_POINT('',(5.368846050651,14.99602149798));
#2095 = CARTESIAN_POINT('',(5.336925884674,15.025548676759));
#2096 = CARTESIAN_POINT('',(5.270160245374,15.078900310282));
#2097 = CARTESIAN_POINT('',(5.235324155676,15.102743645995));
#2098 = CARTESIAN_POINT('',(5.199395483559,15.123663451304));
#2099 = CARTESIAN_POINT('',(5.162804463551,15.141632140517));
#2100 = CARTESIAN_POINT('',(5.125945273146,15.156720978143));
#2101 = CARTESIAN_POINT('',(5.089156475627,15.169063463727));
#2102 = ( GEOMETRIC_REPRESENTATION_CONTEXT(2) 
PARAMETRIC_REPRESENTATION_CONTEXT() REPRESENTATION_CONTEXT('2D SPACE',''
  ) );
#2103 = PCURVE('',#591,#2104);
#2104 = DEFINITIONAL_REPRESENTATION('',(#2105),#2128);
#2105 = B_SPLINE_CURVE_WITH_KNOTS('',6,(#2106,#2107,#2108,#2109,#2110,
    #2111,#2112,#2113,#2114,#2115,#2116,#2117,#2118,#2119,#2120,#2121,
    #2122,#2123,#2124,#2125,#2126,#2127),.UNSPECIFIED.,.F.,.F.,(7,5,5,5,
    7),(0.,0.249589904412,0.5,0.750410095589,1.),.UNSPECIFIED.);
#2106 = CARTESIAN_POINT('',(0.,-2.803313137179E-15));
#2107 = CARTESIAN_POINT('',(0.187945717102,-2.802009001788E-15));
#2108 = CARTESIAN_POINT('',(0.375699223067,3.429872259209E-15));
#2109 = CARTESIAN_POINT('',(0.563264279737,-1.886679190731E-15));
#2110 = CARTESIAN_POINT('',(0.750654145324,-2.339644880147E-15));
#2111 = CARTESIAN_POINT('',(0.937891655301,1.292469503492E-15));
#2112 = CARTESIAN_POINT('',(1.312723211769,1.537585032307E-15));
#2113 = CARTESIAN_POINT('',(1.50031990152,-3.882444736283E-15));
#2114 = CARTESIAN_POINT('',(1.687810659603,6.06519991355E-15));
#2115 = CARTESIAN_POINT('',(1.875229582187,-3.44526388996E-15));
#2116 = CARTESIAN_POINT('',(2.062615880487,1.696961623057E-15));
#2117 = CARTESIAN_POINT('',(2.437384119513,1.697733759579E-15));
#2118 = CARTESIAN_POINT('',(2.624770417814,-4.307094659088E-15));
#2119 = CARTESIAN_POINT('',(2.812189340396,6.464894959904E-15));
#2120 = CARTESIAN_POINT('',(2.999680098481,-3.460708272955E-15));
#2121 = CARTESIAN_POINT('',(3.187276788231,1.532931314205E-15));
#2122 = CARTESIAN_POINT('',(3.562108344699,1.287829584917E-15));
#2123 = CARTESIAN_POINT('',(3.749345854676,-3.318763892573E-15));
#2124 = CARTESIAN_POINT('',(3.936735720263,-2.249883413468E-15));
#2125 = CARTESIAN_POINT('',(4.124300776932,6.257139414531E-15));
#2126 = CARTESIAN_POINT('',(4.312054282898,-2.891787127237E-15));
#2127 = CARTESIAN_POINT('',(4.5,-2.890482991846E-15));
#2128 = ( GEOMETRIC_REPRESENTATION_CONTEXT(2) 
PARAMETRIC_REPRESENTATION_CONTEXT() REPRESENTATION_CONTEXT('2D SPACE',''
  ) );
#2129 = ORIENTED_EDGE('',*,*,#2130,.T.);
#2130 = EDGE_CURVE('',#2051,#2131,#2133,.T.);
#2131 = VERTEX_POINT('',#2132);
#2132 = CARTESIAN_POINT('',(-100.0891564757,15.169063463727,3.6499999));
#2133 = SURFACE_CURVE('',#2134,(#2139,#2146),.PCURVE_S1.);
#2134 = CIRCLE('',#2135,16.);
#2135 = AXIS2_PLACEMENT_3D('',#2136,#2137,#2138);
#2136 = CARTESIAN_POINT('',(-95.00000000009,0.,3.6499999));
#2137 = DIRECTION('',(0.,0.,1.));
#2138 = DIRECTION('',(1.,0.,0.));
#2139 = PCURVE('',#132,#2140);
#2140 = DEFINITIONAL_REPRESENTATION('',(#2141),#2145);
#2141 = CIRCLE('',#2142,16.);
#2142 = AXIS2_PLACEMENT_2D('',#2143,#2144);
#2143 = CARTESIAN_POINT('',(0.,-3.057510672446E-17));
#2144 = DIRECTION('',(1.,0.));
#2145 = ( GEOMETRIC_REPRESENTATION_CONTEXT(2) 
PARAMETRIC_REPRESENTATION_CONTEXT() REPRESENTATION_CONTEXT('2D SPACE',''
  ) );
#2146 = PCURVE('',#650,#2147);
#2147 = DEFINITIONAL_REPRESENTATION('',(#2148),#2152);
#2148 = LINE('',#2149,#2150);
#2149 = CARTESIAN_POINT('',(-0.,-4.5));
#2150 = VECTOR('',#2151,1.);
#2151 = DIRECTION('',(-1.,0.));
#2152 = ( GEOMETRIC_REPRESENTATION_CONTEXT(2) 
PARAMETRIC_REPRESENTATION_CONTEXT() REPRESENTATION_CONTEXT('2D SPACE',''
  ) );
#2153 = ORIENTED_EDGE('',*,*,#2154,.T.);
#2154 = EDGE_CURVE('',#2131,#2155,#2157,.T.);
#2155 = VERTEX_POINT('',#2156);
#2156 = CARTESIAN_POINT('',(-100.5519577187,14.363445895425,3.6499999));
#2157 = SURFACE_CURVE('',#2158,(#2181,#2207),.PCURVE_S1.);
#2158 = B_SPLINE_CURVE_WITH_KNOTS('',6,(#2159,#2160,#2161,#2162,#2163,
    #2164,#2165,#2166,#2167,#2168,#2169,#2170,#2171,#2172,#2173,#2174,
    #2175,#2176,#2177,#2178,#2179,#2180),.UNSPECIFIED.,.F.,.F.,(7,5,5,5,
    7),(0.,0.249589904412,0.5,0.750410095588,1.),.UNSPECIFIED.);
#2159 = CARTESIAN_POINT('',(-100.0891564757,15.169063463727,3.6499999));
#2160 = CARTESIAN_POINT('',(-100.1259452732,15.156720978143,3.6499999));
#2161 = CARTESIAN_POINT('',(-100.1628044636,15.141632140517,3.6499999));
#2162 = CARTESIAN_POINT('',(-100.1993954836,15.123663451304,3.6499999));
#2163 = CARTESIAN_POINT('',(-100.2353241557,15.102743645996,3.6499999));
#2164 = CARTESIAN_POINT('',(-100.2701602454,15.078900310282,3.6499999));
#2165 = CARTESIAN_POINT('',(-100.3369258847,15.025548676759,3.6499999));
#2166 = CARTESIAN_POINT('',(-100.3688460507,14.99602149798,3.6499999));
#2167 = CARTESIAN_POINT('',(-100.3988288474,14.963822698101,3.6499999));
#2168 = CARTESIAN_POINT('',(-100.4264691908,14.929194471806,3.6499999));
#2169 = CARTESIAN_POINT('',(-100.4514308565,14.89248551158,3.6499999));
#2170 = CARTESIAN_POINT('',(-100.4955288832,14.815722223736,3.6499999));
#2171 = CARTESIAN_POINT('',(-100.5146657114,14.775667082742,3.6499999));
#2172 = CARTESIAN_POINT('',(-100.5306557228,14.73434611736,3.6499999));
#2173 = CARTESIAN_POINT('',(-100.5433670695,14.692225427991,3.6499999));
#2174 = CARTESIAN_POINT('',(-100.55279459,14.649776951693,3.6499999));
#2175 = CARTESIAN_POINT('',(-100.56524971,14.565225681,3.6499999));
#2176 = CARTESIAN_POINT('',(-100.5682983469,14.523121481486,3.6499999));
#2177 = CARTESIAN_POINT('',(-100.5682711018,14.481546164386,3.6499999));
#2178 = CARTESIAN_POINT('',(-100.5653608731,14.440885285077,3.6499999));
#2179 = CARTESIAN_POINT('',(-100.5598277876,14.401443455719,3.6499999));
#2180 = CARTESIAN_POINT('',(-100.5519577187,14.363445895425,3.6499999));
#2181 = PCURVE('',#132,#2182);
#2182 = DEFINITIONAL_REPRESENTATION('',(#2183),#2206);
#2183 = B_SPLINE_CURVE_WITH_KNOTS('',6,(#2184,#2185,#2186,#2187,#2188,
    #2189,#2190,#2191,#2192,#2193,#2194,#2195,#2196,#2197,#2198,#2199,
    #2200,#2201,#2202,#2203,#2204,#2205),.UNSPECIFIED.,.F.,.F.,(7,5,5,5,
    7),(0.,0.249589904412,0.5,0.750410095588,1.),.UNSPECIFIED.);
#2184 = CARTESIAN_POINT('',(-5.089156475627,15.169063463727));
#2185 = CARTESIAN_POINT('',(-5.125945273146,15.156720978143));
#2186 = CARTESIAN_POINT('',(-5.162804463551,15.141632140517));
#2187 = CARTESIAN_POINT('',(-5.199395483559,15.123663451304));
#2188 = CARTESIAN_POINT('',(-5.235324155676,15.102743645996));
#2189 = CARTESIAN_POINT('',(-5.270160245374,15.078900310282));
#2190 = CARTESIAN_POINT('',(-5.336925884673,15.025548676759));
#2191 = CARTESIAN_POINT('',(-5.368846050651,14.99602149798));
#2192 = CARTESIAN_POINT('',(-5.398828847313,14.963822698101));
#2193 = CARTESIAN_POINT('',(-5.426469190759,14.929194471806));
#2194 = CARTESIAN_POINT('',(-5.45143085646,14.89248551158));
#2195 = CARTESIAN_POINT('',(-5.49552888315,14.815722223736));
#2196 = CARTESIAN_POINT('',(-5.514665711399,14.775667082742));
#2197 = CARTESIAN_POINT('',(-5.53065572272,14.73434611736));
#2198 = CARTESIAN_POINT('',(-5.543367069477,14.692225427991));
#2199 = CARTESIAN_POINT('',(-5.552794589975,14.649776951693));
#2200 = CARTESIAN_POINT('',(-5.565249709995,14.565225681));
#2201 = CARTESIAN_POINT('',(-5.568298346842,14.523121481486));
#2202 = CARTESIAN_POINT('',(-5.56827110174,14.481546164386));
#2203 = CARTESIAN_POINT('',(-5.565360873034,14.440885285077));
#2204 = CARTESIAN_POINT('',(-5.559827787538,14.401443455719));
#2205 = CARTESIAN_POINT('',(-5.551957718608,14.363445895425));
#2206 = ( GEOMETRIC_REPRESENTATION_CONTEXT(2) 
PARAMETRIC_REPRESENTATION_CONTEXT() REPRESENTATION_CONTEXT('2D SPACE',''
  ) );
#2207 = PCURVE('',#716,#2208);
#2208 = DEFINITIONAL_REPRESENTATION('',(#2209),#2232);
#2209 = B_SPLINE_CURVE_WITH_KNOTS('',6,(#2210,#2211,#2212,#2213,#2214,
    #2215,#2216,#2217,#2218,#2219,#2220,#2221,#2222,#2223,#2224,#2225,
    #2226,#2227,#2228,#2229,#2230,#2231),.UNSPECIFIED.,.F.,.F.,(7,5,5,5,
    7),(0.,0.249589904412,0.5,0.750410095588,1.),.UNSPECIFIED.);
#2210 = CARTESIAN_POINT('',(0.,-4.198030811864E-16));
#2211 = CARTESIAN_POINT('',(0.187945717102,-3.363282282478E-16));
#2212 = CARTESIAN_POINT('',(0.375699223067,-3.474255409659E-15));
#2213 = CARTESIAN_POINT('',(0.563264279737,8.968137844222E-18));
#2214 = CARTESIAN_POINT('',(0.750654145324,-1.658891536379E-15));
#2215 = CARTESIAN_POINT('',(0.937891655301,-3.116287651866E-15));
#2216 = CARTESIAN_POINT('',(1.312723211769,-3.279771583248E-15));
#2217 = CARTESIAN_POINT('',(1.500319901519,-3.173073784627E-15));
#2218 = CARTESIAN_POINT('',(1.687810659604,4.206911380128E-15));
#2219 = CARTESIAN_POINT('',(1.875229582186,-1.282179763998E-14));
#2220 = CARTESIAN_POINT('',(2.062615880487,4.668693076036E-17));
#2221 = CARTESIAN_POINT('',(2.437384119513,4.148597666205E-17));
#2222 = CARTESIAN_POINT('',(2.624770417813,-1.246945909079E-14));
#2223 = CARTESIAN_POINT('',(2.812189340396,1.54447963933E-15));
#2224 = CARTESIAN_POINT('',(2.999680098481,-1.617692717168E-15));
#2225 = CARTESIAN_POINT('',(3.187276788231,-3.285296738844E-15));
#2226 = CARTESIAN_POINT('',(3.562108344699,-3.121895585985E-15));
#2227 = CARTESIAN_POINT('',(3.749345854676,4.908246300401E-15));
#2228 = CARTESIAN_POINT('',(3.936735720264,-1.362638628056E-14));
#2229 = CARTESIAN_POINT('',(4.124300776932,8.048083338644E-15));
#2230 = CARTESIAN_POINT('',(4.312054282898,-2.457672577374E-15));
#2231 = CARTESIAN_POINT('',(4.5,-2.456368441983E-15));
#2232 = ( GEOMETRIC_REPRESENTATION_CONTEXT(2) 
PARAMETRIC_REPRESENTATION_CONTEXT() REPRESENTATION_CONTEXT('2D SPACE',''
  ) );
#2233 = ORIENTED_EDGE('',*,*,#2234,.T.);
#2234 = EDGE_CURVE('',#2155,#2235,#2237,.T.);
#2235 = VERTEX_POINT('',#2236);
#2236 = CARTESIAN_POINT('',(-104.6631301721,11.989859372764,3.6499999));
#2237 = SURFACE_CURVE('',#2238,(#2243,#2254),.PCURVE_S1.);
#2238 = CIRCLE('',#2239,2.5);
#2239 = AXIS2_PLACEMENT_3D('',#2240,#2241,#2242);
#2240 = CARTESIAN_POINT('',(-103.,13.856406460551,3.6499999));
#2241 = DIRECTION('',(0.,0.,-1.));
#2242 = DIRECTION('',(0.902440958893,0.430813550984,0.));
#2243 = PCURVE('',#132,#2244);
#2244 = DEFINITIONAL_REPRESENTATION('',(#2245),#2253);
#2245 = ( BOUNDED_CURVE() B_SPLINE_CURVE(2,(#2246,#2247,#2248,#2249,
#2250,#2251,#2252),.UNSPECIFIED.,.T.,.F.) B_SPLINE_CURVE_WITH_KNOTS((1,2
    ,2,2,2,1),(-2.094395102393,0.,2.094395102393,4.188790204786,
6.28318530718,8.377580409573),.UNSPECIFIED.) CURVE() 
GEOMETRIC_REPRESENTATION_ITEM() RATIONAL_B_SPLINE_CURVE((1.,0.5,1.,0.5,
1.,0.5,1.)) REPRESENTATION_ITEM('') );
#2246 = CARTESIAN_POINT('',(-5.743897602766,14.933440338011));
#2247 = CARTESIAN_POINT('',(-3.878420205533,11.025756358924));
#2248 = CARTESIAN_POINT('',(-8.1953125,11.364047532278));
#2249 = CARTESIAN_POINT('',(-12.51220479446,11.702338705631));
#2250 = CARTESIAN_POINT('',(-10.06078989723,15.271731511364));
#2251 = CARTESIAN_POINT('',(-7.609375,18.841124317098));
#2252 = CARTESIAN_POINT('',(-5.743897602766,14.933440338011));
#2253 = ( GEOMETRIC_REPRESENTATION_CONTEXT(2) 
PARAMETRIC_REPRESENTATION_CONTEXT() REPRESENTATION_CONTEXT('2D SPACE',''
  ) );
#2254 = PCURVE('',#775,#2255);
#2255 = DEFINITIONAL_REPRESENTATION('',(#2256),#2260);
#2256 = LINE('',#2257,#2258);
#2257 = CARTESIAN_POINT('',(-6.728579390843,-5.));
#2258 = VECTOR('',#2259,1.);
#2259 = DIRECTION('',(1.,-0.));
#2260 = ( GEOMETRIC_REPRESENTATION_CONTEXT(2) 
PARAMETRIC_REPRESENTATION_CONTEXT() REPRESENTATION_CONTEXT('2D SPACE',''
  ) );
#2261 = ORIENTED_EDGE('',*,*,#2262,.T.);
#2262 = EDGE_CURVE('',#2235,#2263,#2265,.T.);
#2263 = VERTEX_POINT('',#2264);
#2264 = CARTESIAN_POINT('',(-105.5922160734,11.991870523591,3.6499999));
#2265 = SURFACE_CURVE('',#2266,(#2289,#2315),.PCURVE_S1.);
#2266 = B_SPLINE_CURVE_WITH_KNOTS('',6,(#2267,#2268,#2269,#2270,#2271,
    #2272,#2273,#2274,#2275,#2276,#2277,#2278,#2279,#2280,#2281,#2282,
    #2283,#2284,#2285,#2286,#2287,#2288),.UNSPECIFIED.,.F.,.F.,(7,5,5,5,
    7),(0.,0.249589904412,0.5,0.750410095588,1.),.UNSPECIFIED.);
#2267 = CARTESIAN_POINT('',(-104.6631301721,11.989859372764,3.6499999));
#2268 = CARTESIAN_POINT('',(-104.6921019901,12.015673832534,3.6499999));
#2269 = CARTESIAN_POINT('',(-104.7234930735,12.040186539814,3.6499999));
#2270 = CARTESIAN_POINT('',(-104.7572513136,12.063037311459,3.6499999));
#2271 = CARTESIAN_POINT('',(-104.7932429718,12.083848564959,3.6499999));
#2272 = CARTESIAN_POINT('',(-104.8312305966,12.102260467759,3.6499999));
#2273 = CARTESIAN_POINT('',(-104.910681705,12.133749652762,3.6499999));
#2274 = CARTESIAN_POINT('',(-104.9521569241,12.146809418664,3.6499999));
#2275 = CARTESIAN_POINT('',(-104.9949901845,12.156861414141,3.6499999));
#2276 = CARTESIAN_POINT('',(-105.0387701959,12.163674140821,3.6499999));
#2277 = CARTESIAN_POINT('',(-105.0830273796,12.167128731907,3.6499999));
#2278 = CARTESIAN_POINT('',(-105.1715553503,12.167320364458,3.6499999));
#2279 = CARTESIAN_POINT('',(-105.2158270753,12.164057407954,3.6499999));
#2280 = CARTESIAN_POINT('',(-105.2596361707,12.157434281508,3.6499999));
#2281 = CARTESIAN_POINT('',(-105.3025125477,12.147567817862,3.6499999));
#2282 = CARTESIAN_POINT('',(-105.3440439176,12.134687732622,3.6499999));
#2283 = CARTESIAN_POINT('',(-105.4236306072,12.10354280965,3.6499999));
#2284 = CARTESIAN_POINT('',(-105.4616975865,12.08529553886,3.6499999));
#2285 = CARTESIAN_POINT('',(-105.4977790054,12.064640298736,3.6499999));
#2286 = CARTESIAN_POINT('',(-105.5316358567,12.041935890465,3.6499999));
#2287 = CARTESIAN_POINT('',(-105.5631327686,12.017559314025,3.6499999));
#2288 = CARTESIAN_POINT('',(-105.5922160734,11.991870523591,3.6499999));
#2289 = PCURVE('',#132,#2290);
#2290 = DEFINITIONAL_REPRESENTATION('',(#2291),#2314);
#2291 = B_SPLINE_CURVE_WITH_KNOTS('',6,(#2292,#2293,#2294,#2295,#2296,
    #2297,#2298,#2299,#2300,#2301,#2302,#2303,#2304,#2305,#2306,#2307,
    #2308,#2309,#2310,#2311,#2312,#2313),.UNSPECIFIED.,.F.,.F.,(7,5,5,5,
    7),(0.,0.249589904412,0.5,0.750410095588,1.),.UNSPECIFIED.);
#2292 = CARTESIAN_POINT('',(-9.663130172017,11.989859372764));
#2293 = CARTESIAN_POINT('',(-9.692101990049,12.015673832534));
#2294 = CARTESIAN_POINT('',(-9.723493073497,12.040186539814));
#2295 = CARTESIAN_POINT('',(-9.757251313565,12.063037311459));
#2296 = CARTESIAN_POINT('',(-9.793242971793,12.083848564959));
#2297 = CARTESIAN_POINT('',(-9.831230596602,12.102260467759));
#2298 = CARTESIAN_POINT('',(-9.910681704955,12.133749652762));
#2299 = CARTESIAN_POINT('',(-9.95215692403,12.146809418664));
#2300 = CARTESIAN_POINT('',(-9.994990184426,12.156861414141));
#2301 = CARTESIAN_POINT('',(-10.03877019581,12.163674140821));
#2302 = CARTESIAN_POINT('',(-10.08302737959,12.167128731907));
#2303 = CARTESIAN_POINT('',(-10.17155535029,12.167320364458));
#2304 = CARTESIAN_POINT('',(-10.21582707524,12.164057407954));
#2305 = CARTESIAN_POINT('',(-10.25963617062,12.157434281508));
#2306 = CARTESIAN_POINT('',(-10.30251254762,12.147567817862));
#2307 = CARTESIAN_POINT('',(-10.34404391753,12.134687732622));
#2308 = CARTESIAN_POINT('',(-10.42363060715,12.10354280965));
#2309 = CARTESIAN_POINT('',(-10.46169758643,12.08529553886));
#2310 = CARTESIAN_POINT('',(-10.49777900533,12.064640298736));
#2311 = CARTESIAN_POINT('',(-10.53163585667,12.041935890465));
#2312 = CARTESIAN_POINT('',(-10.56313276857,12.017559314025));
#2313 = CARTESIAN_POINT('',(-10.59221607339,11.991870523591));
#2314 = ( GEOMETRIC_REPRESENTATION_CONTEXT(2) 
PARAMETRIC_REPRESENTATION_CONTEXT() REPRESENTATION_CONTEXT('2D SPACE',''
  ) );
#2315 = PCURVE('',#841,#2316);
#2316 = DEFINITIONAL_REPRESENTATION('',(#2317),#2340);
#2317 = B_SPLINE_CURVE_WITH_KNOTS('',6,(#2318,#2319,#2320,#2321,#2322,
    #2323,#2324,#2325,#2326,#2327,#2328,#2329,#2330,#2331,#2332,#2333,
    #2334,#2335,#2336,#2337,#2338,#2339),.UNSPECIFIED.,.F.,.F.,(7,5,5,5,
    7),(0.,0.249589904412,0.5,0.750410095588,1.),.UNSPECIFIED.);
#2318 = CARTESIAN_POINT('',(0.,-3.972516759987E-15));
#2319 = CARTESIAN_POINT('',(0.187945717102,-3.889011350698E-15));
#2320 = CARTESIAN_POINT('',(0.375699223068,-5.323214475423E-15));
#2321 = CARTESIAN_POINT('',(0.563264279737,-9.10374787054E-16));
#2322 = CARTESIAN_POINT('',(0.750654145324,-8.61866366704E-15));
#2323 = CARTESIAN_POINT('',(0.937891655301,-3.42922251295E-15));
#2324 = CARTESIAN_POINT('',(1.312723211769,-3.34752193652E-15));
#2325 = CARTESIAN_POINT('',(1.50031990152,-6.39721111651E-15));
#2326 = CARTESIAN_POINT('',(1.687810659603,-2.480039905644E-15));
#2327 = CARTESIAN_POINT('',(1.875229582187,-6.497424925661E-15));
#2328 = CARTESIAN_POINT('',(2.062615880487,-3.442903363346E-15));
#2329 = CARTESIAN_POINT('',(2.437384119513,-3.442903363346E-15));
#2330 = CARTESIAN_POINT('',(2.624770417813,-1.006735884752E-14));
#2331 = CARTESIAN_POINT('',(2.812189340396,6.824106256539E-15));
#2332 = CARTESIAN_POINT('',(2.99968009848,-1.603745819746E-14));
#2333 = CARTESIAN_POINT('',(3.187276788231,1.855575168451E-16));
#2334 = CARTESIAN_POINT('',(3.562108344699,1.038569404157E-16));
#2335 = CARTESIAN_POINT('',(3.749345854676,-2.174859225129E-14));
#2336 = CARTESIAN_POINT('',(3.936735720263,1.389138881232E-14));
#2337 = CARTESIAN_POINT('',(4.124300776932,-1.031669704198E-14));
#2338 = CARTESIAN_POINT('',(4.312054282898,-3.212469195067E-15));
#2339 = CARTESIAN_POINT('',(4.5,-3.295974604356E-15));
#2340 = ( GEOMETRIC_REPRESENTATION_CONTEXT(2) 
PARAMETRIC_REPRESENTATION_CONTEXT() REPRESENTATION_CONTEXT('2D SPACE',''
  ) );
#2341 = ORIENTED_EDGE('',*,*,#2342,.T.);
#2342 = EDGE_CURVE('',#2263,#2343,#2345,.T.);
#2343 = VERTEX_POINT('',#2344);
#2344 = CARTESIAN_POINT('',(-110.6813725491,3.177192940137,3.6499999));
#2345 = SURFACE_CURVE('',#2346,(#2351,#2358),.PCURVE_S1.);
#2346 = CIRCLE('',#2347,16.);
#2347 = AXIS2_PLACEMENT_3D('',#2348,#2349,#2350);
#2348 = CARTESIAN_POINT('',(-95.00000000009,0.,3.6499999));
#2349 = DIRECTION('',(0.,0.,1.));
#2350 = DIRECTION('',(1.,0.,0.));
#2351 = PCURVE('',#132,#2352);
#2352 = DEFINITIONAL_REPRESENTATION('',(#2353),#2357);
#2353 = CIRCLE('',#2354,16.);
#2354 = AXIS2_PLACEMENT_2D('',#2355,#2356);
#2355 = CARTESIAN_POINT('',(0.,-3.057510672446E-17));
#2356 = DIRECTION('',(1.,0.));
#2357 = ( GEOMETRIC_REPRESENTATION_CONTEXT(2) 
PARAMETRIC_REPRESENTATION_CONTEXT() REPRESENTATION_CONTEXT('2D SPACE',''
  ) );
#2358 = PCURVE('',#900,#2359);
#2359 = DEFINITIONAL_REPRESENTATION('',(#2360),#2364);
#2360 = LINE('',#2361,#2362);
#2361 = CARTESIAN_POINT('',(-0.,-4.5));
#2362 = VECTOR('',#2363,1.);
#2363 = DIRECTION('',(-1.,0.));
#2364 = ( GEOMETRIC_REPRESENTATION_CONTEXT(2) 
PARAMETRIC_REPRESENTATION_CONTEXT() REPRESENTATION_CONTEXT('2D SPACE',''
  ) );
#2365 = ORIENTED_EDGE('',*,*,#2366,.F.);
#2366 = EDGE_CURVE('',#2367,#2343,#2369,.T.);
#2367 = VERTEX_POINT('',#2368);
#2368 = CARTESIAN_POINT('',(-110.2150878907,2.373586522661,3.6499999));
#2369 = SURFACE_CURVE('',#2370,(#2393,#2419),.PCURVE_S1.);
#2370 = B_SPLINE_CURVE_WITH_KNOTS('',6,(#2371,#2372,#2373,#2374,#2375,
    #2376,#2377,#2378,#2379,#2380,#2381,#2382,#2383,#2384,#2385,#2386,
    #2387,#2388,#2389,#2390,#2391,#2392),.UNSPECIFIED.,.F.,.F.,(7,5,5,5,
    7),(0.,0.249589904412,0.5,0.750410095589,1.),.UNSPECIFIED.);
#2371 = CARTESIAN_POINT('',(-110.2150878907,2.373586522661,3.6499999));
#2372 = CARTESIAN_POINT('',(-110.2519297776,2.385769623185,3.6499999));
#2373 = CARTESIAN_POINT('',(-110.2888539466,2.400698745263,3.6499999));
#2374 = CARTESIAN_POINT('',(-110.3255224154,2.418508852927,3.6499999));
#2375 = CARTESIAN_POINT('',(-110.3615413187,2.439272916527,3.6499999));
#2376 = CARTESIAN_POINT('',(-110.3964803066,2.46296521324,3.6499999));
#2377 = CARTESIAN_POINT('',(-110.463476295,2.516027298932,3.6499999));
#2378 = CARTESIAN_POINT('',(-110.4955239936,2.545416009327,3.6499999));
#2379 = CARTESIAN_POINT('',(-110.5256459072,2.577484703219,3.6499999));
#2380 = CARTESIAN_POINT('',(-110.5534359073,2.61199294192,3.6499999));
#2381 = CARTESIAN_POINT('',(-110.5785562628,2.648593491829,3.6499999));
#2382 = CARTESIAN_POINT('',(-110.6229862068,2.725165147122,3.6499999));
#2383 = CARTESIAN_POINT('',(-110.642296266,2.765137063852,3.6499999));
#2384 = CARTESIAN_POINT('',(-110.658465018,2.806388416593,3.6499999));
#2385 = CARTESIAN_POINT('',(-110.6713585983,2.848453680118,3.6499999));
#2386 = CARTESIAN_POINT('',(-110.6809698023,2.890860944138,3.6499999));
#2387 = CARTESIAN_POINT('',(-110.6937908526,2.975357500632,3.6499999));
#2388 = CARTESIAN_POINT('',(-110.6970217422,3.017448107136,3.6499999));
#2389 = CARTESIAN_POINT('',(-110.6971744889,3.059023152567,3.6499999));
#2390 = CARTESIAN_POINT('',(-110.6944403203,3.099696250052,3.6499999));
#2391 = CARTESIAN_POINT('',(-110.6890780418,3.139161664118,3.6499999));
#2392 = CARTESIAN_POINT('',(-110.6813725491,3.177192940137,3.6499999));
#2393 = PCURVE('',#132,#2394);
#2394 = DEFINITIONAL_REPRESENTATION('',(#2395),#2418);
#2395 = B_SPLINE_CURVE_WITH_KNOTS('',6,(#2396,#2397,#2398,#2399,#2400,
    #2401,#2402,#2403,#2404,#2405,#2406,#2407,#2408,#2409,#2410,#2411,
    #2412,#2413,#2414,#2415,#2416,#2417),.UNSPECIFIED.,.F.,.F.,(7,5,5,5,
    7),(0.,0.249589904412,0.5,0.750410095589,1.),.UNSPECIFIED.);
#2396 = CARTESIAN_POINT('',(-15.21508789062,2.373586522661));
#2397 = CARTESIAN_POINT('',(-15.25192977758,2.385769623185));
#2398 = CARTESIAN_POINT('',(-15.28885394653,2.400698745263));
#2399 = CARTESIAN_POINT('',(-15.3255224153,2.418508852927));
#2400 = CARTESIAN_POINT('',(-15.36154131863,2.439272916527));
#2401 = CARTESIAN_POINT('',(-15.39648030659,2.46296521324));
#2402 = CARTESIAN_POINT('',(-15.46347629493,2.516027298932));
#2403 = CARTESIAN_POINT('',(-15.4955239935,2.545416009327));
#2404 = CARTESIAN_POINT('',(-15.52564590714,2.577484703219));
#2405 = CARTESIAN_POINT('',(-15.55343590721,2.61199294192));
#2406 = CARTESIAN_POINT('',(-15.57855626274,2.648593491829));
#2407 = CARTESIAN_POINT('',(-15.62298620675,2.725165147122));
#2408 = CARTESIAN_POINT('',(-15.642296266,2.765137063852));
#2409 = CARTESIAN_POINT('',(-15.65846501793,2.806388416593));
#2410 = CARTESIAN_POINT('',(-15.67135859827,2.848453680118));
#2411 = CARTESIAN_POINT('',(-15.68096980221,2.890860944138));
#2412 = CARTESIAN_POINT('',(-15.69379085252,2.975357500632));
#2413 = CARTESIAN_POINT('',(-15.69702174211,3.017448107136));
#2414 = CARTESIAN_POINT('',(-15.69717448889,3.059023152567));
#2415 = CARTESIAN_POINT('',(-15.69444032022,3.099696250052));
#2416 = CARTESIAN_POINT('',(-15.68907804171,3.139161664118));
#2417 = CARTESIAN_POINT('',(-15.68137254902,3.177192940137));
#2418 = ( GEOMETRIC_REPRESENTATION_CONTEXT(2) 
PARAMETRIC_REPRESENTATION_CONTEXT() REPRESENTATION_CONTEXT('2D SPACE',''
  ) );
#2419 = PCURVE('',#966,#2420);
#2420 = DEFINITIONAL_REPRESENTATION('',(#2421),#2444);
#2421 = B_SPLINE_CURVE_WITH_KNOTS('',6,(#2422,#2423,#2424,#2425,#2426,
    #2427,#2428,#2429,#2430,#2431,#2432,#2433,#2434,#2435,#2436,#2437,
    #2438,#2439,#2440,#2441,#2442,#2443),.UNSPECIFIED.,.F.,.F.,(7,5,5,5,
    7),(0.,0.249589904412,0.5,0.750410095589,1.),.UNSPECIFIED.);
#2422 = CARTESIAN_POINT('',(0.,-2.25947732746E-15));
#2423 = CARTESIAN_POINT('',(0.187945717102,-2.258173192069E-15));
#2424 = CARTESIAN_POINT('',(0.375699223067,7.493215421685E-15));
#2425 = CARTESIAN_POINT('',(0.563264279737,-1.559680860982E-14));
#2426 = CARTESIAN_POINT('',(0.750654145323,6.039620143028E-15));
#2427 = CARTESIAN_POINT('',(0.937891655301,-2.308693316865E-15));
#2428 = CARTESIAN_POINT('',(1.312723211769,-2.472177248247E-15));
#2429 = CARTESIAN_POINT('',(1.500319901519,-3.791841549922E-15));
#2430 = CARTESIAN_POINT('',(1.687810659604,6.765406727588E-15));
#2431 = CARTESIAN_POINT('',(1.875229582187,-1.298125339544E-14));
#2432 = CARTESIAN_POINT('',(2.062615880487,8.125161265998E-16));
#2433 = CARTESIAN_POINT('',(2.437384119513,7.094092658976E-16));
#2434 = CARTESIAN_POINT('',(2.624770417814,-1.39368162103E-14));
#2435 = CARTESIAN_POINT('',(2.812189340396,6.825540138697E-15));
#2436 = CARTESIAN_POINT('',(2.999680098481,-5.64673484613E-15));
#2437 = CARTESIAN_POINT('',(3.187276788231,-2.998754383089E-15));
#2438 = CARTESIAN_POINT('',(3.562108344698,-3.08049634878E-15));
#2439 = CARTESIAN_POINT('',(3.749345854678,7.653491865377E-16));
#2440 = CARTESIAN_POINT('',(3.936735720261,-7.250190980751E-15));
#2441 = CARTESIAN_POINT('',(4.124300776934,-3.680605657629E-16));
#2442 = CARTESIAN_POINT('',(4.312054282897,-3.022991399603E-15));
#2443 = CARTESIAN_POINT('',(4.5,-3.106456064605E-15));
#2444 = ( GEOMETRIC_REPRESENTATION_CONTEXT(2) 
PARAMETRIC_REPRESENTATION_CONTEXT() REPRESENTATION_CONTEXT('2D SPACE',''
  ) );
#2445 = ORIENTED_EDGE('',*,*,#2446,.T.);
#2446 = EDGE_CURVE('',#2367,#2447,#2449,.T.);
#2447 = VERTEX_POINT('',#2448);
#2448 = CARTESIAN_POINT('',(-110.2150878907,-2.373586522661,3.6499999));
#2449 = SURFACE_CURVE('',#2450,(#2455,#2466),.PCURVE_S1.);
#2450 = CIRCLE('',#2451,2.5);
#2451 = AXIS2_PLACEMENT_3D('',#2452,#2453,#2454);
#2452 = CARTESIAN_POINT('',(-111.,1.959434878636E-15,3.6499999));
#2453 = DIRECTION('',(0.,0.,-1.));
#2454 = DIRECTION('',(7.8125E-02,0.996943571309,0.));
#2455 = PCURVE('',#132,#2456);
#2456 = DEFINITIONAL_REPRESENTATION('',(#2457),#2465);
#2457 = ( BOUNDED_CURVE() B_SPLINE_CURVE(2,(#2458,#2459,#2460,#2461,
#2462,#2463,#2464),.UNSPECIFIED.,.T.,.F.) B_SPLINE_CURVE_WITH_KNOTS((1,2
    ,2,2,2,1),(-2.094395102393,0.,2.094395102393,4.188790204786,
6.28318530718,8.377580409573),.UNSPECIFIED.) CURVE() 
GEOMETRIC_REPRESENTATION_ITEM() RATIONAL_B_SPLINE_CURVE((1.,0.5,1.,0.5,
1.,0.5,1.)) REPRESENTATION_ITEM('') );
#2458 = CARTESIAN_POINT('',(-15.8046875,2.492358928273));
#2459 = CARTESIAN_POINT('',(-11.48779520553,2.15406775492));
#2460 = CARTESIAN_POINT('',(-13.93921010276,-1.415325050813));
#2461 = CARTESIAN_POINT('',(-16.390625,-4.984717856547));
#2462 = CARTESIAN_POINT('',(-18.25610239723,-1.07703387746));
#2463 = CARTESIAN_POINT('',(-20.12157979446,2.830650101627));
#2464 = CARTESIAN_POINT('',(-15.8046875,2.492358928273));
#2465 = ( GEOMETRIC_REPRESENTATION_CONTEXT(2) 
PARAMETRIC_REPRESENTATION_CONTEXT() REPRESENTATION_CONTEXT('2D SPACE',''
  ) );
#2466 = PCURVE('',#1025,#2467);
#2467 = DEFINITIONAL_REPRESENTATION('',(#2468),#2472);
#2468 = LINE('',#2469,#2470);
#2469 = CARTESIAN_POINT('',(-7.77577694204,-5.));
#2470 = VECTOR('',#2471,1.);
#2471 = DIRECTION('',(1.,-0.));
#2472 = ( GEOMETRIC_REPRESENTATION_CONTEXT(2) 
PARAMETRIC_REPRESENTATION_CONTEXT() REPRESENTATION_CONTEXT('2D SPACE',''
  ) );
#2473 = ORIENTED_EDGE('',*,*,#2474,.F.);
#2474 = EDGE_CURVE('',#2475,#2447,#2477,.T.);
#2475 = VERTEX_POINT('',#2476);
#2476 = CARTESIAN_POINT('',(-110.6813725491,-3.177192940137,3.6499999));
#2477 = SURFACE_CURVE('',#2478,(#2501,#2527),.PCURVE_S1.);
#2478 = B_SPLINE_CURVE_WITH_KNOTS('',6,(#2479,#2480,#2481,#2482,#2483,
    #2484,#2485,#2486,#2487,#2488,#2489,#2490,#2491,#2492,#2493,#2494,
    #2495,#2496,#2497,#2498,#2499,#2500),.UNSPECIFIED.,.F.,.F.,(7,5,5,5,
    7),(0.,0.249589904412,0.5,0.750410095588,1.),.UNSPECIFIED.);
#2479 = CARTESIAN_POINT('',(-110.6813725491,-3.177192940137,3.6499999));
#2480 = CARTESIAN_POINT('',(-110.6890780418,-3.139161664118,3.6499999));
#2481 = CARTESIAN_POINT('',(-110.6944403203,-3.099696250051,3.6499999));
#2482 = CARTESIAN_POINT('',(-110.6971744889,-3.059023152567,3.6499999));
#2483 = CARTESIAN_POINT('',(-110.6970217422,-3.017448107136,3.6499999));
#2484 = CARTESIAN_POINT('',(-110.6937908526,-2.975357500632,3.6499999));
#2485 = CARTESIAN_POINT('',(-110.6809698023,-2.890860944138,3.6499999));
#2486 = CARTESIAN_POINT('',(-110.6713585983,-2.848453680118,3.6499999));
#2487 = CARTESIAN_POINT('',(-110.658465018,-2.806388416593,3.6499999));
#2488 = CARTESIAN_POINT('',(-110.642296266,-2.765137063852,3.6499999));
#2489 = CARTESIAN_POINT('',(-110.6229862068,-2.725165147122,3.6499999));
#2490 = CARTESIAN_POINT('',(-110.5785562628,-2.648593491829,3.6499999));
#2491 = CARTESIAN_POINT('',(-110.5534359073,-2.61199294192,3.6499999));
#2492 = CARTESIAN_POINT('',(-110.5256459072,-2.577484703219,3.6499999));
#2493 = CARTESIAN_POINT('',(-110.4955239936,-2.545416009327,3.6499999));
#2494 = CARTESIAN_POINT('',(-110.463476295,-2.516027298932,3.6499999));
#2495 = CARTESIAN_POINT('',(-110.3964803066,-2.46296521324,3.6499999));
#2496 = CARTESIAN_POINT('',(-110.3615413187,-2.439272916527,3.6499999));
#2497 = CARTESIAN_POINT('',(-110.3255224154,-2.418508852927,3.6499999));
#2498 = CARTESIAN_POINT('',(-110.2888539466,-2.400698745263,3.6499999));
#2499 = CARTESIAN_POINT('',(-110.2519297776,-2.385769623185,3.6499999));
#2500 = CARTESIAN_POINT('',(-110.2150878907,-2.373586522661,3.6499999));
#2501 = PCURVE('',#132,#2502);
#2502 = DEFINITIONAL_REPRESENTATION('',(#2503),#2526);
#2503 = B_SPLINE_CURVE_WITH_KNOTS('',6,(#2504,#2505,#2506,#2507,#2508,
    #2509,#2510,#2511,#2512,#2513,#2514,#2515,#2516,#2517,#2518,#2519,
    #2520,#2521,#2522,#2523,#2524,#2525),.UNSPECIFIED.,.F.,.F.,(7,5,5,5,
    7),(0.,0.249589904412,0.5,0.750410095588,1.),.UNSPECIFIED.);
#2504 = CARTESIAN_POINT('',(-15.68137254902,-3.177192940137));
#2505 = CARTESIAN_POINT('',(-15.68907804171,-3.139161664118));
#2506 = CARTESIAN_POINT('',(-15.69444032022,-3.099696250051));
#2507 = CARTESIAN_POINT('',(-15.69717448889,-3.059023152567));
#2508 = CARTESIAN_POINT('',(-15.69702174211,-3.017448107136));
#2509 = CARTESIAN_POINT('',(-15.69379085252,-2.975357500632));
#2510 = CARTESIAN_POINT('',(-15.68096980221,-2.890860944138));
#2511 = CARTESIAN_POINT('',(-15.67135859827,-2.848453680118));
#2512 = CARTESIAN_POINT('',(-15.65846501793,-2.806388416593));
#2513 = CARTESIAN_POINT('',(-15.642296266,-2.765137063852));
#2514 = CARTESIAN_POINT('',(-15.62298620675,-2.725165147122));
#2515 = CARTESIAN_POINT('',(-15.57855626274,-2.648593491829));
#2516 = CARTESIAN_POINT('',(-15.55343590721,-2.61199294192));
#2517 = CARTESIAN_POINT('',(-15.52564590714,-2.577484703219));
#2518 = CARTESIAN_POINT('',(-15.4955239935,-2.545416009327));
#2519 = CARTESIAN_POINT('',(-15.46347629493,-2.516027298932));
#2520 = CARTESIAN_POINT('',(-15.39648030659,-2.46296521324));
#2521 = CARTESIAN_POINT('',(-15.36154131863,-2.439272916527));
#2522 = CARTESIAN_POINT('',(-15.3255224153,-2.418508852927));
#2523 = CARTESIAN_POINT('',(-15.28885394653,-2.400698745263));
#2524 = CARTESIAN_POINT('',(-15.25192977758,-2.385769623185));
#2525 = CARTESIAN_POINT('',(-15.21508789062,-2.373586522661));
#2526 = ( GEOMETRIC_REPRESENTATION_CONTEXT(2) 
PARAMETRIC_REPRESENTATION_CONTEXT() REPRESENTATION_CONTEXT('2D SPACE',''
  ) );
#2527 = PCURVE('',#1091,#2528);
#2528 = DEFINITIONAL_REPRESENTATION('',(#2529),#2552);
#2529 = B_SPLINE_CURVE_WITH_KNOTS('',6,(#2530,#2531,#2532,#2533,#2534,
    #2535,#2536,#2537,#2538,#2539,#2540,#2541,#2542,#2543,#2544,#2545,
    #2546,#2547,#2548,#2549,#2550,#2551),.UNSPECIFIED.,.F.,.F.,(7,5,5,5,
    7),(0.,0.249589904412,0.5,0.750410095588,1.),.UNSPECIFIED.);
#2530 = CARTESIAN_POINT('',(0.,-4.198030811864E-16));
#2531 = CARTESIAN_POINT('',(0.187945717102,-3.363282282478E-16));
#2532 = CARTESIAN_POINT('',(0.375699223068,-8.18292750719E-15));
#2533 = CARTESIAN_POINT('',(0.563264279737,4.957003806449E-15));
#2534 = CARTESIAN_POINT('',(0.750654145324,-3.908127823006E-15));
#2535 = CARTESIAN_POINT('',(0.937891655301,-2.780713399298E-15));
#2536 = CARTESIAN_POINT('',(1.312723211769,-2.780713399298E-15));
#2537 = CARTESIAN_POINT('',(1.500319901519,-4.24120493849E-15));
#2538 = CARTESIAN_POINT('',(1.687810659603,6.088502056546E-15));
#2539 = CARTESIAN_POINT('',(1.875229582187,-1.276366836995E-14));
#2540 = CARTESIAN_POINT('',(2.062615880487,6.40930483436E-16));
#2541 = CARTESIAN_POINT('',(2.437384119513,6.357295293377E-16));
#2542 = CARTESIAN_POINT('',(2.624770417814,-1.191517318851E-14));
#2543 = CARTESIAN_POINT('',(2.812189340396,2.176698216485E-15));
#2544 = CARTESIAN_POINT('',(2.999680098481,-1.131941228407E-15));
#2545 = CARTESIAN_POINT('',(3.187276788231,-2.79412132196E-15));
#2546 = CARTESIAN_POINT('',(3.562108344699,-2.788919489156E-15));
#2547 = CARTESIAN_POINT('',(3.749345854676,7.077990165299E-16));
#2548 = CARTESIAN_POINT('',(3.936735720263,-6.370740350077E-15));
#2549 = CARTESIAN_POINT('',(4.124300776932,2.662060326072E-15));
#2550 = CARTESIAN_POINT('',(4.312054282898,-2.624206031068E-15));
#2551 = CARTESIAN_POINT('',(4.5,-2.622901895677E-15));
#2552 = ( GEOMETRIC_REPRESENTATION_CONTEXT(2) 
PARAMETRIC_REPRESENTATION_CONTEXT() REPRESENTATION_CONTEXT('2D SPACE',''
  ) );
#2553 = ORIENTED_EDGE('',*,*,#2554,.T.);
#2554 = EDGE_CURVE('',#2475,#2555,#2557,.T.);
#2555 = VERTEX_POINT('',#2556);
#2556 = CARTESIAN_POINT('',(-105.5922160734,-11.99187052359,3.6499999));
#2557 = SURFACE_CURVE('',#2558,(#2563,#2570),.PCURVE_S1.);
#2558 = CIRCLE('',#2559,16.);
#2559 = AXIS2_PLACEMENT_3D('',#2560,#2561,#2562);
#2560 = CARTESIAN_POINT('',(-95.00000000009,0.,3.6499999));
#2561 = DIRECTION('',(0.,0.,1.));
#2562 = DIRECTION('',(1.,0.,0.));
#2563 = PCURVE('',#132,#2564);
#2564 = DEFINITIONAL_REPRESENTATION('',(#2565),#2569);
#2565 = CIRCLE('',#2566,16.);
#2566 = AXIS2_PLACEMENT_2D('',#2567,#2568);
#2567 = CARTESIAN_POINT('',(0.,-3.057510672446E-17));
#2568 = DIRECTION('',(1.,0.));
#2569 = ( GEOMETRIC_REPRESENTATION_CONTEXT(2) 
PARAMETRIC_REPRESENTATION_CONTEXT() REPRESENTATION_CONTEXT('2D SPACE',''
  ) );
#2570 = PCURVE('',#1150,#2571);
#2571 = DEFINITIONAL_REPRESENTATION('',(#2572),#2576);
#2572 = LINE('',#2573,#2574);
#2573 = CARTESIAN_POINT('',(-0.,-4.5));
#2574 = VECTOR('',#2575,1.);
#2575 = DIRECTION('',(-1.,0.));
#2576 = ( GEOMETRIC_REPRESENTATION_CONTEXT(2) 
PARAMETRIC_REPRESENTATION_CONTEXT() REPRESENTATION_CONTEXT('2D SPACE',''
  ) );
#2577 = ORIENTED_EDGE('',*,*,#2578,.F.);
#2578 = EDGE_CURVE('',#2579,#2555,#2581,.T.);
#2579 = VERTEX_POINT('',#2580);
#2580 = CARTESIAN_POINT('',(-104.6631301721,-11.98985937276,3.6499999));
#2581 = SURFACE_CURVE('',#2582,(#2605,#2631),.PCURVE_S1.);
#2582 = B_SPLINE_CURVE_WITH_KNOTS('',6,(#2583,#2584,#2585,#2586,#2587,
    #2588,#2589,#2590,#2591,#2592,#2593,#2594,#2595,#2596,#2597,#2598,
    #2599,#2600,#2601,#2602,#2603,#2604),.UNSPECIFIED.,.F.,.F.,(7,5,5,5,
    7),(0.,0.249589904412,0.5,0.750410095589,1.),.UNSPECIFIED.);
#2583 = CARTESIAN_POINT('',(-104.6631301721,-11.98985937276,3.6499999));
#2584 = CARTESIAN_POINT('',(-104.6921019901,-12.01567383253,3.6499999));
#2585 = CARTESIAN_POINT('',(-104.7234930735,-12.04018653981,3.6499999));
#2586 = CARTESIAN_POINT('',(-104.7572513136,-12.06303731145,3.6499999));
#2587 = CARTESIAN_POINT('',(-104.7932429718,-12.08384856495,3.6499999));
#2588 = CARTESIAN_POINT('',(-104.8312305966,-12.10226046775,3.6499999));
#2589 = CARTESIAN_POINT('',(-104.910681705,-12.13374965276,3.6499999));
#2590 = CARTESIAN_POINT('',(-104.9521569241,-12.14680941866,3.6499999));
#2591 = CARTESIAN_POINT('',(-104.9949901845,-12.15686141414,3.6499999));
#2592 = CARTESIAN_POINT('',(-105.0387701959,-12.16367414082,3.6499999));
#2593 = CARTESIAN_POINT('',(-105.0830273796,-12.1671287319,3.6499999));
#2594 = CARTESIAN_POINT('',(-105.1715553503,-12.16732036445,3.6499999));
#2595 = CARTESIAN_POINT('',(-105.2158270753,-12.16405740795,3.6499999));
#2596 = CARTESIAN_POINT('',(-105.2596361707,-12.1574342815,3.6499999));
#2597 = CARTESIAN_POINT('',(-105.3025125477,-12.14756781786,3.6499999));
#2598 = CARTESIAN_POINT('',(-105.3440439176,-12.13468773262,3.6499999));
#2599 = CARTESIAN_POINT('',(-105.4236306072,-12.10354280965,3.6499999));
#2600 = CARTESIAN_POINT('',(-105.4616975865,-12.08529553886,3.6499999));
#2601 = CARTESIAN_POINT('',(-105.4977790054,-12.06464029873,3.6499999));
#2602 = CARTESIAN_POINT('',(-105.5316358567,-12.04193589046,3.6499999));
#2603 = CARTESIAN_POINT('',(-105.5631327686,-12.01755931402,3.6499999));
#2604 = CARTESIAN_POINT('',(-105.5922160734,-11.99187052359,3.6499999));
#2605 = PCURVE('',#132,#2606);
#2606 = DEFINITIONAL_REPRESENTATION('',(#2607),#2630);
#2607 = B_SPLINE_CURVE_WITH_KNOTS('',6,(#2608,#2609,#2610,#2611,#2612,
    #2613,#2614,#2615,#2616,#2617,#2618,#2619,#2620,#2621,#2622,#2623,
    #2624,#2625,#2626,#2627,#2628,#2629),.UNSPECIFIED.,.F.,.F.,(7,5,5,5,
    7),(0.,0.249589904412,0.5,0.750410095589,1.),.UNSPECIFIED.);
#2608 = CARTESIAN_POINT('',(-9.663130172017,-11.98985937276));
#2609 = CARTESIAN_POINT('',(-9.692101990049,-12.01567383253));
#2610 = CARTESIAN_POINT('',(-9.723493073497,-12.04018653981));
#2611 = CARTESIAN_POINT('',(-9.757251313565,-12.06303731145));
#2612 = CARTESIAN_POINT('',(-9.793242971793,-12.08384856495));
#2613 = CARTESIAN_POINT('',(-9.831230596602,-12.10226046775));
#2614 = CARTESIAN_POINT('',(-9.910681704955,-12.13374965276));
#2615 = CARTESIAN_POINT('',(-9.95215692403,-12.14680941866));
#2616 = CARTESIAN_POINT('',(-9.994990184427,-12.15686141414));
#2617 = CARTESIAN_POINT('',(-10.03877019581,-12.16367414082));
#2618 = CARTESIAN_POINT('',(-10.08302737959,-12.1671287319));
#2619 = CARTESIAN_POINT('',(-10.17155535029,-12.16732036445));
#2620 = CARTESIAN_POINT('',(-10.21582707524,-12.16405740795));
#2621 = CARTESIAN_POINT('',(-10.25963617062,-12.1574342815));
#2622 = CARTESIAN_POINT('',(-10.30251254762,-12.14756781786));
#2623 = CARTESIAN_POINT('',(-10.34404391753,-12.13468773262));
#2624 = CARTESIAN_POINT('',(-10.42363060715,-12.10354280965));
#2625 = CARTESIAN_POINT('',(-10.46169758643,-12.08529553886));
#2626 = CARTESIAN_POINT('',(-10.49777900533,-12.06464029873));
#2627 = CARTESIAN_POINT('',(-10.53163585667,-12.04193589046));
#2628 = CARTESIAN_POINT('',(-10.56313276857,-12.01755931402));
#2629 = CARTESIAN_POINT('',(-10.59221607339,-11.99187052359));
#2630 = ( GEOMETRIC_REPRESENTATION_CONTEXT(2) 
PARAMETRIC_REPRESENTATION_CONTEXT() REPRESENTATION_CONTEXT('2D SPACE',''
  ) );
#2631 = PCURVE('',#1216,#2632);
#2632 = DEFINITIONAL_REPRESENTATION('',(#2633),#2656);
#2633 = B_SPLINE_CURVE_WITH_KNOTS('',6,(#2634,#2635,#2636,#2637,#2638,
    #2639,#2640,#2641,#2642,#2643,#2644,#2645,#2646,#2647,#2648,#2649,
    #2650,#2651,#2652,#2653,#2654,#2655),.UNSPECIFIED.,.F.,.F.,(7,5,5,5,
    7),(0.,0.249589904412,0.5,0.750410095589,1.),.UNSPECIFIED.);
#2634 = CARTESIAN_POINT('',(0.,1.314053033052E-16));
#2635 = CARTESIAN_POINT('',(0.187945717102,4.65274151718E-16));
#2636 = CARTESIAN_POINT('',(0.375699223067,4.240306060543E-15));
#2637 = CARTESIAN_POINT('',(0.563264279737,-1.228334812369E-14));
#2638 = CARTESIAN_POINT('',(0.750654145323,1.102397550112E-14));
#2639 = CARTESIAN_POINT('',(0.937891655301,-4.34719730182E-15));
#2640 = CARTESIAN_POINT('',(1.312723211769,-4.183796148961E-15));
#2641 = CARTESIAN_POINT('',(1.500319901519,2.038150212197E-14));
#2642 = CARTESIAN_POINT('',(1.687810659603,-1.630962781329E-14));
#2643 = CARTESIAN_POINT('',(1.875229582187,5.314552138177E-15));
#2644 = CARTESIAN_POINT('',(2.062615880487,3.312221333519E-15));
#2645 = CARTESIAN_POINT('',(2.437384119513,3.312261965973E-15));
#2646 = CARTESIAN_POINT('',(2.624770417814,-2.214678674699E-15));
#2647 = CARTESIAN_POINT('',(2.812189340396,5.709673500025E-15));
#2648 = CARTESIAN_POINT('',(2.999680098481,2.380340426724E-15));
#2649 = CARTESIAN_POINT('',(3.187276788231,-5.901056401744E-16));
#2650 = CARTESIAN_POINT('',(3.562108344698,-8.352073694626E-16));
#2651 = CARTESIAN_POINT('',(3.749345854677,4.09652607219E-15));
#2652 = CARTESIAN_POINT('',(3.936735720262,-7.901941930836E-15));
#2653 = CARTESIAN_POINT('',(4.124300776933,6.645569469799E-15));
#2654 = CARTESIAN_POINT('',(4.312054282898,-1.488219024414E-15));
#2655 = CARTESIAN_POINT('',(4.5,-1.738626603798E-15));
#2656 = ( GEOMETRIC_REPRESENTATION_CONTEXT(2) 
PARAMETRIC_REPRESENTATION_CONTEXT() REPRESENTATION_CONTEXT('2D SPACE',''
  ) );
#2657 = ORIENTED_EDGE('',*,*,#2658,.T.);
#2658 = EDGE_CURVE('',#2579,#2659,#2661,.T.);
#2659 = VERTEX_POINT('',#2660);
#2660 = CARTESIAN_POINT('',(-100.5519577187,-14.36344589542,3.6499999));
#2661 = SURFACE_CURVE('',#2662,(#2667,#2678),.PCURVE_S1.);
#2662 = CIRCLE('',#2663,2.5);
#2663 = AXIS2_PLACEMENT_3D('',#2664,#2665,#2666);
#2664 = CARTESIAN_POINT('',(-103.,-13.85640646055,3.6499999));
#2665 = DIRECTION('',(0.,0.,-1.));
#2666 = DIRECTION('',(-0.824315958893,0.566130020325,0.));
#2667 = PCURVE('',#132,#2668);
#2668 = DEFINITIONAL_REPRESENTATION('',(#2669),#2677);
#2669 = ( BOUNDED_CURVE() B_SPLINE_CURVE(2,(#2670,#2671,#2672,#2673,
#2674,#2675,#2676),.UNSPECIFIED.,.T.,.F.) B_SPLINE_CURVE_WITH_KNOTS((1,2
    ,2,2,2,1),(-2.094395102393,0.,2.094395102393,4.188790204786,
6.28318530718,8.377580409573),.UNSPECIFIED.) CURVE() 
GEOMETRIC_REPRESENTATION_ITEM() RATIONAL_B_SPLINE_CURVE((1.,0.5,1.,0.5,
1.,0.5,1.)) REPRESENTATION_ITEM('') );
#2670 = CARTESIAN_POINT('',(-10.06078989723,-12.44108140973));
#2671 = CARTESIAN_POINT('',(-7.609375,-8.871688604004));
#2672 = CARTESIAN_POINT('',(-5.743897602766,-12.77937258309));
#2673 = CARTESIAN_POINT('',(-3.878420205533,-16.68705656217));
#2674 = CARTESIAN_POINT('',(-8.1953125,-16.34876538882));
#2675 = CARTESIAN_POINT('',(-12.51220479446,-16.01047421547));
#2676 = CARTESIAN_POINT('',(-10.06078989723,-12.44108140973));
#2677 = ( GEOMETRIC_REPRESENTATION_CONTEXT(2) 
PARAMETRIC_REPRESENTATION_CONTEXT() REPRESENTATION_CONTEXT('2D SPACE',''
  ) );
#2678 = PCURVE('',#1275,#2679);
#2679 = DEFINITIONAL_REPRESENTATION('',(#2680),#2684);
#2680 = LINE('',#2681,#2682);
#2681 = CARTESIAN_POINT('',(-8.822974493236,-5.));
#2682 = VECTOR('',#2683,1.);
#2683 = DIRECTION('',(1.,-0.));
#2684 = ( GEOMETRIC_REPRESENTATION_CONTEXT(2) 
PARAMETRIC_REPRESENTATION_CONTEXT() REPRESENTATION_CONTEXT('2D SPACE',''
  ) );
#2685 = ORIENTED_EDGE('',*,*,#2686,.F.);
#2686 = EDGE_CURVE('',#2687,#2659,#2689,.T.);
#2687 = VERTEX_POINT('',#2688);
#2688 = CARTESIAN_POINT('',(-100.0891564757,-15.16906346372,3.6499999));
#2689 = SURFACE_CURVE('',#2690,(#2713,#2739),.PCURVE_S1.);
#2690 = B_SPLINE_CURVE_WITH_KNOTS('',6,(#2691,#2692,#2693,#2694,#2695,
    #2696,#2697,#2698,#2699,#2700,#2701,#2702,#2703,#2704,#2705,#2706,
    #2707,#2708,#2709,#2710,#2711,#2712),.UNSPECIFIED.,.F.,.F.,(7,5,5,5,
    7),(0.,0.249589904412,0.500000000001,0.750410095589,1.),
  .UNSPECIFIED.);
#2691 = CARTESIAN_POINT('',(-100.0891564757,-15.16906346372,3.6499999));
#2692 = CARTESIAN_POINT('',(-100.1259452732,-15.15672097814,3.6499999));
#2693 = CARTESIAN_POINT('',(-100.1628044636,-15.14163214051,3.6499999));
#2694 = CARTESIAN_POINT('',(-100.1993954836,-15.1236634513,3.6499999));
#2695 = CARTESIAN_POINT('',(-100.2353241557,-15.10274364599,3.6499999));
#2696 = CARTESIAN_POINT('',(-100.2701602454,-15.07890031028,3.6499999));
#2697 = CARTESIAN_POINT('',(-100.3369258847,-15.02554867675,3.6499999));
#2698 = CARTESIAN_POINT('',(-100.3688460507,-14.99602149798,3.6499999));
#2699 = CARTESIAN_POINT('',(-100.3988288474,-14.9638226981,3.6499999));
#2700 = CARTESIAN_POINT('',(-100.4264691908,-14.9291944718,3.6499999));
#2701 = CARTESIAN_POINT('',(-100.4514308565,-14.89248551158,3.6499999));
#2702 = CARTESIAN_POINT('',(-100.4955288832,-14.81572222373,3.6499999));
#2703 = CARTESIAN_POINT('',(-100.5146657114,-14.77566708274,3.6499999));
#2704 = CARTESIAN_POINT('',(-100.5306557228,-14.73434611736,3.6499999));
#2705 = CARTESIAN_POINT('',(-100.5433670695,-14.69222542799,3.6499999));
#2706 = CARTESIAN_POINT('',(-100.55279459,-14.64977695169,3.6499999));
#2707 = CARTESIAN_POINT('',(-100.56524971,-14.565225681,3.6499999));
#2708 = CARTESIAN_POINT('',(-100.5682983469,-14.52312148148,3.6499999));
#2709 = CARTESIAN_POINT('',(-100.5682711018,-14.48154616438,3.6499999));
#2710 = CARTESIAN_POINT('',(-100.5653608731,-14.44088528507,3.6499999));
#2711 = CARTESIAN_POINT('',(-100.5598277876,-14.40144345571,3.6499999));
#2712 = CARTESIAN_POINT('',(-100.5519577187,-14.36344589542,3.6499999));
#2713 = PCURVE('',#132,#2714);
#2714 = DEFINITIONAL_REPRESENTATION('',(#2715),#2738);
#2715 = B_SPLINE_CURVE_WITH_KNOTS('',6,(#2716,#2717,#2718,#2719,#2720,
    #2721,#2722,#2723,#2724,#2725,#2726,#2727,#2728,#2729,#2730,#2731,
    #2732,#2733,#2734,#2735,#2736,#2737),.UNSPECIFIED.,.F.,.F.,(7,5,5,5,
    7),(0.,0.249589904412,0.500000000001,0.750410095589,1.),
  .UNSPECIFIED.);
#2716 = CARTESIAN_POINT('',(-5.089156475627,-15.16906346372));
#2717 = CARTESIAN_POINT('',(-5.125945273146,-15.15672097814));
#2718 = CARTESIAN_POINT('',(-5.162804463551,-15.14163214051));
#2719 = CARTESIAN_POINT('',(-5.199395483559,-15.1236634513));
#2720 = CARTESIAN_POINT('',(-5.235324155676,-15.10274364599));
#2721 = CARTESIAN_POINT('',(-5.270160245374,-15.07890031028));
#2722 = CARTESIAN_POINT('',(-5.336925884673,-15.02554867675));
#2723 = CARTESIAN_POINT('',(-5.368846050652,-14.99602149798));
#2724 = CARTESIAN_POINT('',(-5.398828847313,-14.9638226981));
#2725 = CARTESIAN_POINT('',(-5.426469190759,-14.9291944718));
#2726 = CARTESIAN_POINT('',(-5.45143085646,-14.89248551158));
#2727 = CARTESIAN_POINT('',(-5.49552888315,-14.81572222373));
#2728 = CARTESIAN_POINT('',(-5.514665711399,-14.77566708274));
#2729 = CARTESIAN_POINT('',(-5.53065572272,-14.73434611736));
#2730 = CARTESIAN_POINT('',(-5.543367069477,-14.69222542799));
#2731 = CARTESIAN_POINT('',(-5.552794589975,-14.64977695169));
#2732 = CARTESIAN_POINT('',(-5.565249709995,-14.565225681));
#2733 = CARTESIAN_POINT('',(-5.568298346842,-14.52312148148));
#2734 = CARTESIAN_POINT('',(-5.56827110174,-14.48154616438));
#2735 = CARTESIAN_POINT('',(-5.565360873034,-14.44088528507));
#2736 = CARTESIAN_POINT('',(-5.559827787538,-14.40144345571));
#2737 = CARTESIAN_POINT('',(-5.551957718608,-14.36344589542));
#2738 = ( GEOMETRIC_REPRESENTATION_CONTEXT(2) 
PARAMETRIC_REPRESENTATION_CONTEXT() REPRESENTATION_CONTEXT('2D SPACE',''
  ) );
#2739 = PCURVE('',#1341,#2740);
#2740 = DEFINITIONAL_REPRESENTATION('',(#2741),#2764);
#2741 = B_SPLINE_CURVE_WITH_KNOTS('',6,(#2742,#2743,#2744,#2745,#2746,
    #2747,#2748,#2749,#2750,#2751,#2752,#2753,#2754,#2755,#2756,#2757,
    #2758,#2759,#2760,#2761,#2762,#2763),.UNSPECIFIED.,.F.,.F.,(7,5,5,5,
    7),(0.,0.249589904412,0.500000000001,0.750410095589,1.),
  .UNSPECIFIED.);
#2742 = CARTESIAN_POINT('',(0.,-3.140283172387E-15));
#2743 = CARTESIAN_POINT('',(0.187945717102,-3.056808319448E-15));
#2744 = CARTESIAN_POINT('',(0.375699223067,-2.825901409657E-15));
#2745 = CARTESIAN_POINT('',(0.563264279737,-6.803971372114E-15));
#2746 = CARTESIAN_POINT('',(0.750654145324,3.681529390971E-15));
#2747 = CARTESIAN_POINT('',(0.937891655301,-6.438876552068E-15));
#2748 = CARTESIAN_POINT('',(1.312723211769,-6.438876552068E-15));
#2749 = CARTESIAN_POINT('',(1.50031990152,9.821606491094E-15));
#2750 = CARTESIAN_POINT('',(1.687810659602,-1.59506883649E-14));
#2751 = CARTESIAN_POINT('',(1.875229582187,1.030187417214E-15));
#2752 = CARTESIAN_POINT('',(2.062615880487,-2.885308867146E-15));
#2753 = CARTESIAN_POINT('',(2.437384119513,-2.885308867146E-15));
#2754 = CARTESIAN_POINT('',(2.624770417813,-1.249736142977E-16));
#2755 = CARTESIAN_POINT('',(2.812189340396,-8.115715250094E-15));
#2756 = CARTESIAN_POINT('',(2.999680098481,-4.438494116696E-15));
#2757 = CARTESIAN_POINT('',(3.187276788231,-2.836901081187E-15));
#2758 = CARTESIAN_POINT('',(3.562108344698,-2.918601657617E-15));
#2759 = CARTESIAN_POINT('',(3.749345854677,-5.553155770066E-15));
#2760 = CARTESIAN_POINT('',(3.936735720262,3.832768420385E-15));
#2761 = CARTESIAN_POINT('',(4.124300776933,-8.734456791115E-15));
#2762 = CARTESIAN_POINT('',(4.312054282898,-2.807441819777E-15));
#2763 = CARTESIAN_POINT('',(4.5,-2.890916672715E-15));
#2764 = ( GEOMETRIC_REPRESENTATION_CONTEXT(2) 
PARAMETRIC_REPRESENTATION_CONTEXT() REPRESENTATION_CONTEXT('2D SPACE',''
  ) );
#2765 = ORIENTED_EDGE('',*,*,#2766,.T.);
#2766 = EDGE_CURVE('',#2687,#2767,#2769,.T.);
#2767 = VERTEX_POINT('',#2768);
#2768 = CARTESIAN_POINT('',(-89.91084352446,-15.16906346372,3.6499999));
#2769 = SURFACE_CURVE('',#2770,(#2775,#2782),.PCURVE_S1.);
#2770 = CIRCLE('',#2771,16.);
#2771 = AXIS2_PLACEMENT_3D('',#2772,#2773,#2774);
#2772 = CARTESIAN_POINT('',(-95.00000000009,0.,3.6499999));
#2773 = DIRECTION('',(0.,0.,1.));
#2774 = DIRECTION('',(1.,0.,0.));
#2775 = PCURVE('',#132,#2776);
#2776 = DEFINITIONAL_REPRESENTATION('',(#2777),#2781);
#2777 = CIRCLE('',#2778,16.);
#2778 = AXIS2_PLACEMENT_2D('',#2779,#2780);
#2779 = CARTESIAN_POINT('',(0.,-3.057510672446E-17));
#2780 = DIRECTION('',(1.,0.));
#2781 = ( GEOMETRIC_REPRESENTATION_CONTEXT(2) 
PARAMETRIC_REPRESENTATION_CONTEXT() REPRESENTATION_CONTEXT('2D SPACE',''
  ) );
#2782 = PCURVE('',#1400,#2783);
#2783 = DEFINITIONAL_REPRESENTATION('',(#2784),#2788);
#2784 = LINE('',#2785,#2786);
#2785 = CARTESIAN_POINT('',(-0.,-4.5));
#2786 = VECTOR('',#2787,1.);
#2787 = DIRECTION('',(-1.,0.));
#2788 = ( GEOMETRIC_REPRESENTATION_CONTEXT(2) 
PARAMETRIC_REPRESENTATION_CONTEXT() REPRESENTATION_CONTEXT('2D SPACE',''
  ) );
#2789 = ORIENTED_EDGE('',*,*,#2790,.F.);
#2790 = EDGE_CURVE('',#2791,#2767,#2793,.T.);
#2791 = VERTEX_POINT('',#2792);
#2792 = CARTESIAN_POINT('',(-89.44804228148,-14.36344589542,3.6499999));
#2793 = SURFACE_CURVE('',#2794,(#2817,#2843),.PCURVE_S1.);
#2794 = B_SPLINE_CURVE_WITH_KNOTS('',6,(#2795,#2796,#2797,#2798,#2799,
    #2800,#2801,#2802,#2803,#2804,#2805,#2806,#2807,#2808,#2809,#2810,
    #2811,#2812,#2813,#2814,#2815,#2816),.UNSPECIFIED.,.F.,.F.,(7,5,5,5,
    7),(0.,0.249589904412,0.5,0.750410095589,1.),.UNSPECIFIED.);
#2795 = CARTESIAN_POINT('',(-89.44804228148,-14.36344589542,3.6499999));
#2796 = CARTESIAN_POINT('',(-89.44017221255,-14.40144345571,3.6499999));
#2797 = CARTESIAN_POINT('',(-89.43463912706,-14.44088528507,3.6499999));
#2798 = CARTESIAN_POINT('',(-89.43172889835,-14.48154616438,3.6499999));
#2799 = CARTESIAN_POINT('',(-89.43170165325,-14.52312148148,3.6499999));
#2800 = CARTESIAN_POINT('',(-89.4347502901,-14.565225681,3.6499999));
#2801 = CARTESIAN_POINT('',(-89.44720541012,-14.64977695169,3.6499999));
#2802 = CARTESIAN_POINT('',(-89.45663293061,-14.69222542799,3.6499999));
#2803 = CARTESIAN_POINT('',(-89.46934427737,-14.73434611736,3.6499999));
#2804 = CARTESIAN_POINT('',(-89.48533428869,-14.77566708274,3.6499999));
#2805 = CARTESIAN_POINT('',(-89.50447111694,-14.81572222373,3.6499999));
#2806 = CARTESIAN_POINT('',(-89.54856914363,-14.89248551158,3.6499999));
#2807 = CARTESIAN_POINT('',(-89.57353080933,-14.9291944718,3.6499999));
#2808 = CARTESIAN_POINT('',(-89.60117115278,-14.9638226981,3.6499999));
#2809 = CARTESIAN_POINT('',(-89.63115394944,-14.99602149798,3.6499999));
#2810 = CARTESIAN_POINT('',(-89.66307411542,-15.02554867675,3.6499999));
#2811 = CARTESIAN_POINT('',(-89.72983975472,-15.07890031028,3.6499999));
#2812 = CARTESIAN_POINT('',(-89.76467584441,-15.10274364599,3.6499999));
#2813 = CARTESIAN_POINT('',(-89.80060451653,-15.1236634513,3.6499999));
#2814 = CARTESIAN_POINT('',(-89.83719553654,-15.14163214051,3.6499999));
#2815 = CARTESIAN_POINT('',(-89.87405472694,-15.15672097814,3.6499999));
#2816 = CARTESIAN_POINT('',(-89.91084352446,-15.16906346372,3.6499999));
#2817 = PCURVE('',#132,#2818);
#2818 = DEFINITIONAL_REPRESENTATION('',(#2819),#2842);
#2819 = B_SPLINE_CURVE_WITH_KNOTS('',6,(#2820,#2821,#2822,#2823,#2824,
    #2825,#2826,#2827,#2828,#2829,#2830,#2831,#2832,#2833,#2834,#2835,
    #2836,#2837,#2838,#2839,#2840,#2841),.UNSPECIFIED.,.F.,.F.,(7,5,5,5,
    7),(0.,0.249589904412,0.5,0.750410095589,1.),.UNSPECIFIED.);
#2820 = CARTESIAN_POINT('',(5.551957718608,-14.36344589542));
#2821 = CARTESIAN_POINT('',(5.559827787538,-14.40144345571));
#2822 = CARTESIAN_POINT('',(5.565360873034,-14.44088528507));
#2823 = CARTESIAN_POINT('',(5.56827110174,-14.48154616438));
#2824 = CARTESIAN_POINT('',(5.568298346842,-14.52312148148));
#2825 = CARTESIAN_POINT('',(5.565249709995,-14.565225681));
#2826 = CARTESIAN_POINT('',(5.552794589975,-14.64977695169));
#2827 = CARTESIAN_POINT('',(5.543367069477,-14.69222542799));
#2828 = CARTESIAN_POINT('',(5.53065572272,-14.73434611736));
#2829 = CARTESIAN_POINT('',(5.514665711399,-14.77566708274));
#2830 = CARTESIAN_POINT('',(5.49552888315,-14.81572222373));
#2831 = CARTESIAN_POINT('',(5.45143085646,-14.89248551158));
#2832 = CARTESIAN_POINT('',(5.426469190759,-14.9291944718));
#2833 = CARTESIAN_POINT('',(5.398828847313,-14.9638226981));
#2834 = CARTESIAN_POINT('',(5.368846050651,-14.99602149798));
#2835 = CARTESIAN_POINT('',(5.336925884674,-15.02554867675));
#2836 = CARTESIAN_POINT('',(5.270160245374,-15.07890031028));
#2837 = CARTESIAN_POINT('',(5.235324155676,-15.10274364599));
#2838 = CARTESIAN_POINT('',(5.199395483559,-15.1236634513));
#2839 = CARTESIAN_POINT('',(5.162804463551,-15.14163214051));
#2840 = CARTESIAN_POINT('',(5.125945273146,-15.15672097814));
#2841 = CARTESIAN_POINT('',(5.089156475627,-15.16906346372));
#2842 = ( GEOMETRIC_REPRESENTATION_CONTEXT(2) 
PARAMETRIC_REPRESENTATION_CONTEXT() REPRESENTATION_CONTEXT('2D SPACE',''
  ) );
#2843 = PCURVE('',#1466,#2844);
#2844 = DEFINITIONAL_REPRESENTATION('',(#2845),#2868);
#2845 = B_SPLINE_CURVE_WITH_KNOTS('',6,(#2846,#2847,#2848,#2849,#2850,
    #2851,#2852,#2853,#2854,#2855,#2856,#2857,#2858,#2859,#2860,#2861,
    #2862,#2863,#2864,#2865,#2866,#2867),.UNSPECIFIED.,.F.,.F.,(7,5,5,5,
    7),(0.,0.249589904412,0.5,0.750410095589,1.),.UNSPECIFIED.);
#2846 = CARTESIAN_POINT('',(0.,-3.140283172387E-15));
#2847 = CARTESIAN_POINT('',(0.187945717102,-3.140283172387E-15));
#2848 = CARTESIAN_POINT('',(0.375699223067,-3.267296683912E-15));
#2849 = CARTESIAN_POINT('',(0.563264279737,-1.121757510907E-14));
#2850 = CARTESIAN_POINT('',(0.750654145324,3.703513400216E-15));
#2851 = CARTESIAN_POINT('',(0.937891655301,-7.218205913306E-15));
#2852 = CARTESIAN_POINT('',(1.312723211769,-7.299947878997E-15));
#2853 = CARTESIAN_POINT('',(1.500319901519,4.220001702817E-15));
#2854 = CARTESIAN_POINT('',(1.687810659603,-1.316240090486E-14));
#2855 = CARTESIAN_POINT('',(1.875229582187,-5.827449273459E-15));
#2856 = CARTESIAN_POINT('',(2.062615880487,-3.913208587033E-15));
#2857 = CARTESIAN_POINT('',(2.437384119513,-3.920771539083E-15));
#2858 = CARTESIAN_POINT('',(2.624770417814,-7.259616389286E-15));
#2859 = CARTESIAN_POINT('',(2.812189340395,-9.090887314216E-16));
#2860 = CARTESIAN_POINT('',(2.999680098481,-8.82261635797E-15));
#2861 = CARTESIAN_POINT('',(3.187276788231,-3.775025298143E-15));
#2862 = CARTESIAN_POINT('',(3.562108344699,-3.693159290218E-15));
#2863 = CARTESIAN_POINT('',(3.749345854676,-1.087462204922E-14));
#2864 = CARTESIAN_POINT('',(3.936735720263,4.418228048719E-15));
#2865 = CARTESIAN_POINT('',(4.124300776932,-9.40096423975E-15));
#2866 = CARTESIAN_POINT('',(4.312054282898,-3.228323481577E-15));
#2867 = CARTESIAN_POINT('',(4.5,-3.227019346186E-15));
#2868 = ( GEOMETRIC_REPRESENTATION_CONTEXT(2) 
PARAMETRIC_REPRESENTATION_CONTEXT() REPRESENTATION_CONTEXT('2D SPACE',''
  ) );
#2869 = ORIENTED_EDGE('',*,*,#2870,.T.);
#2870 = EDGE_CURVE('',#2791,#2871,#2873,.T.);
#2871 = VERTEX_POINT('',#2872);
#2872 = CARTESIAN_POINT('',(-85.33686982807,-11.98985937276,3.6499999));
#2873 = SURFACE_CURVE('',#2874,(#2879,#2890),.PCURVE_S1.);
#2874 = CIRCLE('',#2875,2.5);
#2875 = AXIS2_PLACEMENT_3D('',#2876,#2877,#2878);
#2876 = CARTESIAN_POINT('',(-87.00000000009,-13.85640646055,3.6499999));
#2877 = DIRECTION('',(0.,0.,-1.));
#2878 = DIRECTION('',(1.,0.,0.));
#2879 = PCURVE('',#132,#2880);
#2880 = DEFINITIONAL_REPRESENTATION('',(#2881),#2889);
#2881 = ( BOUNDED_CURVE() B_SPLINE_CURVE(2,(#2882,#2883,#2884,#2885,
#2886,#2887,#2888),.UNSPECIFIED.,.T.,.F.) B_SPLINE_CURVE_WITH_KNOTS((1,2
    ,2,2,2,1),(-2.094395102393,0.,2.094395102393,4.188790204786,
6.28318530718,8.377580409573),.UNSPECIFIED.) CURVE() 
GEOMETRIC_REPRESENTATION_ITEM() RATIONAL_B_SPLINE_CURVE((1.,0.5,1.,0.5,
1.,0.5,1.)) REPRESENTATION_ITEM('') );
#2882 = CARTESIAN_POINT('',(10.5,-13.85640646055));
#2883 = CARTESIAN_POINT('',(10.5,-18.18653347947));
#2884 = CARTESIAN_POINT('',(6.75,-16.02146997001));
#2885 = CARTESIAN_POINT('',(3.,-13.85640646055));
#2886 = CARTESIAN_POINT('',(6.75,-11.69134295109));
#2887 = CARTESIAN_POINT('',(10.5,-9.526279441629));
#2888 = CARTESIAN_POINT('',(10.5,-13.85640646055));
#2889 = ( GEOMETRIC_REPRESENTATION_CONTEXT(2) 
PARAMETRIC_REPRESENTATION_CONTEXT() REPRESENTATION_CONTEXT('2D SPACE',''
  ) );
#2890 = PCURVE('',#1529,#2891);
#2891 = DEFINITIONAL_REPRESENTATION('',(#2892),#2896);
#2892 = LINE('',#2893,#2894);
#2893 = CARTESIAN_POINT('',(-6.28318530718,-5.));
#2894 = VECTOR('',#2895,1.);
#2895 = DIRECTION('',(1.,-0.));
#2896 = ( GEOMETRIC_REPRESENTATION_CONTEXT(2) 
PARAMETRIC_REPRESENTATION_CONTEXT() REPRESENTATION_CONTEXT('2D SPACE',''
  ) );
#2897 = ORIENTED_EDGE('',*,*,#2898,.F.);
#2898 = EDGE_CURVE('',#1888,#2871,#2899,.T.);
#2899 = SURFACE_CURVE('',#2900,(#2923,#2949),.PCURVE_S1.);
#2900 = B_SPLINE_CURVE_WITH_KNOTS('',6,(#2901,#2902,#2903,#2904,#2905,
    #2906,#2907,#2908,#2909,#2910,#2911,#2912,#2913,#2914,#2915,#2916,
    #2917,#2918,#2919,#2920,#2921,#2922),.UNSPECIFIED.,.F.,.F.,(7,5,5,5,
    7),(0.,0.249589904412,0.5,0.750410095588,1.),.UNSPECIFIED.);
#2901 = CARTESIAN_POINT('',(-84.4077839267,-11.99187052359,3.6499999));
#2902 = CARTESIAN_POINT('',(-84.43686723152,-12.01755931402,3.6499999));
#2903 = CARTESIAN_POINT('',(-84.46836414342,-12.04193589046,3.6499999));
#2904 = CARTESIAN_POINT('',(-84.50222099475,-12.06464029873,3.6499999));
#2905 = CARTESIAN_POINT('',(-84.53830241365,-12.08529553886,3.6499999));
#2906 = CARTESIAN_POINT('',(-84.57636939294,-12.10354280965,3.6499999));
#2907 = CARTESIAN_POINT('',(-84.65595608255,-12.13468773262,3.6499999));
#2908 = CARTESIAN_POINT('',(-84.69748745247,-12.14756781786,3.6499999));
#2909 = CARTESIAN_POINT('',(-84.74036382947,-12.1574342815,3.6499999));
#2910 = CARTESIAN_POINT('',(-84.78417292485,-12.16405740795,3.6499999));
#2911 = CARTESIAN_POINT('',(-84.8284446498,-12.16732036445,3.6499999));
#2912 = CARTESIAN_POINT('',(-84.9169726205,-12.1671287319,3.6499999));
#2913 = CARTESIAN_POINT('',(-84.96122980427,-12.16367414082,3.6499999));
#2914 = CARTESIAN_POINT('',(-85.00500981566,-12.15686141414,3.6499999));
#2915 = CARTESIAN_POINT('',(-85.04784307606,-12.14680941866,3.6499999));
#2916 = CARTESIAN_POINT('',(-85.08931829514,-12.13374965276,3.6499999));
#2917 = CARTESIAN_POINT('',(-85.16876940349,-12.10226046775,3.6499999));
#2918 = CARTESIAN_POINT('',(-85.2067570283,-12.08384856495,3.6499999));
#2919 = CARTESIAN_POINT('',(-85.24274868653,-12.06303731145,3.6499999));
#2920 = CARTESIAN_POINT('',(-85.27650692659,-12.04018653981,3.6499999));
#2921 = CARTESIAN_POINT('',(-85.30789801004,-12.01567383253,3.6499999));
#2922 = CARTESIAN_POINT('',(-85.33686982807,-11.98985937276,3.6499999));
#2923 = PCURVE('',#132,#2924);
#2924 = DEFINITIONAL_REPRESENTATION('',(#2925),#2948);
#2925 = B_SPLINE_CURVE_WITH_KNOTS('',6,(#2926,#2927,#2928,#2929,#2930,
    #2931,#2932,#2933,#2934,#2935,#2936,#2937,#2938,#2939,#2940,#2941,
    #2942,#2943,#2944,#2945,#2946,#2947),.UNSPECIFIED.,.F.,.F.,(7,5,5,5,
    7),(0.,0.249589904412,0.5,0.750410095588,1.),.UNSPECIFIED.);
#2926 = CARTESIAN_POINT('',(10.592216073393,-11.99187052359));
#2927 = CARTESIAN_POINT('',(10.563132768571,-12.01755931402));
#2928 = CARTESIAN_POINT('',(10.531635856671,-12.04193589046));
#2929 = CARTESIAN_POINT('',(10.497779005336,-12.06464029873));
#2930 = CARTESIAN_POINT('',(10.461697586438,-12.08529553886));
#2931 = CARTESIAN_POINT('',(10.42363060715,-12.10354280965));
#2932 = CARTESIAN_POINT('',(10.344043917537,-12.13468773262));
#2933 = CARTESIAN_POINT('',(10.302512547622,-12.14756781786));
#2934 = CARTESIAN_POINT('',(10.259636170625,-12.1574342815));
#2935 = CARTESIAN_POINT('',(10.215827075243,-12.16405740795));
#2936 = CARTESIAN_POINT('',(10.17155535029,-12.16732036445));
#2937 = CARTESIAN_POINT('',(10.083027379594,-12.1671287319));
#2938 = CARTESIAN_POINT('',(10.038770195816,-12.16367414082));
#2939 = CARTESIAN_POINT('',(9.994990184427,-12.15686141414));
#2940 = CARTESIAN_POINT('',(9.95215692403,-12.14680941866));
#2941 = CARTESIAN_POINT('',(9.910681704955,-12.13374965276));
#2942 = CARTESIAN_POINT('',(9.831230596602,-12.10226046775));
#2943 = CARTESIAN_POINT('',(9.793242971793,-12.08384856495));
#2944 = CARTESIAN_POINT('',(9.757251313565,-12.06303731145));
#2945 = CARTESIAN_POINT('',(9.723493073497,-12.04018653981));
#2946 = CARTESIAN_POINT('',(9.692101990049,-12.01567383253));
#2947 = CARTESIAN_POINT('',(9.663130172017,-11.98985937276));
#2948 = ( GEOMETRIC_REPRESENTATION_CONTEXT(2) 
PARAMETRIC_REPRESENTATION_CONTEXT() REPRESENTATION_CONTEXT('2D SPACE',''
  ) );
#2949 = PCURVE('',#1593,#2950);
#2950 = DEFINITIONAL_REPRESENTATION('',(#2951),#2974);
#2951 = B_SPLINE_CURVE_WITH_KNOTS('',6,(#2952,#2953,#2954,#2955,#2956,
    #2957,#2958,#2959,#2960,#2961,#2962,#2963,#2964,#2965,#2966,#2967,
    #2968,#2969,#2970,#2971,#2972,#2973),.UNSPECIFIED.,.F.,.F.,(7,5,5,5,
    7),(0.,0.249589904412,0.5,0.750410095588,1.),.UNSPECIFIED.);
#2952 = CARTESIAN_POINT('',(0.,-4.124305064135E-16));
#2953 = CARTESIAN_POINT('',(0.187945717102,-4.098222356322E-16));
#2954 = CARTESIAN_POINT('',(0.375699223068,-9.051351286544E-16));
#2955 = CARTESIAN_POINT('',(0.563264279737,-6.637553580807E-15));
#2956 = CARTESIAN_POINT('',(0.750654145324,4.505834508081E-15));
#2957 = CARTESIAN_POINT('',(0.937891655301,-4.269542101604E-15));
#2958 = CARTESIAN_POINT('',(1.312723211769,-4.514699024338E-15));
#2959 = CARTESIAN_POINT('',(1.500319901519,5.788555013474E-15));
#2960 = CARTESIAN_POINT('',(1.687810659604,-9.063633325792E-15));
#2961 = CARTESIAN_POINT('',(1.875229582187,-3.319981064642E-15));
#2962 = CARTESIAN_POINT('',(2.062615880487,-1.134711350144E-15));
#2963 = CARTESIAN_POINT('',(2.437384119513,-1.134711350144E-15));
#2964 = CARTESIAN_POINT('',(2.624770417814,-4.521061604351E-15));
#2965 = CARTESIAN_POINT('',(2.812189340396,3.11766188802E-15));
#2966 = CARTESIAN_POINT('',(2.999680098481,-7.280041818366E-15));
#2967 = CARTESIAN_POINT('',(3.187276788231,-9.339313408972E-16));
#2968 = CARTESIAN_POINT('',(3.562108344699,-7.704474095151E-16));
#2969 = CARTESIAN_POINT('',(3.749345854676,-7.69237787486E-15));
#2970 = CARTESIAN_POINT('',(3.936735720263,8.127656684192E-15));
#2971 = CARTESIAN_POINT('',(4.124300776933,-7.268454782865E-15));
#2972 = CARTESIAN_POINT('',(4.312054282898,-8.240555067626E-17));
#2973 = CARTESIAN_POINT('',(4.5,-7.979727989493E-17));
#2974 = ( GEOMETRIC_REPRESENTATION_CONTEXT(2) 
PARAMETRIC_REPRESENTATION_CONTEXT() REPRESENTATION_CONTEXT('2D SPACE',''
  ) );
#2975 = FACE_BOUND('',#2976,.T.);
#2976 = EDGE_LOOP('',(#2977));
#2977 = ORIENTED_EDGE('',*,*,#2978,.T.);
#2978 = EDGE_CURVE('',#2979,#2979,#2981,.T.);
#2979 = VERTEX_POINT('',#2980);
#2980 = CARTESIAN_POINT('',(-90.70000000009,0.,3.6499999));
#2981 = SURFACE_CURVE('',#2982,(#2987,#2998),.PCURVE_S1.);
#2982 = CIRCLE('',#2983,4.3);
#2983 = AXIS2_PLACEMENT_3D('',#2984,#2985,#2986);
#2984 = CARTESIAN_POINT('',(-95.00000000009,0.,3.6499999));
#2985 = DIRECTION('',(0.,0.,-1.));
#2986 = DIRECTION('',(1.,0.,0.));
#2987 = PCURVE('',#132,#2988);
#2988 = DEFINITIONAL_REPRESENTATION('',(#2989),#2997);
#2989 = ( BOUNDED_CURVE() B_SPLINE_CURVE(2,(#2990,#2991,#2992,#2993,
#2994,#2995,#2996),.UNSPECIFIED.,.T.,.F.) B_SPLINE_CURVE_WITH_KNOTS((1,2
    ,2,2,2,1),(-2.094395102393,0.,2.094395102393,4.188790204786,
6.28318530718,8.377580409573),.UNSPECIFIED.) CURVE() 
GEOMETRIC_REPRESENTATION_ITEM() RATIONAL_B_SPLINE_CURVE((1.,0.5,1.,0.5,
1.,0.5,1.)) REPRESENTATION_ITEM('') );
#2990 = CARTESIAN_POINT('',(4.3,-3.057510672446E-17));
#2991 = CARTESIAN_POINT('',(4.3,-7.447818472546));
#2992 = CARTESIAN_POINT('',(-2.15,-3.723909236273));
#2993 = CARTESIAN_POINT('',(-8.6,-1.083771353991E-15));
#2994 = CARTESIAN_POINT('',(-2.15,3.723909236273));
#2995 = CARTESIAN_POINT('',(4.3,7.447818472546));
#2996 = CARTESIAN_POINT('',(4.3,-3.057510672446E-17));
#2997 = ( GEOMETRIC_REPRESENTATION_CONTEXT(2) 
PARAMETRIC_REPRESENTATION_CONTEXT() REPRESENTATION_CONTEXT('2D SPACE',''
  ) );
#2998 = PCURVE('',#1658,#2999);
#2999 = DEFINITIONAL_REPRESENTATION('',(#3000),#3004);
#3000 = LINE('',#3001,#3002);
#3001 = CARTESIAN_POINT('',(-6.28318530718,-5.));
#3002 = VECTOR('',#3003,1.);
#3003 = DIRECTION('',(1.,-0.));
#3004 = ( GEOMETRIC_REPRESENTATION_CONTEXT(2) 
PARAMETRIC_REPRESENTATION_CONTEXT() REPRESENTATION_CONTEXT('2D SPACE',''
  ) );
#3005 = ADVANCED_FACE('',(#3006),#204,.T.);
#3006 = FACE_BOUND('',#3007,.F.);
#3007 = EDGE_LOOP('',(#3008,#3009,#3031,#3032));
#3008 = ORIENTED_EDGE('',*,*,#185,.F.);
#3009 = ORIENTED_EDGE('',*,*,#3010,.F.);
#3010 = EDGE_CURVE('',#1888,#186,#3011,.T.);
#3011 = SURFACE_CURVE('',#3012,(#3018,#3024),.PCURVE_S1.);
#3012 = B_SPLINE_CURVE_WITH_KNOTS('',2,(#3013,#3014,#3015,#3016,#3017),
  .UNSPECIFIED.,.F.,.F.,(3,1,1,3),(-0.2754,2.356933605839E-16,4.5,4.7754
    ),.UNSPECIFIED.);
#3013 = CARTESIAN_POINT('',(-84.4077839267,-11.99187052359,3.9253999));
#3014 = CARTESIAN_POINT('',(-84.4077839267,-11.99187052359,3.7876999));
#3015 = CARTESIAN_POINT('',(-84.4077839267,-11.99187052359,1.3999999));
#3016 = CARTESIAN_POINT('',(-84.4077839267,-11.99187052359,-0.9877001));
#3017 = CARTESIAN_POINT('',(-84.4077839267,-11.99187052359,-1.1254001));
#3018 = PCURVE('',#204,#3019);
#3019 = DEFINITIONAL_REPRESENTATION('',(#3020),#3023);
#3020 = B_SPLINE_CURVE_WITH_KNOTS('',1,(#3021,#3022),.UNSPECIFIED.,.F.,
  .F.,(2,2),(2.356933605839E-16,4.5),.PIECEWISE_BEZIER_KNOTS.);
#3021 = CARTESIAN_POINT('',(-5.43589105734,-4.5));
#3022 = CARTESIAN_POINT('',(-5.43589105734,4.884981308344E-15));
#3023 = ( GEOMETRIC_REPRESENTATION_CONTEXT(2) 
PARAMETRIC_REPRESENTATION_CONTEXT() REPRESENTATION_CONTEXT('2D SPACE',''
  ) );
#3024 = PCURVE('',#1593,#3025);
#3025 = DEFINITIONAL_REPRESENTATION('',(#3026),#3030);
#3026 = LINE('',#3027,#3028);
#3027 = CARTESIAN_POINT('',(0.,0.));
#3028 = VECTOR('',#3029,1.);
#3029 = DIRECTION('',(0.,1.));
#3030 = ( GEOMETRIC_REPRESENTATION_CONTEXT(2) 
PARAMETRIC_REPRESENTATION_CONTEXT() REPRESENTATION_CONTEXT('2D SPACE',''
  ) );
#3031 = ORIENTED_EDGE('',*,*,#1887,.T.);
#3032 = ORIENTED_EDGE('',*,*,#3033,.T.);
#3033 = EDGE_CURVE('',#1890,#188,#3034,.T.);
#3034 = SURFACE_CURVE('',#3035,(#3041,#3047),.PCURVE_S1.);
#3035 = B_SPLINE_CURVE_WITH_KNOTS('',2,(#3036,#3037,#3038,#3039,#3040),
  .UNSPECIFIED.,.F.,.F.,(3,1,1,3),(-0.2754,-2.80678258413E-15,4.5,4.7754
    ),.UNSPECIFIED.);
#3036 = CARTESIAN_POINT('',(-79.31862745107,-3.177192940137,3.9253999));
#3037 = CARTESIAN_POINT('',(-79.31862745107,-3.177192940137,3.7876999));
#3038 = CARTESIAN_POINT('',(-79.31862745107,-3.177192940137,1.3999999));
#3039 = CARTESIAN_POINT('',(-79.31862745107,-3.177192940137,-0.9877001)
  );
#3040 = CARTESIAN_POINT('',(-79.31862745107,-3.177192940137,-1.1254001)
  );
#3041 = PCURVE('',#204,#3042);
#3042 = DEFINITIONAL_REPRESENTATION('',(#3043),#3046);
#3043 = B_SPLINE_CURVE_WITH_KNOTS('',1,(#3044,#3045),.UNSPECIFIED.,.F.,
  .F.,(2,2),(-2.80678258413E-15,4.5),.PIECEWISE_BEZIER_KNOTS.);
#3044 = CARTESIAN_POINT('',(-6.083282005822,-4.5));
#3045 = CARTESIAN_POINT('',(-6.083282005822,4.440892098495E-15));
#3046 = ( GEOMETRIC_REPRESENTATION_CONTEXT(2) 
PARAMETRIC_REPRESENTATION_CONTEXT() REPRESENTATION_CONTEXT('2D SPACE',''
  ) );
#3047 = PCURVE('',#270,#3048);
#3048 = DEFINITIONAL_REPRESENTATION('',(#3049),#3053);
#3049 = LINE('',#3050,#3051);
#3050 = CARTESIAN_POINT('',(4.5,0.));
#3051 = VECTOR('',#3052,1.);
#3052 = DIRECTION('',(0.,1.));
#3053 = ( GEOMETRIC_REPRESENTATION_CONTEXT(2) 
PARAMETRIC_REPRESENTATION_CONTEXT() REPRESENTATION_CONTEXT('2D SPACE',''
  ) );
#3054 = ADVANCED_FACE('',(#3055),#1593,.T.);
#3055 = FACE_BOUND('',#3056,.T.);
#3056 = EDGE_LOOP('',(#3057,#3058,#3080,#3081));
#3057 = ORIENTED_EDGE('',*,*,#2898,.T.);
#3058 = ORIENTED_EDGE('',*,*,#3059,.T.);
#3059 = EDGE_CURVE('',#2871,#1509,#3060,.T.);
#3060 = SURFACE_CURVE('',#3061,(#3067,#3074),.PCURVE_S1.);
#3061 = B_SPLINE_CURVE_WITH_KNOTS('',2,(#3062,#3063,#3064,#3065,#3066),
  .UNSPECIFIED.,.F.,.F.,(3,1,1,3),(-0.2754,2.356933605839E-16,4.5,4.7754
    ),.UNSPECIFIED.);
#3062 = CARTESIAN_POINT('',(-85.33686982807,-11.98985937276,3.9253999));
#3063 = CARTESIAN_POINT('',(-85.33686982807,-11.98985937276,3.7876999));
#3064 = CARTESIAN_POINT('',(-85.33686982807,-11.98985937276,1.3999999));
#3065 = CARTESIAN_POINT('',(-85.33686982807,-11.98985937276,-0.9877001)
  );
#3066 = CARTESIAN_POINT('',(-85.33686982807,-11.98985937276,-1.1254001)
  );
#3067 = PCURVE('',#1593,#3068);
#3068 = DEFINITIONAL_REPRESENTATION('',(#3069),#3073);
#3069 = LINE('',#3070,#3071);
#3070 = CARTESIAN_POINT('',(4.5,0.));
#3071 = VECTOR('',#3072,1.);
#3072 = DIRECTION('',(0.,1.));
#3073 = ( GEOMETRIC_REPRESENTATION_CONTEXT(2) 
PARAMETRIC_REPRESENTATION_CONTEXT() REPRESENTATION_CONTEXT('2D SPACE',''
  ) );
#3074 = PCURVE('',#1529,#3075);
#3075 = DEFINITIONAL_REPRESENTATION('',(#3076),#3079);
#3076 = B_SPLINE_CURVE_WITH_KNOTS('',1,(#3077,#3078),.UNSPECIFIED.,.F.,
  .F.,(2,2),(2.356933605839E-16,4.5),.PIECEWISE_BEZIER_KNOTS.);
#3077 = CARTESIAN_POINT('',(-0.842964945773,-5.));
#3078 = CARTESIAN_POINT('',(-0.842964945773,-0.5));
#3079 = ( GEOMETRIC_REPRESENTATION_CONTEXT(2) 
PARAMETRIC_REPRESENTATION_CONTEXT() REPRESENTATION_CONTEXT('2D SPACE',''
  ) );
#3080 = ORIENTED_EDGE('',*,*,#1541,.F.);
#3081 = ORIENTED_EDGE('',*,*,#3010,.F.);
#3082 = ADVANCED_FACE('',(#3083),#270,.T.);
#3083 = FACE_BOUND('',#3084,.T.);
#3084 = EDGE_LOOP('',(#3085,#3086,#3087,#3088));
#3085 = ORIENTED_EDGE('',*,*,#1913,.T.);
#3086 = ORIENTED_EDGE('',*,*,#3033,.T.);
#3087 = ORIENTED_EDGE('',*,*,#216,.F.);
#3088 = ORIENTED_EDGE('',*,*,#3089,.F.);
#3089 = EDGE_CURVE('',#1914,#217,#3090,.T.);
#3090 = SURFACE_CURVE('',#3091,(#3097,#3104),.PCURVE_S1.);
#3091 = B_SPLINE_CURVE_WITH_KNOTS('',2,(#3092,#3093,#3094,#3095,#3096),
  .UNSPECIFIED.,.F.,.F.,(3,1,1,3),(-0.2754,-2.80678258413E-15,4.5,4.7754
    ),.UNSPECIFIED.);
#3092 = CARTESIAN_POINT('',(-79.78491210947,-2.373586522661,3.9253999));
#3093 = CARTESIAN_POINT('',(-79.78491210947,-2.373586522661,3.7876999));
#3094 = CARTESIAN_POINT('',(-79.78491210947,-2.373586522661,1.3999999));
#3095 = CARTESIAN_POINT('',(-79.78491210947,-2.373586522661,-0.9877001)
  );
#3096 = CARTESIAN_POINT('',(-79.78491210947,-2.373586522661,-1.1254001)
  );
#3097 = PCURVE('',#270,#3098);
#3098 = DEFINITIONAL_REPRESENTATION('',(#3099),#3103);
#3099 = LINE('',#3100,#3101);
#3100 = CARTESIAN_POINT('',(0.,0.));
#3101 = VECTOR('',#3102,1.);
#3102 = DIRECTION('',(0.,1.));
#3103 = ( GEOMETRIC_REPRESENTATION_CONTEXT(2) 
PARAMETRIC_REPRESENTATION_CONTEXT() REPRESENTATION_CONTEXT('2D SPACE',''
  ) );
#3104 = PCURVE('',#333,#3105);
#3105 = DEFINITIONAL_REPRESENTATION('',(#3106),#3109);
#3106 = B_SPLINE_CURVE_WITH_KNOTS('',1,(#3107,#3108),.UNSPECIFIED.,.F.,
  .F.,(2,2),(-2.80678258413E-15,4.5),.PIECEWISE_BEZIER_KNOTS.);
#3107 = CARTESIAN_POINT('',(-4.39302281021,-5.));
#3108 = CARTESIAN_POINT('',(-4.39302281021,-0.5));
#3109 = ( GEOMETRIC_REPRESENTATION_CONTEXT(2) 
PARAMETRIC_REPRESENTATION_CONTEXT() REPRESENTATION_CONTEXT('2D SPACE',''
  ) );
#3110 = ADVANCED_FACE('',(#3111),#1529,.F.);
#3111 = FACE_BOUND('',#3112,.T.);
#3112 = EDGE_LOOP('',(#3113,#3114,#3115,#3116));
#3113 = ORIENTED_EDGE('',*,*,#1508,.T.);
#3114 = ORIENTED_EDGE('',*,*,#3059,.F.);
#3115 = ORIENTED_EDGE('',*,*,#2870,.F.);
#3116 = ORIENTED_EDGE('',*,*,#3117,.T.);
#3117 = EDGE_CURVE('',#2791,#1413,#3118,.T.);
#3118 = SURFACE_CURVE('',#3119,(#3125,#3131),.PCURVE_S1.);
#3119 = B_SPLINE_CURVE_WITH_KNOTS('',2,(#3120,#3121,#3122,#3123,#3124),
  .UNSPECIFIED.,.F.,.F.,(3,1,1,3),(-0.2754,-2.80678258413E-15,4.5,4.7754
    ),.UNSPECIFIED.);
#3120 = CARTESIAN_POINT('',(-89.44804228148,-14.36344589542,3.9253999));
#3121 = CARTESIAN_POINT('',(-89.44804228148,-14.36344589542,3.7876999));
#3122 = CARTESIAN_POINT('',(-89.44804228148,-14.36344589542,1.3999999));
#3123 = CARTESIAN_POINT('',(-89.44804228148,-14.36344589542,-0.9877001)
  );
#3124 = CARTESIAN_POINT('',(-89.44804228148,-14.36344589542,-1.1254001)
  );
#3125 = PCURVE('',#1529,#3126);
#3126 = DEFINITIONAL_REPRESENTATION('',(#3127),#3130);
#3127 = B_SPLINE_CURVE_WITH_KNOTS('',1,(#3128,#3129),.UNSPECIFIED.,.F.,
  .F.,(2,2),(-2.80678258413E-15,4.5),.PIECEWISE_BEZIER_KNOTS.);
#3128 = CARTESIAN_POINT('',(-3.345825259014,-5.));
#3129 = CARTESIAN_POINT('',(-3.345825259014,-0.5));
#3130 = ( GEOMETRIC_REPRESENTATION_CONTEXT(2) 
PARAMETRIC_REPRESENTATION_CONTEXT() REPRESENTATION_CONTEXT('2D SPACE',''
  ) );
#3131 = PCURVE('',#1466,#3132);
#3132 = DEFINITIONAL_REPRESENTATION('',(#3133),#3137);
#3133 = LINE('',#3134,#3135);
#3134 = CARTESIAN_POINT('',(0.,0.));
#3135 = VECTOR('',#3136,1.);
#3136 = DIRECTION('',(0.,1.));
#3137 = ( GEOMETRIC_REPRESENTATION_CONTEXT(2) 
PARAMETRIC_REPRESENTATION_CONTEXT() REPRESENTATION_CONTEXT('2D SPACE',''
  ) );
#3138 = ADVANCED_FACE('',(#3139),#333,.F.);
#3139 = FACE_BOUND('',#3140,.T.);
#3140 = EDGE_LOOP('',(#3141,#3142,#3143,#3144));
#3141 = ORIENTED_EDGE('',*,*,#312,.T.);
#3142 = ORIENTED_EDGE('',*,*,#1753,.F.);
#3143 = ORIENTED_EDGE('',*,*,#1993,.F.);
#3144 = ORIENTED_EDGE('',*,*,#3089,.T.);
#3145 = ADVANCED_FACE('',(#3146),#1466,.T.);
#3146 = FACE_BOUND('',#3147,.T.);
#3147 = EDGE_LOOP('',(#3148,#3149,#3171,#3172));
#3148 = ORIENTED_EDGE('',*,*,#2790,.T.);
#3149 = ORIENTED_EDGE('',*,*,#3150,.T.);
#3150 = EDGE_CURVE('',#2767,#1384,#3151,.T.);
#3151 = SURFACE_CURVE('',#3152,(#3158,#3165),.PCURVE_S1.);
#3152 = B_SPLINE_CURVE_WITH_KNOTS('',2,(#3153,#3154,#3155,#3156,#3157),
  .UNSPECIFIED.,.F.,.F.,(3,1,1,3),(-0.2754,-2.80678258413E-15,4.5,4.7754
    ),.UNSPECIFIED.);
#3153 = CARTESIAN_POINT('',(-89.91084352446,-15.16906346372,3.9253999));
#3154 = CARTESIAN_POINT('',(-89.91084352446,-15.16906346372,3.7876999));
#3155 = CARTESIAN_POINT('',(-89.91084352446,-15.16906346372,1.3999999));
#3156 = CARTESIAN_POINT('',(-89.91084352446,-15.16906346372,-0.9877001)
  );
#3157 = CARTESIAN_POINT('',(-89.91084352446,-15.16906346372,-1.1254001)
  );
#3158 = PCURVE('',#1466,#3159);
#3159 = DEFINITIONAL_REPRESENTATION('',(#3160),#3164);
#3160 = LINE('',#3161,#3162);
#3161 = CARTESIAN_POINT('',(4.5,0.));
#3162 = VECTOR('',#3163,1.);
#3163 = DIRECTION('',(0.,1.));
#3164 = ( GEOMETRIC_REPRESENTATION_CONTEXT(2) 
PARAMETRIC_REPRESENTATION_CONTEXT() REPRESENTATION_CONTEXT('2D SPACE',''
  ) );
#3165 = PCURVE('',#1400,#3166);
#3166 = DEFINITIONAL_REPRESENTATION('',(#3167),#3170);
#3167 = B_SPLINE_CURVE_WITH_KNOTS('',1,(#3168,#3169),.UNSPECIFIED.,.F.,
  .F.,(2,2),(-2.80678258413E-15,4.5),.PIECEWISE_BEZIER_KNOTS.);
#3168 = CARTESIAN_POINT('',(-5.036084454626,-4.5));
#3169 = CARTESIAN_POINT('',(-5.036084454626,3.552713678796E-15));
#3170 = ( GEOMETRIC_REPRESENTATION_CONTEXT(2) 
PARAMETRIC_REPRESENTATION_CONTEXT() REPRESENTATION_CONTEXT('2D SPACE',''
  ) );
#3171 = ORIENTED_EDGE('',*,*,#1412,.F.);
#3172 = ORIENTED_EDGE('',*,*,#3117,.F.);
#3173 = ADVANCED_FACE('',(#3174),#1400,.T.);
#3174 = FACE_BOUND('',#3175,.F.);
#3175 = EDGE_LOOP('',(#3176,#3177,#3199,#3200));
#3176 = ORIENTED_EDGE('',*,*,#1383,.F.);
#3177 = ORIENTED_EDGE('',*,*,#3178,.F.);
#3178 = EDGE_CURVE('',#2687,#1288,#3179,.T.);
#3179 = SURFACE_CURVE('',#3180,(#3186,#3192),.PCURVE_S1.);
#3180 = B_SPLINE_CURVE_WITH_KNOTS('',2,(#3181,#3182,#3183,#3184,#3185),
  .UNSPECIFIED.,.F.,.F.,(3,1,1,3),(-0.2754,-2.831090558497E-15,4.5,
    4.7754),.UNSPECIFIED.);
#3181 = CARTESIAN_POINT('',(-100.0891564757,-15.16906346372,3.9253999));
#3182 = CARTESIAN_POINT('',(-100.0891564757,-15.16906346372,3.7876999));
#3183 = CARTESIAN_POINT('',(-100.0891564757,-15.16906346372,1.3999999));
#3184 = CARTESIAN_POINT('',(-100.0891564757,-15.16906346372,-0.9877001)
  );
#3185 = CARTESIAN_POINT('',(-100.0891564757,-15.16906346372,-1.1254001)
  );
#3186 = PCURVE('',#1400,#3187);
#3187 = DEFINITIONAL_REPRESENTATION('',(#3188),#3191);
#3188 = B_SPLINE_CURVE_WITH_KNOTS('',1,(#3189,#3190),.UNSPECIFIED.,.F.,
  .F.,(2,2),(-2.831090558497E-15,4.5),.PIECEWISE_BEZIER_KNOTS.);
#3189 = CARTESIAN_POINT('',(-4.388693506144,-4.5));
#3190 = CARTESIAN_POINT('',(-4.388693506144,3.552713678796E-15));
#3191 = ( GEOMETRIC_REPRESENTATION_CONTEXT(2) 
PARAMETRIC_REPRESENTATION_CONTEXT() REPRESENTATION_CONTEXT('2D SPACE',''
  ) );
#3192 = PCURVE('',#1341,#3193);
#3193 = DEFINITIONAL_REPRESENTATION('',(#3194),#3198);
#3194 = LINE('',#3195,#3196);
#3195 = CARTESIAN_POINT('',(0.,0.));
#3196 = VECTOR('',#3197,1.);
#3197 = DIRECTION('',(0.,1.));
#3198 = ( GEOMETRIC_REPRESENTATION_CONTEXT(2) 
PARAMETRIC_REPRESENTATION_CONTEXT() REPRESENTATION_CONTEXT('2D SPACE',''
  ) );
#3199 = ORIENTED_EDGE('',*,*,#2766,.T.);
#3200 = ORIENTED_EDGE('',*,*,#3150,.T.);
#3201 = ADVANCED_FACE('',(#3202),#1341,.T.);
#3202 = FACE_BOUND('',#3203,.T.);
#3203 = EDGE_LOOP('',(#3204,#3205,#3227,#3228));
#3204 = ORIENTED_EDGE('',*,*,#2686,.T.);
#3205 = ORIENTED_EDGE('',*,*,#3206,.T.);
#3206 = EDGE_CURVE('',#2659,#1259,#3207,.T.);
#3207 = SURFACE_CURVE('',#3208,(#3214,#3221),.PCURVE_S1.);
#3208 = B_SPLINE_CURVE_WITH_KNOTS('',2,(#3209,#3210,#3211,#3212,#3213),
  .UNSPECIFIED.,.F.,.F.,(3,1,1,3),(-0.2754,-2.831090558497E-15,4.5,
    4.7754),.UNSPECIFIED.);
#3209 = CARTESIAN_POINT('',(-100.5519577187,-14.36344589542,3.9253999));
#3210 = CARTESIAN_POINT('',(-100.5519577187,-14.36344589542,3.7876999));
#3211 = CARTESIAN_POINT('',(-100.5519577187,-14.36344589542,1.3999999));
#3212 = CARTESIAN_POINT('',(-100.5519577187,-14.36344589542,-0.9877001)
  );
#3213 = CARTESIAN_POINT('',(-100.5519577187,-14.36344589542,-1.1254001)
  );
#3214 = PCURVE('',#1341,#3215);
#3215 = DEFINITIONAL_REPRESENTATION('',(#3216),#3220);
#3216 = LINE('',#3217,#3218);
#3217 = CARTESIAN_POINT('',(4.5,0.));
#3218 = VECTOR('',#3219,1.);
#3219 = DIRECTION('',(0.,1.));
#3220 = ( GEOMETRIC_REPRESENTATION_CONTEXT(2) 
PARAMETRIC_REPRESENTATION_CONTEXT() REPRESENTATION_CONTEXT('2D SPACE',''
  ) );
#3221 = PCURVE('',#1275,#3222);
#3222 = DEFINITIONAL_REPRESENTATION('',(#3223),#3226);
#3223 = B_SPLINE_CURVE_WITH_KNOTS('',1,(#3224,#3225),.UNSPECIFIED.,.F.,
  .F.,(2,2),(-2.831090558497E-15,4.5),.PIECEWISE_BEZIER_KNOTS.);
#3224 = CARTESIAN_POINT('',(-6.078952701756,-5.));
#3225 = CARTESIAN_POINT('',(-6.078952701756,-0.5));
#3226 = ( GEOMETRIC_REPRESENTATION_CONTEXT(2) 
PARAMETRIC_REPRESENTATION_CONTEXT() REPRESENTATION_CONTEXT('2D SPACE',''
  ) );
#3227 = ORIENTED_EDGE('',*,*,#1287,.F.);
#3228 = ORIENTED_EDGE('',*,*,#3178,.F.);
#3229 = ADVANCED_FACE('',(#3230),#1275,.F.);
#3230 = FACE_BOUND('',#3231,.T.);
#3231 = EDGE_LOOP('',(#3232,#3233,#3255,#3256));
#3232 = ORIENTED_EDGE('',*,*,#2658,.F.);
#3233 = ORIENTED_EDGE('',*,*,#3234,.T.);
#3234 = EDGE_CURVE('',#2579,#1163,#3235,.T.);
#3235 = SURFACE_CURVE('',#3236,(#3242,#3248),.PCURVE_S1.);
#3236 = B_SPLINE_CURVE_WITH_KNOTS('',2,(#3237,#3238,#3239,#3240,#3241),
  .UNSPECIFIED.,.F.,.F.,(3,1,1,3),(-0.2754,-6.537739100088E-16,4.5,
    4.7754),.UNSPECIFIED.);
#3237 = CARTESIAN_POINT('',(-104.6631301721,-11.98985937276,3.9253999));
#3238 = CARTESIAN_POINT('',(-104.6631301721,-11.98985937276,3.7876999));
#3239 = CARTESIAN_POINT('',(-104.6631301721,-11.98985937276,1.3999999));
#3240 = CARTESIAN_POINT('',(-104.6631301721,-11.98985937276,-0.9877001)
  );
#3241 = CARTESIAN_POINT('',(-104.6631301721,-11.98985937276,-1.1254001)
  );
#3242 = PCURVE('',#1275,#3243);
#3243 = DEFINITIONAL_REPRESENTATION('',(#3244),#3247);
#3244 = B_SPLINE_CURVE_WITH_KNOTS('',1,(#3245,#3246),.UNSPECIFIED.,.F.,
  .F.,(2,2),(-6.537739100088E-16,4.5),.PIECEWISE_BEZIER_KNOTS.);
#3245 = CARTESIAN_POINT('',(-8.581813014997,-5.));
#3246 = CARTESIAN_POINT('',(-8.581813014997,-0.5));
#3247 = ( GEOMETRIC_REPRESENTATION_CONTEXT(2) 
PARAMETRIC_REPRESENTATION_CONTEXT() REPRESENTATION_CONTEXT('2D SPACE',''
  ) );
#3248 = PCURVE('',#1216,#3249);
#3249 = DEFINITIONAL_REPRESENTATION('',(#3250),#3254);
#3250 = LINE('',#3251,#3252);
#3251 = CARTESIAN_POINT('',(0.,0.));
#3252 = VECTOR('',#3253,1.);
#3253 = DIRECTION('',(0.,1.));
#3254 = ( GEOMETRIC_REPRESENTATION_CONTEXT(2) 
PARAMETRIC_REPRESENTATION_CONTEXT() REPRESENTATION_CONTEXT('2D SPACE',''
  ) );
#3255 = ORIENTED_EDGE('',*,*,#1258,.F.);
#3256 = ORIENTED_EDGE('',*,*,#3206,.F.);
#3257 = ADVANCED_FACE('',(#3258),#525,.F.);
#3258 = FACE_BOUND('',#3259,.T.);
#3259 = EDGE_LOOP('',(#3260,#3261,#3283,#3284));
#3260 = ORIENTED_EDGE('',*,*,#504,.T.);
#3261 = ORIENTED_EDGE('',*,*,#3262,.F.);
#3262 = EDGE_CURVE('',#2023,#505,#3263,.T.);
#3263 = SURFACE_CURVE('',#3264,(#3270,#3276),.PCURVE_S1.);
#3264 = B_SPLINE_CURVE_WITH_KNOTS('',2,(#3265,#3266,#3267,#3268,#3269),
  .UNSPECIFIED.,.F.,.F.,(3,1,1,3),(-0.2754,-2.80678258413E-15,4.5,4.7754
    ),.UNSPECIFIED.);
#3265 = CARTESIAN_POINT('',(-89.44804228148,14.363445895425,3.9253999));
#3266 = CARTESIAN_POINT('',(-89.44804228148,14.363445895425,3.7876999));
#3267 = CARTESIAN_POINT('',(-89.44804228148,14.363445895425,1.3999999));
#3268 = CARTESIAN_POINT('',(-89.44804228148,14.363445895425,-0.9877001)
  );
#3269 = CARTESIAN_POINT('',(-89.44804228148,14.363445895425,-1.1254001)
  );
#3270 = PCURVE('',#525,#3271);
#3271 = DEFINITIONAL_REPRESENTATION('',(#3272),#3275);
#3272 = B_SPLINE_CURVE_WITH_KNOTS('',1,(#3273,#3274),.UNSPECIFIED.,.F.,
  .F.,(2,2),(-2.80678258413E-15,4.5),.PIECEWISE_BEZIER_KNOTS.);
#3273 = CARTESIAN_POINT('',(-2.937360048166,-5.));
#3274 = CARTESIAN_POINT('',(-2.937360048166,-0.5));
#3275 = ( GEOMETRIC_REPRESENTATION_CONTEXT(2) 
PARAMETRIC_REPRESENTATION_CONTEXT() REPRESENTATION_CONTEXT('2D SPACE',''
  ) );
#3276 = PCURVE('',#591,#3277);
#3277 = DEFINITIONAL_REPRESENTATION('',(#3278),#3282);
#3278 = LINE('',#3279,#3280);
#3279 = CARTESIAN_POINT('',(0.,0.));
#3280 = VECTOR('',#3281,1.);
#3281 = DIRECTION('',(0.,1.));
#3282 = ( GEOMETRIC_REPRESENTATION_CONTEXT(2) 
PARAMETRIC_REPRESENTATION_CONTEXT() REPRESENTATION_CONTEXT('2D SPACE',''
  ) );
#3283 = ORIENTED_EDGE('',*,*,#2022,.F.);
#3284 = ORIENTED_EDGE('',*,*,#1860,.T.);
#3285 = ADVANCED_FACE('',(#3286),#1216,.T.);
#3286 = FACE_BOUND('',#3287,.T.);
#3287 = EDGE_LOOP('',(#3288,#3289,#3311,#3312));
#3288 = ORIENTED_EDGE('',*,*,#2578,.T.);
#3289 = ORIENTED_EDGE('',*,*,#3290,.T.);
#3290 = EDGE_CURVE('',#2555,#1134,#3291,.T.);
#3291 = SURFACE_CURVE('',#3292,(#3298,#3305),.PCURVE_S1.);
#3292 = B_SPLINE_CURVE_WITH_KNOTS('',2,(#3293,#3294,#3295,#3296,#3297),
  .UNSPECIFIED.,.F.,.F.,(3,1,1,3),(-0.2754,-6.537739100088E-16,4.5,
    4.7754),.UNSPECIFIED.);
#3293 = CARTESIAN_POINT('',(-105.5922160734,-11.99187052359,3.9253999));
#3294 = CARTESIAN_POINT('',(-105.5922160734,-11.99187052359,3.7876999));
#3295 = CARTESIAN_POINT('',(-105.5922160734,-11.99187052359,1.3999999));
#3296 = CARTESIAN_POINT('',(-105.5922160734,-11.99187052359,-0.9877001)
  );
#3297 = CARTESIAN_POINT('',(-105.5922160734,-11.99187052359,-1.1254001)
  );
#3298 = PCURVE('',#1216,#3299);
#3299 = DEFINITIONAL_REPRESENTATION('',(#3300),#3304);
#3300 = LINE('',#3301,#3302);
#3301 = CARTESIAN_POINT('',(4.5,0.));
#3302 = VECTOR('',#3303,1.);
#3303 = DIRECTION('',(0.,1.));
#3304 = ( GEOMETRIC_REPRESENTATION_CONTEXT(2) 
PARAMETRIC_REPRESENTATION_CONTEXT() REPRESENTATION_CONTEXT('2D SPACE',''
  ) );
#3305 = PCURVE('',#1150,#3306);
#3306 = DEFINITIONAL_REPRESENTATION('',(#3307),#3310);
#3307 = B_SPLINE_CURVE_WITH_KNOTS('',1,(#3308,#3309),.UNSPECIFIED.,.F.,
  .F.,(2,2),(-6.537739100088E-16,4.5),.PIECEWISE_BEZIER_KNOTS.);
#3308 = CARTESIAN_POINT('',(-3.988886903429,-4.5));
#3309 = CARTESIAN_POINT('',(-3.988886903429,4.440892098495E-15));
#3310 = ( GEOMETRIC_REPRESENTATION_CONTEXT(2) 
PARAMETRIC_REPRESENTATION_CONTEXT() REPRESENTATION_CONTEXT('2D SPACE',''
  ) );
#3311 = ORIENTED_EDGE('',*,*,#1162,.F.);
#3312 = ORIENTED_EDGE('',*,*,#3234,.F.);
#3313 = ADVANCED_FACE('',(#3314),#591,.F.);
#3314 = FACE_BOUND('',#3315,.F.);
#3315 = EDGE_LOOP('',(#3316,#3317,#3339,#3340));
#3316 = ORIENTED_EDGE('',*,*,#2050,.T.);
#3317 = ORIENTED_EDGE('',*,*,#3318,.T.);
#3318 = EDGE_CURVE('',#2051,#538,#3319,.T.);
#3319 = SURFACE_CURVE('',#3320,(#3326,#3333),.PCURVE_S1.);
#3320 = B_SPLINE_CURVE_WITH_KNOTS('',2,(#3321,#3322,#3323,#3324,#3325),
  .UNSPECIFIED.,.F.,.F.,(3,1,1,3),(-0.2754,-2.80678258413E-15,4.5,4.7754
    ),.UNSPECIFIED.);
#3321 = CARTESIAN_POINT('',(-89.91084352446,15.169063463727,3.9253999));
#3322 = CARTESIAN_POINT('',(-89.91084352446,15.169063463727,3.7876999));
#3323 = CARTESIAN_POINT('',(-89.91084352446,15.169063463727,1.3999999));
#3324 = CARTESIAN_POINT('',(-89.91084352446,15.169063463727,-0.9877001)
  );
#3325 = CARTESIAN_POINT('',(-89.91084352446,15.169063463727,-1.1254001)
  );
#3326 = PCURVE('',#591,#3327);
#3327 = DEFINITIONAL_REPRESENTATION('',(#3328),#3332);
#3328 = LINE('',#3329,#3330);
#3329 = CARTESIAN_POINT('',(4.5,0.));
#3330 = VECTOR('',#3331,1.);
#3331 = DIRECTION('',(0.,1.));
#3332 = ( GEOMETRIC_REPRESENTATION_CONTEXT(2) 
PARAMETRIC_REPRESENTATION_CONTEXT() REPRESENTATION_CONTEXT('2D SPACE',''
  ) );
#3333 = PCURVE('',#650,#3334);
#3334 = DEFINITIONAL_REPRESENTATION('',(#3335),#3338);
#3335 = B_SPLINE_CURVE_WITH_KNOTS('',1,(#3336,#3337),.UNSPECIFIED.,.F.,
  .F.,(2,2),(-2.80678258413E-15,4.5),.PIECEWISE_BEZIER_KNOTS.);
#3336 = CARTESIAN_POINT('',(-1.247100852554,-4.5));
#3337 = CARTESIAN_POINT('',(-1.247100852554,3.552713678796E-15));
#3338 = ( GEOMETRIC_REPRESENTATION_CONTEXT(2) 
PARAMETRIC_REPRESENTATION_CONTEXT() REPRESENTATION_CONTEXT('2D SPACE',''
  ) );
#3339 = ORIENTED_EDGE('',*,*,#537,.F.);
#3340 = ORIENTED_EDGE('',*,*,#3262,.F.);
#3341 = ADVANCED_FACE('',(#3342),#1150,.T.);
#3342 = FACE_BOUND('',#3343,.F.);
#3343 = EDGE_LOOP('',(#3344,#3345,#3367,#3368));
#3344 = ORIENTED_EDGE('',*,*,#1133,.F.);
#3345 = ORIENTED_EDGE('',*,*,#3346,.F.);
#3346 = EDGE_CURVE('',#2475,#1038,#3347,.T.);
#3347 = SURFACE_CURVE('',#3348,(#3354,#3360),.PCURVE_S1.);
#3348 = B_SPLINE_CURVE_WITH_KNOTS('',2,(#3349,#3350,#3351,#3352,#3353),
  .UNSPECIFIED.,.F.,.F.,(3,1,1,3),(-0.2754,-2.80678258413E-15,4.5,4.7754
    ),.UNSPECIFIED.);
#3349 = CARTESIAN_POINT('',(-110.6813725491,-3.177192940137,3.9253999));
#3350 = CARTESIAN_POINT('',(-110.6813725491,-3.177192940137,3.7876999));
#3351 = CARTESIAN_POINT('',(-110.6813725491,-3.177192940137,1.3999999));
#3352 = CARTESIAN_POINT('',(-110.6813725491,-3.177192940137,-0.9877001)
  );
#3353 = CARTESIAN_POINT('',(-110.6813725491,-3.177192940137,-1.1254001)
  );
#3354 = PCURVE('',#1150,#3355);
#3355 = DEFINITIONAL_REPRESENTATION('',(#3356),#3359);
#3356 = B_SPLINE_CURVE_WITH_KNOTS('',1,(#3357,#3358),.UNSPECIFIED.,.F.,
  .F.,(2,2),(-2.80678258413E-15,4.5),.PIECEWISE_BEZIER_KNOTS.);
#3357 = CARTESIAN_POINT('',(-3.341495954947,-4.5));
#3358 = CARTESIAN_POINT('',(-3.341495954947,3.996802888645E-15));
#3359 = ( GEOMETRIC_REPRESENTATION_CONTEXT(2) 
PARAMETRIC_REPRESENTATION_CONTEXT() REPRESENTATION_CONTEXT('2D SPACE',''
  ) );
#3360 = PCURVE('',#1091,#3361);
#3361 = DEFINITIONAL_REPRESENTATION('',(#3362),#3366);
#3362 = LINE('',#3363,#3364);
#3363 = CARTESIAN_POINT('',(0.,0.));
#3364 = VECTOR('',#3365,1.);
#3365 = DIRECTION('',(0.,1.));
#3366 = ( GEOMETRIC_REPRESENTATION_CONTEXT(2) 
PARAMETRIC_REPRESENTATION_CONTEXT() REPRESENTATION_CONTEXT('2D SPACE',''
  ) );
#3367 = ORIENTED_EDGE('',*,*,#2554,.T.);
#3368 = ORIENTED_EDGE('',*,*,#3290,.T.);
#3369 = ADVANCED_FACE('',(#3370),#650,.T.);
#3370 = FACE_BOUND('',#3371,.F.);
#3371 = EDGE_LOOP('',(#3372,#3373,#3374,#3375));
#3372 = ORIENTED_EDGE('',*,*,#633,.F.);
#3373 = ORIENTED_EDGE('',*,*,#3318,.F.);
#3374 = ORIENTED_EDGE('',*,*,#2130,.T.);
#3375 = ORIENTED_EDGE('',*,*,#3376,.T.);
#3376 = EDGE_CURVE('',#2131,#634,#3377,.T.);
#3377 = SURFACE_CURVE('',#3378,(#3384,#3390),.PCURVE_S1.);
#3378 = B_SPLINE_CURVE_WITH_KNOTS('',2,(#3379,#3380,#3381,#3382,#3383),
  .UNSPECIFIED.,.F.,.F.,(3,1,1,3),(-0.2754,-2.818271673723E-15,4.5,
    4.7754),.UNSPECIFIED.);
#3379 = CARTESIAN_POINT('',(-100.0891564757,15.169063463727,3.9253999));
#3380 = CARTESIAN_POINT('',(-100.0891564757,15.169063463727,3.7876999));
#3381 = CARTESIAN_POINT('',(-100.0891564757,15.169063463727,1.3999999));
#3382 = CARTESIAN_POINT('',(-100.0891564757,15.169063463727,-0.9877001)
  );
#3383 = CARTESIAN_POINT('',(-100.0891564757,15.169063463727,-1.1254001)
  );
#3384 = PCURVE('',#650,#3385);
#3385 = DEFINITIONAL_REPRESENTATION('',(#3386),#3389);
#3386 = B_SPLINE_CURVE_WITH_KNOTS('',1,(#3387,#3388),.UNSPECIFIED.,.F.,
  .F.,(2,2),(-2.818271673723E-15,4.5),.PIECEWISE_BEZIER_KNOTS.);
#3387 = CARTESIAN_POINT('',(-1.894491801036,-4.5));
#3388 = CARTESIAN_POINT('',(-1.894491801036,3.996802888645E-15));
#3389 = ( GEOMETRIC_REPRESENTATION_CONTEXT(2) 
PARAMETRIC_REPRESENTATION_CONTEXT() REPRESENTATION_CONTEXT('2D SPACE',''
  ) );
#3390 = PCURVE('',#716,#3391);
#3391 = DEFINITIONAL_REPRESENTATION('',(#3392),#3396);
#3392 = LINE('',#3393,#3394);
#3393 = CARTESIAN_POINT('',(0.,0.));
#3394 = VECTOR('',#3395,1.);
#3395 = DIRECTION('',(0.,1.));
#3396 = ( GEOMETRIC_REPRESENTATION_CONTEXT(2) 
PARAMETRIC_REPRESENTATION_CONTEXT() REPRESENTATION_CONTEXT('2D SPACE',''
  ) );
#3397 = ADVANCED_FACE('',(#3398),#1091,.T.);
#3398 = FACE_BOUND('',#3399,.T.);
#3399 = EDGE_LOOP('',(#3400,#3401,#3423,#3424));
#3400 = ORIENTED_EDGE('',*,*,#2474,.T.);
#3401 = ORIENTED_EDGE('',*,*,#3402,.T.);
#3402 = EDGE_CURVE('',#2447,#1009,#3403,.T.);
#3403 = SURFACE_CURVE('',#3404,(#3410,#3417),.PCURVE_S1.);
#3404 = B_SPLINE_CURVE_WITH_KNOTS('',2,(#3405,#3406,#3407,#3408,#3409),
  .UNSPECIFIED.,.F.,.F.,(3,1,1,3),(-0.2754,-2.80678258413E-15,4.5,4.7754
    ),.UNSPECIFIED.);
#3405 = CARTESIAN_POINT('',(-110.2150878907,-2.373586522661,3.9253999));
#3406 = CARTESIAN_POINT('',(-110.2150878907,-2.373586522661,3.7876999));
#3407 = CARTESIAN_POINT('',(-110.2150878907,-2.373586522661,1.3999999));
#3408 = CARTESIAN_POINT('',(-110.2150878907,-2.373586522661,-0.9877001)
  );
#3409 = CARTESIAN_POINT('',(-110.2150878907,-2.373586522661,-1.1254001)
  );
#3410 = PCURVE('',#1091,#3411);
#3411 = DEFINITIONAL_REPRESENTATION('',(#3412),#3416);
#3412 = LINE('',#3413,#3414);
#3413 = CARTESIAN_POINT('',(4.5,0.));
#3414 = VECTOR('',#3415,1.);
#3415 = DIRECTION('',(0.,1.));
#3416 = ( GEOMETRIC_REPRESENTATION_CONTEXT(2) 
PARAMETRIC_REPRESENTATION_CONTEXT() REPRESENTATION_CONTEXT('2D SPACE',''
  ) );
#3417 = PCURVE('',#1025,#3418);
#3418 = DEFINITIONAL_REPRESENTATION('',(#3419),#3422);
#3419 = B_SPLINE_CURVE_WITH_KNOTS('',1,(#3420,#3421),.UNSPECIFIED.,.F.,
  .F.,(2,2),(-2.80678258413E-15,4.5),.PIECEWISE_BEZIER_KNOTS.);
#3420 = CARTESIAN_POINT('',(-5.031755150559,-5.));
#3421 = CARTESIAN_POINT('',(-5.031755150559,-0.5));
#3422 = ( GEOMETRIC_REPRESENTATION_CONTEXT(2) 
PARAMETRIC_REPRESENTATION_CONTEXT() REPRESENTATION_CONTEXT('2D SPACE',''
  ) );
#3423 = ORIENTED_EDGE('',*,*,#1037,.F.);
#3424 = ORIENTED_EDGE('',*,*,#3346,.F.);
#3425 = ADVANCED_FACE('',(#3426),#716,.F.);
#3426 = FACE_BOUND('',#3427,.F.);
#3427 = EDGE_LOOP('',(#3428,#3429,#3451,#3452));
#3428 = ORIENTED_EDGE('',*,*,#2154,.T.);
#3429 = ORIENTED_EDGE('',*,*,#3430,.T.);
#3430 = EDGE_CURVE('',#2155,#663,#3431,.T.);
#3431 = SURFACE_CURVE('',#3432,(#3438,#3445),.PCURVE_S1.);
#3432 = B_SPLINE_CURVE_WITH_KNOTS('',2,(#3433,#3434,#3435,#3436,#3437),
  .UNSPECIFIED.,.F.,.F.,(3,1,1,3),(-0.2754,-2.818271673723E-15,4.5,
    4.7754),.UNSPECIFIED.);
#3433 = CARTESIAN_POINT('',(-100.5519577187,14.363445895425,3.9253999));
#3434 = CARTESIAN_POINT('',(-100.5519577187,14.363445895425,3.7876999));
#3435 = CARTESIAN_POINT('',(-100.5519577187,14.363445895425,1.3999999));
#3436 = CARTESIAN_POINT('',(-100.5519577187,14.363445895425,-0.9877001)
  );
#3437 = CARTESIAN_POINT('',(-100.5519577187,14.363445895425,-1.1254001)
  );
#3438 = PCURVE('',#716,#3439);
#3439 = DEFINITIONAL_REPRESENTATION('',(#3440),#3444);
#3440 = LINE('',#3441,#3442);
#3441 = CARTESIAN_POINT('',(4.5,0.));
#3442 = VECTOR('',#3443,1.);
#3443 = DIRECTION('',(0.,1.));
#3444 = ( GEOMETRIC_REPRESENTATION_CONTEXT(2) 
PARAMETRIC_REPRESENTATION_CONTEXT() REPRESENTATION_CONTEXT('2D SPACE',''
  ) );
#3445 = PCURVE('',#775,#3446);
#3446 = DEFINITIONAL_REPRESENTATION('',(#3447),#3450);
#3447 = B_SPLINE_CURVE_WITH_KNOTS('',1,(#3448,#3449),.UNSPECIFIED.,.F.,
  .F.,(2,2),(-2.818271673723E-15,4.5),.PIECEWISE_BEZIER_KNOTS.);
#3448 = CARTESIAN_POINT('',(-6.487417912603,-5.));
#3449 = CARTESIAN_POINT('',(-6.487417912603,-0.5));
#3450 = ( GEOMETRIC_REPRESENTATION_CONTEXT(2) 
PARAMETRIC_REPRESENTATION_CONTEXT() REPRESENTATION_CONTEXT('2D SPACE',''
  ) );
#3451 = ORIENTED_EDGE('',*,*,#662,.F.);
#3452 = ORIENTED_EDGE('',*,*,#3376,.F.);
#3453 = ADVANCED_FACE('',(#3454),#1025,.F.);
#3454 = FACE_BOUND('',#3455,.T.);
#3455 = EDGE_LOOP('',(#3456,#3457,#3479,#3480));
#3456 = ORIENTED_EDGE('',*,*,#2446,.F.);
#3457 = ORIENTED_EDGE('',*,*,#3458,.T.);
#3458 = EDGE_CURVE('',#2367,#913,#3459,.T.);
#3459 = SURFACE_CURVE('',#3460,(#3466,#3472),.PCURVE_S1.);
#3460 = B_SPLINE_CURVE_WITH_KNOTS('',2,(#3461,#3462,#3463,#3464,#3465),
  .UNSPECIFIED.,.F.,.F.,(3,1,1,3),(-0.2754,-2.80678258413E-15,4.5,4.7754
    ),.UNSPECIFIED.);
#3461 = CARTESIAN_POINT('',(-110.2150878907,2.373586522661,3.9253999));
#3462 = CARTESIAN_POINT('',(-110.2150878907,2.373586522661,3.7876999));
#3463 = CARTESIAN_POINT('',(-110.2150878907,2.373586522661,1.3999999));
#3464 = CARTESIAN_POINT('',(-110.2150878907,2.373586522661,-0.9877001));
#3465 = CARTESIAN_POINT('',(-110.2150878907,2.373586522661,-1.1254001));
#3466 = PCURVE('',#1025,#3467);
#3467 = DEFINITIONAL_REPRESENTATION('',(#3468),#3471);
#3468 = B_SPLINE_CURVE_WITH_KNOTS('',1,(#3469,#3470),.UNSPECIFIED.,.F.,
  .F.,(2,2),(-2.80678258413E-15,4.5),.PIECEWISE_BEZIER_KNOTS.);
#3469 = CARTESIAN_POINT('',(-7.5346154638,-5.));
#3470 = CARTESIAN_POINT('',(-7.5346154638,-0.5));
#3471 = ( GEOMETRIC_REPRESENTATION_CONTEXT(2) 
PARAMETRIC_REPRESENTATION_CONTEXT() REPRESENTATION_CONTEXT('2D SPACE',''
  ) );
#3472 = PCURVE('',#966,#3473);
#3473 = DEFINITIONAL_REPRESENTATION('',(#3474),#3478);
#3474 = LINE('',#3475,#3476);
#3475 = CARTESIAN_POINT('',(0.,0.));
#3476 = VECTOR('',#3477,1.);
#3477 = DIRECTION('',(0.,1.));
#3478 = ( GEOMETRIC_REPRESENTATION_CONTEXT(2) 
PARAMETRIC_REPRESENTATION_CONTEXT() REPRESENTATION_CONTEXT('2D SPACE',''
  ) );
#3479 = ORIENTED_EDGE('',*,*,#1008,.F.);
#3480 = ORIENTED_EDGE('',*,*,#3402,.F.);
#3481 = ADVANCED_FACE('',(#3482),#775,.F.);
#3482 = FACE_BOUND('',#3483,.T.);
#3483 = EDGE_LOOP('',(#3484,#3485,#3486,#3487));
#3484 = ORIENTED_EDGE('',*,*,#2234,.F.);
#3485 = ORIENTED_EDGE('',*,*,#3430,.T.);
#3486 = ORIENTED_EDGE('',*,*,#758,.F.);
#3487 = ORIENTED_EDGE('',*,*,#3488,.F.);
#3488 = EDGE_CURVE('',#2235,#759,#3489,.T.);
#3489 = SURFACE_CURVE('',#3490,(#3496,#3502),.PCURVE_S1.);
#3490 = B_SPLINE_CURVE_WITH_KNOTS('',2,(#3491,#3492,#3493,#3494,#3495),
  .UNSPECIFIED.,.F.,.F.,(3,1,1,3),(-0.2754,-2.80678258413E-15,4.5,4.7754
    ),.UNSPECIFIED.);
#3491 = CARTESIAN_POINT('',(-104.6631301721,11.989859372764,3.9253999));
#3492 = CARTESIAN_POINT('',(-104.6631301721,11.989859372764,3.7876999));
#3493 = CARTESIAN_POINT('',(-104.6631301721,11.989859372764,1.3999999));
#3494 = CARTESIAN_POINT('',(-104.6631301721,11.989859372764,-0.9877001)
  );
#3495 = CARTESIAN_POINT('',(-104.6631301721,11.989859372764,-1.1254001)
  );
#3496 = PCURVE('',#775,#3497);
#3497 = DEFINITIONAL_REPRESENTATION('',(#3498),#3501);
#3498 = B_SPLINE_CURVE_WITH_KNOTS('',1,(#3499,#3500),.UNSPECIFIED.,.F.,
  .F.,(2,2),(-2.80678258413E-15,4.5),.PIECEWISE_BEZIER_KNOTS.);
#3499 = CARTESIAN_POINT('',(-3.984557599363,-5.));
#3500 = CARTESIAN_POINT('',(-3.984557599363,-0.5));
#3501 = ( GEOMETRIC_REPRESENTATION_CONTEXT(2) 
PARAMETRIC_REPRESENTATION_CONTEXT() REPRESENTATION_CONTEXT('2D SPACE',''
  ) );
#3502 = PCURVE('',#841,#3503);
#3503 = DEFINITIONAL_REPRESENTATION('',(#3504),#3508);
#3504 = LINE('',#3505,#3506);
#3505 = CARTESIAN_POINT('',(0.,0.));
#3506 = VECTOR('',#3507,1.);
#3507 = DIRECTION('',(0.,1.));
#3508 = ( GEOMETRIC_REPRESENTATION_CONTEXT(2) 
PARAMETRIC_REPRESENTATION_CONTEXT() REPRESENTATION_CONTEXT('2D SPACE',''
  ) );
#3509 = ADVANCED_FACE('',(#3510),#966,.T.);
#3510 = FACE_BOUND('',#3511,.T.);
#3511 = EDGE_LOOP('',(#3512,#3513,#3535,#3536));
#3512 = ORIENTED_EDGE('',*,*,#2366,.T.);
#3513 = ORIENTED_EDGE('',*,*,#3514,.T.);
#3514 = EDGE_CURVE('',#2343,#884,#3515,.T.);
#3515 = SURFACE_CURVE('',#3516,(#3522,#3529),.PCURVE_S1.);
#3516 = B_SPLINE_CURVE_WITH_KNOTS('',2,(#3517,#3518,#3519,#3520,#3521),
  .UNSPECIFIED.,.F.,.F.,(3,1,1,3),(-0.2754,-2.80678258413E-15,4.5,4.7754
    ),.UNSPECIFIED.);
#3517 = CARTESIAN_POINT('',(-110.6813725491,3.177192940137,3.9253999));
#3518 = CARTESIAN_POINT('',(-110.6813725491,3.177192940137,3.7876999));
#3519 = CARTESIAN_POINT('',(-110.6813725491,3.177192940137,1.3999999));
#3520 = CARTESIAN_POINT('',(-110.6813725491,3.177192940137,-0.9877001));
#3521 = CARTESIAN_POINT('',(-110.6813725491,3.177192940137,-1.1254001));
#3522 = PCURVE('',#966,#3523);
#3523 = DEFINITIONAL_REPRESENTATION('',(#3524),#3528);
#3524 = LINE('',#3525,#3526);
#3525 = CARTESIAN_POINT('',(4.5,0.));
#3526 = VECTOR('',#3527,1.);
#3527 = DIRECTION('',(0.,1.));
#3528 = ( GEOMETRIC_REPRESENTATION_CONTEXT(2) 
PARAMETRIC_REPRESENTATION_CONTEXT() REPRESENTATION_CONTEXT('2D SPACE',''
  ) );
#3529 = PCURVE('',#900,#3530);
#3530 = DEFINITIONAL_REPRESENTATION('',(#3531),#3534);
#3531 = B_SPLINE_CURVE_WITH_KNOTS('',1,(#3532,#3533),.UNSPECIFIED.,.F.,
  .F.,(2,2),(-2.80678258413E-15,4.5),.PIECEWISE_BEZIER_KNOTS.);
#3532 = CARTESIAN_POINT('',(-2.941689352232,-4.5));
#3533 = CARTESIAN_POINT('',(-2.941689352232,3.996802888645E-15));
#3534 = ( GEOMETRIC_REPRESENTATION_CONTEXT(2) 
PARAMETRIC_REPRESENTATION_CONTEXT() REPRESENTATION_CONTEXT('2D SPACE',''
  ) );
#3535 = ORIENTED_EDGE('',*,*,#912,.F.);
#3536 = ORIENTED_EDGE('',*,*,#3458,.F.);
#3537 = ADVANCED_FACE('',(#3538),#841,.F.);
#3538 = FACE_BOUND('',#3539,.F.);
#3539 = EDGE_LOOP('',(#3540,#3541,#3563,#3564));
#3540 = ORIENTED_EDGE('',*,*,#2262,.T.);
#3541 = ORIENTED_EDGE('',*,*,#3542,.T.);
#3542 = EDGE_CURVE('',#2263,#788,#3543,.T.);
#3543 = SURFACE_CURVE('',#3544,(#3550,#3557),.PCURVE_S1.);
#3544 = B_SPLINE_CURVE_WITH_KNOTS('',2,(#3545,#3546,#3547,#3548,#3549),
  .UNSPECIFIED.,.F.,.F.,(3,1,1,3),(-0.2754,-2.80678258413E-15,4.5,4.7754
    ),.UNSPECIFIED.);
#3545 = CARTESIAN_POINT('',(-105.5922160734,11.991870523591,3.9253999));
#3546 = CARTESIAN_POINT('',(-105.5922160734,11.991870523591,3.7876999));
#3547 = CARTESIAN_POINT('',(-105.5922160734,11.991870523591,1.3999999));
#3548 = CARTESIAN_POINT('',(-105.5922160734,11.991870523591,-0.9877001)
  );
#3549 = CARTESIAN_POINT('',(-105.5922160734,11.991870523591,-1.1254001)
  );
#3550 = PCURVE('',#841,#3551);
#3551 = DEFINITIONAL_REPRESENTATION('',(#3552),#3556);
#3552 = LINE('',#3553,#3554);
#3553 = CARTESIAN_POINT('',(4.5,0.));
#3554 = VECTOR('',#3555,1.);
#3555 = DIRECTION('',(0.,1.));
#3556 = ( GEOMETRIC_REPRESENTATION_CONTEXT(2) 
PARAMETRIC_REPRESENTATION_CONTEXT() REPRESENTATION_CONTEXT('2D SPACE',''
  ) );
#3557 = PCURVE('',#900,#3558);
#3558 = DEFINITIONAL_REPRESENTATION('',(#3559),#3562);
#3559 = B_SPLINE_CURVE_WITH_KNOTS('',1,(#3560,#3561),.UNSPECIFIED.,.F.,
  .F.,(2,2),(-2.80678258413E-15,4.5),.PIECEWISE_BEZIER_KNOTS.);
#3560 = CARTESIAN_POINT('',(-2.294298403751,-4.5));
#3561 = CARTESIAN_POINT('',(-2.294298403751,3.996802888645E-15));
#3562 = ( GEOMETRIC_REPRESENTATION_CONTEXT(2) 
PARAMETRIC_REPRESENTATION_CONTEXT() REPRESENTATION_CONTEXT('2D SPACE',''
  ) );
#3563 = ORIENTED_EDGE('',*,*,#787,.F.);
#3564 = ORIENTED_EDGE('',*,*,#3488,.F.);
#3565 = ADVANCED_FACE('',(#3566),#900,.T.);
#3566 = FACE_BOUND('',#3567,.F.);
#3567 = EDGE_LOOP('',(#3568,#3569,#3570,#3571));
#3568 = ORIENTED_EDGE('',*,*,#883,.F.);
#3569 = ORIENTED_EDGE('',*,*,#3542,.F.);
#3570 = ORIENTED_EDGE('',*,*,#2342,.T.);
#3571 = ORIENTED_EDGE('',*,*,#3514,.T.);
#3572 = ADVANCED_FACE('',(#3573),#1658,.F.);
#3573 = FACE_BOUND('',#3574,.T.);
#3574 = EDGE_LOOP('',(#3575,#3576,#3597,#3598));
#3575 = ORIENTED_EDGE('',*,*,#1637,.T.);
#3576 = ORIENTED_EDGE('',*,*,#3577,.T.);
#3577 = EDGE_CURVE('',#1638,#2979,#3578,.T.);
#3578 = SEAM_CURVE('',#3579,(#3583,#3590),.PCURVE_S1.);
#3579 = LINE('',#3580,#3581);
#3580 = CARTESIAN_POINT('',(-90.70000000009,0.,-1.3500001));
#3581 = VECTOR('',#3582,1.);
#3582 = DIRECTION('',(0.,0.,1.));
#3583 = PCURVE('',#1658,#3584);
#3584 = DEFINITIONAL_REPRESENTATION('',(#3585),#3589);
#3585 = LINE('',#3586,#3587);
#3586 = CARTESIAN_POINT('',(-6.28318530718,0.));
#3587 = VECTOR('',#3588,1.);
#3588 = DIRECTION('',(-0.,-1.));
#3589 = ( GEOMETRIC_REPRESENTATION_CONTEXT(2) 
PARAMETRIC_REPRESENTATION_CONTEXT() REPRESENTATION_CONTEXT('2D SPACE',''
  ) );
#3590 = PCURVE('',#1658,#3591);
#3591 = DEFINITIONAL_REPRESENTATION('',(#3592),#3596);
#3592 = LINE('',#3593,#3594);
#3593 = CARTESIAN_POINT('',(-0.,0.));
#3594 = VECTOR('',#3595,1.);
#3595 = DIRECTION('',(-0.,-1.));
#3596 = ( GEOMETRIC_REPRESENTATION_CONTEXT(2) 
PARAMETRIC_REPRESENTATION_CONTEXT() REPRESENTATION_CONTEXT('2D SPACE',''
  ) );
#3597 = ORIENTED_EDGE('',*,*,#2978,.F.);
#3598 = ORIENTED_EDGE('',*,*,#3577,.F.);
#3599 = ( GEOMETRIC_REPRESENTATION_CONTEXT(3) 
GLOBAL_UNCERTAINTY_ASSIGNED_CONTEXT((#3603)) 
GLOBAL_UNIT_ASSIGNED_CONTEXT((#3600,#3601,#3602)) REPRESENTATION_CONTEXT
('Context #1','3D Context with UNIT and UNCERTAINTY') );
#3600 = ( LENGTH_UNIT() NAMED_UNIT(*) SI_UNIT(.MILLI.,.METRE.) );
#3601 = ( NAMED_UNIT(*) PLANE_ANGLE_UNIT() SI_UNIT($,.RADIAN.) );
#3602 = ( NAMED_UNIT(*) SI_UNIT($,.STERADIAN.) SOLID_ANGLE_UNIT() );
#3603 = UNCERTAINTY_MEASURE_WITH_UNIT(LENGTH_MEASURE(1.E-07),#3600,
  'distance_accuracy_value','confusion accuracy');
#3604 = CONTEXT_DEPENDENT_SHAPE_REPRESENTATION(#3605,#3607);
#3605 = ( REPRESENTATION_RELATIONSHIP('','',#32,#10) 
REPRESENTATION_RELATIONSHIP_WITH_TRANSFORMATION(#3606) 
SHAPE_REPRESENTATION_RELATIONSHIP() );
#3606 = ITEM_DEFINED_TRANSFORMATION('','',#11,#15);
#3607 = PRODUCT_DEFINITION_SHAPE('Placement','Placement of an item',
  #3608);
#3608 = NEXT_ASSEMBLY_USAGE_OCCURRENCE('1','winding_head_clamp_body','',#5,#27,$);
#3609 = PRODUCT_RELATED_PRODUCT_CATEGORY('part',$,(#29));
ENDSEC;
END-ISO-10303-21;
