ISO-10303-21;
HEADER;
FILE_DESCRIPTION(('Open CASCADE Model'),'2;1');
FILE_NAME('Open CASCADE Shape Model','1970-01-01T00:00:00',('Author'),(
    'Open CASCADE'),'Open CASCADE STEP processor 7.9','Open CASCADE 7.9'
  ,'Unknown');
FILE_SCHEMA(('AUTOMOTIVE_DESIGN { 1 0 10303 214 1 1 1 1 }'));
ENDSEC;
DATA;
#1 = APPLICATION_PROTOCOL_DEFINITION('international standard',
  'automotive_design',2000,#2);
#2 = APPLICATION_CONTEXT(
  'core data for automotive mechanical design processes');
#3 = SHAPE_DEFINITION_REPRESENTATION(#4,#10);
#4 = PRODUCT_DEFINITION_SHAPE('','',#5);
#5 = PRODUCT_DEFINITION('design','',#6,#9);
#6 = PRODUCT_DEFINITION_FORMATION('','',#7);
#7 = PRODUCT('winding_head_rib','winding_head_rib','',(#8));
#8 = PRODUCT_CONTEXT('',#2,'mechanical');
#9 = PRODUCT_DEFINITION_CONTEXT('part definition',#2,'design');
#10 = SHAPE_REPRESENTATION('',(#11,#15),#19);
#11 = AXIS2_PLACEMENT_3D('',#12,#13,#14);
#12 = CARTESIAN_POINT('',(0.,0.,0.));
#13 = DIRECTION('',(0.,0.,1.));
#14 = DIRECTION('',(1.,0.,-0.));
#15 = AXIS2_PLACEMENT_3D('',#16,#17,#18);
#16 = CARTESIAN_POINT('',(0.,0.,0.));
#17 = DIRECTION('',(0.,0.,1.));
#18 = DIRECTION('',(1.,0.,-0.));
#19 = ( GEOMETRIC_REPRESENTATION_CONTEXT(3) 
GLOBAL_UNCERTAINTY_ASSIGNED_CONTEXT((#23)) GLOBAL_UNIT_ASSIGNED_CONTEXT(
(#20,#21,#22)) REPRESENTATION_CONTEXT('Context #1',
  '3D Context with UNIT and UNCERTAINTY') );
#20 = ( LENGTH_UNIT() NAMED_UNIT(*) SI_UNIT(.MILLI.,.METRE.) );
#21 = ( NAMED_UNIT(*) PLANE_ANGLE_UNIT() SI_UNIT($,.RADIAN.) );
#22 = ( NAMED_UNIT(*) SI_UNIT($,.STERADIAN.) SOLID_ANGLE_UNIT() );
#23 = UNCERTAINTY_MEASURE_WITH_UNIT(LENGTH_MEASURE(2.E-05),#20,
  'distance_accuracy_value','confusion accuracy');
#24 = PRODUCT_RELATED_PRODUCT_CATEGORY('part',$,(#7));
#25 = SHAPE_DEFINITION_REPRESENTATION(#26,#32);
#26 = PRODUCT_DEFINITION_SHAPE('','',#27);
#27 = PRODUCT_DEFINITION('design','',#28,#31);
#28 = PRODUCT_DEFINITION_FORMATION('','',#29);
#29 = PRODUCT('winding_head_rib_body','winding_head_rib_body','',(#30));
#30 = PRODUCT_CONTEXT('',#2,'mechanical');
#31 = PRODUCT_DEFINITION_CONTEXT('part definition',#2,'design');
#32 = ADVANCED_BREP_SHAPE_REPRESENTATION('',(#11,#33),#8631);
#33 = MANIFOLD_SOLID_BREP('',#34);
#34 = CLOSED_SHELL('',(#35,#1405,#1513,#1599,#1697,#1787,#1880,#1942,
    #2027,#2118,#2209,#2284,#2345,#2438,#2529,#2627,#2702,#2780,#2877,
    #2968,#3058,#3119,#3181,#3272,#3362,#3395,#3451,#3511,#3587,#3708,
    #3768,#3933,#4077,#4133,#4209,#4263,#4384,#4528,#4672,#4803,#4831,
    #4885,#4945,#5021,#5165,#5225,#5503,#5563,#5662,#5738,#5819,#5901,
    #5983,#6032,#6081,#6163,#6245,#6277,#6305,#6333,#6406,#6484,#6491,
    #6519,#6547,#6598,#6626,#6800,#6828,#6878,#6934,#7013,#7020,#7194,
    #7278,#7329,#7378,#7385,#7442,#7470,#7520,#7604,#7632,#7660,#7816,
    #7980,#8029,#8230,#8323,#8351,#8379,#8430,#8458,#8485,#8515,#8543,
    #8570,#8597,#8604));
#35 = ADVANCED_FACE('',(#36,#837),#50,.T.);
#36 = FACE_BOUND('',#37,.F.);
#37 = EDGE_LOOP('',(#38,#73,#102,#130,#159,#277,#305,#423,#452,#480,#509
    ,#537,#566,#674,#702,#810));
#38 = ORIENTED_EDGE('',*,*,#39,.F.);
#39 = EDGE_CURVE('',#40,#42,#44,.T.);
#40 = VERTEX_POINT('',#41);
#41 = CARTESIAN_POINT('',(-37.60604057709,-25.18691588785,13.3999999));
#42 = VERTEX_POINT('',#43);
#43 = CARTESIAN_POINT('',(-37.60604057709,-25.18691588785,11.5999999));
#44 = SURFACE_CURVE('',#45,(#49,#61),.PCURVE_S1.);
#45 = LINE('',#46,#47);
#46 = CARTESIAN_POINT('',(-37.60604057709,-25.18691588785,14.5999999));
#47 = VECTOR('',#48,1.);
#48 = DIRECTION('',(0.,-0.,-1.));
#49 = PCURVE('',#50,#55);
#50 = CYLINDRICAL_SURFACE('',#51,55.);
#51 = AXIS2_PLACEMENT_3D('',#52,#53,#54);
#52 = CARTESIAN_POINT('',(-86.50000000009,0.,-5.4000001));
#53 = DIRECTION('',(0.,-0.,-1.));
#54 = DIRECTION('',(1.,0.,0.));
#55 = DEFINITIONAL_REPRESENTATION('',(#56),#60);
#56 = LINE('',#57,#58);
#57 = CARTESIAN_POINT('',(-5.807504334395,-20.));
#58 = VECTOR('',#59,1.);
#59 = DIRECTION('',(-0.,1.));
#60 = ( GEOMETRIC_REPRESENTATION_CONTEXT(2) 
PARAMETRIC_REPRESENTATION_CONTEXT() REPRESENTATION_CONTEXT('2D SPACE',''
  ) );
#61 = PCURVE('',#62,#67);
#62 = CYLINDRICAL_SURFACE('',#63,1.5);
#63 = AXIS2_PLACEMENT_3D('',#64,#65,#66);
#64 = CARTESIAN_POINT('',(-38.93951219771,-24.5,14.5999999));
#65 = DIRECTION('',(0.,-0.,-1.));
#66 = DIRECTION('',(0.888981080418,-0.457943925234,0.));
#67 = DEFINITIONAL_REPRESENTATION('',(#68),#72);
#68 = LINE('',#69,#70);
#69 = CARTESIAN_POINT('',(0.,0.));
#70 = VECTOR('',#71,1.);
#71 = DIRECTION('',(0.,1.));
#72 = ( GEOMETRIC_REPRESENTATION_CONTEXT(2) 
PARAMETRIC_REPRESENTATION_CONTEXT() REPRESENTATION_CONTEXT('2D SPACE',''
  ) );
#73 = ORIENTED_EDGE('',*,*,#74,.F.);
#74 = EDGE_CURVE('',#75,#40,#77,.T.);
#75 = VERTEX_POINT('',#76);
#76 = CARTESIAN_POINT('',(-37.60604057709,25.18691588785,13.3999999));
#77 = SURFACE_CURVE('',#78,(#83,#90),.PCURVE_S1.);
#78 = CIRCLE('',#79,55.);
#79 = AXIS2_PLACEMENT_3D('',#80,#81,#82);
#80 = CARTESIAN_POINT('',(-86.50000000009,0.,13.3999999));
#81 = DIRECTION('',(0.,0.,-1.));
#82 = DIRECTION('',(0.888981080418,0.457943925234,0.));
#83 = PCURVE('',#50,#84);
#84 = DEFINITIONAL_REPRESENTATION('',(#85),#89);
#85 = LINE('',#86,#87);
#86 = CARTESIAN_POINT('',(-6.758866279964,-18.8));
#87 = VECTOR('',#88,1.);
#88 = DIRECTION('',(1.,-0.));
#89 = ( GEOMETRIC_REPRESENTATION_CONTEXT(2) 
PARAMETRIC_REPRESENTATION_CONTEXT() REPRESENTATION_CONTEXT('2D SPACE',''
  ) );
#90 = PCURVE('',#91,#96);
#91 = TOROIDAL_SURFACE('',#92,53.8,1.2);
#92 = AXIS2_PLACEMENT_3D('',#93,#94,#95);
#93 = CARTESIAN_POINT('',(-86.50000000009,0.,13.3999999));
#94 = DIRECTION('',(0.,-0.,-1.));
#95 = DIRECTION('',(0.888981080418,0.457943925234,0.));
#96 = DEFINITIONAL_REPRESENTATION('',(#97),#101);
#97 = LINE('',#98,#99);
#98 = CARTESIAN_POINT('',(0.,6.28318530718));
#99 = VECTOR('',#100,1.);
#100 = DIRECTION('',(1.,0.));
#101 = ( GEOMETRIC_REPRESENTATION_CONTEXT(2) 
PARAMETRIC_REPRESENTATION_CONTEXT() REPRESENTATION_CONTEXT('2D SPACE',''
  ) );
#102 = ORIENTED_EDGE('',*,*,#103,.T.);
#103 = EDGE_CURVE('',#75,#104,#106,.T.);
#104 = VERTEX_POINT('',#105);
#105 = CARTESIAN_POINT('',(-37.60604057709,25.18691588785,11.5999999));
#106 = SURFACE_CURVE('',#107,(#111,#118),.PCURVE_S1.);
#107 = LINE('',#108,#109);
#108 = CARTESIAN_POINT('',(-37.60604057709,25.18691588785,14.5999999));
#109 = VECTOR('',#110,1.);
#110 = DIRECTION('',(0.,-0.,-1.));
#111 = PCURVE('',#50,#112);
#112 = DEFINITIONAL_REPRESENTATION('',(#113),#117);
#113 = LINE('',#114,#115);
#114 = CARTESIAN_POINT('',(-6.758866279964,-20.));
#115 = VECTOR('',#116,1.);
#116 = DIRECTION('',(-0.,1.));
#117 = ( GEOMETRIC_REPRESENTATION_CONTEXT(2) 
PARAMETRIC_REPRESENTATION_CONTEXT() REPRESENTATION_CONTEXT('2D SPACE',''
  ) );
#118 = PCURVE('',#119,#124);
#119 = CYLINDRICAL_SURFACE('',#120,1.5);
#120 = AXIS2_PLACEMENT_3D('',#121,#122,#123);
#121 = CARTESIAN_POINT('',(-38.93951219771,24.5,14.5999999));
#122 = DIRECTION('',(0.,-0.,-1.));
#123 = DIRECTION('',(0.888981080418,0.457943925234,0.));
#124 = DEFINITIONAL_REPRESENTATION('',(#125),#129);
#125 = LINE('',#126,#127);
#126 = CARTESIAN_POINT('',(-0.,0.));
#127 = VECTOR('',#128,1.);
#128 = DIRECTION('',(-0.,1.));
#129 = ( GEOMETRIC_REPRESENTATION_CONTEXT(2) 
PARAMETRIC_REPRESENTATION_CONTEXT() REPRESENTATION_CONTEXT('2D SPACE',''
  ) );
#130 = ORIENTED_EDGE('',*,*,#131,.F.);
#131 = EDGE_CURVE('',#132,#104,#134,.T.);
#132 = VERTEX_POINT('',#133);
#133 = CARTESIAN_POINT('',(-33.25056286833,13.765807101335,11.5999999));
#134 = SURFACE_CURVE('',#135,(#140,#147),.PCURVE_S1.);
#135 = CIRCLE('',#136,55.);
#136 = AXIS2_PLACEMENT_3D('',#137,#138,#139);
#137 = CARTESIAN_POINT('',(-86.50000000009,0.,11.5999999));
#138 = DIRECTION('',(0.,-0.,1.));
#139 = DIRECTION('',(0.967819760603,0.251644413778,0.));
#140 = PCURVE('',#50,#141);
#141 = DEFINITIONAL_REPRESENTATION('',(#142),#146);
#142 = LINE('',#143,#144);
#143 = CARTESIAN_POINT('',(-6.53756427892,-17.));
#144 = VECTOR('',#145,1.);
#145 = DIRECTION('',(-1.,0.));
#146 = ( GEOMETRIC_REPRESENTATION_CONTEXT(2) 
PARAMETRIC_REPRESENTATION_CONTEXT() REPRESENTATION_CONTEXT('2D SPACE',''
  ) );
#147 = PCURVE('',#148,#153);
#148 = TOROIDAL_SURFACE('',#149,54.2,0.8);
#149 = AXIS2_PLACEMENT_3D('',#150,#151,#152);
#150 = CARTESIAN_POINT('',(-86.50000000009,0.,11.5999999));
#151 = DIRECTION('',(0.,0.,-1.));
#152 = DIRECTION('',(0.967819760603,0.251644413778,0.));
#153 = DEFINITIONAL_REPRESENTATION('',(#154),#158);
#154 = LINE('',#155,#156);
#155 = CARTESIAN_POINT('',(-0.,0.));
#156 = VECTOR('',#157,1.);
#157 = DIRECTION('',(-1.,0.));
#158 = ( GEOMETRIC_REPRESENTATION_CONTEXT(2) 
PARAMETRIC_REPRESENTATION_CONTEXT() REPRESENTATION_CONTEXT('2D SPACE',''
  ) );
#159 = ORIENTED_EDGE('',*,*,#160,.F.);
#160 = EDGE_CURVE('',#161,#132,#163,.T.);
#161 = VERTEX_POINT('',#162);
#162 = CARTESIAN_POINT('',(-32.8652135906,12.178246458672,9.9999999));
#163 = SURFACE_CURVE('',#164,(#177,#233),.PCURVE_S1.);
#164 = ( BOUNDED_CURVE() B_SPLINE_CURVE(6,(#165,#166,#167,#168,#169,#170
    ,#171,#172,#173,#174,#175,#176),.UNSPECIFIED.,.F.,.F.) 
B_SPLINE_CURVE_WITH_KNOTS((7,5,7),(24.231465727345,24.97851675283,
25.414100416039),.UNSPECIFIED.) CURVE() GEOMETRIC_REPRESENTATION_ITEM() 
RATIONAL_B_SPLINE_CURVE((1.,1.,1.,1.,1.,1.,1.,1.,1.,1.,1.,1.)) 
REPRESENTATION_ITEM('') );
#165 = CARTESIAN_POINT('',(-32.8652135906,12.178246458672,9.9999999));
#166 = CARTESIAN_POINT('',(-32.8652135906,12.178246458672,10.24689131462
    ));
#167 = CARTESIAN_POINT('',(-32.87557220138,12.223874655662,
    10.489819584528));
#168 = CARTESIAN_POINT('',(-32.89587923026,12.31327560458,
    10.724265048286));
#169 = CARTESIAN_POINT('',(-32.92638994822,12.446386745299,
    10.942827839186));
#170 = CARTESIAN_POINT('',(-32.96777069777,12.623403883242,
    11.138116884485));
#171 = CARTESIAN_POINT('',(-33.0503311912,12.967261418363,
    11.388295552464));
#172 = CARTESIAN_POINT('',(-33.08452528886,13.108088100061,
    11.468162069366));
#173 = CARTESIAN_POINT('',(-33.12218150246,13.261093094108,
    11.532067971431));
#174 = CARTESIAN_POINT('',(-33.16291041681,13.423987687459,
    11.576836702548));
#175 = CARTESIAN_POINT('',(-33.20606734508,13.593687766043,11.5999999));
#176 = CARTESIAN_POINT('',(-33.25056286833,13.765807101335,11.5999999));
#177 = PCURVE('',#50,#178);
#178 = DEFINITIONAL_REPRESENTATION('',(#179),#232);
#179 = B_SPLINE_CURVE_WITH_KNOTS('',11,(#180,#181,#182,#183,#184,#185,
    #186,#187,#188,#189,#190,#191,#192,#193,#194,#195,#196,#197,#198,
    #199,#200,#201,#202,#203,#204,#205,#206,#207,#208,#209,#210,#211,
    #212,#213,#214,#215,#216,#217,#218,#219,#220,#221,#222,#223,#224,
    #225,#226,#227,#228,#229,#230,#231),.UNSPECIFIED.,.F.,.F.,(12,10,10,
    10,10,12),(24.231465727345,24.822783071692,24.970612407779,
    25.044527075822,25.118441743865,25.414100416039),.UNSPECIFIED.);
#180 = CARTESIAN_POINT('',(-6.506458411827,-15.4));
#181 = CARTESIAN_POINT('',(-6.506458411827,-15.50659452651));
#182 = CARTESIAN_POINT('',(-6.50660377432,-15.61251186527));
#183 = CARTESIAN_POINT('',(-6.506892422667,-15.71748033269));
#184 = CARTESIAN_POINT('',(-6.507322895019,-15.82117685488));
#185 = CARTESIAN_POINT('',(-6.507894230558,-15.92323862531));
#186 = CARTESIAN_POINT('',(-6.508605828987,-16.02326971137));
#187 = CARTESIAN_POINT('',(-6.50945728336,-16.12084261033));
#188 = CARTESIAN_POINT('',(-6.5104481861,-16.21549475403));
#189 = CARTESIAN_POINT('',(-6.511577908392,-16.306719963));
#190 = CARTESIAN_POINT('',(-6.512845352774,-16.39395484935));
#191 = CARTESIAN_POINT('',(-6.514599510622,-16.49721149891));
#192 = CARTESIAN_POINT('',(-6.514958833621,-16.51757339146));
#193 = CARTESIAN_POINT('',(-6.515326620873,-16.53763597609));
#194 = CARTESIAN_POINT('',(-6.515702841344,-16.55738901486));
#195 = CARTESIAN_POINT('',(-6.516087460082,-16.57682190236));
#196 = CARTESIAN_POINT('',(-6.516480438321,-16.59592366586));
#197 = CARTESIAN_POINT('',(-6.516881733344,-16.6146829651));
#198 = CARTESIAN_POINT('',(-6.517291298629,-16.63308809254));
#199 = CARTESIAN_POINT('',(-6.517709083719,-16.65112697311));
#200 = CARTESIAN_POINT('',(-6.518135034319,-16.6687871644));
#201 = CARTESIAN_POINT('',(-6.518786121196,-16.69469020264));
#202 = CARTESIAN_POINT('',(-6.519005198858,-16.70322754496));
#203 = CARTESIAN_POINT('',(-6.519226039768,-16.71165506733));
#204 = CARTESIAN_POINT('',(-6.519449962233,-16.72002448654));
#205 = CARTESIAN_POINT('',(-6.519674272149,-16.72822619443));
#206 = CARTESIAN_POINT('',(-6.519902490383,-16.73640050614));
#207 = CARTESIAN_POINT('',(-6.520131179936,-16.744408024));
#208 = CARTESIAN_POINT('',(-6.520362755462,-16.75234463296));
#209 = CARTESIAN_POINT('',(-6.520595921378,-16.76015709661));
#210 = CARTESIAN_POINT('',(-6.520831119559,-16.767862055));
#211 = CARTESIAN_POINT('',(-6.521305318163,-16.78304424103));
#212 = CARTESIAN_POINT('',(-6.521544330506,-16.79052195193));
#213 = CARTESIAN_POINT('',(-6.521785232389,-16.79788424198));
#214 = CARTESIAN_POINT('',(-6.522027999985,-16.80512909526));
#215 = CARTESIAN_POINT('',(-6.522272608998,-16.81225451827));
#216 = CARTESIAN_POINT('',(-6.522519034892,-16.81925854062));
#217 = CARTESIAN_POINT('',(-6.522767252601,-16.82613921406));
#218 = CARTESIAN_POINT('',(-6.523017236824,-16.83289461357));
#219 = CARTESIAN_POINT('',(-6.523268961783,-16.83952283639));
#220 = CARTESIAN_POINT('',(-6.523522401383,-16.84602200269));
#221 = CARTESIAN_POINT('',(-6.524798040109,-16.87786326537));
#222 = CARTESIAN_POINT('',(-6.525845560518,-16.9012416863));
#223 = CARTESIAN_POINT('',(-6.526918388556,-16.92240678662));
#224 = CARTESIAN_POINT('',(-6.528014710301,-16.94124597094));
#225 = CARTESIAN_POINT('',(-6.529132581417,-16.95765315812));
#226 = CARTESIAN_POINT('',(-6.53026990872,-16.97152916011));
#227 = CARTESIAN_POINT('',(-6.531424431953,-16.98278206006));
#228 = CARTESIAN_POINT('',(-6.532593705312,-16.99132759119));
#229 = CARTESIAN_POINT('',(-6.533775079219,-16.99708951501));
#230 = CARTESIAN_POINT('',(-6.534965681891,-17.));
#231 = CARTESIAN_POINT('',(-6.536162401048,-17.));
#232 = ( GEOMETRIC_REPRESENTATION_CONTEXT(2) 
PARAMETRIC_REPRESENTATION_CONTEXT() REPRESENTATION_CONTEXT('2D SPACE',''
  ) );
#233 = PCURVE('',#234,#271);
#234 = ( BOUNDED_SURFACE() B_SPLINE_SURFACE(2,6,(
    (#235,#236,#237,#238,#239,#240,#241,#242,#243,#244,#245,#246)
    ,(#247,#248,#249,#250,#251,#252,#253,#254,#255,#256,#257,#258)
    ,(#259,#260,#261,#262,#263,#264,#265,#266,#267,#268,#269,#270
)),.UNSPECIFIED.,.F.,.F.,.F.) B_SPLINE_SURFACE_WITH_KNOTS((3,3),(7,5,7),
  (0.,1.182634688694),(24.231465727345,24.97851675283,25.414100416039),
.UNSPECIFIED.) GEOMETRIC_REPRESENTATION_ITEM() RATIONAL_B_SPLINE_SURFACE
((
    (1.,1.,1.,1.,1.,1.,1.,1.,1.,1.,1.,1.)
    ,(0.661263466928,0.661263466928,0.663025347006,0.666538076746
      ,0.671704935915,0.677964560486,0.688491953262,0.692513968154
      ,0.696500576527,0.700301936099,0.703832772918,0.707106781187)
,(1.,1.,1.,1.,1.,1.,1.,1.,1.,1.,1.,1.
))) REPRESENTATION_ITEM('') SURFACE() );
#235 = CARTESIAN_POINT('',(-32.8652135906,12.178246458672,9.9999999));
#236 = CARTESIAN_POINT('',(-32.8652135906,12.178246458672,10.24689131462
    ));
#237 = CARTESIAN_POINT('',(-32.87557220138,12.223874655662,
    10.489819584528));
#238 = CARTESIAN_POINT('',(-32.89587923026,12.31327560458,
    10.724265048286));
#239 = CARTESIAN_POINT('',(-32.92638994822,12.446386745299,
    10.942827839186));
#240 = CARTESIAN_POINT('',(-32.96777069777,12.623403883242,
    11.138116884485));
#241 = CARTESIAN_POINT('',(-33.0503311912,12.967261418363,
    11.388295552464));
#242 = CARTESIAN_POINT('',(-33.08452528886,13.108088100061,
    11.468162069366));
#243 = CARTESIAN_POINT('',(-33.12218150246,13.261093094108,
    11.532067971431));
#244 = CARTESIAN_POINT('',(-33.16291041681,13.423987687459,
    11.576836702548));
#245 = CARTESIAN_POINT('',(-33.20606734508,13.593687766043,11.5999999));
#246 = CARTESIAN_POINT('',(-33.25056286833,13.765807101335,11.5999999));
#247 = CARTESIAN_POINT('',(-33.0661634946,13.063259355789,9.9999999));
#248 = CARTESIAN_POINT('',(-33.0661634946,13.063259355789,
    10.115247962073));
#249 = CARTESIAN_POINT('',(-33.07126509166,13.082236144205,
    10.233789917094));
#250 = CARTESIAN_POINT('',(-33.08189746369,13.122363671338,
    10.351370170631));
#251 = CARTESIAN_POINT('',(-33.09835823673,13.184865574809,
    10.46076781375));
#252 = CARTESIAN_POINT('',(-33.11962239477,13.265278583829,
    10.556368827034));
#253 = CARTESIAN_POINT('',(-33.15985614029,13.41801217335,
    10.679532581802));
#254 = CARTESIAN_POINT('',(-33.17594618091,13.479175345485,
    10.718703073322));
#255 = CARTESIAN_POINT('',(-33.19322821486,13.545032435533,
    10.750990918452));
#256 = CARTESIAN_POINT('',(-33.21148492439,13.614943462328,
    10.775814648427));
#257 = CARTESIAN_POINT('',(-33.23058650799,13.688533757582,
    10.79255720419));
#258 = CARTESIAN_POINT('',(-33.25056286833,13.765807101335,10.7999999));
#259 = CARTESIAN_POINT('',(-33.91897205303,12.752862424993,9.9999999));
#260 = CARTESIAN_POINT('',(-33.91897205303,12.752862424993,
    10.129610956618));
#261 = CARTESIAN_POINT('',(-33.92170597394,12.778706859036,
    10.262263630185));
#262 = CARTESIAN_POINT('',(-33.92762165846,12.832459668194,
    10.39114363966));
#263 = CARTESIAN_POINT('',(-33.93685528785,12.913700554113,
    10.50604388028));
#264 = CARTESIAN_POINT('',(-33.94850688877,13.013317687755,
    10.600260752709));
#265 = CARTESIAN_POINT('',(-33.97107031186,13.192329960855,
    10.713883029187));
#266 = CARTESIAN_POINT('',(-33.98026188647,13.262915818057,
    10.748114884551));
#267 = CARTESIAN_POINT('',(-33.99027287198,13.336408991876,
    10.773818354715));
#268 = CARTESIAN_POINT('',(-34.00107725082,13.411600405433,
    10.79106049409));
#269 = CARTESIAN_POINT('',(-34.0126779532,13.487926291285,10.7999999));
#270 = CARTESIAN_POINT('',(-34.02510013571,13.565577179861,10.7999999));
#271 = DEFINITIONAL_REPRESENTATION('',(#272),#276);
#272 = LINE('',#273,#274);
#273 = CARTESIAN_POINT('',(0.,0.));
#274 = VECTOR('',#275,1.);
#275 = DIRECTION('',(0.,1.));
#276 = ( GEOMETRIC_REPRESENTATION_CONTEXT(2) 
PARAMETRIC_REPRESENTATION_CONTEXT() REPRESENTATION_CONTEXT('2D SPACE',''
  ) );
#277 = ORIENTED_EDGE('',*,*,#278,.F.);
#278 = EDGE_CURVE('',#279,#161,#281,.T.);
#279 = VERTEX_POINT('',#280);
#280 = CARTESIAN_POINT('',(-32.8652135906,12.178246458672,-0.8000001));
#281 = SURFACE_CURVE('',#282,(#286,#293),.PCURVE_S1.);
#282 = LINE('',#283,#284);
#283 = CARTESIAN_POINT('',(-32.8652135906,12.178246458672,-0.8000001));
#284 = VECTOR('',#285,1.);
#285 = DIRECTION('',(0.,0.,1.));
#286 = PCURVE('',#50,#287);
#287 = DEFINITIONAL_REPRESENTATION('',(#288),#292);
#288 = LINE('',#289,#290);
#289 = CARTESIAN_POINT('',(-6.506458411827,-4.6));
#290 = VECTOR('',#291,1.);
#291 = DIRECTION('',(-0.,-1.));
#292 = ( GEOMETRIC_REPRESENTATION_CONTEXT(2) 
PARAMETRIC_REPRESENTATION_CONTEXT() REPRESENTATION_CONTEXT('2D SPACE',''
  ) );
#293 = PCURVE('',#294,#299);
#294 = CYLINDRICAL_SURFACE('',#295,0.8);
#295 = AXIS2_PLACEMENT_3D('',#296,#297,#298);
#296 = CARTESIAN_POINT('',(-33.64535593837,12.001108328364,-0.8000001));
#297 = DIRECTION('',(0.,0.,1.));
#298 = DIRECTION('',(0.975177934718,0.221422662885,0.));
#299 = DEFINITIONAL_REPRESENTATION('',(#300),#304);
#300 = LINE('',#301,#302);
#301 = CARTESIAN_POINT('',(0.,0.));
#302 = VECTOR('',#303,1.);
#303 = DIRECTION('',(0.,1.));
#304 = ( GEOMETRIC_REPRESENTATION_CONTEXT(2) 
PARAMETRIC_REPRESENTATION_CONTEXT() REPRESENTATION_CONTEXT('2D SPACE',''
  ) );
#305 = ORIENTED_EDGE('',*,*,#306,.F.);
#306 = EDGE_CURVE('',#307,#279,#309,.T.);
#307 = VERTEX_POINT('',#308);
#308 = CARTESIAN_POINT('',(-33.25056286833,13.765807101335,-2.4000001));
#309 = SURFACE_CURVE('',#310,(#323,#379),.PCURVE_S1.);
#310 = ( BOUNDED_CURVE() B_SPLINE_CURVE(6,(#311,#312,#313,#314,#315,#316
    ,#317,#318,#319,#320,#321,#322),.UNSPECIFIED.,.F.,.F.) 
B_SPLINE_CURVE_WITH_KNOTS((7,5,7),(12.248831038651,12.68441470186,
13.431465727345),.UNSPECIFIED.) CURVE() GEOMETRIC_REPRESENTATION_ITEM() 
RATIONAL_B_SPLINE_CURVE((1.,1.,1.,1.,1.,1.,1.,1.,1.,1.,1.,1.)) 
REPRESENTATION_ITEM('') );
#311 = CARTESIAN_POINT('',(-33.25056286833,13.765807101335,-2.4000001));
#312 = CARTESIAN_POINT('',(-33.20606734508,13.593687766043,-2.4000001));
#313 = CARTESIAN_POINT('',(-33.16291041681,13.423987687459,
    -2.376836902548));
#314 = CARTESIAN_POINT('',(-33.12218150246,13.261093094108,
    -2.332068171431));
#315 = CARTESIAN_POINT('',(-33.08452528886,13.108088100061,
    -2.268162269366));
#316 = CARTESIAN_POINT('',(-33.0503311912,12.967261418363,
    -2.188295752464));
#317 = CARTESIAN_POINT('',(-32.96777069777,12.623403883242,
    -1.938117084485));
#318 = CARTESIAN_POINT('',(-32.92638994822,12.4463867453,-1.742828039186
    ));
#319 = CARTESIAN_POINT('',(-32.89587923026,12.31327560458,
    -1.524265248287));
#320 = CARTESIAN_POINT('',(-32.87557220138,12.223874655662,
    -1.289819784528));
#321 = CARTESIAN_POINT('',(-32.8652135906,12.178246458672,-1.04689151462
    ));
#322 = CARTESIAN_POINT('',(-32.8652135906,12.178246458672,-0.8000001));
#323 = PCURVE('',#50,#324);
#324 = DEFINITIONAL_REPRESENTATION('',(#325),#378);
#325 = B_SPLINE_CURVE_WITH_KNOTS('',11,(#326,#327,#328,#329,#330,#331,
    #332,#333,#334,#335,#336,#337,#338,#339,#340,#341,#342,#343,#344,
    #345,#346,#347,#348,#349,#350,#351,#352,#353,#354,#355,#356,#357,
    #358,#359,#360,#361,#362,#363,#364,#365,#366,#367,#368,#369,#370,
    #371,#372,#373,#374,#375,#376,#377),.UNSPECIFIED.,.F.,.F.,(12,10,10,
    10,10,12),(12.248831038651,12.544489710824,12.618404378868,
    12.692319046911,12.840148382998,13.431465727345),.UNSPECIFIED.);
#326 = CARTESIAN_POINT('',(-6.536162401048,-3.));
#327 = CARTESIAN_POINT('',(-6.534965681891,-3.));
#328 = CARTESIAN_POINT('',(-6.533775079218,-3.002910484985));
#329 = CARTESIAN_POINT('',(-6.532593705315,-3.008672408808));
#330 = CARTESIAN_POINT('',(-6.531424431948,-3.01721793993));
#331 = CARTESIAN_POINT('',(-6.530269908726,-3.028470839893));
#332 = CARTESIAN_POINT('',(-6.529132581411,-3.042346841859));
#333 = CARTESIAN_POINT('',(-6.528014710306,-3.058754029064));
#334 = CARTESIAN_POINT('',(-6.526918388553,-3.077593213366));
#335 = CARTESIAN_POINT('',(-6.525845560518,-3.098758313702));
#336 = CARTESIAN_POINT('',(-6.524798040109,-3.122136734622));
#337 = CARTESIAN_POINT('',(-6.523522401383,-3.153977997303));
#338 = CARTESIAN_POINT('',(-6.523268961785,-3.160477163602));
#339 = CARTESIAN_POINT('',(-6.523017236817,-3.167105386438));
#340 = CARTESIAN_POINT('',(-6.522767252613,-3.173860785908));
#341 = CARTESIAN_POINT('',(-6.522519034874,-3.180741459413));
#342 = CARTESIAN_POINT('',(-6.522272609018,-3.187745481688));
#343 = CARTESIAN_POINT('',(-6.522027999969,-3.194870904761));
#344 = CARTESIAN_POINT('',(-6.521785232399,-3.202115758001));
#345 = CARTESIAN_POINT('',(-6.521544330502,-3.20947804807));
#346 = CARTESIAN_POINT('',(-6.521305318164,-3.216955758962));
#347 = CARTESIAN_POINT('',(-6.520831119558,-3.232137944995));
#348 = CARTESIAN_POINT('',(-6.520595921382,-3.23984290338));
#349 = CARTESIAN_POINT('',(-6.520362755453,-3.24765536705));
#350 = CARTESIAN_POINT('',(-6.520131179951,-3.255591975969));
#351 = CARTESIAN_POINT('',(-6.519902490364,-3.263599493892));
#352 = CARTESIAN_POINT('',(-6.519674272169,-3.271773805528));
#353 = CARTESIAN_POINT('',(-6.519449962218,-3.279975513491));
#354 = CARTESIAN_POINT('',(-6.519226039777,-3.288344932647));
#355 = CARTESIAN_POINT('',(-6.519005198855,-3.29677245504));
#356 = CARTESIAN_POINT('',(-6.518786121197,-3.305309797357));
#357 = CARTESIAN_POINT('',(-6.518135034319,-3.331212835597));
#358 = CARTESIAN_POINT('',(-6.517709083719,-3.348873026885));
#359 = CARTESIAN_POINT('',(-6.517291298629,-3.366911907459));
#360 = CARTESIAN_POINT('',(-6.516881733344,-3.385317034882));
#361 = CARTESIAN_POINT('',(-6.516480438321,-3.404076334147));
#362 = CARTESIAN_POINT('',(-6.516087460082,-3.423178097626));
#363 = CARTESIAN_POINT('',(-6.515702841343,-3.442610985148));
#364 = CARTESIAN_POINT('',(-6.515326620873,-3.462364023905));
#365 = CARTESIAN_POINT('',(-6.514958833621,-3.482426608541));
#366 = CARTESIAN_POINT('',(-6.514599510622,-3.502788501088));
#367 = CARTESIAN_POINT('',(-6.512845352774,-3.606045150649));
#368 = CARTESIAN_POINT('',(-6.51157790839,-3.693280037));
#369 = CARTESIAN_POINT('',(-6.510448186104,-3.784505245964));
#370 = CARTESIAN_POINT('',(-6.509457283352,-3.879157389671));
#371 = CARTESIAN_POINT('',(-6.508605828997,-3.976730288623));
#372 = CARTESIAN_POINT('',(-6.507894230549,-4.076761374692));
#373 = CARTESIAN_POINT('',(-6.507322895026,-4.178823145111));
#374 = CARTESIAN_POINT('',(-6.506892422664,-4.282519667312));
#375 = CARTESIAN_POINT('',(-6.506603774321,-4.387488134729));
#376 = CARTESIAN_POINT('',(-6.506458411827,-4.493405473482));
#377 = CARTESIAN_POINT('',(-6.506458411827,-4.6));
#378 = ( GEOMETRIC_REPRESENTATION_CONTEXT(2) 
PARAMETRIC_REPRESENTATION_CONTEXT() REPRESENTATION_CONTEXT('2D SPACE',''
  ) );
#379 = PCURVE('',#380,#417);
#380 = ( BOUNDED_SURFACE() B_SPLINE_SURFACE(2,6,(
    (#381,#382,#383,#384,#385,#386,#387,#388,#389,#390,#391,#392)
    ,(#393,#394,#395,#396,#397,#398,#399,#400,#401,#402,#403,#404)
    ,(#405,#406,#407,#408,#409,#410,#411,#412,#413,#414,#415,#416
)),.UNSPECIFIED.,.F.,.F.,.F.) B_SPLINE_SURFACE_WITH_KNOTS((3,3),(7,5,7),
  (0.,1.182634688694),(12.248831038651,12.68441470186,13.431465727345),
.UNSPECIFIED.) GEOMETRIC_REPRESENTATION_ITEM() RATIONAL_B_SPLINE_SURFACE
((
    (1.,1.,1.,1.,1.,1.,1.,1.,1.,1.,1.,1.)
    ,(0.707106781187,0.703832772918,0.700301936099,0.696500576527
      ,0.692513968154,0.688491953262,0.677964560486,0.671704935915
      ,0.666538076746,0.663025347006,0.661263466928,0.661263466928)
,(1.,1.,1.,1.,1.,1.,1.,1.,1.,1.,1.,1.
))) REPRESENTATION_ITEM('') SURFACE() );
#381 = CARTESIAN_POINT('',(-33.25056286833,13.765807101335,-2.4000001));
#382 = CARTESIAN_POINT('',(-33.20606734508,13.593687766043,-2.4000001));
#383 = CARTESIAN_POINT('',(-33.16291041681,13.423987687459,
    -2.376836902548));
#384 = CARTESIAN_POINT('',(-33.12218150246,13.261093094108,
    -2.332068171431));
#385 = CARTESIAN_POINT('',(-33.08452528886,13.108088100061,
    -2.268162269366));
#386 = CARTESIAN_POINT('',(-33.0503311912,12.967261418363,
    -2.188295752464));
#387 = CARTESIAN_POINT('',(-32.96777069777,12.623403883242,
    -1.938117084485));
#388 = CARTESIAN_POINT('',(-32.92638994822,12.4463867453,-1.742828039186
    ));
#389 = CARTESIAN_POINT('',(-32.89587923026,12.31327560458,
    -1.524265248287));
#390 = CARTESIAN_POINT('',(-32.87557220138,12.223874655662,
    -1.289819784528));
#391 = CARTESIAN_POINT('',(-32.8652135906,12.178246458672,-1.04689151462
    ));
#392 = CARTESIAN_POINT('',(-32.8652135906,12.178246458672,-0.8000001));
#393 = CARTESIAN_POINT('',(-33.25056286833,13.765807101335,-1.6000001));
#394 = CARTESIAN_POINT('',(-33.23058650799,13.688533757582,
    -1.59255740419));
#395 = CARTESIAN_POINT('',(-33.21148492439,13.614943462328,
    -1.575814848427));
#396 = CARTESIAN_POINT('',(-33.19322821486,13.545032435533,
    -1.550991118452));
#397 = CARTESIAN_POINT('',(-33.17594618091,13.479175345485,
    -1.518703273322));
#398 = CARTESIAN_POINT('',(-33.15985614029,13.41801217335,
    -1.479532781802));
#399 = CARTESIAN_POINT('',(-33.11962239477,13.265278583829,
    -1.356369027034));
#400 = CARTESIAN_POINT('',(-33.09835823673,13.184865574809,
    -1.26076801375));
#401 = CARTESIAN_POINT('',(-33.08189746369,13.122363671338,
    -1.151370370631));
#402 = CARTESIAN_POINT('',(-33.07126509166,13.082236144205,
    -1.033790117094));
#403 = CARTESIAN_POINT('',(-33.0661634946,13.063259355789,
    -0.915248162073));
#404 = CARTESIAN_POINT('',(-33.0661634946,13.063259355789,-0.8000001));
#405 = CARTESIAN_POINT('',(-34.02510013571,13.565577179861,-1.6000001));
#406 = CARTESIAN_POINT('',(-34.0126779532,13.487926291285,-1.6000001));
#407 = CARTESIAN_POINT('',(-34.00107725082,13.411600405433,
    -1.59106069409));
#408 = CARTESIAN_POINT('',(-33.99027287198,13.336408991876,
    -1.573818554715));
#409 = CARTESIAN_POINT('',(-33.98026188647,13.262915818057,
    -1.548115084551));
#410 = CARTESIAN_POINT('',(-33.97107031186,13.192329960855,
    -1.513883229187));
#411 = CARTESIAN_POINT('',(-33.94850688877,13.013317687755,
    -1.400260952709));
#412 = CARTESIAN_POINT('',(-33.93685528785,12.913700554113,
    -1.30604408028));
#413 = CARTESIAN_POINT('',(-33.92762165846,12.832459668194,
    -1.19114383966));
#414 = CARTESIAN_POINT('',(-33.92170597394,12.778706859036,
    -1.062263830185));
#415 = CARTESIAN_POINT('',(-33.91897205303,12.752862424993,
    -0.929611156618));
#416 = CARTESIAN_POINT('',(-33.91897205303,12.752862424993,-0.8000001));
#417 = DEFINITIONAL_REPRESENTATION('',(#418),#422);
#418 = LINE('',#419,#420);
#419 = CARTESIAN_POINT('',(0.,0.));
#420 = VECTOR('',#421,1.);
#421 = DIRECTION('',(0.,1.));
#422 = ( GEOMETRIC_REPRESENTATION_CONTEXT(2) 
PARAMETRIC_REPRESENTATION_CONTEXT() REPRESENTATION_CONTEXT('2D SPACE',''
  ) );
#423 = ORIENTED_EDGE('',*,*,#424,.F.);
#424 = EDGE_CURVE('',#425,#307,#427,.T.);
#425 = VERTEX_POINT('',#426);
#426 = CARTESIAN_POINT('',(-37.60604057709,25.18691588785,-2.4000001));
#427 = SURFACE_CURVE('',#428,(#433,#440),.PCURVE_S1.);
#428 = CIRCLE('',#429,55.);
#429 = AXIS2_PLACEMENT_3D('',#430,#431,#432);
#430 = CARTESIAN_POINT('',(-86.50000000009,0.,-2.4000001));
#431 = DIRECTION('',(0.,0.,-1.));
#432 = DIRECTION('',(0.888981080418,0.457943925234,0.));
#433 = PCURVE('',#50,#434);
#434 = DEFINITIONAL_REPRESENTATION('',(#435),#439);
#435 = LINE('',#436,#437);
#436 = CARTESIAN_POINT('',(-6.758866279964,-3.));
#437 = VECTOR('',#438,1.);
#438 = DIRECTION('',(1.,-0.));
#439 = ( GEOMETRIC_REPRESENTATION_CONTEXT(2) 
PARAMETRIC_REPRESENTATION_CONTEXT() REPRESENTATION_CONTEXT('2D SPACE',''
  ) );
#440 = PCURVE('',#441,#446);
#441 = TOROIDAL_SURFACE('',#442,54.2,0.8);
#442 = AXIS2_PLACEMENT_3D('',#443,#444,#445);
#443 = CARTESIAN_POINT('',(-86.50000000009,0.,-2.4000001));
#444 = DIRECTION('',(0.,0.,1.));
#445 = DIRECTION('',(0.888981080418,0.457943925234,0.));
#446 = DEFINITIONAL_REPRESENTATION('',(#447),#451);
#447 = LINE('',#448,#449);
#448 = CARTESIAN_POINT('',(-0.,0.));
#449 = VECTOR('',#450,1.);
#450 = DIRECTION('',(-1.,0.));
#451 = ( GEOMETRIC_REPRESENTATION_CONTEXT(2) 
PARAMETRIC_REPRESENTATION_CONTEXT() REPRESENTATION_CONTEXT('2D SPACE',''
  ) );
#452 = ORIENTED_EDGE('',*,*,#453,.T.);
#453 = EDGE_CURVE('',#425,#454,#456,.T.);
#454 = VERTEX_POINT('',#455);
#455 = CARTESIAN_POINT('',(-37.60604057709,25.18691588785,-4.2000001));
#456 = SURFACE_CURVE('',#457,(#461,#468),.PCURVE_S1.);
#457 = LINE('',#458,#459);
#458 = CARTESIAN_POINT('',(-37.60604057709,25.18691588785,14.5999999));
#459 = VECTOR('',#460,1.);
#460 = DIRECTION('',(0.,-0.,-1.));
#461 = PCURVE('',#50,#462);
#462 = DEFINITIONAL_REPRESENTATION('',(#463),#467);
#463 = LINE('',#464,#465);
#464 = CARTESIAN_POINT('',(-6.758866279964,-20.));
#465 = VECTOR('',#466,1.);
#466 = DIRECTION('',(-0.,1.));
#467 = ( GEOMETRIC_REPRESENTATION_CONTEXT(2) 
PARAMETRIC_REPRESENTATION_CONTEXT() REPRESENTATION_CONTEXT('2D SPACE',''
  ) );
#468 = PCURVE('',#469,#474);
#469 = CYLINDRICAL_SURFACE('',#470,1.5);
#470 = AXIS2_PLACEMENT_3D('',#471,#472,#473);
#471 = CARTESIAN_POINT('',(-38.93951219771,24.5,14.5999999));
#472 = DIRECTION('',(0.,-0.,-1.));
#473 = DIRECTION('',(0.888981080418,0.457943925234,0.));
#474 = DEFINITIONAL_REPRESENTATION('',(#475),#479);
#475 = LINE('',#476,#477);
#476 = CARTESIAN_POINT('',(-0.,0.));
#477 = VECTOR('',#478,1.);
#478 = DIRECTION('',(-0.,1.));
#479 = ( GEOMETRIC_REPRESENTATION_CONTEXT(2) 
PARAMETRIC_REPRESENTATION_CONTEXT() REPRESENTATION_CONTEXT('2D SPACE',''
  ) );
#480 = ORIENTED_EDGE('',*,*,#481,.T.);
#481 = EDGE_CURVE('',#454,#482,#484,.T.);
#482 = VERTEX_POINT('',#483);
#483 = CARTESIAN_POINT('',(-37.60604057709,-25.18691588785,-4.2000001));
#484 = SURFACE_CURVE('',#485,(#490,#497),.PCURVE_S1.);
#485 = CIRCLE('',#486,55.);
#486 = AXIS2_PLACEMENT_3D('',#487,#488,#489);
#487 = CARTESIAN_POINT('',(-86.50000000009,0.,-4.2000001));
#488 = DIRECTION('',(0.,0.,-1.));
#489 = DIRECTION('',(0.888981080418,0.457943925234,0.));
#490 = PCURVE('',#50,#491);
#491 = DEFINITIONAL_REPRESENTATION('',(#492),#496);
#492 = LINE('',#493,#494);
#493 = CARTESIAN_POINT('',(-6.758866279964,-1.2));
#494 = VECTOR('',#495,1.);
#495 = DIRECTION('',(1.,-0.));
#496 = ( GEOMETRIC_REPRESENTATION_CONTEXT(2) 
PARAMETRIC_REPRESENTATION_CONTEXT() REPRESENTATION_CONTEXT('2D SPACE',''
  ) );
#497 = PCURVE('',#498,#503);
#498 = TOROIDAL_SURFACE('',#499,53.8,1.2);
#499 = AXIS2_PLACEMENT_3D('',#500,#501,#502);
#500 = CARTESIAN_POINT('',(-86.50000000009,0.,-4.2000001));
#501 = DIRECTION('',(0.,0.,1.));
#502 = DIRECTION('',(0.888981080418,0.457943925234,0.));
#503 = DEFINITIONAL_REPRESENTATION('',(#504),#508);
#504 = LINE('',#505,#506);
#505 = CARTESIAN_POINT('',(-0.,6.28318530718));
#506 = VECTOR('',#507,1.);
#507 = DIRECTION('',(-1.,0.));
#508 = ( GEOMETRIC_REPRESENTATION_CONTEXT(2) 
PARAMETRIC_REPRESENTATION_CONTEXT() REPRESENTATION_CONTEXT('2D SPACE',''
  ) );
#509 = ORIENTED_EDGE('',*,*,#510,.F.);
#510 = EDGE_CURVE('',#511,#482,#513,.T.);
#511 = VERTEX_POINT('',#512);
#512 = CARTESIAN_POINT('',(-37.60604057709,-25.18691588785,-2.4000001));
#513 = SURFACE_CURVE('',#514,(#518,#525),.PCURVE_S1.);
#514 = LINE('',#515,#516);
#515 = CARTESIAN_POINT('',(-37.60604057709,-25.18691588785,14.5999999));
#516 = VECTOR('',#517,1.);
#517 = DIRECTION('',(0.,-0.,-1.));
#518 = PCURVE('',#50,#519);
#519 = DEFINITIONAL_REPRESENTATION('',(#520),#524);
#520 = LINE('',#521,#522);
#521 = CARTESIAN_POINT('',(-5.807504334395,-20.));
#522 = VECTOR('',#523,1.);
#523 = DIRECTION('',(-0.,1.));
#524 = ( GEOMETRIC_REPRESENTATION_CONTEXT(2) 
PARAMETRIC_REPRESENTATION_CONTEXT() REPRESENTATION_CONTEXT('2D SPACE',''
  ) );
#525 = PCURVE('',#526,#531);
#526 = CYLINDRICAL_SURFACE('',#527,1.5);
#527 = AXIS2_PLACEMENT_3D('',#528,#529,#530);
#528 = CARTESIAN_POINT('',(-38.93951219771,-24.5,14.5999999));
#529 = DIRECTION('',(0.,-0.,-1.));
#530 = DIRECTION('',(0.888981080418,-0.457943925234,0.));
#531 = DEFINITIONAL_REPRESENTATION('',(#532),#536);
#532 = LINE('',#533,#534);
#533 = CARTESIAN_POINT('',(0.,0.));
#534 = VECTOR('',#535,1.);
#535 = DIRECTION('',(0.,1.));
#536 = ( GEOMETRIC_REPRESENTATION_CONTEXT(2) 
PARAMETRIC_REPRESENTATION_CONTEXT() REPRESENTATION_CONTEXT('2D SPACE',''
  ) );
#537 = ORIENTED_EDGE('',*,*,#538,.F.);
#538 = EDGE_CURVE('',#539,#511,#541,.T.);
#539 = VERTEX_POINT('',#540);
#540 = CARTESIAN_POINT('',(-33.25056286833,-13.76580710133,-2.4000001));
#541 = SURFACE_CURVE('',#542,(#547,#554),.PCURVE_S1.);
#542 = CIRCLE('',#543,55.);
#543 = AXIS2_PLACEMENT_3D('',#544,#545,#546);
#544 = CARTESIAN_POINT('',(-86.50000000009,3.552713678801E-15,-2.4000001
    ));
#545 = DIRECTION('',(0.,-0.,-1.));
#546 = DIRECTION('',(0.967819760603,-0.251644413778,0.));
#547 = PCURVE('',#50,#548);
#548 = DEFINITIONAL_REPRESENTATION('',(#549),#553);
#549 = LINE('',#550,#551);
#550 = CARTESIAN_POINT('',(-6.028806335439,-3.));
#551 = VECTOR('',#552,1.);
#552 = DIRECTION('',(1.,-0.));
#553 = ( GEOMETRIC_REPRESENTATION_CONTEXT(2) 
PARAMETRIC_REPRESENTATION_CONTEXT() REPRESENTATION_CONTEXT('2D SPACE',''
  ) );
#554 = PCURVE('',#555,#560);
#555 = TOROIDAL_SURFACE('',#556,54.2,0.8);
#556 = AXIS2_PLACEMENT_3D('',#557,#558,#559);
#557 = CARTESIAN_POINT('',(-86.50000000009,3.552713678801E-15,-2.4000001
    ));
#558 = DIRECTION('',(0.,0.,1.));
#559 = DIRECTION('',(0.967819760603,-0.251644413778,0.));
#560 = DEFINITIONAL_REPRESENTATION('',(#561),#565);
#561 = LINE('',#562,#563);
#562 = CARTESIAN_POINT('',(-0.,0.));
#563 = VECTOR('',#564,1.);
#564 = DIRECTION('',(-1.,0.));
#565 = ( GEOMETRIC_REPRESENTATION_CONTEXT(2) 
PARAMETRIC_REPRESENTATION_CONTEXT() REPRESENTATION_CONTEXT('2D SPACE',''
  ) );
#566 = ORIENTED_EDGE('',*,*,#567,.F.);
#567 = EDGE_CURVE('',#568,#539,#570,.T.);
#568 = VERTEX_POINT('',#569);
#569 = CARTESIAN_POINT('',(-32.8652135906,-12.17824645867,-0.8000001));
#570 = SURFACE_CURVE('',#571,(#584,#630),.PCURVE_S1.);
#571 = ( BOUNDED_CURVE() B_SPLINE_CURVE(6,(#572,#573,#574,#575,#576,#577
    ,#578,#579,#580,#581,#582,#583),.UNSPECIFIED.,.F.,.F.) 
B_SPLINE_CURVE_WITH_KNOTS((7,5,7),(175.84876519809,176.58349121499,
177.03139988624),.UNSPECIFIED.) CURVE() GEOMETRIC_REPRESENTATION_ITEM() 
RATIONAL_B_SPLINE_CURVE((1.,1.,1.,1.,1.,1.,1.,1.,1.,1.,1.,1.)) 
REPRESENTATION_ITEM('') );
#572 = CARTESIAN_POINT('',(-32.8652135906,-12.17824645867,-0.8000001));
#573 = CARTESIAN_POINT('',(-32.8652135906,-12.17824645867,
    -1.042877244639));
#574 = CARTESIAN_POINT('',(-32.87523841086,-12.22240414427,
    -1.281814604614));
#575 = CARTESIAN_POINT('',(-32.89488111097,-12.30888148204,
    -1.512578808068));
#576 = CARTESIAN_POINT('',(-32.92437073513,-12.43757495544,
    -1.728223121652));
#577 = CARTESIAN_POINT('',(-32.96436363036,-12.60882457481,
    -1.921872848806));
#578 = CARTESIAN_POINT('',(-33.04554088647,-12.94751716689,
    -2.176929042179));
#579 = CARTESIAN_POINT('',(-33.0803048333,-13.09092837847,
    -2.260896807941));
#580 = CARTESIAN_POINT('',(-33.11875182211,-13.24736921923,
    -2.32823951666));
#581 = CARTESIAN_POINT('',(-33.16048128942,-13.41443280243,
    -2.375505559473));
#582 = CARTESIAN_POINT('',(-33.20481148744,-13.58882980803,-2.4000001));
#583 = CARTESIAN_POINT('',(-33.25056286833,-13.76580710133,-2.4000001));
#584 = PCURVE('',#50,#585);
#585 = DEFINITIONAL_REPRESENTATION('',(#586),#629);
#586 = B_SPLINE_CURVE_WITH_KNOTS('',11,(#587,#588,#589,#590,#591,#592,
    #593,#594,#595,#596,#597,#598,#599,#600,#601,#602,#603,#604,#605,
    #606,#607,#608,#609,#610,#611,#612,#613,#614,#615,#616,#617,#618,
    #619,#620,#621,#622,#623,#624,#625,#626,#627,#628),.UNSPECIFIED.,.F.
  ,.F.,(12,10,10,10,12),(175.84876519809,176.44008254217,176.58791187818
    ,176.7357412142,177.03139988624),.UNSPECIFIED.);
#587 = CARTESIAN_POINT('',(-6.059912202532,-4.6));
#588 = CARTESIAN_POINT('',(-6.059912202532,-4.493379574178));
#589 = CARTESIAN_POINT('',(-6.059766765441,-4.387455119771));
#590 = CARTESIAN_POINT('',(-6.059478053852,-4.282494133369));
#591 = CARTESIAN_POINT('',(-6.059047595268,-4.178815856223));
#592 = CARTESIAN_POINT('',(-6.058476385897,-4.076779059748));
#593 = CARTESIAN_POINT('',(-6.057765026946,-3.976775231579));
#594 = CARTESIAN_POINT('',(-6.056913892572,-3.879227161923));
#595 = CARTESIAN_POINT('',(-6.055923330594,-3.784592930539));
#596 = CARTESIAN_POINT('',(-6.054793894769,-3.693375294));
#597 = CARTESIAN_POINT('',(-6.053526609714,-3.606136473535));
#598 = CARTESIAN_POINT('',(-6.051772432144,-3.502863810661));
#599 = CARTESIAN_POINT('',(-6.051413111252,-3.482498825257));
#600 = CARTESIAN_POINT('',(-6.051045169442,-3.462426635525));
#601 = CARTESIAN_POINT('',(-6.050669346085,-3.442686950358));
#602 = CARTESIAN_POINT('',(-6.050283727261,-3.423209669222));
#603 = CARTESIAN_POINT('',(-6.049892124852,-3.404162285386));
#604 = CARTESIAN_POINT('',(-6.049489172595,-3.38533198385));
#605 = CARTESIAN_POINT('',(-6.049080787975,-3.366973971422));
#606 = CARTESIAN_POINT('',(-6.048662147067,-3.348898414672));
#607 = CARTESIAN_POINT('',(-6.048236393443,-3.331245968898));
#608 = CARTESIAN_POINT('',(-6.047367833123,-3.296691411681));
#609 = CARTESIAN_POINT('',(-6.046925144663,-3.279794022971));
#610 = CARTESIAN_POINT('',(-6.046474213762,-3.263293916225));
#611 = CARTESIAN_POINT('',(-6.046015211477,-3.247208151031));
#612 = CARTESIAN_POINT('',(-6.045548313826,-3.231553454393));
#613 = CARTESIAN_POINT('',(-6.045073702179,-3.216346220903));
#614 = CARTESIAN_POINT('',(-6.044591562748,-3.20160251252));
#615 = CARTESIAN_POINT('',(-6.044102087125,-3.187338058798));
#616 = CARTESIAN_POINT('',(-6.043605471819,-3.173568256694));
#617 = CARTESIAN_POINT('',(-6.04310191858,-3.160308170701));
#618 = CARTESIAN_POINT('',(-6.041571065492,-3.122101256921));
#619 = CARTESIAN_POINT('',(-6.040523581506,-3.098727580542));
#620 = CARTESIAN_POINT('',(-6.039450862374,-3.077568864571));
#621 = CARTESIAN_POINT('',(-6.038354701891,-3.058736531927));
#622 = CARTESIAN_POINT('',(-6.037237025679,-3.042335717968));
#623 = CARTESIAN_POINT('',(-6.036099909738,-3.028464921026));
#624 = CARTESIAN_POINT('',(-6.034945598444,-3.017215652834));
#625 = CARTESIAN_POINT('',(-6.033776523166,-3.008672089072));
#626 = CARTESIAN_POINT('',(-6.032595320311,-3.002910719804));
#627 = CARTESIAN_POINT('',(-6.031404849808,-3.));
#628 = CARTESIAN_POINT('',(-6.030208213311,-3.));
#629 = ( GEOMETRIC_REPRESENTATION_CONTEXT(2) 
PARAMETRIC_REPRESENTATION_CONTEXT() REPRESENTATION_CONTEXT('2D SPACE',''
  ) );
#630 = PCURVE('',#631,#668);
#631 = ( BOUNDED_SURFACE() B_SPLINE_SURFACE(2,6,(
    (#632,#633,#634,#635,#636,#637,#638,#639,#640,#641,#642,#643)
    ,(#644,#645,#646,#647,#648,#649,#650,#651,#652,#653,#654,#655)
    ,(#656,#657,#658,#659,#660,#661,#662,#663,#664,#665,#666,#667
)),.UNSPECIFIED.,.F.,.F.,.F.) B_SPLINE_SURFACE_WITH_KNOTS((3,3),(7,5,7),
  (0.,1.182634688145),(175.84876519809,176.58349121499,177.03139988624),
.UNSPECIFIED.) GEOMETRIC_REPRESENTATION_ITEM() RATIONAL_B_SPLINE_SURFACE
((
    (1.,1.,1.,1.,1.,1.,1.,1.,1.,1.,1.,1.)
    ,(0.661263466928,0.661263466928,0.66296806967,0.666366460891
      ,0.671362367912,0.677447704051,0.687925390951,0.692064613251
      ,0.696179271146,0.700102981968,0.70374000564,0.707106781187)
,(1.,1.,1.,1.,1.,1.,1.,1.,1.,1.,1.,1.
))) REPRESENTATION_ITEM('') SURFACE() );
#632 = CARTESIAN_POINT('',(-32.8652135906,-12.17824645867,-0.8000001));
#633 = CARTESIAN_POINT('',(-32.8652135906,-12.17824645867,
    -1.042877244639));
#634 = CARTESIAN_POINT('',(-32.87523841086,-12.22240414427,
    -1.281814604614));
#635 = CARTESIAN_POINT('',(-32.89488111097,-12.30888148204,
    -1.512578808068));
#636 = CARTESIAN_POINT('',(-32.92437073513,-12.43757495544,
    -1.728223121652));
#637 = CARTESIAN_POINT('',(-32.96436363036,-12.60882457481,
    -1.921872848806));
#638 = CARTESIAN_POINT('',(-33.04554088647,-12.94751716689,
    -2.176929042179));
#639 = CARTESIAN_POINT('',(-33.0803048333,-13.09092837847,
    -2.260896807941));
#640 = CARTESIAN_POINT('',(-33.11875182211,-13.24736921923,
    -2.32823951666));
#641 = CARTESIAN_POINT('',(-33.16048128942,-13.41443280243,
    -2.375505559473));
#642 = CARTESIAN_POINT('',(-33.20481148744,-13.58882980803,-2.4000001));
#643 = CARTESIAN_POINT('',(-33.25056286833,-13.76580710133,-2.4000001));
#644 = CARTESIAN_POINT('',(-33.0661634946,-13.06325935578,-0.8000001));
#645 = CARTESIAN_POINT('',(-33.0661634946,-13.06325935578,
    -0.913374339412));
#646 = CARTESIAN_POINT('',(-33.07110080458,-13.08162592394,
    -1.029896724132));
#647 = CARTESIAN_POINT('',(-33.08137768811,-13.12039980775,
    -1.145542581601));
#648 = CARTESIAN_POINT('',(-33.09728232041,-13.18078521603,
    -1.253537254857));
#649 = CARTESIAN_POINT('',(-33.11787981648,-13.25868480886,
    -1.348455334891));
#650 = CARTESIAN_POINT('',(-33.15758448667,-13.409378462,-1.473931637198
    ));
#651 = CARTESIAN_POINT('',(-33.17399552296,-13.47174289276,
    -1.515016363292));
#652 = CARTESIAN_POINT('',(-33.19168248598,-13.53911419675,
    -1.548864757186));
#653 = CARTESIAN_POINT('',(-33.21040440707,-13.61078137225,
    -1.574858135785));
#654 = CARTESIAN_POINT('',(-33.23001777687,-13.68633376945,
    -1.592345510477));
#655 = CARTESIAN_POINT('',(-33.25056286833,-13.76580710133,-1.6000001));
#656 = CARTESIAN_POINT('',(-33.91897205303,-12.75286242499,-0.8000001));
#657 = CARTESIAN_POINT('',(-33.91897205303,-12.75286242499,
    -0.927503808232));
#658 = CARTESIAN_POINT('',(-33.92161857862,-12.77787322135,
    -1.057897833672));
#659 = CARTESIAN_POINT('',(-33.9273288133,-12.82981657284,
    -1.184711460224));
#660 = CARTESIAN_POINT('',(-33.93625008757,-12.90834533722,
    -1.298385894049));
#661 = CARTESIAN_POINT('',(-33.94754140662,-13.00507516849,
    -1.392375790858));
#662 = CARTESIAN_POINT('',(-33.96978124896,-13.18240979623,
    -1.50899976138));
#663 = CARTESIAN_POINT('',(-33.97913970979,-13.2546564244,
    -1.545186745743));
#664 = CARTESIAN_POINT('',(-33.98936399735,-13.33007112783,
    -1.572342812788));
#665 = CARTESIAN_POINT('',(-34.00042462306,-13.40730452794,
    -1.590548286892));
#666 = CARTESIAN_POINT('',(-34.01232597728,-13.48572609478,-1.6000001));
#667 = CARTESIAN_POINT('',(-34.02510013571,-13.56557717986,-1.6000001));
#668 = DEFINITIONAL_REPRESENTATION('',(#669),#673);
#669 = LINE('',#670,#671);
#670 = CARTESIAN_POINT('',(0.,0.));
#671 = VECTOR('',#672,1.);
#672 = DIRECTION('',(0.,1.));
#673 = ( GEOMETRIC_REPRESENTATION_CONTEXT(2) 
PARAMETRIC_REPRESENTATION_CONTEXT() REPRESENTATION_CONTEXT('2D SPACE',''
  ) );
#674 = ORIENTED_EDGE('',*,*,#675,.F.);
#675 = EDGE_CURVE('',#676,#568,#678,.T.);
#676 = VERTEX_POINT('',#677);
#677 = CARTESIAN_POINT('',(-32.8652135906,-12.17824645867,9.9999999));
#678 = SURFACE_CURVE('',#679,(#683,#690),.PCURVE_S1.);
#679 = LINE('',#680,#681);
#680 = CARTESIAN_POINT('',(-32.8652135906,-12.17824645867,9.9999999));
#681 = VECTOR('',#682,1.);
#682 = DIRECTION('',(0.,-0.,-1.));
#683 = PCURVE('',#50,#684);
#684 = DEFINITIONAL_REPRESENTATION('',(#685),#689);
#685 = LINE('',#686,#687);
#686 = CARTESIAN_POINT('',(-6.059912202532,-15.4));
#687 = VECTOR('',#688,1.);
#688 = DIRECTION('',(-0.,1.));
#689 = ( GEOMETRIC_REPRESENTATION_CONTEXT(2) 
PARAMETRIC_REPRESENTATION_CONTEXT() REPRESENTATION_CONTEXT('2D SPACE',''
  ) );
#690 = PCURVE('',#691,#696);
#691 = CYLINDRICAL_SURFACE('',#692,0.8);
#692 = AXIS2_PLACEMENT_3D('',#693,#694,#695);
#693 = CARTESIAN_POINT('',(-33.64535593837,-12.00110832836,9.9999999));
#694 = DIRECTION('',(0.,-0.,-1.));
#695 = DIRECTION('',(0.975177934718,-0.221422662885,0.));
#696 = DEFINITIONAL_REPRESENTATION('',(#697),#701);
#697 = LINE('',#698,#699);
#698 = CARTESIAN_POINT('',(0.,0.));
#699 = VECTOR('',#700,1.);
#700 = DIRECTION('',(0.,1.));
#701 = ( GEOMETRIC_REPRESENTATION_CONTEXT(2) 
PARAMETRIC_REPRESENTATION_CONTEXT() REPRESENTATION_CONTEXT('2D SPACE',''
  ) );
#702 = ORIENTED_EDGE('',*,*,#703,.F.);
#703 = EDGE_CURVE('',#704,#676,#706,.T.);
#704 = VERTEX_POINT('',#705);
#705 = CARTESIAN_POINT('',(-33.25056286833,-13.76580710133,11.5999999));
#706 = SURFACE_CURVE('',#707,(#720,#766),.PCURVE_S1.);
#707 = ( BOUNDED_CURVE() B_SPLINE_CURVE(6,(#708,#709,#710,#711,#712,#713
    ,#714,#715,#716,#717,#718,#719),.UNSPECIFIED.,.F.,.F.) 
B_SPLINE_CURVE_WITH_KNOTS((7,5,7),(163.86613050995,164.3140391812,
165.04876519809),.UNSPECIFIED.) CURVE() GEOMETRIC_REPRESENTATION_ITEM() 
RATIONAL_B_SPLINE_CURVE((1.,1.,1.,1.,1.,1.,1.,1.,1.,1.,1.,1.)) 
REPRESENTATION_ITEM('') );
#708 = CARTESIAN_POINT('',(-33.25056286833,-13.76580710133,11.5999999));
#709 = CARTESIAN_POINT('',(-33.20481148744,-13.58882980803,11.5999999));
#710 = CARTESIAN_POINT('',(-33.16048128942,-13.41443280243,
    11.575505359473));
#711 = CARTESIAN_POINT('',(-33.11875182211,-13.24736921923,
    11.52823931666));
#712 = CARTESIAN_POINT('',(-33.0803048333,-13.09092837847,
    11.460896607941));
#713 = CARTESIAN_POINT('',(-33.04554088647,-12.94751716689,
    11.376928842179));
#714 = CARTESIAN_POINT('',(-32.96436363036,-12.60882457481,
    11.121872648806));
#715 = CARTESIAN_POINT('',(-32.92437073513,-12.43757495544,
    10.928222921653));
#716 = CARTESIAN_POINT('',(-32.89488111097,-12.30888148204,
    10.712578608066));
#717 = CARTESIAN_POINT('',(-32.87523841086,-12.22240414427,
    10.481814404615));
#718 = CARTESIAN_POINT('',(-32.8652135906,-12.17824645867,
    10.242877044639));
#719 = CARTESIAN_POINT('',(-32.8652135906,-12.17824645867,9.9999999));
#720 = PCURVE('',#50,#721);
#721 = DEFINITIONAL_REPRESENTATION('',(#722),#765);
#722 = B_SPLINE_CURVE_WITH_KNOTS('',11,(#723,#724,#725,#726,#727,#728,
    #729,#730,#731,#732,#733,#734,#735,#736,#737,#738,#739,#740,#741,
    #742,#743,#744,#745,#746,#747,#748,#749,#750,#751,#752,#753,#754,
    #755,#756,#757,#758,#759,#760,#761,#762,#763,#764),.UNSPECIFIED.,.F.
  ,.F.,(12,10,10,10,12),(163.86613050995,164.16178918199,164.309618518,
    164.45744785402,165.04876519809),.UNSPECIFIED.);
#723 = CARTESIAN_POINT('',(-6.030208213311,-17.));
#724 = CARTESIAN_POINT('',(-6.031404849807,-17.));
#725 = CARTESIAN_POINT('',(-6.032595320313,-16.99708928019));
#726 = CARTESIAN_POINT('',(-6.033776523161,-16.99132791093));
#727 = CARTESIAN_POINT('',(-6.034945598453,-16.98278434716));
#728 = CARTESIAN_POINT('',(-6.036099909725,-16.97153507898));
#729 = CARTESIAN_POINT('',(-6.037237025692,-16.95766428202));
#730 = CARTESIAN_POINT('',(-6.03835470188,-16.94126346808));
#731 = CARTESIAN_POINT('',(-6.03945086238,-16.92243113542));
#732 = CARTESIAN_POINT('',(-6.040523581503,-16.90127241946));
#733 = CARTESIAN_POINT('',(-6.041571065493,-16.87789874307));
#734 = CARTESIAN_POINT('',(-6.04310191858,-16.8396918293));
#735 = CARTESIAN_POINT('',(-6.04360547182,-16.8264317433));
#736 = CARTESIAN_POINT('',(-6.044102087123,-16.81266194122));
#737 = CARTESIAN_POINT('',(-6.044591562754,-16.79839748745));
#738 = CARTESIAN_POINT('',(-6.04507370217,-16.78365377913));
#739 = CARTESIAN_POINT('',(-6.045548313837,-16.76844654557));
#740 = CARTESIAN_POINT('',(-6.046015211468,-16.75279184899));
#741 = CARTESIAN_POINT('',(-6.046474213768,-16.73670608376));
#742 = CARTESIAN_POINT('',(-6.046925144661,-16.72020597703));
#743 = CARTESIAN_POINT('',(-6.047367833124,-16.70330858831));
#744 = CARTESIAN_POINT('',(-6.048236393443,-16.6687540311));
#745 = CARTESIAN_POINT('',(-6.048662147066,-16.65110158532));
#746 = CARTESIAN_POINT('',(-6.049080787977,-16.63302602859));
#747 = CARTESIAN_POINT('',(-6.04948917259,-16.61466801612));
#748 = CARTESIAN_POINT('',(-6.049892124859,-16.59583771465));
#749 = CARTESIAN_POINT('',(-6.050283727254,-16.57679033074));
#750 = CARTESIAN_POINT('',(-6.050669346091,-16.55731304966));
#751 = CARTESIAN_POINT('',(-6.051045169439,-16.53757336446));
#752 = CARTESIAN_POINT('',(-6.051413111253,-16.51750117474));
#753 = CARTESIAN_POINT('',(-6.051772432144,-16.49713618933));
#754 = CARTESIAN_POINT('',(-6.053526609714,-16.39386352646));
#755 = CARTESIAN_POINT('',(-6.054793894771,-16.30662470599));
#756 = CARTESIAN_POINT('',(-6.055923330591,-16.21540706946));
#757 = CARTESIAN_POINT('',(-6.056913892577,-16.12077283806));
#758 = CARTESIAN_POINT('',(-6.057765026939,-16.02322476843));
#759 = CARTESIAN_POINT('',(-6.058476385903,-15.92322094023));
#760 = CARTESIAN_POINT('',(-6.059047595263,-15.82118414379));
#761 = CARTESIAN_POINT('',(-6.059478053855,-15.71750586662));
#762 = CARTESIAN_POINT('',(-6.05976676544,-15.61254488023));
#763 = CARTESIAN_POINT('',(-6.059912202532,-15.50662042582));
#764 = CARTESIAN_POINT('',(-6.059912202532,-15.4));
#765 = ( GEOMETRIC_REPRESENTATION_CONTEXT(2) 
PARAMETRIC_REPRESENTATION_CONTEXT() REPRESENTATION_CONTEXT('2D SPACE',''
  ) );
#766 = PCURVE('',#767,#804);
#767 = ( BOUNDED_SURFACE() B_SPLINE_SURFACE(2,6,(
    (#768,#769,#770,#771,#772,#773,#774,#775,#776,#777,#778,#779)
    ,(#780,#781,#782,#783,#784,#785,#786,#787,#788,#789,#790,#791)
    ,(#792,#793,#794,#795,#796,#797,#798,#799,#800,#801,#802,#803
)),.UNSPECIFIED.,.F.,.F.,.F.) B_SPLINE_SURFACE_WITH_KNOTS((3,3),(7,5,7),
  (0.,1.182634688145),(163.86613050995,164.3140391812,165.04876519809),
.UNSPECIFIED.) GEOMETRIC_REPRESENTATION_ITEM() RATIONAL_B_SPLINE_SURFACE
((
    (1.,1.,1.,1.,1.,1.,1.,1.,1.,1.,1.,1.)
    ,(0.707106781187,0.70374000564,0.700102981968,0.696179271146
      ,0.692064613251,0.687925390951,0.677447704051,0.671362367912
      ,0.666366460891,0.66296806967,0.661263466928,0.661263466928)
,(1.,1.,1.,1.,1.,1.,1.,1.,1.,1.,1.,1.
))) REPRESENTATION_ITEM('') SURFACE() );
#768 = CARTESIAN_POINT('',(-33.25056286833,-13.76580710133,11.5999999));
#769 = CARTESIAN_POINT('',(-33.20481148744,-13.58882980803,11.5999999));
#770 = CARTESIAN_POINT('',(-33.16048128942,-13.41443280243,
    11.575505359473));
#771 = CARTESIAN_POINT('',(-33.11875182211,-13.24736921923,
    11.52823931666));
#772 = CARTESIAN_POINT('',(-33.0803048333,-13.09092837847,
    11.460896607941));
#773 = CARTESIAN_POINT('',(-33.04554088647,-12.94751716689,
    11.376928842179));
#774 = CARTESIAN_POINT('',(-32.96436363036,-12.60882457481,
    11.121872648806));
#775 = CARTESIAN_POINT('',(-32.92437073513,-12.43757495544,
    10.928222921653));
#776 = CARTESIAN_POINT('',(-32.89488111097,-12.30888148204,
    10.712578608066));
#777 = CARTESIAN_POINT('',(-32.87523841086,-12.22240414427,
    10.481814404615));
#778 = CARTESIAN_POINT('',(-32.8652135906,-12.17824645867,
    10.242877044639));
#779 = CARTESIAN_POINT('',(-32.8652135906,-12.17824645867,9.9999999));
#780 = CARTESIAN_POINT('',(-33.25056286833,-13.76580710133,10.7999999));
#781 = CARTESIAN_POINT('',(-33.23001777687,-13.68633376945,
    10.792345310477));
#782 = CARTESIAN_POINT('',(-33.21040440707,-13.61078137225,
    10.774857935785));
#783 = CARTESIAN_POINT('',(-33.19168248598,-13.53911419675,
    10.748864557186));
#784 = CARTESIAN_POINT('',(-33.17399552296,-13.47174289276,
    10.715016163292));
#785 = CARTESIAN_POINT('',(-33.15758448667,-13.409378462,10.673931437198
    ));
#786 = CARTESIAN_POINT('',(-33.11787981648,-13.25868480886,
    10.548455134891));
#787 = CARTESIAN_POINT('',(-33.09728232041,-13.18078521603,
    10.453537054857));
#788 = CARTESIAN_POINT('',(-33.08137768811,-13.12039980775,
    10.345542381601));
#789 = CARTESIAN_POINT('',(-33.07110080458,-13.08162592394,
    10.229896524132));
#790 = CARTESIAN_POINT('',(-33.0661634946,-13.06325935578,
    10.113374139412));
#791 = CARTESIAN_POINT('',(-33.0661634946,-13.06325935578,9.9999999));
#792 = CARTESIAN_POINT('',(-34.02510013571,-13.56557717986,10.7999999));
#793 = CARTESIAN_POINT('',(-34.01232597728,-13.48572609478,10.7999999));
#794 = CARTESIAN_POINT('',(-34.00042462306,-13.40730452794,
    10.790548086892));
#795 = CARTESIAN_POINT('',(-33.98936399735,-13.33007112783,
    10.772342612788));
#796 = CARTESIAN_POINT('',(-33.97913970979,-13.2546564244,
    10.745186545743));
#797 = CARTESIAN_POINT('',(-33.96978124896,-13.18240979623,
    10.70899956138));
#798 = CARTESIAN_POINT('',(-33.94754140662,-13.00507516849,
    10.592375590858));
#799 = CARTESIAN_POINT('',(-33.93625008757,-12.90834533722,
    10.498385694049));
#800 = CARTESIAN_POINT('',(-33.9273288133,-12.82981657284,
    10.384711260224));
#801 = CARTESIAN_POINT('',(-33.92161857862,-12.77787322135,
    10.257897633672));
#802 = CARTESIAN_POINT('',(-33.91897205303,-12.75286242499,
    10.127503608232));
#803 = CARTESIAN_POINT('',(-33.91897205303,-12.75286242499,9.9999999));
#804 = DEFINITIONAL_REPRESENTATION('',(#805),#809);
#805 = LINE('',#806,#807);
#806 = CARTESIAN_POINT('',(0.,0.));
#807 = VECTOR('',#808,1.);
#808 = DIRECTION('',(0.,1.));
#809 = ( GEOMETRIC_REPRESENTATION_CONTEXT(2) 
PARAMETRIC_REPRESENTATION_CONTEXT() REPRESENTATION_CONTEXT('2D SPACE',''
  ) );
#810 = ORIENTED_EDGE('',*,*,#811,.F.);
#811 = EDGE_CURVE('',#42,#704,#812,.T.);
#812 = SURFACE_CURVE('',#813,(#818,#825),.PCURVE_S1.);
#813 = CIRCLE('',#814,55.);
#814 = AXIS2_PLACEMENT_3D('',#815,#816,#817);
#815 = CARTESIAN_POINT('',(-86.50000000009,3.552713678801E-15,11.5999999
    ));
#816 = DIRECTION('',(-0.,0.,1.));
#817 = DIRECTION('',(0.888981080418,-0.457943925234,0.));
#818 = PCURVE('',#50,#819);
#819 = DEFINITIONAL_REPRESENTATION('',(#820),#824);
#820 = LINE('',#821,#822);
#821 = CARTESIAN_POINT('',(-5.807504334395,-17.));
#822 = VECTOR('',#823,1.);
#823 = DIRECTION('',(-1.,0.));
#824 = ( GEOMETRIC_REPRESENTATION_CONTEXT(2) 
PARAMETRIC_REPRESENTATION_CONTEXT() REPRESENTATION_CONTEXT('2D SPACE',''
  ) );
#825 = PCURVE('',#826,#831);
#826 = TOROIDAL_SURFACE('',#827,54.2,0.8);
#827 = AXIS2_PLACEMENT_3D('',#828,#829,#830);
#828 = CARTESIAN_POINT('',(-86.50000000009,3.552713678801E-15,11.5999999
    ));
#829 = DIRECTION('',(0.,0.,-1.));
#830 = DIRECTION('',(0.888981080418,-0.457943925234,0.));
#831 = DEFINITIONAL_REPRESENTATION('',(#832),#836);
#832 = LINE('',#833,#834);
#833 = CARTESIAN_POINT('',(-0.,0.));
#834 = VECTOR('',#835,1.);
#835 = DIRECTION('',(-1.,0.));
#836 = ( GEOMETRIC_REPRESENTATION_CONTEXT(2) 
PARAMETRIC_REPRESENTATION_CONTEXT() REPRESENTATION_CONTEXT('2D SPACE',''
  ) );
#837 = FACE_BOUND('',#838,.F.);
#838 = EDGE_LOOP('',(#839,#870,#978,#1006,#1114,#1143,#1261,#1289));
#839 = ORIENTED_EDGE('',*,*,#840,.F.);
#840 = EDGE_CURVE('',#841,#843,#845,.T.);
#841 = VERTEX_POINT('',#842);
#842 = CARTESIAN_POINT('',(-31.75371354858,5.276752767528,-2.4000001));
#843 = VERTEX_POINT('',#844);
#844 = CARTESIAN_POINT('',(-31.75371354858,-5.276752767528,-2.4000001));
#845 = SURFACE_CURVE('',#846,(#851,#858),.PCURVE_S1.);
#846 = CIRCLE('',#847,55.);
#847 = AXIS2_PLACEMENT_3D('',#848,#849,#850);
#848 = CARTESIAN_POINT('',(-86.50000000009,0.,-2.4000001));
#849 = DIRECTION('',(0.,0.,-1.));
#850 = DIRECTION('',(0.995520545757,9.454545454546E-02,0.));
#851 = PCURVE('',#50,#852);
#852 = DEFINITIONAL_REPRESENTATION('',(#853),#857);
#853 = LINE('',#854,#855);
#854 = CARTESIAN_POINT('',(-6.377872185838,-3.));
#855 = VECTOR('',#856,1.);
#856 = DIRECTION('',(1.,-0.));
#857 = ( GEOMETRIC_REPRESENTATION_CONTEXT(2) 
PARAMETRIC_REPRESENTATION_CONTEXT() REPRESENTATION_CONTEXT('2D SPACE',''
  ) );
#858 = PCURVE('',#859,#864);
#859 = TOROIDAL_SURFACE('',#860,54.2,0.8);
#860 = AXIS2_PLACEMENT_3D('',#861,#862,#863);
#861 = CARTESIAN_POINT('',(-86.50000000009,0.,-2.4000001));
#862 = DIRECTION('',(0.,0.,1.));
#863 = DIRECTION('',(0.995520545757,9.454545454546E-02,0.));
#864 = DEFINITIONAL_REPRESENTATION('',(#865),#869);
#865 = LINE('',#866,#867);
#866 = CARTESIAN_POINT('',(-0.,0.));
#867 = VECTOR('',#868,1.);
#868 = DIRECTION('',(-1.,0.));
#869 = ( GEOMETRIC_REPRESENTATION_CONTEXT(2) 
PARAMETRIC_REPRESENTATION_CONTEXT() REPRESENTATION_CONTEXT('2D SPACE',''
  ) );
#870 = ORIENTED_EDGE('',*,*,#871,.F.);
#871 = EDGE_CURVE('',#872,#841,#874,.T.);
#872 = VERTEX_POINT('',#873);
#873 = CARTESIAN_POINT('',(-31.93458139441,6.90036900369,-0.8000001));
#874 = SURFACE_CURVE('',#875,(#888,#934),.PCURVE_S1.);
#875 = ( BOUNDED_CURVE() B_SPLINE_CURVE(6,(#876,#877,#878,#879,#880,#881
    ,#882,#883,#884,#885,#886,#887),.UNSPECIFIED.,.F.,.F.) 
B_SPLINE_CURVE_WITH_KNOTS((7,5,7),(93.681216297924,94.415942314818,
94.863850986069),.UNSPECIFIED.) CURVE() GEOMETRIC_REPRESENTATION_ITEM() 
RATIONAL_B_SPLINE_CURVE((1.,1.,1.,1.,1.,1.,1.,1.,1.,1.,1.,1.)) 
REPRESENTATION_ITEM('') );
#876 = CARTESIAN_POINT('',(-31.93458139441,6.90036900369,-0.8000001));
#877 = CARTESIAN_POINT('',(-31.93458139441,6.90036900369,-1.042877244639
    ));
#878 = CARTESIAN_POINT('',(-31.92889882608,6.855445661918,
    -1.281814604614));
#879 = CARTESIAN_POINT('',(-31.91777993497,6.767465346638,
    -1.512578808068));
#880 = CARTESIAN_POINT('',(-31.90147535696,6.636446993859,
    -1.728223121652));
#881 = CARTESIAN_POINT('',(-31.88048556613,6.461846614466,
    -1.921872848806));
#882 = CARTESIAN_POINT('',(-31.84092754578,6.115815428203,
    -2.176929042179));
#883 = CARTESIAN_POINT('',(-31.82454544695,5.969163000873,
    -2.260896807942));
#884 = CARTESIAN_POINT('',(-31.80716787985,5.809007052599,-2.32823951666
    ));
#885 = CARTESIAN_POINT('',(-31.78924164168,5.637746317865,
    -2.375505559472));
#886 = CARTESIAN_POINT('',(-31.77125111278,5.458704917939,-2.4000001));
#887 = CARTESIAN_POINT('',(-31.75371354858,5.276752767528,-2.4000001));
#888 = PCURVE('',#50,#889);
#889 = DEFINITIONAL_REPRESENTATION('',(#890),#933);
#890 = B_SPLINE_CURVE_WITH_KNOTS('',11,(#891,#892,#893,#894,#895,#896,
    #897,#898,#899,#900,#901,#902,#903,#904,#905,#906,#907,#908,#909,
    #910,#911,#912,#913,#914,#915,#916,#917,#918,#919,#920,#921,#922,
    #923,#924,#925,#926,#927,#928,#929,#930,#931,#932),.UNSPECIFIED.,.F.
  ,.F.,(12,10,10,10,12),(93.681216297924,94.272533641997,94.420362978015
    ,94.568192314033,94.863850986069),.UNSPECIFIED.);
#891 = CARTESIAN_POINT('',(-6.408978052931,-4.6));
#892 = CARTESIAN_POINT('',(-6.408978052932,-4.493379574178));
#893 = CARTESIAN_POINT('',(-6.408832615835,-4.387455119769));
#894 = CARTESIAN_POINT('',(-6.408543904263,-4.282494133375));
#895 = CARTESIAN_POINT('',(-6.408113445646,-4.178815856212));
#896 = CARTESIAN_POINT('',(-6.407542236322,-4.076779059761));
#897 = CARTESIAN_POINT('',(-6.40683087732,-3.976775231567));
#898 = CARTESIAN_POINT('',(-6.405979742989,-3.879227161932));
#899 = CARTESIAN_POINT('',(-6.404989180983,-3.784592930535));
#900 = CARTESIAN_POINT('',(-6.403859745172,-3.693375294002));
#901 = CARTESIAN_POINT('',(-6.402592460112,-3.606136473535));
#902 = CARTESIAN_POINT('',(-6.400838282543,-3.502863810661));
#903 = CARTESIAN_POINT('',(-6.400478961652,-3.482498825256));
#904 = CARTESIAN_POINT('',(-6.400111019839,-3.462426635526));
#905 = CARTESIAN_POINT('',(-6.399735196486,-3.442686950356));
#906 = CARTESIAN_POINT('',(-6.399349577657,-3.423209669227));
#907 = CARTESIAN_POINT('',(-6.398957975254,-3.404162285379));
#908 = CARTESIAN_POINT('',(-6.398555022992,-3.385331983854));
#909 = CARTESIAN_POINT('',(-6.398146638374,-3.366973971421));
#910 = CARTESIAN_POINT('',(-6.397727997466,-3.348898414672));
#911 = CARTESIAN_POINT('',(-6.397302243842,-3.331245968898));
#912 = CARTESIAN_POINT('',(-6.396433683523,-3.296691411682));
#913 = CARTESIAN_POINT('',(-6.395990995058,-3.27979402297));
#914 = CARTESIAN_POINT('',(-6.395540064171,-3.263293916228));
#915 = CARTESIAN_POINT('',(-6.395081061858,-3.247208151026));
#916 = CARTESIAN_POINT('',(-6.394614164247,-3.231553454399));
#917 = CARTESIAN_POINT('',(-6.394139552557,-3.216346220897));
#918 = CARTESIAN_POINT('',(-6.393657413163,-3.201602512524));
#919 = CARTESIAN_POINT('',(-6.393167937516,-3.187338058795));
#920 = CARTESIAN_POINT('',(-6.392671322221,-3.173568256695));
#921 = CARTESIAN_POINT('',(-6.392167768978,-3.160308170701));
#922 = CARTESIAN_POINT('',(-6.390636915892,-3.122101256921));
#923 = CARTESIAN_POINT('',(-6.389589431899,-3.09872758054));
#924 = CARTESIAN_POINT('',(-6.388516712785,-3.077568864575));
#925 = CARTESIAN_POINT('',(-6.38742055227,-3.058736531921));
#926 = CARTESIAN_POINT('',(-6.386302876101,-3.042335717976));
#927 = CARTESIAN_POINT('',(-6.385165760115,-3.028464921019));
#928 = CARTESIAN_POINT('',(-6.384011448858,-3.017215652839));
#929 = CARTESIAN_POINT('',(-6.382842373556,-3.008672089069));
#930 = CARTESIAN_POINT('',(-6.381661170713,-3.002910719805));
#931 = CARTESIAN_POINT('',(-6.380470700206,-3.));
#932 = CARTESIAN_POINT('',(-6.37927406371,-3.));
#933 = ( GEOMETRIC_REPRESENTATION_CONTEXT(2) 
PARAMETRIC_REPRESENTATION_CONTEXT() REPRESENTATION_CONTEXT('2D SPACE',''
  ) );
#934 = PCURVE('',#935,#972);
#935 = ( BOUNDED_SURFACE() B_SPLINE_SURFACE(2,6,(
    (#936,#937,#938,#939,#940,#941,#942,#943,#944,#945,#946,#947)
    ,(#948,#949,#950,#951,#952,#953,#954,#955,#956,#957,#958,#959)
    ,(#960,#961,#962,#963,#964,#965,#966,#967,#968,#969,#970,#971
)),.UNSPECIFIED.,.F.,.F.,.F.) B_SPLINE_SURFACE_WITH_KNOTS((3,3),(7,5,7),
  (0.,1.182634688145),(93.681216297924,94.415942314818,94.863850986069),
.UNSPECIFIED.) GEOMETRIC_REPRESENTATION_ITEM() RATIONAL_B_SPLINE_SURFACE
((
    (1.,1.,1.,1.,1.,1.,1.,1.,1.,1.,1.,1.)
    ,(0.661263466928,0.661263466928,0.66296806967,0.666366460891
      ,0.671362367912,0.677447704051,0.687925390951,0.692064613251
      ,0.696179271146,0.700102981968,0.70374000564,0.707106781187)
,(1.,1.,1.,1.,1.,1.,1.,1.,1.,1.,1.,1.
))) REPRESENTATION_ITEM('') SURFACE() );
#936 = CARTESIAN_POINT('',(-31.93458139441,6.90036900369,-0.8000001));
#937 = CARTESIAN_POINT('',(-31.93458139441,6.90036900369,-1.042877244639
    ));
#938 = CARTESIAN_POINT('',(-31.92889882608,6.855445661918,
    -1.281814604614));
#939 = CARTESIAN_POINT('',(-31.91777993497,6.767465346638,
    -1.512578808068));
#940 = CARTESIAN_POINT('',(-31.90147535696,6.636446993859,
    -1.728223121652));
#941 = CARTESIAN_POINT('',(-31.88048556613,6.461846614466,
    -1.921872848806));
#942 = CARTESIAN_POINT('',(-31.84092754578,6.115815428203,
    -2.176929042179));
#943 = CARTESIAN_POINT('',(-31.82454544695,5.969163000873,
    -2.260896807942));
#944 = CARTESIAN_POINT('',(-31.80716787985,5.809007052599,-2.32823951666
    ));
#945 = CARTESIAN_POINT('',(-31.78924164168,5.637746317865,
    -2.375505559472));
#946 = CARTESIAN_POINT('',(-31.77125111278,5.458704917939,-2.4000001));
#947 = CARTESIAN_POINT('',(-31.75371354858,5.276752767528,-2.4000001));
#948 = CARTESIAN_POINT('',(-31.82072029843,6.,-0.8000001));
#949 = CARTESIAN_POINT('',(-31.82072029843,6.,-0.913374339412));
#950 = CARTESIAN_POINT('',(-31.81907811591,5.981052411973,
    -1.029896724132));
#951 = CARTESIAN_POINT('',(-31.81547377824,5.941101978294,
    -1.145542581601));
#952 = CARTESIAN_POINT('',(-31.80976621785,5.878918551114,
    -1.253537254857));
#953 = CARTESIAN_POINT('',(-31.80247830301,5.798672120007,
    -1.348455334891));
#954 = CARTESIAN_POINT('',(-31.78824822375,5.643486609166,
    -1.473931637198));
#955 = CARTESIAN_POINT('',(-31.7823396619,5.579270308798,-1.515016363292
    ));
#956 = CARTESIAN_POINT('',(-31.77591762749,5.509912693955,
    -1.548864757186));
#957 = CARTESIAN_POINT('',(-31.76899886095,5.436164303857,
    -1.574858135785));
#958 = CARTESIAN_POINT('',(-31.7615889581,5.35846010617,-1.592345510477)
  );
#959 = CARTESIAN_POINT('',(-31.75371354858,5.276752767528,-1.6000001));
#960 = CARTESIAN_POINT('',(-32.72826021049,6.,-0.8000001));
#961 = CARTESIAN_POINT('',(-32.72826021049,6.,-0.927503808231));
#962 = CARTESIAN_POINT('',(-32.72219293491,5.975592374152,
    -1.057897833674));
#963 = CARTESIAN_POINT('',(-32.70979312777,5.924828574783,
    -1.184711460223));
#964 = CARTESIAN_POINT('',(-32.69131796413,5.847984418867,-1.29838589405
    ));
#965 = CARTESIAN_POINT('',(-32.66884478256,5.753226251659,
    -1.392375790858));
#966 = CARTESIAN_POINT('',(-32.6290913835,5.578979736487,-1.50899976138)
  );
#967 = CARTESIAN_POINT('',(-32.61317565796,5.507889331013,
    -1.545186745743));
#968 = CARTESIAN_POINT('',(-32.59698999786,5.433525778405,
    -1.572342812788));
#969 = CARTESIAN_POINT('',(-32.58096820764,5.357167165454,
    -1.590548286892));
#970 = CARTESIAN_POINT('',(-32.56533006685,5.279404494902,-1.6000001));
#971 = CARTESIAN_POINT('',(-32.5500231697,5.2,-1.6000001));
#972 = DEFINITIONAL_REPRESENTATION('',(#973),#977);
#973 = LINE('',#974,#975);
#974 = CARTESIAN_POINT('',(0.,0.));
#975 = VECTOR('',#976,1.);
#976 = DIRECTION('',(0.,1.));
#977 = ( GEOMETRIC_REPRESENTATION_CONTEXT(2) 
PARAMETRIC_REPRESENTATION_CONTEXT() REPRESENTATION_CONTEXT('2D SPACE',''
  ) );
#978 = ORIENTED_EDGE('',*,*,#979,.F.);
#979 = EDGE_CURVE('',#980,#872,#982,.T.);
#980 = VERTEX_POINT('',#981);
#981 = CARTESIAN_POINT('',(-31.93458139441,6.90036900369,9.9999999));
#982 = SURFACE_CURVE('',#983,(#987,#994),.PCURVE_S1.);
#983 = LINE('',#984,#985);
#984 = CARTESIAN_POINT('',(-31.93458139441,6.90036900369,9.9999999));
#985 = VECTOR('',#986,1.);
#986 = DIRECTION('',(0.,-0.,-1.));
#987 = PCURVE('',#50,#988);
#988 = DEFINITIONAL_REPRESENTATION('',(#989),#993);
#989 = LINE('',#990,#991);
#990 = CARTESIAN_POINT('',(-6.408978052931,-15.4));
#991 = VECTOR('',#992,1.);
#992 = DIRECTION('',(-0.,1.));
#993 = ( GEOMETRIC_REPRESENTATION_CONTEXT(2) 
PARAMETRIC_REPRESENTATION_CONTEXT() REPRESENTATION_CONTEXT('2D SPACE',''
  ) );
#994 = PCURVE('',#995,#1000);
#995 = CYLINDRICAL_SURFACE('',#996,0.8);
#996 = AXIS2_PLACEMENT_3D('',#997,#998,#999);
#997 = CARTESIAN_POINT('',(-32.72826021049,6.8,9.9999999));
#998 = DIRECTION('',(0.,-0.,-1.));
#999 = DIRECTION('',(0.992098520103,0.125461254613,0.));
#1000 = DEFINITIONAL_REPRESENTATION('',(#1001),#1005);
#1001 = LINE('',#1002,#1003);
#1002 = CARTESIAN_POINT('',(0.,0.));
#1003 = VECTOR('',#1004,1.);
#1004 = DIRECTION('',(0.,1.));
#1005 = ( GEOMETRIC_REPRESENTATION_CONTEXT(2) 
PARAMETRIC_REPRESENTATION_CONTEXT() REPRESENTATION_CONTEXT('2D SPACE',''
  ) );
#1006 = ORIENTED_EDGE('',*,*,#1007,.F.);
#1007 = EDGE_CURVE('',#1008,#980,#1010,.T.);
#1008 = VERTEX_POINT('',#1009);
#1009 = CARTESIAN_POINT('',(-31.75371354858,5.276752767528,11.5999999));
#1010 = SURFACE_CURVE('',#1011,(#1024,#1070),.PCURVE_S1.);
#1011 = ( BOUNDED_CURVE() B_SPLINE_CURVE(6,(#1012,#1013,#1014,#1015,
    #1016,#1017,#1018,#1019,#1020,#1021,#1022,#1023),.UNSPECIFIED.,.F.,
.F.) B_SPLINE_CURVE_WITH_KNOTS((7,5,7),(81.698581609779,82.14649028103,
82.881216297924),.UNSPECIFIED.) CURVE() GEOMETRIC_REPRESENTATION_ITEM() 
RATIONAL_B_SPLINE_CURVE((1.,1.,1.,1.,1.,1.,1.,1.,1.,1.,1.,1.)) 
REPRESENTATION_ITEM('') );
#1012 = CARTESIAN_POINT('',(-31.75371354858,5.276752767528,11.5999999));
#1013 = CARTESIAN_POINT('',(-31.77125111278,5.458704917939,11.5999999));
#1014 = CARTESIAN_POINT('',(-31.78924164168,5.637746317865,
    11.575505359473));
#1015 = CARTESIAN_POINT('',(-31.80716787985,5.809007052599,
    11.52823931666));
#1016 = CARTESIAN_POINT('',(-31.82454544695,5.969163000873,
    11.460896607942));
#1017 = CARTESIAN_POINT('',(-31.84092754578,6.115815428203,
    11.376928842179));
#1018 = CARTESIAN_POINT('',(-31.88048556613,6.461846614466,
    11.121872648806));
#1019 = CARTESIAN_POINT('',(-31.90147535696,6.636446993859,
    10.928222921653));
#1020 = CARTESIAN_POINT('',(-31.91777993497,6.767465346638,
    10.712578608067));
#1021 = CARTESIAN_POINT('',(-31.92889882608,6.855445661918,
    10.481814404615));
#1022 = CARTESIAN_POINT('',(-31.93458139441,6.90036900369,
    10.242877044639));
#1023 = CARTESIAN_POINT('',(-31.93458139441,6.90036900369,9.9999999));
#1024 = PCURVE('',#50,#1025);
#1025 = DEFINITIONAL_REPRESENTATION('',(#1026),#1069);
#1026 = B_SPLINE_CURVE_WITH_KNOTS('',11,(#1027,#1028,#1029,#1030,#1031,
    #1032,#1033,#1034,#1035,#1036,#1037,#1038,#1039,#1040,#1041,#1042,
    #1043,#1044,#1045,#1046,#1047,#1048,#1049,#1050,#1051,#1052,#1053,
    #1054,#1055,#1056,#1057,#1058,#1059,#1060,#1061,#1062,#1063,#1064,
    #1065,#1066,#1067,#1068),.UNSPECIFIED.,.F.,.F.,(12,10,10,10,12),(
    81.698581609779,81.994240281816,82.142069617834,82.289898953852,
    82.881216297924),.UNSPECIFIED.);
#1027 = CARTESIAN_POINT('',(-6.37927406371,-17.));
#1028 = CARTESIAN_POINT('',(-6.380470700206,-16.99999999999));
#1029 = CARTESIAN_POINT('',(-6.381661170713,-16.9970892802));
#1030 = CARTESIAN_POINT('',(-6.382842373557,-16.99132791091));
#1031 = CARTESIAN_POINT('',(-6.384011448856,-16.98278434718));
#1032 = CARTESIAN_POINT('',(-6.385165760118,-16.97153507894));
#1033 = CARTESIAN_POINT('',(-6.386302876097,-16.95766428205));
#1034 = CARTESIAN_POINT('',(-6.387420552274,-16.94126346805));
#1035 = CARTESIAN_POINT('',(-6.388516712782,-16.92243113544));
#1036 = CARTESIAN_POINT('',(-6.389589431901,-16.90127241945));
#1037 = CARTESIAN_POINT('',(-6.390636915892,-16.87789874308));
#1038 = CARTESIAN_POINT('',(-6.392167768979,-16.83969182929));
#1039 = CARTESIAN_POINT('',(-6.392671322221,-16.8264317433));
#1040 = CARTESIAN_POINT('',(-6.393167937517,-16.8126619412));
#1041 = CARTESIAN_POINT('',(-6.393657413159,-16.79839748747));
#1042 = CARTESIAN_POINT('',(-6.394139552561,-16.7836537791));
#1043 = CARTESIAN_POINT('',(-6.394614164243,-16.76844654559));
#1044 = CARTESIAN_POINT('',(-6.395081061861,-16.75279184897));
#1045 = CARTESIAN_POINT('',(-6.39554006417,-16.73670608377));
#1046 = CARTESIAN_POINT('',(-6.395990995059,-16.72020597703));
#1047 = CARTESIAN_POINT('',(-6.396433683523,-16.70330858831));
#1048 = CARTESIAN_POINT('',(-6.397302243842,-16.6687540311));
#1049 = CARTESIAN_POINT('',(-6.397727997466,-16.65110158532));
#1050 = CARTESIAN_POINT('',(-6.398146638374,-16.63302602858));
#1051 = CARTESIAN_POINT('',(-6.398555022993,-16.61466801614));
#1052 = CARTESIAN_POINT('',(-6.398957975252,-16.59583771462));
#1053 = CARTESIAN_POINT('',(-6.399349577659,-16.57679033076));
#1054 = CARTESIAN_POINT('',(-6.399735196485,-16.55731304964));
#1055 = CARTESIAN_POINT('',(-6.40011101984,-16.53757336447));
#1056 = CARTESIAN_POINT('',(-6.400478961651,-16.51750117474));
#1057 = CARTESIAN_POINT('',(-6.400838282543,-16.49713618933));
#1058 = CARTESIAN_POINT('',(-6.402592460113,-16.39386352646));
#1059 = CARTESIAN_POINT('',(-6.403859745168,-16.30662470599));
#1060 = CARTESIAN_POINT('',(-6.404989180992,-16.21540706947));
#1061 = CARTESIAN_POINT('',(-6.405979742972,-16.12077283804));
#1062 = CARTESIAN_POINT('',(-6.406830877343,-16.02322476845));
#1063 = CARTESIAN_POINT('',(-6.407542236298,-15.92322094021));
#1064 = CARTESIAN_POINT('',(-6.408113445664,-15.8211841438));
#1065 = CARTESIAN_POINT('',(-6.408543904252,-15.71750586661));
#1066 = CARTESIAN_POINT('',(-6.408832615839,-15.61254488023));
#1067 = CARTESIAN_POINT('',(-6.408978052931,-15.50662042582));
#1068 = CARTESIAN_POINT('',(-6.408978052931,-15.4));
#1069 = ( GEOMETRIC_REPRESENTATION_CONTEXT(2) 
PARAMETRIC_REPRESENTATION_CONTEXT() REPRESENTATION_CONTEXT('2D SPACE',''
  ) );
#1070 = PCURVE('',#1071,#1108);
#1071 = ( BOUNDED_SURFACE() B_SPLINE_SURFACE(2,6,(
    (#1072,#1073,#1074,#1075,#1076,#1077,#1078,#1079,#1080,#1081,#1082
      ,#1083)
    ,(#1084,#1085,#1086,#1087,#1088,#1089,#1090,#1091,#1092,#1093,#1094
      ,#1095)
    ,(#1096,#1097,#1098,#1099,#1100,#1101,#1102,#1103,#1104,#1105,#1106
,#1107
    )),.UNSPECIFIED.,.F.,.F.,.F.) B_SPLINE_SURFACE_WITH_KNOTS((3,3),(7,5
    ,7),(0.,1.182634688145),(81.698581609779,82.14649028103,
82.881216297924),.UNSPECIFIED.) GEOMETRIC_REPRESENTATION_ITEM() 
RATIONAL_B_SPLINE_SURFACE((
    (1.,1.,1.,1.,1.,1.,1.,1.,1.,1.,1.,1.)
    ,(0.707106781187,0.70374000564,0.700102981968,0.696179271146
      ,0.692064613251,0.687925390951,0.677447704051,0.671362367912
      ,0.666366460891,0.66296806967,0.661263466928,0.661263466928)
,(1.,1.,1.,1.,1.,1.,1.,1.,1.,1.,1.,1.
))) REPRESENTATION_ITEM('') SURFACE() );
#1072 = CARTESIAN_POINT('',(-31.75371354858,5.276752767528,11.5999999));
#1073 = CARTESIAN_POINT('',(-31.77125111278,5.458704917939,11.5999999));
#1074 = CARTESIAN_POINT('',(-31.78924164168,5.637746317865,
    11.575505359473));
#1075 = CARTESIAN_POINT('',(-31.80716787985,5.809007052599,
    11.52823931666));
#1076 = CARTESIAN_POINT('',(-31.82454544695,5.969163000873,
    11.460896607942));
#1077 = CARTESIAN_POINT('',(-31.84092754578,6.115815428203,
    11.376928842179));
#1078 = CARTESIAN_POINT('',(-31.88048556613,6.461846614466,
    11.121872648806));
#1079 = CARTESIAN_POINT('',(-31.90147535696,6.636446993859,
    10.928222921653));
#1080 = CARTESIAN_POINT('',(-31.91777993497,6.767465346638,
    10.712578608067));
#1081 = CARTESIAN_POINT('',(-31.92889882608,6.855445661918,
    10.481814404615));
#1082 = CARTESIAN_POINT('',(-31.93458139441,6.90036900369,
    10.242877044639));
#1083 = CARTESIAN_POINT('',(-31.93458139441,6.90036900369,9.9999999));
#1084 = CARTESIAN_POINT('',(-31.75371354858,5.276752767528,10.7999999));
#1085 = CARTESIAN_POINT('',(-31.7615889581,5.35846010617,10.792345310477
    ));
#1086 = CARTESIAN_POINT('',(-31.76899886095,5.436164303857,
    10.774857935785));
#1087 = CARTESIAN_POINT('',(-31.77591762749,5.509912693955,
    10.748864557186));
#1088 = CARTESIAN_POINT('',(-31.7823396619,5.579270308798,
    10.715016163292));
#1089 = CARTESIAN_POINT('',(-31.78824822375,5.643486609166,
    10.673931437198));
#1090 = CARTESIAN_POINT('',(-31.80247830301,5.798672120007,
    10.548455134891));
#1091 = CARTESIAN_POINT('',(-31.80976621785,5.878918551114,
    10.453537054857));
#1092 = CARTESIAN_POINT('',(-31.81547377824,5.941101978295,
    10.345542381601));
#1093 = CARTESIAN_POINT('',(-31.81907811591,5.981052411973,
    10.229896524132));
#1094 = CARTESIAN_POINT('',(-31.82072029843,6.,10.113374139412));
#1095 = CARTESIAN_POINT('',(-31.82072029843,6.,9.9999999));
#1096 = CARTESIAN_POINT('',(-32.5500231697,5.2,10.7999999));
#1097 = CARTESIAN_POINT('',(-32.56533006685,5.279404494902,10.7999999));
#1098 = CARTESIAN_POINT('',(-32.58096820764,5.357167165454,
    10.790548086892));
#1099 = CARTESIAN_POINT('',(-32.59698999786,5.433525778405,
    10.772342612788));
#1100 = CARTESIAN_POINT('',(-32.61317565796,5.507889331013,
    10.745186545743));
#1101 = CARTESIAN_POINT('',(-32.6290913835,5.578979736487,10.70899956138
    ));
#1102 = CARTESIAN_POINT('',(-32.66884478256,5.753226251659,
    10.592375590858));
#1103 = CARTESIAN_POINT('',(-32.69131796413,5.847984418866,
    10.49838569405));
#1104 = CARTESIAN_POINT('',(-32.70979312777,5.924828574783,
    10.384711260223));
#1105 = CARTESIAN_POINT('',(-32.72219293491,5.975592374152,
    10.257897633674));
#1106 = CARTESIAN_POINT('',(-32.72826021049,6.,10.127503608231));
#1107 = CARTESIAN_POINT('',(-32.72826021049,6.,9.9999999));
#1108 = DEFINITIONAL_REPRESENTATION('',(#1109),#1113);
#1109 = LINE('',#1110,#1111);
#1110 = CARTESIAN_POINT('',(0.,0.));
#1111 = VECTOR('',#1112,1.);
#1112 = DIRECTION('',(0.,1.));
#1113 = ( GEOMETRIC_REPRESENTATION_CONTEXT(2) 
PARAMETRIC_REPRESENTATION_CONTEXT() REPRESENTATION_CONTEXT('2D SPACE',''
  ) );
#1114 = ORIENTED_EDGE('',*,*,#1115,.F.);
#1115 = EDGE_CURVE('',#1116,#1008,#1118,.T.);
#1116 = VERTEX_POINT('',#1117);
#1117 = CARTESIAN_POINT('',(-31.75371354858,-5.276752767528,11.5999999)
  );
#1118 = SURFACE_CURVE('',#1119,(#1124,#1131),.PCURVE_S1.);
#1119 = CIRCLE('',#1120,55.);
#1120 = AXIS2_PLACEMENT_3D('',#1121,#1122,#1123);
#1121 = CARTESIAN_POINT('',(-86.50000000009,0.,11.5999999));
#1122 = DIRECTION('',(-0.,0.,1.));
#1123 = DIRECTION('',(0.995520545757,-9.454545454545E-02,0.));
#1124 = PCURVE('',#50,#1125);
#1125 = DEFINITIONAL_REPRESENTATION('',(#1126),#1130);
#1126 = LINE('',#1127,#1128);
#1127 = CARTESIAN_POINT('',(-6.188498428521,-17.));
#1128 = VECTOR('',#1129,1.);
#1129 = DIRECTION('',(-1.,0.));
#1130 = ( GEOMETRIC_REPRESENTATION_CONTEXT(2) 
PARAMETRIC_REPRESENTATION_CONTEXT() REPRESENTATION_CONTEXT('2D SPACE',''
  ) );
#1131 = PCURVE('',#1132,#1137);
#1132 = TOROIDAL_SURFACE('',#1133,54.2,0.8);
#1133 = AXIS2_PLACEMENT_3D('',#1134,#1135,#1136);
#1134 = CARTESIAN_POINT('',(-86.50000000009,0.,11.5999999));
#1135 = DIRECTION('',(0.,-0.,-1.));
#1136 = DIRECTION('',(0.995520545757,-9.454545454545E-02,0.));
#1137 = DEFINITIONAL_REPRESENTATION('',(#1138),#1142);
#1138 = LINE('',#1139,#1140);
#1139 = CARTESIAN_POINT('',(-0.,0.));
#1140 = VECTOR('',#1141,1.);
#1141 = DIRECTION('',(-1.,0.));
#1142 = ( GEOMETRIC_REPRESENTATION_CONTEXT(2) 
PARAMETRIC_REPRESENTATION_CONTEXT() REPRESENTATION_CONTEXT('2D SPACE',''
  ) );
#1143 = ORIENTED_EDGE('',*,*,#1144,.F.);
#1144 = EDGE_CURVE('',#1145,#1116,#1147,.T.);
#1145 = VERTEX_POINT('',#1146);
#1146 = CARTESIAN_POINT('',(-31.93458139441,-6.90036900369,9.9999999));
#1147 = SURFACE_CURVE('',#1148,(#1161,#1217),.PCURVE_S1.);
#1148 = ( BOUNDED_CURVE() B_SPLINE_CURVE(6,(#1149,#1150,#1151,#1152,
    #1153,#1154,#1155,#1156,#1157,#1158,#1159,#1160),.UNSPECIFIED.,.F.,
.F.) B_SPLINE_CURVE_WITH_KNOTS((7,5,7),(69.945948306062,70.692999331547,
71.128582994756),.UNSPECIFIED.) CURVE() GEOMETRIC_REPRESENTATION_ITEM() 
RATIONAL_B_SPLINE_CURVE((1.,1.,1.,1.,1.,1.,1.,1.,1.,1.,1.,1.)) 
REPRESENTATION_ITEM('') );
#1149 = CARTESIAN_POINT('',(-31.93458139441,-6.90036900369,9.9999999));
#1150 = CARTESIAN_POINT('',(-31.93458139441,-6.90036900369,
    10.24689131462));
#1151 = CARTESIAN_POINT('',(-31.92870954205,-6.853949670133,
    10.489819584527));
#1152 = CARTESIAN_POINT('',(-31.91721498187,-6.762994845219,
    10.724265048287));
#1153 = CARTESIAN_POINT('',(-31.90035898697,-6.627476008407,
    10.942827839186));
#1154 = CARTESIAN_POINT('',(-31.87870074507,-6.44698126024,
    11.138116884485));
#1155 = CARTESIAN_POINT('',(-31.83867602807,-6.095623520089,
    11.388295552464));
#1156 = CARTESIAN_POINT('',(-31.82264240746,-5.951594656305,
    11.468162069366));
#1157 = CARTESIAN_POINT('',(-31.80569688352,-5.794937808881,
    11.532067971431));
#1158 = CARTESIAN_POINT('',(-31.78825631162,-5.627936852421,
    11.576836702548));
#1159 = CARTESIAN_POINT('',(-31.77076971345,-5.453710402036,11.5999999)
  );
#1160 = CARTESIAN_POINT('',(-31.75371354858,-5.276752767528,11.5999999)
  );
#1161 = PCURVE('',#50,#1162);
#1162 = DEFINITIONAL_REPRESENTATION('',(#1163),#1216);
#1163 = B_SPLINE_CURVE_WITH_KNOTS('',11,(#1164,#1165,#1166,#1167,#1168,
    #1169,#1170,#1171,#1172,#1173,#1174,#1175,#1176,#1177,#1178,#1179,
    #1180,#1181,#1182,#1183,#1184,#1185,#1186,#1187,#1188,#1189,#1190,
    #1191,#1192,#1193,#1194,#1195,#1196,#1197,#1198,#1199,#1200,#1201,
    #1202,#1203,#1204,#1205,#1206,#1207,#1208,#1209,#1210,#1211,#1212,
    #1213,#1214,#1215),.UNSPECIFIED.,.F.,.F.,(12,10,10,10,10,12),(
    69.945948306062,70.537265650409,70.685094986496,70.759009654539,
    70.832924322583,71.128582994756),.UNSPECIFIED.);
#1164 = CARTESIAN_POINT('',(-6.157392561428,-15.4));
#1165 = CARTESIAN_POINT('',(-6.157392561427,-15.50659452651));
#1166 = CARTESIAN_POINT('',(-6.157537923924,-15.61251186527));
#1167 = CARTESIAN_POINT('',(-6.157826572261,-15.71748033267));
#1168 = CARTESIAN_POINT('',(-6.158257044633,-15.82117685491));
#1169 = CARTESIAN_POINT('',(-6.158828380143,-15.92323862527));
#1170 = CARTESIAN_POINT('',(-6.159539978604,-16.0232697114));
#1171 = CARTESIAN_POINT('',(-6.16039143295,-16.1208426103));
#1172 = CARTESIAN_POINT('',(-6.161382335707,-16.21549475404));
#1173 = CARTESIAN_POINT('',(-6.162512057991,-16.30671996299));
#1174 = CARTESIAN_POINT('',(-6.163779502375,-16.39395484935));
#1175 = CARTESIAN_POINT('',(-6.165533660223,-16.49721149891));
#1176 = CARTESIAN_POINT('',(-6.165892983222,-16.51757339146));
#1177 = CARTESIAN_POINT('',(-6.166260770476,-16.53763597609));
#1178 = CARTESIAN_POINT('',(-6.166636990942,-16.55738901485));
#1179 = CARTESIAN_POINT('',(-6.167021609687,-16.57682190236));
#1180 = CARTESIAN_POINT('',(-6.167414587918,-16.59592366585));
#1181 = CARTESIAN_POINT('',(-6.167815882948,-16.61468296511));
#1182 = CARTESIAN_POINT('',(-6.168225448228,-16.63308809254));
#1183 = CARTESIAN_POINT('',(-6.168643233321,-16.65112697311));
#1184 = CARTESIAN_POINT('',(-6.16906918392,-16.6687871644));
#1185 = CARTESIAN_POINT('',(-6.169720270797,-16.69469020264));
#1186 = CARTESIAN_POINT('',(-6.169939348458,-16.70322754496));
#1187 = CARTESIAN_POINT('',(-6.170160189373,-16.71165506735));
#1188 = CARTESIAN_POINT('',(-6.170384111828,-16.7200244865));
#1189 = CARTESIAN_POINT('',(-6.170608421758,-16.72822619447));
#1190 = CARTESIAN_POINT('',(-6.170836639977,-16.7364005061));
#1191 = CARTESIAN_POINT('',(-6.171065329543,-16.74440802403));
#1192 = CARTESIAN_POINT('',(-6.17129690506,-16.75234463294));
#1193 = CARTESIAN_POINT('',(-6.171530070981,-16.76015709662));
#1194 = CARTESIAN_POINT('',(-6.17176526916,-16.767862055));
#1195 = CARTESIAN_POINT('',(-6.172239467765,-16.78304424104));
#1196 = CARTESIAN_POINT('',(-6.172478480102,-16.79052195192));
#1197 = CARTESIAN_POINT('',(-6.172719382003,-16.79788424202));
#1198 = CARTESIAN_POINT('',(-6.172962149565,-16.8051290952));
#1199 = CARTESIAN_POINT('',(-6.173206758625,-16.81225451835));
#1200 = CARTESIAN_POINT('',(-6.17345318447,-16.81925854054));
#1201 = CARTESIAN_POINT('',(-6.173701402218,-16.82613921412));
#1202 = CARTESIAN_POINT('',(-6.173951386417,-16.83289461354));
#1203 = CARTESIAN_POINT('',(-6.174203111387,-16.8395228364));
#1204 = CARTESIAN_POINT('',(-6.174456550984,-16.84602200269));
#1205 = CARTESIAN_POINT('',(-6.17573218971,-16.87786326537));
#1206 = CARTESIAN_POINT('',(-6.17677971012,-16.90124168629));
#1207 = CARTESIAN_POINT('',(-6.177852538154,-16.92240678663));
#1208 = CARTESIAN_POINT('',(-6.178948859908,-16.94124597093));
#1209 = CARTESIAN_POINT('',(-6.180066731011,-16.95765315813));
#1210 = CARTESIAN_POINT('',(-6.181204058329,-16.97152916011));
#1211 = CARTESIAN_POINT('',(-6.182358581548,-16.98278206006));
#1212 = CARTESIAN_POINT('',(-6.183527854917,-16.99132759119));
#1213 = CARTESIAN_POINT('',(-6.184709228819,-16.99708951501));
#1214 = CARTESIAN_POINT('',(-6.185899831492,-17.));
#1215 = CARTESIAN_POINT('',(-6.187096550649,-17.));
#1216 = ( GEOMETRIC_REPRESENTATION_CONTEXT(2) 
PARAMETRIC_REPRESENTATION_CONTEXT() REPRESENTATION_CONTEXT('2D SPACE',''
  ) );
#1217 = PCURVE('',#1218,#1255);
#1218 = ( BOUNDED_SURFACE() B_SPLINE_SURFACE(2,6,(
    (#1219,#1220,#1221,#1222,#1223,#1224,#1225,#1226,#1227,#1228,#1229
      ,#1230)
    ,(#1231,#1232,#1233,#1234,#1235,#1236,#1237,#1238,#1239,#1240,#1241
      ,#1242)
    ,(#1243,#1244,#1245,#1246,#1247,#1248,#1249,#1250,#1251,#1252,#1253
,#1254
    )),.UNSPECIFIED.,.F.,.F.,.F.) B_SPLINE_SURFACE_WITH_KNOTS((3,3),(7,5
    ,7),(0.,1.182634688694),(69.945948306062,70.692999331547,
71.128582994756),.UNSPECIFIED.) GEOMETRIC_REPRESENTATION_ITEM() 
RATIONAL_B_SPLINE_SURFACE((
    (1.,1.,1.,1.,1.,1.,1.,1.,1.,1.,1.,1.)
    ,(0.661263466928,0.661263466928,0.663025347006,0.666538076746
      ,0.671704935915,0.677964560486,0.688491953262,0.692513968154
      ,0.696500576527,0.700301936099,0.703832772918,0.707106781187)
,(1.,1.,1.,1.,1.,1.,1.,1.,1.,1.,1.,1.
))) REPRESENTATION_ITEM('') SURFACE() );
#1219 = CARTESIAN_POINT('',(-31.93458139441,-6.90036900369,9.9999999));
#1220 = CARTESIAN_POINT('',(-31.93458139441,-6.90036900369,
    10.24689131462));
#1221 = CARTESIAN_POINT('',(-31.92870954205,-6.853949670133,
    10.489819584527));
#1222 = CARTESIAN_POINT('',(-31.91721498187,-6.762994845219,
    10.724265048287));
#1223 = CARTESIAN_POINT('',(-31.90035898697,-6.627476008407,
    10.942827839186));
#1224 = CARTESIAN_POINT('',(-31.87870074507,-6.44698126024,
    11.138116884485));
#1225 = CARTESIAN_POINT('',(-31.83867602807,-6.095623520089,
    11.388295552464));
#1226 = CARTESIAN_POINT('',(-31.82264240746,-5.951594656305,
    11.468162069366));
#1227 = CARTESIAN_POINT('',(-31.80569688352,-5.794937808881,
    11.532067971431));
#1228 = CARTESIAN_POINT('',(-31.78825631162,-5.627936852421,
    11.576836702548));
#1229 = CARTESIAN_POINT('',(-31.77076971345,-5.453710402036,11.5999999)
  );
#1230 = CARTESIAN_POINT('',(-31.75371354858,-5.276752767528,11.5999999)
  );
#1231 = CARTESIAN_POINT('',(-31.82072029843,-6.,9.9999999));
#1232 = CARTESIAN_POINT('',(-31.82072029843,-6.,10.115247962073));
#1233 = CARTESIAN_POINT('',(-31.81902378765,-5.980422803002,
    10.233789917094));
#1234 = CARTESIAN_POINT('',(-31.81529052661,-5.939078776458,
    10.351370170631));
#1235 = CARTESIAN_POINT('',(-31.80938168358,-5.874716283029,
    10.46076781375));
#1236 = CARTESIAN_POINT('',(-31.80186058711,-5.791880001457,
    10.556368827034));
#1237 = CARTESIAN_POINT('',(-31.7874299767,-5.634596623029,
    10.679532581802));
#1238 = CARTESIAN_POINT('',(-31.78163063224,-5.57161892351,
    10.718703073321));
#1239 = CARTESIAN_POINT('',(-31.77534598064,-5.503822698238,
    10.750990918452));
#1240 = CARTESIAN_POINT('',(-31.76859069646,-5.431883659834,
    10.775814648427));
#1241 = CARTESIAN_POINT('',(-31.76137095029,-5.356198276064,
    10.79255720419));
#1242 = CARTESIAN_POINT('',(-31.75371354858,-5.276752767528,10.7999999)
  );
#1243 = CARTESIAN_POINT('',(-32.72826021049,-6.,9.9999999));
#1244 = CARTESIAN_POINT('',(-32.72826021049,-6.,10.129610956618));
#1245 = CARTESIAN_POINT('',(-32.72198993876,-5.974779120021,
    10.262263630186));
#1246 = CARTESIAN_POINT('',(-32.70916432036,-5.922244718641,
    10.39114363966));
#1247 = CARTESIAN_POINT('',(-32.69005507432,-5.842745170388,
    10.50604388028));
#1248 = CARTESIAN_POINT('',(-32.66693293139,-5.745150602787,
    10.600260752709));
#1249 = CARTESIAN_POINT('',(-32.62690981026,-5.569216945526,
    10.713883029187));
#1250 = CARTESIAN_POINT('',(-32.61140528011,-5.499744232713,
    10.748114884551));
#1251 = CARTESIAN_POINT('',(-32.59567638347,-5.427259280901,
    10.773818354715));
#1252 = CARTESIAN_POINT('',(-32.5801122005,-5.352907149236,
    10.79106049409));
#1253 = CARTESIAN_POINT('',(-32.5649083045,-5.277216603634,10.7999999));
#1254 = CARTESIAN_POINT('',(-32.5500231697,-5.2,10.7999999));
#1255 = DEFINITIONAL_REPRESENTATION('',(#1256),#1260);
#1256 = LINE('',#1257,#1258);
#1257 = CARTESIAN_POINT('',(0.,0.));
#1258 = VECTOR('',#1259,1.);
#1259 = DIRECTION('',(0.,1.));
#1260 = ( GEOMETRIC_REPRESENTATION_CONTEXT(2) 
PARAMETRIC_REPRESENTATION_CONTEXT() REPRESENTATION_CONTEXT('2D SPACE',''
  ) );
#1261 = ORIENTED_EDGE('',*,*,#1262,.F.);
#1262 = EDGE_CURVE('',#1263,#1145,#1265,.T.);
#1263 = VERTEX_POINT('',#1264);
#1264 = CARTESIAN_POINT('',(-31.93458139441,-6.90036900369,-0.8000001));
#1265 = SURFACE_CURVE('',#1266,(#1270,#1277),.PCURVE_S1.);
#1266 = LINE('',#1267,#1268);
#1267 = CARTESIAN_POINT('',(-31.93458139441,-6.90036900369,-0.8000001));
#1268 = VECTOR('',#1269,1.);
#1269 = DIRECTION('',(0.,0.,1.));
#1270 = PCURVE('',#50,#1271);
#1271 = DEFINITIONAL_REPRESENTATION('',(#1272),#1276);
#1272 = LINE('',#1273,#1274);
#1273 = CARTESIAN_POINT('',(-6.157392561428,-4.6));
#1274 = VECTOR('',#1275,1.);
#1275 = DIRECTION('',(-0.,-1.));
#1276 = ( GEOMETRIC_REPRESENTATION_CONTEXT(2) 
PARAMETRIC_REPRESENTATION_CONTEXT() REPRESENTATION_CONTEXT('2D SPACE',''
  ) );
#1277 = PCURVE('',#1278,#1283);
#1278 = CYLINDRICAL_SURFACE('',#1279,0.8);
#1279 = AXIS2_PLACEMENT_3D('',#1280,#1281,#1282);
#1280 = CARTESIAN_POINT('',(-32.72826021049,-6.8,-0.8000001));
#1281 = DIRECTION('',(0.,0.,1.));
#1282 = DIRECTION('',(0.992098520103,-0.125461254613,0.));
#1283 = DEFINITIONAL_REPRESENTATION('',(#1284),#1288);
#1284 = LINE('',#1285,#1286);
#1285 = CARTESIAN_POINT('',(0.,0.));
#1286 = VECTOR('',#1287,1.);
#1287 = DIRECTION('',(0.,1.));
#1288 = ( GEOMETRIC_REPRESENTATION_CONTEXT(2) 
PARAMETRIC_REPRESENTATION_CONTEXT() REPRESENTATION_CONTEXT('2D SPACE',''
  ) );
#1289 = ORIENTED_EDGE('',*,*,#1290,.F.);
#1290 = EDGE_CURVE('',#843,#1263,#1291,.T.);
#1291 = SURFACE_CURVE('',#1292,(#1305,#1361),.PCURVE_S1.);
#1292 = ( BOUNDED_CURVE() B_SPLINE_CURVE(6,(#1293,#1294,#1295,#1296,
    #1297,#1298,#1299,#1300,#1301,#1302,#1303,#1304),.UNSPECIFIED.,.F.,
.F.) B_SPLINE_CURVE_WITH_KNOTS((7,5,7),(57.963313617368,58.398897280577,
59.145948306062),.UNSPECIFIED.) CURVE() GEOMETRIC_REPRESENTATION_ITEM() 
RATIONAL_B_SPLINE_CURVE((1.,1.,1.,1.,1.,1.,1.,1.,1.,1.,1.,1.)) 
REPRESENTATION_ITEM('') );
#1293 = CARTESIAN_POINT('',(-31.75371354858,-5.276752767528,-2.4000001)
  );
#1294 = CARTESIAN_POINT('',(-31.77076971345,-5.453710402036,-2.4000001)
  );
#1295 = CARTESIAN_POINT('',(-31.78825631162,-5.627936852421,
    -2.376836902548));
#1296 = CARTESIAN_POINT('',(-31.80569688352,-5.794937808881,
    -2.332068171431));
#1297 = CARTESIAN_POINT('',(-31.82264240746,-5.951594656305,
    -2.268162269366));
#1298 = CARTESIAN_POINT('',(-31.83867602807,-6.095623520089,
    -2.188295752464));
#1299 = CARTESIAN_POINT('',(-31.87870074507,-6.44698126024,
    -1.938117084485));
#1300 = CARTESIAN_POINT('',(-31.90035898697,-6.627476008407,
    -1.742828039186));
#1301 = CARTESIAN_POINT('',(-31.91721498187,-6.762994845218,
    -1.524265248287));
#1302 = CARTESIAN_POINT('',(-31.92870954205,-6.853949670133,
    -1.289819784528));
#1303 = CARTESIAN_POINT('',(-31.93458139441,-6.90036900369,
    -1.04689151462));
#1304 = CARTESIAN_POINT('',(-31.93458139441,-6.90036900369,-0.8000001));
#1305 = PCURVE('',#50,#1306);
#1306 = DEFINITIONAL_REPRESENTATION('',(#1307),#1360);
#1307 = B_SPLINE_CURVE_WITH_KNOTS('',11,(#1308,#1309,#1310,#1311,#1312,
    #1313,#1314,#1315,#1316,#1317,#1318,#1319,#1320,#1321,#1322,#1323,
    #1324,#1325,#1326,#1327,#1328,#1329,#1330,#1331,#1332,#1333,#1334,
    #1335,#1336,#1337,#1338,#1339,#1340,#1341,#1342,#1343,#1344,#1345,
    #1346,#1347,#1348,#1349,#1350,#1351,#1352,#1353,#1354,#1355,#1356,
    #1357,#1358,#1359),.UNSPECIFIED.,.F.,.F.,(12,10,10,10,10,12),(
    57.963313617368,58.258972289541,58.332886957585,58.406801625628,
    58.554630961715,59.145948306062),.UNSPECIFIED.);
#1308 = CARTESIAN_POINT('',(-6.187096550649,-3.));
#1309 = CARTESIAN_POINT('',(-6.185899831492,-3.));
#1310 = CARTESIAN_POINT('',(-6.184709228821,-3.002910484985));
#1311 = CARTESIAN_POINT('',(-6.183527854911,-3.008672408808));
#1312 = CARTESIAN_POINT('',(-6.182358581558,-3.017217939931));
#1313 = CARTESIAN_POINT('',(-6.181204058316,-3.028470839892));
#1314 = CARTESIAN_POINT('',(-6.180066731023,-3.04234684186));
#1315 = CARTESIAN_POINT('',(-6.178948859899,-3.058754029063));
#1316 = CARTESIAN_POINT('',(-6.177852538158,-3.077593213366));
#1317 = CARTESIAN_POINT('',(-6.176779710118,-3.098758313702));
#1318 = CARTESIAN_POINT('',(-6.17573218971,-3.122136734622));
#1319 = CARTESIAN_POINT('',(-6.174456550984,-3.153977997304));
#1320 = CARTESIAN_POINT('',(-6.174203111384,-3.160477163601));
#1321 = CARTESIAN_POINT('',(-6.173951386424,-3.167105386439));
#1322 = CARTESIAN_POINT('',(-6.173701402203,-3.173860785905));
#1323 = CARTESIAN_POINT('',(-6.173453184491,-3.180741459416));
#1324 = CARTESIAN_POINT('',(-6.173206758602,-3.187745481684));
#1325 = CARTESIAN_POINT('',(-6.172962149583,-3.194870904764));
#1326 = CARTESIAN_POINT('',(-6.172719381992,-3.202115757999));
#1327 = CARTESIAN_POINT('',(-6.172478480106,-3.20947804807));
#1328 = CARTESIAN_POINT('',(-6.172239467764,-3.216955758961));
#1329 = CARTESIAN_POINT('',(-6.17176526916,-3.232137944995));
#1330 = CARTESIAN_POINT('',(-6.17153007098,-3.239842903379));
#1331 = CARTESIAN_POINT('',(-6.171296905063,-3.247655367051));
#1332 = CARTESIAN_POINT('',(-6.171065329537,-3.255591975967));
#1333 = CARTESIAN_POINT('',(-6.170836639984,-3.263599493895));
#1334 = CARTESIAN_POINT('',(-6.170608421751,-3.271773805525));
#1335 = CARTESIAN_POINT('',(-6.170384111833,-3.279975513493));
#1336 = CARTESIAN_POINT('',(-6.17016018937,-3.288344932646));
#1337 = CARTESIAN_POINT('',(-6.169939348459,-3.29677245504));
#1338 = CARTESIAN_POINT('',(-6.169720270797,-3.305309797356));
#1339 = CARTESIAN_POINT('',(-6.169069183921,-3.331212835597));
#1340 = CARTESIAN_POINT('',(-6.168643233319,-3.348873026884));
#1341 = CARTESIAN_POINT('',(-6.168225448232,-3.36691190746));
#1342 = CARTESIAN_POINT('',(-6.167815882942,-3.38531703488));
#1343 = CARTESIAN_POINT('',(-6.167414587925,-3.404076334149));
#1344 = CARTESIAN_POINT('',(-6.16702160968,-3.423178097625));
#1345 = CARTESIAN_POINT('',(-6.166636990946,-3.442610985149));
#1346 = CARTESIAN_POINT('',(-6.166260770474,-3.462364023904));
#1347 = CARTESIAN_POINT('',(-6.165892983222,-3.482426608541));
#1348 = CARTESIAN_POINT('',(-6.165533660223,-3.502788501088));
#1349 = CARTESIAN_POINT('',(-6.163779502375,-3.606045150648));
#1350 = CARTESIAN_POINT('',(-6.162512057994,-3.693280037001));
#1351 = CARTESIAN_POINT('',(-6.161382335698,-3.784505245961));
#1352 = CARTESIAN_POINT('',(-6.160391432965,-3.879157389676));
#1353 = CARTESIAN_POINT('',(-6.159539978583,-3.976730288617));
#1354 = CARTESIAN_POINT('',(-6.158828380164,-4.076761374697));
#1355 = CARTESIAN_POINT('',(-6.158257044617,-4.178823145107));
#1356 = CARTESIAN_POINT('',(-6.15782657227,-4.282519667314));
#1357 = CARTESIAN_POINT('',(-6.15753792392,-4.387488134728));
#1358 = CARTESIAN_POINT('',(-6.157392561428,-4.493405473482));
#1359 = CARTESIAN_POINT('',(-6.157392561428,-4.6));
#1360 = ( GEOMETRIC_REPRESENTATION_CONTEXT(2) 
PARAMETRIC_REPRESENTATION_CONTEXT() REPRESENTATION_CONTEXT('2D SPACE',''
  ) );
#1361 = PCURVE('',#1362,#1399);
#1362 = ( BOUNDED_SURFACE() B_SPLINE_SURFACE(2,6,(
    (#1363,#1364,#1365,#1366,#1367,#1368,#1369,#1370,#1371,#1372,#1373
      ,#1374)
    ,(#1375,#1376,#1377,#1378,#1379,#1380,#1381,#1382,#1383,#1384,#1385
      ,#1386)
    ,(#1387,#1388,#1389,#1390,#1391,#1392,#1393,#1394,#1395,#1396,#1397
,#1398
    )),.UNSPECIFIED.,.F.,.F.,.F.) B_SPLINE_SURFACE_WITH_KNOTS((3,3),(7,5
    ,7),(0.,1.182634688694),(57.963313617368,58.398897280577,
59.145948306062),.UNSPECIFIED.) GEOMETRIC_REPRESENTATION_ITEM() 
RATIONAL_B_SPLINE_SURFACE((
    (1.,1.,1.,1.,1.,1.,1.,1.,1.,1.,1.,1.)
    ,(0.707106781187,0.703832772918,0.700301936099,0.696500576527
      ,0.692513968154,0.688491953262,0.677964560486,0.671704935915
      ,0.666538076746,0.663025347006,0.661263466928,0.661263466928)
,(1.,1.,1.,1.,1.,1.,1.,1.,1.,1.,1.,1.
))) REPRESENTATION_ITEM('') SURFACE() );
#1363 = CARTESIAN_POINT('',(-31.75371354858,-5.276752767528,-2.4000001)
  );
#1364 = CARTESIAN_POINT('',(-31.77076971345,-5.453710402036,-2.4000001)
  );
#1365 = CARTESIAN_POINT('',(-31.78825631162,-5.627936852421,
    -2.376836902548));
#1366 = CARTESIAN_POINT('',(-31.80569688352,-5.794937808881,
    -2.332068171431));
#1367 = CARTESIAN_POINT('',(-31.82264240746,-5.951594656305,
    -2.268162269366));
#1368 = CARTESIAN_POINT('',(-31.83867602807,-6.095623520089,
    -2.188295752464));
#1369 = CARTESIAN_POINT('',(-31.87870074507,-6.44698126024,
    -1.938117084485));
#1370 = CARTESIAN_POINT('',(-31.90035898697,-6.627476008407,
    -1.742828039186));
#1371 = CARTESIAN_POINT('',(-31.91721498187,-6.762994845218,
    -1.524265248287));
#1372 = CARTESIAN_POINT('',(-31.92870954205,-6.853949670133,
    -1.289819784528));
#1373 = CARTESIAN_POINT('',(-31.93458139441,-6.90036900369,
    -1.04689151462));
#1374 = CARTESIAN_POINT('',(-31.93458139441,-6.90036900369,-0.8000001));
#1375 = CARTESIAN_POINT('',(-31.75371354858,-5.276752767528,-1.6000001)
  );
#1376 = CARTESIAN_POINT('',(-31.76137095029,-5.356198276064,
    -1.59255740419));
#1377 = CARTESIAN_POINT('',(-31.76859069646,-5.431883659834,
    -1.575814848427));
#1378 = CARTESIAN_POINT('',(-31.77534598064,-5.503822698238,
    -1.550991118452));
#1379 = CARTESIAN_POINT('',(-31.78163063224,-5.57161892351,
    -1.518703273321));
#1380 = CARTESIAN_POINT('',(-31.7874299767,-5.634596623029,
    -1.479532781802));
#1381 = CARTESIAN_POINT('',(-31.80186058711,-5.791880001457,
    -1.356369027034));
#1382 = CARTESIAN_POINT('',(-31.80938168358,-5.874716283029,
    -1.26076801375));
#1383 = CARTESIAN_POINT('',(-31.81529052661,-5.939078776458,
    -1.151370370631));
#1384 = CARTESIAN_POINT('',(-31.81902378765,-5.980422803002,
    -1.033790117094));
#1385 = CARTESIAN_POINT('',(-31.82072029843,-6.,-0.915248162073));
#1386 = CARTESIAN_POINT('',(-31.82072029843,-6.,-0.8000001));
#1387 = CARTESIAN_POINT('',(-32.5500231697,-5.2,-1.6000001));
#1388 = CARTESIAN_POINT('',(-32.5649083045,-5.277216603633,-1.6000001));
#1389 = CARTESIAN_POINT('',(-32.5801122005,-5.352907149236,
    -1.59106069409));
#1390 = CARTESIAN_POINT('',(-32.59567638347,-5.427259280901,
    -1.573818554715));
#1391 = CARTESIAN_POINT('',(-32.61140528011,-5.499744232713,
    -1.548115084551));
#1392 = CARTESIAN_POINT('',(-32.62690981026,-5.569216945525,
    -1.513883229187));
#1393 = CARTESIAN_POINT('',(-32.66693293139,-5.745150602787,
    -1.400260952709));
#1394 = CARTESIAN_POINT('',(-32.69005507432,-5.842745170389,
    -1.30604408028));
#1395 = CARTESIAN_POINT('',(-32.70916432036,-5.922244718641,
    -1.19114383966));
#1396 = CARTESIAN_POINT('',(-32.72198993876,-5.974779120021,
    -1.062263830186));
#1397 = CARTESIAN_POINT('',(-32.72826021049,-6.,-0.929611156618));
#1398 = CARTESIAN_POINT('',(-32.72826021049,-6.,-0.8000001));
#1399 = DEFINITIONAL_REPRESENTATION('',(#1400),#1404);
#1400 = LINE('',#1401,#1402);
#1401 = CARTESIAN_POINT('',(0.,0.));
#1402 = VECTOR('',#1403,1.);
#1403 = DIRECTION('',(0.,1.));
#1404 = ( GEOMETRIC_REPRESENTATION_CONTEXT(2) 
PARAMETRIC_REPRESENTATION_CONTEXT() REPRESENTATION_CONTEXT('2D SPACE',''
  ) );
#1405 = ADVANCED_FACE('',(#1406),#62,.T.);
#1406 = FACE_BOUND('',#1407,.T.);
#1407 = EDGE_LOOP('',(#1408,#1409,#1448,#1476));
#1408 = ORIENTED_EDGE('',*,*,#39,.F.);
#1409 = ORIENTED_EDGE('',*,*,#1410,.T.);
#1410 = EDGE_CURVE('',#40,#1411,#1413,.T.);
#1411 = VERTEX_POINT('',#1412);
#1412 = CARTESIAN_POINT('',(-38.93951219771,-26.,13.3999999));
#1413 = SURFACE_CURVE('',#1414,(#1419,#1426),.PCURVE_S1.);
#1414 = CIRCLE('',#1415,1.5);
#1415 = AXIS2_PLACEMENT_3D('',#1416,#1417,#1418);
#1416 = CARTESIAN_POINT('',(-38.93951219771,-24.5,13.3999999));
#1417 = DIRECTION('',(0.,-0.,-1.));
#1418 = DIRECTION('',(0.888981080418,-0.457943925234,0.));
#1419 = PCURVE('',#62,#1420);
#1420 = DEFINITIONAL_REPRESENTATION('',(#1421),#1425);
#1421 = LINE('',#1422,#1423);
#1422 = CARTESIAN_POINT('',(0.,1.2));
#1423 = VECTOR('',#1424,1.);
#1424 = DIRECTION('',(1.,0.));
#1425 = ( GEOMETRIC_REPRESENTATION_CONTEXT(2) 
PARAMETRIC_REPRESENTATION_CONTEXT() REPRESENTATION_CONTEXT('2D SPACE',''
  ) );
#1426 = PCURVE('',#1427,#1442);
#1427 = SURFACE_OF_REVOLUTION('',#1428,#1439);
#1428 = B_SPLINE_CURVE_WITH_KNOTS('',5,(#1429,#1430,#1431,#1432,#1433,
    #1434,#1435,#1436,#1437,#1438),.UNSPECIFIED.,.F.,.F.,(6,4,6),(
    4.712388980385,5.497787143782,6.28318530718),.UNSPECIFIED.);
#1429 = CARTESIAN_POINT('',(-38.67281787359,-24.63738317757,14.5999999)
  );
#1430 = CARTESIAN_POINT('',(-38.5052488877,-24.72370357384,14.5999999));
#1431 = CARTESIAN_POINT('',(-38.33767724701,-24.8100253377,
    14.562997188465));
#1432 = CARTESIAN_POINT('',(-38.17873269576,-24.89190299887,
    14.488938257131));
#1433 = CARTESIAN_POINT('',(-38.03698157945,-24.96492374593,
    14.381814525569));
#1434 = CARTESIAN_POINT('',(-37.80000324698,-25.08699922105,
    14.115241549279));
#1435 = CARTESIAN_POINT('',(-37.70477227636,-25.13605588317,
    13.955788081219));
#1436 = CARTESIAN_POINT('',(-37.63893528757,-25.16997072088,
    13.776994004778));
#1437 = CARTESIAN_POINT('',(-37.60604057709,-25.18691588785,
    13.588495459215));
#1438 = CARTESIAN_POINT('',(-37.60604057709,-25.18691588785,13.3999999)
  );
#1439 = AXIS1_PLACEMENT('',#1440,#1441);
#1440 = CARTESIAN_POINT('',(-38.93951219771,-24.5,13.3999999));
#1441 = DIRECTION('',(0.,-0.,-1.));
#1442 = DEFINITIONAL_REPRESENTATION('',(#1443),#1447);
#1443 = LINE('',#1444,#1445);
#1444 = CARTESIAN_POINT('',(0.,6.28318530718));
#1445 = VECTOR('',#1446,1.);
#1446 = DIRECTION('',(1.,0.));
#1447 = ( GEOMETRIC_REPRESENTATION_CONTEXT(2) 
PARAMETRIC_REPRESENTATION_CONTEXT() REPRESENTATION_CONTEXT('2D SPACE',''
  ) );
#1448 = ORIENTED_EDGE('',*,*,#1449,.T.);
#1449 = EDGE_CURVE('',#1411,#1450,#1452,.T.);
#1450 = VERTEX_POINT('',#1451);
#1451 = CARTESIAN_POINT('',(-38.93951219771,-26.,11.5999999));
#1452 = SURFACE_CURVE('',#1453,(#1457,#1464),.PCURVE_S1.);
#1453 = LINE('',#1454,#1455);
#1454 = CARTESIAN_POINT('',(-38.93951219771,-26.,14.5999999));
#1455 = VECTOR('',#1456,1.);
#1456 = DIRECTION('',(0.,-0.,-1.));
#1457 = PCURVE('',#62,#1458);
#1458 = DEFINITIONAL_REPRESENTATION('',(#1459),#1463);
#1459 = LINE('',#1460,#1461);
#1460 = CARTESIAN_POINT('',(1.09511535401,0.));
#1461 = VECTOR('',#1462,1.);
#1462 = DIRECTION('',(0.,1.));
#1463 = ( GEOMETRIC_REPRESENTATION_CONTEXT(2) 
PARAMETRIC_REPRESENTATION_CONTEXT() REPRESENTATION_CONTEXT('2D SPACE',''
  ) );
#1464 = PCURVE('',#1465,#1470);
#1465 = PLANE('',#1466);
#1466 = AXIS2_PLACEMENT_3D('',#1467,#1468,#1469);
#1467 = CARTESIAN_POINT('',(-86.50000000009,-26.,-5.9000001));
#1468 = DIRECTION('',(0.,1.,0.));
#1469 = DIRECTION('',(0.,0.,1.));
#1470 = DEFINITIONAL_REPRESENTATION('',(#1471),#1475);
#1471 = LINE('',#1472,#1473);
#1472 = CARTESIAN_POINT('',(20.5,47.560487802376));
#1473 = VECTOR('',#1474,1.);
#1474 = DIRECTION('',(-1.,0.));
#1475 = ( GEOMETRIC_REPRESENTATION_CONTEXT(2) 
PARAMETRIC_REPRESENTATION_CONTEXT() REPRESENTATION_CONTEXT('2D SPACE',''
  ) );
#1476 = ORIENTED_EDGE('',*,*,#1477,.T.);
#1477 = EDGE_CURVE('',#1450,#42,#1478,.T.);
#1478 = SURFACE_CURVE('',#1479,(#1484,#1491),.PCURVE_S1.);
#1479 = CIRCLE('',#1480,1.5);
#1480 = AXIS2_PLACEMENT_3D('',#1481,#1482,#1483);
#1481 = CARTESIAN_POINT('',(-38.93951219771,-24.5,11.5999999));
#1482 = DIRECTION('',(-0.,0.,1.));
#1483 = DIRECTION('',(4.736951571734E-15,-1.,0.));
#1484 = PCURVE('',#62,#1485);
#1485 = DEFINITIONAL_REPRESENTATION('',(#1486),#1490);
#1486 = LINE('',#1487,#1488);
#1487 = CARTESIAN_POINT('',(1.09511535401,3.));
#1488 = VECTOR('',#1489,1.);
#1489 = DIRECTION('',(-1.,-0.));
#1490 = ( GEOMETRIC_REPRESENTATION_CONTEXT(2) 
PARAMETRIC_REPRESENTATION_CONTEXT() REPRESENTATION_CONTEXT('2D SPACE',''
  ) );
#1491 = PCURVE('',#1492,#1507);
#1492 = SURFACE_OF_REVOLUTION('',#1493,#1504);
#1493 = B_SPLINE_CURVE_WITH_KNOTS('',5,(#1494,#1495,#1496,#1497,#1498,
    #1499,#1500,#1501,#1502,#1503),.UNSPECIFIED.,.F.,.F.,(6,4,6),(0.,
    0.785398163397,1.570796326795),.UNSPECIFIED.);
#1494 = CARTESIAN_POINT('',(-38.93951219771,-26.,11.5999999));
#1495 = CARTESIAN_POINT('',(-38.93951219771,-26.,11.474336193856));
#1496 = CARTESIAN_POINT('',(-38.93951219771,-25.97533152564,
    11.348670496815));
#1497 = CARTESIAN_POINT('',(-38.93951219771,-25.92595890475,
    11.229474445854));
#1498 = CARTESIAN_POINT('',(-38.93951219771,-25.85454308371,
    11.123172133814));
#1499 = CARTESIAN_POINT('',(-38.93951219771,-25.67682776618,
    10.945456816288));
#1500 = CARTESIAN_POINT('',(-38.93951219771,-25.57052545414,
    10.874040995246));
#1501 = CARTESIAN_POINT('',(-38.93951219771,-25.45132940318,
    10.824668374357));
#1502 = CARTESIAN_POINT('',(-38.93951219771,-25.32566370614,10.7999999)
  );
#1503 = CARTESIAN_POINT('',(-38.93951219771,-25.2,10.7999999));
#1504 = AXIS1_PLACEMENT('',#1505,#1506);
#1505 = CARTESIAN_POINT('',(-38.93951219771,-24.5,11.5999999));
#1506 = DIRECTION('',(0.,0.,-1.));
#1507 = DEFINITIONAL_REPRESENTATION('',(#1508),#1512);
#1508 = LINE('',#1509,#1510);
#1509 = CARTESIAN_POINT('',(-0.,0.));
#1510 = VECTOR('',#1511,1.);
#1511 = DIRECTION('',(-1.,0.));
#1512 = ( GEOMETRIC_REPRESENTATION_CONTEXT(2) 
PARAMETRIC_REPRESENTATION_CONTEXT() REPRESENTATION_CONTEXT('2D SPACE',''
  ) );
#1513 = ADVANCED_FACE('',(#1514),#826,.T.);
#1514 = FACE_BOUND('',#1515,.F.);
#1515 = EDGE_LOOP('',(#1516,#1540,#1541,#1572));
#1516 = ORIENTED_EDGE('',*,*,#1517,.F.);
#1517 = EDGE_CURVE('',#42,#1518,#1520,.T.);
#1518 = VERTEX_POINT('',#1519);
#1519 = CARTESIAN_POINT('',(-38.31722544142,-24.82056074766,10.7999999)
  );
#1520 = SURFACE_CURVE('',#1521,(#1526,#1533),.PCURVE_S1.);
#1521 = CIRCLE('',#1522,0.8);
#1522 = AXIS2_PLACEMENT_3D('',#1523,#1524,#1525);
#1523 = CARTESIAN_POINT('',(-38.31722544142,-24.82056074766,11.5999999)
  );
#1524 = DIRECTION('',(0.457943925234,0.888981080418,0.));
#1525 = DIRECTION('',(0.888981080418,-0.457943925234,0.));
#1526 = PCURVE('',#826,#1527);
#1527 = DEFINITIONAL_REPRESENTATION('',(#1528),#1532);
#1528 = LINE('',#1529,#1530);
#1529 = CARTESIAN_POINT('',(-0.,0.));
#1530 = VECTOR('',#1531,1.);
#1531 = DIRECTION('',(-0.,1.));
#1532 = ( GEOMETRIC_REPRESENTATION_CONTEXT(2) 
PARAMETRIC_REPRESENTATION_CONTEXT() REPRESENTATION_CONTEXT('2D SPACE',''
  ) );
#1533 = PCURVE('',#1492,#1534);
#1534 = DEFINITIONAL_REPRESENTATION('',(#1535),#1539);
#1535 = LINE('',#1536,#1537);
#1536 = CARTESIAN_POINT('',(-1.09511535401,0.));
#1537 = VECTOR('',#1538,1.);
#1538 = DIRECTION('',(-0.,1.));
#1539 = ( GEOMETRIC_REPRESENTATION_CONTEXT(2) 
PARAMETRIC_REPRESENTATION_CONTEXT() REPRESENTATION_CONTEXT('2D SPACE',''
  ) );
#1540 = ORIENTED_EDGE('',*,*,#811,.T.);
#1541 = ORIENTED_EDGE('',*,*,#1542,.T.);
#1542 = EDGE_CURVE('',#704,#1543,#1545,.T.);
#1543 = VERTEX_POINT('',#1544);
#1544 = CARTESIAN_POINT('',(-34.02510013571,-13.56557717986,10.7999999)
  );
#1545 = SURFACE_CURVE('',#1546,(#1551,#1558),.PCURVE_S1.);
#1546 = CIRCLE('',#1547,0.8);
#1547 = AXIS2_PLACEMENT_3D('',#1548,#1549,#1550);
#1548 = CARTESIAN_POINT('',(-34.02510013571,-13.56557717986,11.5999999)
  );
#1549 = DIRECTION('',(0.250287401842,0.968171584214,0.));
#1550 = DIRECTION('',(0.968171584214,-0.250287401842,0.));
#1551 = PCURVE('',#826,#1552);
#1552 = DEFINITIONAL_REPRESENTATION('',(#1553),#1557);
#1553 = LINE('',#1554,#1555);
#1554 = CARTESIAN_POINT('',(-0.222703878916,0.));
#1555 = VECTOR('',#1556,1.);
#1556 = DIRECTION('',(-0.,1.));
#1557 = ( GEOMETRIC_REPRESENTATION_CONTEXT(2) 
PARAMETRIC_REPRESENTATION_CONTEXT() REPRESENTATION_CONTEXT('2D SPACE',''
  ) );
#1558 = PCURVE('',#767,#1559);
#1559 = DEFINITIONAL_REPRESENTATION('',(#1560),#1571);
#1560 = B_SPLINE_CURVE_WITH_KNOTS('',9,(#1561,#1562,#1563,#1564,#1565,
    #1566,#1567,#1568,#1569,#1570),.UNSPECIFIED.,.F.,.F.,(10,10),(0.,
    1.570796326795),.PIECEWISE_BEZIER_KNOTS.);
#1561 = CARTESIAN_POINT('',(-3.330669073875E-16,163.86613050995));
#1562 = CARTESIAN_POINT('',(0.145952985501,163.86613050995));
#1563 = CARTESIAN_POINT('',(0.280035635466,163.86613050996));
#1564 = CARTESIAN_POINT('',(0.407117397673,163.86613050993));
#1565 = CARTESIAN_POINT('',(0.530319571689,163.86613050998));
#1566 = CARTESIAN_POINT('',(0.652315116456,163.86613050992));
#1567 = CARTESIAN_POINT('',(0.775517290472,163.86613050997));
#1568 = CARTESIAN_POINT('',(0.902599052679,163.86613050994));
#1569 = CARTESIAN_POINT('',(1.036681702644,163.86613050995));
#1570 = CARTESIAN_POINT('',(1.182634688145,163.86613050995));
#1571 = ( GEOMETRIC_REPRESENTATION_CONTEXT(2) 
PARAMETRIC_REPRESENTATION_CONTEXT() REPRESENTATION_CONTEXT('2D SPACE',''
  ) );
#1572 = ORIENTED_EDGE('',*,*,#1573,.F.);
#1573 = EDGE_CURVE('',#1518,#1543,#1574,.T.);
#1574 = SURFACE_CURVE('',#1575,(#1580,#1587),.PCURVE_S1.);
#1575 = CIRCLE('',#1576,54.2);
#1576 = AXIS2_PLACEMENT_3D('',#1577,#1578,#1579);
#1577 = CARTESIAN_POINT('',(-86.50000000009,3.552713678801E-15,
    10.7999999));
#1578 = DIRECTION('',(-0.,0.,1.));
#1579 = DIRECTION('',(0.888981080418,-0.457943925234,0.));
#1580 = PCURVE('',#826,#1581);
#1581 = DEFINITIONAL_REPRESENTATION('',(#1582),#1586);
#1582 = LINE('',#1583,#1584);
#1583 = CARTESIAN_POINT('',(-0.,1.570796326795));
#1584 = VECTOR('',#1585,1.);
#1585 = DIRECTION('',(-1.,0.));
#1586 = ( GEOMETRIC_REPRESENTATION_CONTEXT(2) 
PARAMETRIC_REPRESENTATION_CONTEXT() REPRESENTATION_CONTEXT('2D SPACE',''
  ) );
#1587 = PCURVE('',#1588,#1593);
#1588 = PLANE('',#1589);
#1589 = AXIS2_PLACEMENT_3D('',#1590,#1591,#1592);
#1590 = CARTESIAN_POINT('',(-50.02472340782,-19.66098160106,10.7999999)
  );
#1591 = DIRECTION('',(0.,0.,1.));
#1592 = DIRECTION('',(0.939692620786,-0.342020143326,0.));
#1593 = DEFINITIONAL_REPRESENTATION('',(#1594),#1598);
#1594 = CIRCLE('',#1595,54.2);
#1595 = AXIS2_PLACEMENT_2D('',#1596,#1597);
#1596 = CARTESIAN_POINT('',(-41.,6.));
#1597 = DIRECTION('',(0.991995008231,-0.126277090737));
#1598 = ( GEOMETRIC_REPRESENTATION_CONTEXT(2) 
PARAMETRIC_REPRESENTATION_CONTEXT() REPRESENTATION_CONTEXT('2D SPACE',''
  ) );
#1599 = ADVANCED_FACE('',(#1600),#91,.T.);
#1600 = FACE_BOUND('',#1601,.T.);
#1601 = EDGE_LOOP('',(#1602,#1641,#1674,#1696));
#1602 = ORIENTED_EDGE('',*,*,#1603,.F.);
#1603 = EDGE_CURVE('',#1604,#75,#1606,.T.);
#1604 = VERTEX_POINT('',#1605);
#1605 = CARTESIAN_POINT('',(-38.67281787359,24.63738317757,14.5999999));
#1606 = SURFACE_CURVE('',#1607,(#1612,#1619),.PCURVE_S1.);
#1607 = CIRCLE('',#1608,1.2);
#1608 = AXIS2_PLACEMENT_3D('',#1609,#1610,#1611);
#1609 = CARTESIAN_POINT('',(-38.67281787359,24.63738317757,13.3999999));
#1610 = DIRECTION('',(-0.457943925234,0.888981080418,0.));
#1611 = DIRECTION('',(0.888981080418,0.457943925234,0.));
#1612 = PCURVE('',#91,#1613);
#1613 = DEFINITIONAL_REPRESENTATION('',(#1614),#1618);
#1614 = LINE('',#1615,#1616);
#1615 = CARTESIAN_POINT('',(0.,0.));
#1616 = VECTOR('',#1617,1.);
#1617 = DIRECTION('',(0.,1.));
#1618 = ( GEOMETRIC_REPRESENTATION_CONTEXT(2) 
PARAMETRIC_REPRESENTATION_CONTEXT() REPRESENTATION_CONTEXT('2D SPACE',''
  ) );
#1619 = PCURVE('',#1620,#1635);
#1620 = SURFACE_OF_REVOLUTION('',#1621,#1632);
#1621 = B_SPLINE_CURVE_WITH_KNOTS('',5,(#1622,#1623,#1624,#1625,#1626,
    #1627,#1628,#1629,#1630,#1631),.UNSPECIFIED.,.F.,.F.,(6,4,6),(
    4.712388980385,5.497787143782,6.28318530718),.UNSPECIFIED.);
#1622 = CARTESIAN_POINT('',(-38.93951219771,24.8,14.5999999));
#1623 = CARTESIAN_POINT('',(-38.93951219771,24.988495559215,14.5999999)
  );
#1624 = CARTESIAN_POINT('',(-38.93951219771,25.176994104778,
    14.562997188465));
#1625 = CARTESIAN_POINT('',(-38.93951219771,25.355788181219,
    14.488938257131));
#1626 = CARTESIAN_POINT('',(-38.93951219771,25.515241649279,
    14.381814525569));
#1627 = CARTESIAN_POINT('',(-38.93951219771,25.781814625569,
    14.115241549279));
#1628 = CARTESIAN_POINT('',(-38.93951219771,25.888938357131,
    13.955788081219));
#1629 = CARTESIAN_POINT('',(-38.93951219771,25.962997288465,
    13.776994004778));
#1630 = CARTESIAN_POINT('',(-38.93951219771,26.,13.588495459215));
#1631 = CARTESIAN_POINT('',(-38.93951219771,26.,13.3999999));
#1632 = AXIS1_PLACEMENT('',#1633,#1634);
#1633 = CARTESIAN_POINT('',(-38.93951219771,24.5,13.3999999));
#1634 = DIRECTION('',(0.,-0.,-1.));
#1635 = DEFINITIONAL_REPRESENTATION('',(#1636),#1640);
#1636 = LINE('',#1637,#1638);
#1637 = CARTESIAN_POINT('',(1.09511535401,0.));
#1638 = VECTOR('',#1639,1.);
#1639 = DIRECTION('',(0.,1.));
#1640 = ( GEOMETRIC_REPRESENTATION_CONTEXT(2) 
PARAMETRIC_REPRESENTATION_CONTEXT() REPRESENTATION_CONTEXT('2D SPACE',''
  ) );
#1641 = ORIENTED_EDGE('',*,*,#1642,.T.);
#1642 = EDGE_CURVE('',#1604,#1643,#1645,.T.);
#1643 = VERTEX_POINT('',#1644);
#1644 = CARTESIAN_POINT('',(-38.67281787359,-24.63738317757,14.5999999)
  );
#1645 = SURFACE_CURVE('',#1646,(#1651,#1658),.PCURVE_S1.);
#1646 = CIRCLE('',#1647,53.8);
#1647 = AXIS2_PLACEMENT_3D('',#1648,#1649,#1650);
#1648 = CARTESIAN_POINT('',(-86.50000000009,0.,14.5999999));
#1649 = DIRECTION('',(0.,0.,-1.));
#1650 = DIRECTION('',(0.888981080418,0.457943925234,0.));
#1651 = PCURVE('',#91,#1652);
#1652 = DEFINITIONAL_REPRESENTATION('',(#1653),#1657);
#1653 = LINE('',#1654,#1655);
#1654 = CARTESIAN_POINT('',(0.,4.712388980385));
#1655 = VECTOR('',#1656,1.);
#1656 = DIRECTION('',(1.,0.));
#1657 = ( GEOMETRIC_REPRESENTATION_CONTEXT(2) 
PARAMETRIC_REPRESENTATION_CONTEXT() REPRESENTATION_CONTEXT('2D SPACE',''
  ) );
#1658 = PCURVE('',#1659,#1664);
#1659 = PLANE('',#1660);
#1660 = AXIS2_PLACEMENT_3D('',#1661,#1662,#1663);
#1661 = CARTESIAN_POINT('',(-86.50000000009,9.372203282004E-16,
    14.5999999));
#1662 = DIRECTION('',(0.,0.,1.));
#1663 = DIRECTION('',(1.,0.,0.));
#1664 = DEFINITIONAL_REPRESENTATION('',(#1665),#1673);
#1665 = ( BOUNDED_CURVE() B_SPLINE_CURVE(2,(#1666,#1667,#1668,#1669,
#1670,#1671,#1672),.UNSPECIFIED.,.T.,.F.) B_SPLINE_CURVE_WITH_KNOTS((1,2
    ,2,2,2,1),(-2.094395102393,0.,2.094395102393,4.188790204786,
6.28318530718,8.377580409573),.UNSPECIFIED.) CURVE() 
GEOMETRIC_REPRESENTATION_ITEM() RATIONAL_B_SPLINE_CURVE((1.,0.5,1.,0.5,
1.,0.5,1.)) REPRESENTATION_ITEM('') );
#1666 = CARTESIAN_POINT('',(47.827182126502,24.63738317757));
#1667 = CARTESIAN_POINT('',(90.500381555596,-58.20172624838));
#1668 = CARTESIAN_POINT('',(-2.576991348704,-53.73824630176));
#1669 = CARTESIAN_POINT('',(-95.654364253,-49.27476635514));
#1670 = CARTESIAN_POINT('',(-45.25019077779,29.100863124191));
#1671 = CARTESIAN_POINT('',(5.153982697408,107.47649260352));
#1672 = CARTESIAN_POINT('',(47.827182126502,24.63738317757));
#1673 = ( GEOMETRIC_REPRESENTATION_CONTEXT(2) 
PARAMETRIC_REPRESENTATION_CONTEXT() REPRESENTATION_CONTEXT('2D SPACE',''
  ) );
#1674 = ORIENTED_EDGE('',*,*,#1675,.T.);
#1675 = EDGE_CURVE('',#1643,#40,#1676,.T.);
#1676 = SURFACE_CURVE('',#1677,(#1682,#1689),.PCURVE_S1.);
#1677 = CIRCLE('',#1678,1.2);
#1678 = AXIS2_PLACEMENT_3D('',#1679,#1680,#1681);
#1679 = CARTESIAN_POINT('',(-38.67281787359,-24.63738317757,13.3999999)
  );
#1680 = DIRECTION('',(0.457943925234,0.888981080418,0.));
#1681 = DIRECTION('',(0.888981080418,-0.457943925234,0.));
#1682 = PCURVE('',#91,#1683);
#1683 = DEFINITIONAL_REPRESENTATION('',(#1684),#1688);
#1684 = LINE('',#1685,#1686);
#1685 = CARTESIAN_POINT('',(0.951361945569,0.));
#1686 = VECTOR('',#1687,1.);
#1687 = DIRECTION('',(0.,1.));
#1688 = ( GEOMETRIC_REPRESENTATION_CONTEXT(2) 
PARAMETRIC_REPRESENTATION_CONTEXT() REPRESENTATION_CONTEXT('2D SPACE',''
  ) );
#1689 = PCURVE('',#1427,#1690);
#1690 = DEFINITIONAL_REPRESENTATION('',(#1691),#1695);
#1691 = LINE('',#1692,#1693);
#1692 = CARTESIAN_POINT('',(0.,0.));
#1693 = VECTOR('',#1694,1.);
#1694 = DIRECTION('',(0.,1.));
#1695 = ( GEOMETRIC_REPRESENTATION_CONTEXT(2) 
PARAMETRIC_REPRESENTATION_CONTEXT() REPRESENTATION_CONTEXT('2D SPACE',''
  ) );
#1696 = ORIENTED_EDGE('',*,*,#74,.F.);
#1697 = ADVANCED_FACE('',(#1698),#767,.T.);
#1698 = FACE_BOUND('',#1699,.T.);
#1699 = EDGE_LOOP('',(#1700,#1701,#1758,#1786));
#1700 = ORIENTED_EDGE('',*,*,#1542,.T.);
#1701 = ORIENTED_EDGE('',*,*,#1702,.T.);
#1702 = EDGE_CURVE('',#1543,#1703,#1705,.T.);
#1703 = VERTEX_POINT('',#1704);
#1704 = CARTESIAN_POINT('',(-33.91897205303,-12.75286242499,9.9999999));
#1705 = SURFACE_CURVE('',#1706,(#1719,#1726),.PCURVE_S1.);
#1706 = ( BOUNDED_CURVE() B_SPLINE_CURVE(6,(#1707,#1708,#1709,#1710,
    #1711,#1712,#1713,#1714,#1715,#1716,#1717,#1718),.UNSPECIFIED.,.F.,
.F.) B_SPLINE_CURVE_WITH_KNOTS((7,5,7),(163.86613050995,164.3140391812,
165.04876519809),.UNSPECIFIED.) CURVE() GEOMETRIC_REPRESENTATION_ITEM() 
RATIONAL_B_SPLINE_CURVE((1.,1.,1.,1.,1.,1.,1.,1.,1.,1.,1.,1.)) 
REPRESENTATION_ITEM('') );
#1707 = CARTESIAN_POINT('',(-34.02510013571,-13.56557717986,10.7999999)
  );
#1708 = CARTESIAN_POINT('',(-34.01232597728,-13.48572609478,10.7999999)
  );
#1709 = CARTESIAN_POINT('',(-34.00042462306,-13.40730452794,
    10.790548086892));
#1710 = CARTESIAN_POINT('',(-33.98936399735,-13.33007112783,
    10.772342612788));
#1711 = CARTESIAN_POINT('',(-33.97913970979,-13.2546564244,
    10.745186545743));
#1712 = CARTESIAN_POINT('',(-33.96978124896,-13.18240979623,
    10.70899956138));
#1713 = CARTESIAN_POINT('',(-33.94754140662,-13.00507516849,
    10.592375590858));
#1714 = CARTESIAN_POINT('',(-33.93625008757,-12.90834533722,
    10.498385694049));
#1715 = CARTESIAN_POINT('',(-33.9273288133,-12.82981657284,
    10.384711260224));
#1716 = CARTESIAN_POINT('',(-33.92161857862,-12.77787322135,
    10.257897633672));
#1717 = CARTESIAN_POINT('',(-33.91897205303,-12.75286242499,
    10.127503608232));
#1718 = CARTESIAN_POINT('',(-33.91897205303,-12.75286242499,9.9999999));
#1719 = PCURVE('',#767,#1720);
#1720 = DEFINITIONAL_REPRESENTATION('',(#1721),#1725);
#1721 = LINE('',#1722,#1723);
#1722 = CARTESIAN_POINT('',(1.182634688145,0.));
#1723 = VECTOR('',#1724,1.);
#1724 = DIRECTION('',(0.,1.));
#1725 = ( GEOMETRIC_REPRESENTATION_CONTEXT(2) 
PARAMETRIC_REPRESENTATION_CONTEXT() REPRESENTATION_CONTEXT('2D SPACE',''
  ) );
#1726 = PCURVE('',#1727,#1732);
#1727 = CYLINDRICAL_SURFACE('',#1728,0.8);
#1728 = AXIS2_PLACEMENT_3D('',#1729,#1730,#1731);
#1729 = CARTESIAN_POINT('',(-46.19409780257,-9.136424248266,9.9999999));
#1730 = DIRECTION('',(0.939692620786,-0.342020143326,0.));
#1731 = DIRECTION('',(0.342020143326,0.939692620786,0.));
#1732 = DEFINITIONAL_REPRESENTATION('',(#1733),#1757);
#1733 = B_SPLINE_CURVE_WITH_KNOTS('',8,(#1734,#1735,#1736,#1737,#1738,
    #1739,#1740,#1741,#1742,#1743,#1744,#1745,#1746,#1747,#1748,#1749,
    #1750,#1751,#1752,#1753,#1754,#1755,#1756),.UNSPECIFIED.,.F.,.F.,(9,
    7,7,9),(163.86613050995,164.16178918199,164.45744785402,
    165.04876519809),.UNSPECIFIED.);
#1734 = CARTESIAN_POINT('',(1.570796326795,12.949976830394));
#1735 = CARTESIAN_POINT('',(1.52165832231,12.942398918014));
#1736 = CARTESIAN_POINT('',(1.47299231865,12.934743101883));
#1737 = CARTESIAN_POINT('',(1.424603046516,12.927005305663));
#1738 = CARTESIAN_POINT('',(1.376331770968,12.919191090665));
#1739 = CARTESIAN_POINT('',(1.328056291417,12.911315655862));
#1740 = CARTESIAN_POINT('',(1.279690941626,12.903403837875));
#1741 = CARTESIAN_POINT('',(1.231186589717,12.895490110984));
#1742 = CARTESIAN_POINT('',(1.133874686604,12.879747063257));
#1743 = CARTESIAN_POINT('',(1.085049275696,12.871914746541));
#1744 = CARTESIAN_POINT('',(1.036151933813,12.864179432506));
#1745 = CARTESIAN_POINT('',(0.98675826663,12.856521188785));
#1746 = CARTESIAN_POINT('',(0.937872857977,12.849165415734));
#1747 = CARTESIAN_POINT('',(0.888484453905,12.841961498184));
#1748 = CARTESIAN_POINT('',(0.839094678674,12.835059722885));
#1749 = CARTESIAN_POINT('',(0.690536944542,12.815282407471));
#1750 = CARTESIAN_POINT('',(0.591043562985,12.803346479623));
#1751 = CARTESIAN_POINT('',(0.491274569864,12.793006432177));
#1752 = CARTESIAN_POINT('',(0.391539405815,12.784530775837));
#1753 = CARTESIAN_POINT('',(0.292211931265,12.77810678347));
#1754 = CARTESIAN_POINT('',(0.193664686158,12.773837672885));
#1755 = CARTESIAN_POINT('',(9.620314968264E-02,12.771739789596));
#1756 = CARTESIAN_POINT('',(5.551115123126E-17,12.771739789596));
#1757 = ( GEOMETRIC_REPRESENTATION_CONTEXT(2) 
PARAMETRIC_REPRESENTATION_CONTEXT() REPRESENTATION_CONTEXT('2D SPACE',''
  ) );
#1758 = ORIENTED_EDGE('',*,*,#1759,.F.);
#1759 = EDGE_CURVE('',#676,#1703,#1760,.T.);
#1760 = SURFACE_CURVE('',#1761,(#1765,#1772),.PCURVE_S1.);
#1761 = ( BOUNDED_CURVE() B_SPLINE_CURVE(2,(#1762,#1763,#1764),
.UNSPECIFIED.,.F.,.F.) B_SPLINE_CURVE_WITH_KNOTS((3,3),(0.,
1.182634688145),.PIECEWISE_BEZIER_KNOTS.) CURVE() 
GEOMETRIC_REPRESENTATION_ITEM() RATIONAL_B_SPLINE_CURVE((1.,
0.661263466928,1.)) REPRESENTATION_ITEM('') );
#1762 = CARTESIAN_POINT('',(-32.8652135906,-12.17824645867,9.9999999));
#1763 = CARTESIAN_POINT('',(-33.0661634946,-13.06325935578,9.9999999));
#1764 = CARTESIAN_POINT('',(-33.91897205303,-12.75286242499,9.9999999));
#1765 = PCURVE('',#767,#1766);
#1766 = DEFINITIONAL_REPRESENTATION('',(#1767),#1771);
#1767 = LINE('',#1768,#1769);
#1768 = CARTESIAN_POINT('',(0.,165.04876519809));
#1769 = VECTOR('',#1770,1.);
#1770 = DIRECTION('',(1.,0.));
#1771 = ( GEOMETRIC_REPRESENTATION_CONTEXT(2) 
PARAMETRIC_REPRESENTATION_CONTEXT() REPRESENTATION_CONTEXT('2D SPACE',''
  ) );
#1772 = PCURVE('',#691,#1773);
#1773 = DEFINITIONAL_REPRESENTATION('',(#1774),#1785);
#1774 = B_SPLINE_CURVE_WITH_KNOTS('',9,(#1775,#1776,#1777,#1778,#1779,
    #1780,#1781,#1782,#1783,#1784),.UNSPECIFIED.,.F.,.F.,(10,10),(0.,
    1.182634688145),.PIECEWISE_BEZIER_KNOTS.);
#1775 = CARTESIAN_POINT('',(-1.110223024625E-16,0.));
#1776 = CARTESIAN_POINT('',(0.166700830174,0.));
#1777 = CARTESIAN_POINT('',(0.347516573418,0.));
#1778 = CARTESIAN_POINT('',(0.541165511565,0.));
#1779 = CARTESIAN_POINT('',(0.744444668471,0.));
#1780 = CARTESIAN_POINT('',(0.95214440447,0.));
#1781 = CARTESIAN_POINT('',(1.155423560465,0.));
#1782 = CARTESIAN_POINT('',(1.349072499301,0.));
#1783 = CARTESIAN_POINT('',(1.529888242373,0.));
#1784 = CARTESIAN_POINT('',(1.696589072546,0.));
#1785 = ( GEOMETRIC_REPRESENTATION_CONTEXT(2) 
PARAMETRIC_REPRESENTATION_CONTEXT() REPRESENTATION_CONTEXT('2D SPACE',''
  ) );
#1786 = ORIENTED_EDGE('',*,*,#703,.F.);
#1787 = ADVANCED_FACE('',(#1788),#119,.T.);
#1788 = FACE_BOUND('',#1789,.F.);
#1789 = EDGE_LOOP('',(#1790,#1791,#1815,#1843));
#1790 = ORIENTED_EDGE('',*,*,#103,.F.);
#1791 = ORIENTED_EDGE('',*,*,#1792,.F.);
#1792 = EDGE_CURVE('',#1793,#75,#1795,.T.);
#1793 = VERTEX_POINT('',#1794);
#1794 = CARTESIAN_POINT('',(-38.93951219771,26.,13.3999999));
#1795 = SURFACE_CURVE('',#1796,(#1801,#1808),.PCURVE_S1.);
#1796 = CIRCLE('',#1797,1.5);
#1797 = AXIS2_PLACEMENT_3D('',#1798,#1799,#1800);
#1798 = CARTESIAN_POINT('',(-38.93951219771,24.5,13.3999999));
#1799 = DIRECTION('',(0.,0.,-1.));
#1800 = DIRECTION('',(0.,1.,0.));
#1801 = PCURVE('',#119,#1802);
#1802 = DEFINITIONAL_REPRESENTATION('',(#1803),#1807);
#1803 = LINE('',#1804,#1805);
#1804 = CARTESIAN_POINT('',(-1.09511535401,1.2));
#1805 = VECTOR('',#1806,1.);
#1806 = DIRECTION('',(1.,-0.));
#1807 = ( GEOMETRIC_REPRESENTATION_CONTEXT(2) 
PARAMETRIC_REPRESENTATION_CONTEXT() REPRESENTATION_CONTEXT('2D SPACE',''
  ) );
#1808 = PCURVE('',#1620,#1809);
#1809 = DEFINITIONAL_REPRESENTATION('',(#1810),#1814);
#1810 = LINE('',#1811,#1812);
#1811 = CARTESIAN_POINT('',(0.,6.28318530718));
#1812 = VECTOR('',#1813,1.);
#1813 = DIRECTION('',(1.,0.));
#1814 = ( GEOMETRIC_REPRESENTATION_CONTEXT(2) 
PARAMETRIC_REPRESENTATION_CONTEXT() REPRESENTATION_CONTEXT('2D SPACE',''
  ) );
#1815 = ORIENTED_EDGE('',*,*,#1816,.T.);
#1816 = EDGE_CURVE('',#1793,#1817,#1819,.T.);
#1817 = VERTEX_POINT('',#1818);
#1818 = CARTESIAN_POINT('',(-38.93951219771,26.,11.5999999));
#1819 = SURFACE_CURVE('',#1820,(#1824,#1831),.PCURVE_S1.);
#1820 = LINE('',#1821,#1822);
#1821 = CARTESIAN_POINT('',(-38.93951219771,26.,14.5999999));
#1822 = VECTOR('',#1823,1.);
#1823 = DIRECTION('',(0.,-0.,-1.));
#1824 = PCURVE('',#119,#1825);
#1825 = DEFINITIONAL_REPRESENTATION('',(#1826),#1830);
#1826 = LINE('',#1827,#1828);
#1827 = CARTESIAN_POINT('',(-1.09511535401,0.));
#1828 = VECTOR('',#1829,1.);
#1829 = DIRECTION('',(-0.,1.));
#1830 = ( GEOMETRIC_REPRESENTATION_CONTEXT(2) 
PARAMETRIC_REPRESENTATION_CONTEXT() REPRESENTATION_CONTEXT('2D SPACE',''
  ) );
#1831 = PCURVE('',#1832,#1837);
#1832 = PLANE('',#1833);
#1833 = AXIS2_PLACEMENT_3D('',#1834,#1835,#1836);
#1834 = CARTESIAN_POINT('',(-86.50000000009,26.,-5.9000001));
#1835 = DIRECTION('',(0.,1.,0.));
#1836 = DIRECTION('',(0.,0.,1.));
#1837 = DEFINITIONAL_REPRESENTATION('',(#1838),#1842);
#1838 = LINE('',#1839,#1840);
#1839 = CARTESIAN_POINT('',(20.5,47.560487802376));
#1840 = VECTOR('',#1841,1.);
#1841 = DIRECTION('',(-1.,0.));
#1842 = ( GEOMETRIC_REPRESENTATION_CONTEXT(2) 
PARAMETRIC_REPRESENTATION_CONTEXT() REPRESENTATION_CONTEXT('2D SPACE',''
  ) );
#1843 = ORIENTED_EDGE('',*,*,#1844,.F.);
#1844 = EDGE_CURVE('',#104,#1817,#1845,.T.);
#1845 = SURFACE_CURVE('',#1846,(#1851,#1858),.PCURVE_S1.);
#1846 = CIRCLE('',#1847,1.5);
#1847 = AXIS2_PLACEMENT_3D('',#1848,#1849,#1850);
#1848 = CARTESIAN_POINT('',(-38.93951219771,24.5,11.5999999));
#1849 = DIRECTION('',(0.,-0.,1.));
#1850 = DIRECTION('',(0.888981080418,0.457943925234,0.));
#1851 = PCURVE('',#119,#1852);
#1852 = DEFINITIONAL_REPRESENTATION('',(#1853),#1857);
#1853 = LINE('',#1854,#1855);
#1854 = CARTESIAN_POINT('',(-0.,3.));
#1855 = VECTOR('',#1856,1.);
#1856 = DIRECTION('',(-1.,0.));
#1857 = ( GEOMETRIC_REPRESENTATION_CONTEXT(2) 
PARAMETRIC_REPRESENTATION_CONTEXT() REPRESENTATION_CONTEXT('2D SPACE',''
  ) );
#1858 = PCURVE('',#1859,#1874);
#1859 = SURFACE_OF_REVOLUTION('',#1860,#1871);
#1860 = B_SPLINE_CURVE_WITH_KNOTS('',5,(#1861,#1862,#1863,#1864,#1865,
    #1866,#1867,#1868,#1869,#1870),.UNSPECIFIED.,.F.,.F.,(6,4,6),(0.,
    0.785398163397,1.570796326795),.UNSPECIFIED.);
#1861 = CARTESIAN_POINT('',(-37.60604057709,25.18691588785,11.5999999));
#1862 = CARTESIAN_POINT('',(-37.60604057709,25.18691588785,
    11.474336193856));
#1863 = CARTESIAN_POINT('',(-37.62797038407,25.175619109874,
    11.348670496815));
#1864 = CARTESIAN_POINT('',(-37.67186170993,25.153009218065,
    11.229474445854));
#1865 = CARTESIAN_POINT('',(-37.73534902368,25.120304776653,
    11.123172133814));
#1866 = CARTESIAN_POINT('',(-37.89333457866,25.038921126571,
    10.945456816288));
#1867 = CARTESIAN_POINT('',(-37.98783532287,24.990240628534,
    10.874040995246));
#1868 = CARTESIAN_POINT('',(-38.09379835704,24.935655521085,
    10.824668374357));
#1869 = CARTESIAN_POINT('',(-38.20551278416,24.878107678514,10.7999999)
  );
#1870 = CARTESIAN_POINT('',(-38.31722544142,24.820560747664,10.7999999)
  );
#1871 = AXIS1_PLACEMENT('',#1872,#1873);
#1872 = CARTESIAN_POINT('',(-38.93951219771,24.5,11.5999999));
#1873 = DIRECTION('',(0.,0.,-1.));
#1874 = DEFINITIONAL_REPRESENTATION('',(#1875),#1879);
#1875 = LINE('',#1876,#1877);
#1876 = CARTESIAN_POINT('',(-0.,0.));
#1877 = VECTOR('',#1878,1.);
#1878 = DIRECTION('',(-1.,0.));
#1879 = ( GEOMETRIC_REPRESENTATION_CONTEXT(2) 
PARAMETRIC_REPRESENTATION_CONTEXT() REPRESENTATION_CONTEXT('2D SPACE',''
  ) );
#1880 = ADVANCED_FACE('',(#1881),#691,.T.);
#1881 = FACE_BOUND('',#1882,.T.);
#1882 = EDGE_LOOP('',(#1883,#1884,#1912,#1941));
#1883 = ORIENTED_EDGE('',*,*,#1759,.T.);
#1884 = ORIENTED_EDGE('',*,*,#1885,.T.);
#1885 = EDGE_CURVE('',#1703,#1886,#1888,.T.);
#1886 = VERTEX_POINT('',#1887);
#1887 = CARTESIAN_POINT('',(-33.91897205303,-12.75286242499,-0.8000001)
  );
#1888 = SURFACE_CURVE('',#1889,(#1893,#1900),.PCURVE_S1.);
#1889 = LINE('',#1890,#1891);
#1890 = CARTESIAN_POINT('',(-33.91897205303,-12.75286242499,9.9999999));
#1891 = VECTOR('',#1892,1.);
#1892 = DIRECTION('',(0.,-0.,-1.));
#1893 = PCURVE('',#691,#1894);
#1894 = DEFINITIONAL_REPRESENTATION('',(#1895),#1899);
#1895 = LINE('',#1896,#1897);
#1896 = CARTESIAN_POINT('',(1.696589072546,0.));
#1897 = VECTOR('',#1898,1.);
#1898 = DIRECTION('',(0.,1.));
#1899 = ( GEOMETRIC_REPRESENTATION_CONTEXT(2) 
PARAMETRIC_REPRESENTATION_CONTEXT() REPRESENTATION_CONTEXT('2D SPACE',''
  ) );
#1900 = PCURVE('',#1901,#1906);
#1901 = PLANE('',#1902);
#1902 = AXIS2_PLACEMENT_3D('',#1903,#1904,#1905);
#1903 = CARTESIAN_POINT('',(-45.92048168791,-8.384670151637,-1.6000001)
  );
#1904 = DIRECTION('',(0.342020143326,0.939692620786,0.));
#1905 = DIRECTION('',(0.,0.,1.));
#1906 = DEFINITIONAL_REPRESENTATION('',(#1907),#1911);
#1907 = LINE('',#1908,#1909);
#1908 = CARTESIAN_POINT('',(11.6,12.771739789596));
#1909 = VECTOR('',#1910,1.);
#1910 = DIRECTION('',(-1.,0.));
#1911 = ( GEOMETRIC_REPRESENTATION_CONTEXT(2) 
PARAMETRIC_REPRESENTATION_CONTEXT() REPRESENTATION_CONTEXT('2D SPACE',''
  ) );
#1912 = ORIENTED_EDGE('',*,*,#1913,.F.);
#1913 = EDGE_CURVE('',#568,#1886,#1914,.T.);
#1914 = SURFACE_CURVE('',#1915,(#1920,#1927),.PCURVE_S1.);
#1915 = CIRCLE('',#1916,0.8);
#1916 = AXIS2_PLACEMENT_3D('',#1917,#1918,#1919);
#1917 = CARTESIAN_POINT('',(-33.64535593837,-12.00110832836,-0.8000001)
  );
#1918 = DIRECTION('',(0.,-0.,-1.));
#1919 = DIRECTION('',(0.975177934718,-0.221422662885,0.));
#1920 = PCURVE('',#691,#1921);
#1921 = DEFINITIONAL_REPRESENTATION('',(#1922),#1926);
#1922 = LINE('',#1923,#1924);
#1923 = CARTESIAN_POINT('',(0.,10.8));
#1924 = VECTOR('',#1925,1.);
#1925 = DIRECTION('',(1.,0.));
#1926 = ( GEOMETRIC_REPRESENTATION_CONTEXT(2) 
PARAMETRIC_REPRESENTATION_CONTEXT() REPRESENTATION_CONTEXT('2D SPACE',''
  ) );
#1927 = PCURVE('',#631,#1928);
#1928 = DEFINITIONAL_REPRESENTATION('',(#1929),#1940);
#1929 = B_SPLINE_CURVE_WITH_KNOTS('',9,(#1930,#1931,#1932,#1933,#1934,
    #1935,#1936,#1937,#1938,#1939),.UNSPECIFIED.,.F.,.F.,(10,10),(0.,
    1.696589072546),.PIECEWISE_BEZIER_KNOTS.);
#1930 = CARTESIAN_POINT('',(-3.330669073875E-16,175.84876519809));
#1931 = CARTESIAN_POINT('',(0.148595102949,175.8487651981));
#1932 = CARTESIAN_POINT('',(0.282960493398,175.84876519809));
#1933 = CARTESIAN_POINT('',(0.409249166471,175.8487651981));
#1934 = CARTESIAN_POINT('',(0.531078718122,175.84876519808));
#1935 = CARTESIAN_POINT('',(0.651555970023,175.8487651981));
#1936 = CARTESIAN_POINT('',(0.773385521674,175.84876519809));
#1937 = CARTESIAN_POINT('',(0.899674194747,175.8487651981));
#1938 = CARTESIAN_POINT('',(1.034039585196,175.84876519809));
#1939 = CARTESIAN_POINT('',(1.182634688145,175.84876519809));
#1940 = ( GEOMETRIC_REPRESENTATION_CONTEXT(2) 
PARAMETRIC_REPRESENTATION_CONTEXT() REPRESENTATION_CONTEXT('2D SPACE',''
  ) );
#1941 = ORIENTED_EDGE('',*,*,#675,.F.);
#1942 = ADVANCED_FACE('',(#1943),#148,.T.);
#1943 = FACE_BOUND('',#1944,.F.);
#1944 = EDGE_LOOP('',(#1945,#1975,#1976,#2000));
#1945 = ORIENTED_EDGE('',*,*,#1946,.F.);
#1946 = EDGE_CURVE('',#132,#1947,#1949,.T.);
#1947 = VERTEX_POINT('',#1948);
#1948 = CARTESIAN_POINT('',(-34.02510013571,13.565577179861,10.7999999)
  );
#1949 = SURFACE_CURVE('',#1950,(#1954,#1968),.PCURVE_S1.);
#1950 = ( BOUNDED_CURVE() B_SPLINE_CURVE(2,(#1951,#1952,#1953),
.UNSPECIFIED.,.F.,.F.) B_SPLINE_CURVE_WITH_KNOTS((3,3),(0.,
1.182634688694),.PIECEWISE_BEZIER_KNOTS.) CURVE() 
GEOMETRIC_REPRESENTATION_ITEM() RATIONAL_B_SPLINE_CURVE((1.,
0.707106781187,1.)) REPRESENTATION_ITEM('') );
#1951 = CARTESIAN_POINT('',(-33.25056286833,13.765807101335,11.5999999)
  );
#1952 = CARTESIAN_POINT('',(-33.25056286833,13.765807101335,10.7999999)
  );
#1953 = CARTESIAN_POINT('',(-34.02510013571,13.565577179861,10.7999999)
  );
#1954 = PCURVE('',#148,#1955);
#1955 = DEFINITIONAL_REPRESENTATION('',(#1956),#1967);
#1956 = B_SPLINE_CURVE_WITH_KNOTS('',9,(#1957,#1958,#1959,#1960,#1961,
    #1962,#1963,#1964,#1965,#1966),.UNSPECIFIED.,.F.,.F.,(10,10),(0.,
    1.182634688694),.PIECEWISE_BEZIER_KNOTS.);
#1957 = CARTESIAN_POINT('',(1.401877872302E-03,0.));
#1958 = CARTESIAN_POINT('',(1.401877872301E-03,0.157134840264));
#1959 = CARTESIAN_POINT('',(1.401877872302E-03,0.325774716871));
#1960 = CARTESIAN_POINT('',(1.401877872301E-03,0.504566386719));
#1961 = CARTESIAN_POINT('',(1.401877872302E-03,0.690744851727));
#1962 = CARTESIAN_POINT('',(1.401877872301E-03,0.880051475299));
#1963 = CARTESIAN_POINT('',(1.401877872302E-03,1.066229939773));
#1964 = CARTESIAN_POINT('',(1.401877872301E-03,1.245021610024));
#1965 = CARTESIAN_POINT('',(1.401877872302E-03,1.413661486531));
#1966 = CARTESIAN_POINT('',(1.401877872302E-03,1.570796326795));
#1967 = ( GEOMETRIC_REPRESENTATION_CONTEXT(2) 
PARAMETRIC_REPRESENTATION_CONTEXT() REPRESENTATION_CONTEXT('2D SPACE',''
  ) );
#1968 = PCURVE('',#234,#1969);
#1969 = DEFINITIONAL_REPRESENTATION('',(#1970),#1974);
#1970 = LINE('',#1971,#1972);
#1971 = CARTESIAN_POINT('',(0.,25.414100416039));
#1972 = VECTOR('',#1973,1.);
#1973 = DIRECTION('',(1.,0.));
#1974 = ( GEOMETRIC_REPRESENTATION_CONTEXT(2) 
PARAMETRIC_REPRESENTATION_CONTEXT() REPRESENTATION_CONTEXT('2D SPACE',''
  ) );
#1975 = ORIENTED_EDGE('',*,*,#131,.T.);
#1976 = ORIENTED_EDGE('',*,*,#1977,.T.);
#1977 = EDGE_CURVE('',#104,#1978,#1980,.T.);
#1978 = VERTEX_POINT('',#1979);
#1979 = CARTESIAN_POINT('',(-38.31722544142,24.820560747663,10.7999999)
  );
#1980 = SURFACE_CURVE('',#1981,(#1986,#1993),.PCURVE_S1.);
#1981 = CIRCLE('',#1982,0.8);
#1982 = AXIS2_PLACEMENT_3D('',#1983,#1984,#1985);
#1983 = CARTESIAN_POINT('',(-38.31722544142,24.820560747663,11.5999999)
  );
#1984 = DIRECTION('',(-0.457943925234,0.888981080418,0.));
#1985 = DIRECTION('',(0.888981080418,0.457943925234,0.));
#1986 = PCURVE('',#148,#1987);
#1987 = DEFINITIONAL_REPRESENTATION('',(#1988),#1992);
#1988 = LINE('',#1989,#1990);
#1989 = CARTESIAN_POINT('',(-0.221302001044,0.));
#1990 = VECTOR('',#1991,1.);
#1991 = DIRECTION('',(-0.,1.));
#1992 = ( GEOMETRIC_REPRESENTATION_CONTEXT(2) 
PARAMETRIC_REPRESENTATION_CONTEXT() REPRESENTATION_CONTEXT('2D SPACE',''
  ) );
#1993 = PCURVE('',#1859,#1994);
#1994 = DEFINITIONAL_REPRESENTATION('',(#1995),#1999);
#1995 = LINE('',#1996,#1997);
#1996 = CARTESIAN_POINT('',(-0.,0.));
#1997 = VECTOR('',#1998,1.);
#1998 = DIRECTION('',(-0.,1.));
#1999 = ( GEOMETRIC_REPRESENTATION_CONTEXT(2) 
PARAMETRIC_REPRESENTATION_CONTEXT() REPRESENTATION_CONTEXT('2D SPACE',''
  ) );
#2000 = ORIENTED_EDGE('',*,*,#2001,.F.);
#2001 = EDGE_CURVE('',#1947,#1978,#2002,.T.);
#2002 = SURFACE_CURVE('',#2003,(#2008,#2015),.PCURVE_S1.);
#2003 = CIRCLE('',#2004,54.2);
#2004 = AXIS2_PLACEMENT_3D('',#2005,#2006,#2007);
#2005 = CARTESIAN_POINT('',(-86.50000000009,0.,10.7999999));
#2006 = DIRECTION('',(0.,-0.,1.));
#2007 = DIRECTION('',(0.967819760603,0.251644413778,0.));
#2008 = PCURVE('',#148,#2009);
#2009 = DEFINITIONAL_REPRESENTATION('',(#2010),#2014);
#2010 = LINE('',#2011,#2012);
#2011 = CARTESIAN_POINT('',(-0.,1.570796326795));
#2012 = VECTOR('',#2013,1.);
#2013 = DIRECTION('',(-1.,0.));
#2014 = ( GEOMETRIC_REPRESENTATION_CONTEXT(2) 
PARAMETRIC_REPRESENTATION_CONTEXT() REPRESENTATION_CONTEXT('2D SPACE',''
  ) );
#2015 = PCURVE('',#2016,#2021);
#2016 = PLANE('',#2017);
#2017 = AXIS2_PLACEMENT_3D('',#2018,#2019,#2020);
#2018 = CARTESIAN_POINT('',(-45.92048168791,8.384670151637,10.7999999));
#2019 = DIRECTION('',(0.,0.,1.));
#2020 = DIRECTION('',(0.939692620786,0.342020143326,0.));
#2021 = DEFINITIONAL_REPRESENTATION('',(#2022),#2026);
#2022 = CIRCLE('',#2023,54.2);
#2023 = AXIS2_PLACEMENT_2D('',#2024,#2025);
#2024 = CARTESIAN_POINT('',(-41.,6.));
#2025 = DIRECTION('',(0.995520545757,-9.454545454545E-02));
#2026 = ( GEOMETRIC_REPRESENTATION_CONTEXT(2) 
PARAMETRIC_REPRESENTATION_CONTEXT() REPRESENTATION_CONTEXT('2D SPACE',''
  ) );
#2027 = ADVANCED_FACE('',(#2028),#631,.T.);
#2028 = FACE_BOUND('',#2029,.T.);
#2029 = EDGE_LOOP('',(#2030,#2031,#2088,#2117));
#2030 = ORIENTED_EDGE('',*,*,#1913,.T.);
#2031 = ORIENTED_EDGE('',*,*,#2032,.T.);
#2032 = EDGE_CURVE('',#1886,#2033,#2035,.T.);
#2033 = VERTEX_POINT('',#2034);
#2034 = CARTESIAN_POINT('',(-34.02510013571,-13.56557717986,-1.6000001)
  );
#2035 = SURFACE_CURVE('',#2036,(#2049,#2056),.PCURVE_S1.);
#2036 = ( BOUNDED_CURVE() B_SPLINE_CURVE(6,(#2037,#2038,#2039,#2040,
    #2041,#2042,#2043,#2044,#2045,#2046,#2047,#2048),.UNSPECIFIED.,.F.,
.F.) B_SPLINE_CURVE_WITH_KNOTS((7,5,7),(175.84876519809,176.58349121499,
177.03139988624),.UNSPECIFIED.) CURVE() GEOMETRIC_REPRESENTATION_ITEM() 
RATIONAL_B_SPLINE_CURVE((1.,1.,1.,1.,1.,1.,1.,1.,1.,1.,1.,1.)) 
REPRESENTATION_ITEM('') );
#2037 = CARTESIAN_POINT('',(-33.91897205303,-12.75286242499,-0.8000001)
  );
#2038 = CARTESIAN_POINT('',(-33.91897205303,-12.75286242499,
    -0.927503808232));
#2039 = CARTESIAN_POINT('',(-33.92161857862,-12.77787322135,
    -1.057897833672));
#2040 = CARTESIAN_POINT('',(-33.9273288133,-12.82981657284,
    -1.184711460224));
#2041 = CARTESIAN_POINT('',(-33.93625008757,-12.90834533722,
    -1.298385894049));
#2042 = CARTESIAN_POINT('',(-33.94754140662,-13.00507516849,
    -1.392375790858));
#2043 = CARTESIAN_POINT('',(-33.96978124896,-13.18240979623,
    -1.50899976138));
#2044 = CARTESIAN_POINT('',(-33.97913970979,-13.2546564244,
    -1.545186745743));
#2045 = CARTESIAN_POINT('',(-33.98936399735,-13.33007112783,
    -1.572342812788));
#2046 = CARTESIAN_POINT('',(-34.00042462306,-13.40730452794,
    -1.590548286892));
#2047 = CARTESIAN_POINT('',(-34.01232597728,-13.48572609478,-1.6000001)
  );
#2048 = CARTESIAN_POINT('',(-34.02510013571,-13.56557717986,-1.6000001)
  );
#2049 = PCURVE('',#631,#2050);
#2050 = DEFINITIONAL_REPRESENTATION('',(#2051),#2055);
#2051 = LINE('',#2052,#2053);
#2052 = CARTESIAN_POINT('',(1.182634688145,0.));
#2053 = VECTOR('',#2054,1.);
#2054 = DIRECTION('',(0.,1.));
#2055 = ( GEOMETRIC_REPRESENTATION_CONTEXT(2) 
PARAMETRIC_REPRESENTATION_CONTEXT() REPRESENTATION_CONTEXT('2D SPACE',''
  ) );
#2056 = PCURVE('',#2057,#2062);
#2057 = CYLINDRICAL_SURFACE('',#2058,0.8);
#2058 = AXIS2_PLACEMENT_3D('',#2059,#2060,#2061);
#2059 = CARTESIAN_POINT('',(-46.19409780257,-9.136424248266,-0.8000001)
  );
#2060 = DIRECTION('',(0.939692620786,-0.342020143326,0.));
#2061 = DIRECTION('',(0.342020143326,0.939692620786,0.));
#2062 = DEFINITIONAL_REPRESENTATION('',(#2063),#2087);
#2063 = B_SPLINE_CURVE_WITH_KNOTS('',8,(#2064,#2065,#2066,#2067,#2068,
    #2069,#2070,#2071,#2072,#2073,#2074,#2075,#2076,#2077,#2078,#2079,
    #2080,#2081,#2082,#2083,#2084,#2085,#2086),.UNSPECIFIED.,.F.,.F.,(9,
    7,7,9),(175.84876519809,176.44008254217,176.7357412142,
    177.03139988624),.UNSPECIFIED.);
#2064 = CARTESIAN_POINT('',(5.551115123126E-17,12.771739789596));
#2065 = CARTESIAN_POINT('',(-9.620314968303E-02,12.771739789596));
#2066 = CARTESIAN_POINT('',(-0.193664686158,12.773837672885));
#2067 = CARTESIAN_POINT('',(-0.292211931265,12.778106783469));
#2068 = CARTESIAN_POINT('',(-0.391539405815,12.784530775837));
#2069 = CARTESIAN_POINT('',(-0.491274569864,12.793006432177));
#2070 = CARTESIAN_POINT('',(-0.591043562985,12.803346479624));
#2071 = CARTESIAN_POINT('',(-0.690536944542,12.815282407471));
#2072 = CARTESIAN_POINT('',(-0.839094678674,12.835059722885));
#2073 = CARTESIAN_POINT('',(-0.888484453905,12.841961498184));
#2074 = CARTESIAN_POINT('',(-0.937872857975,12.849165415733));
#2075 = CARTESIAN_POINT('',(-0.986758266632,12.856521188786));
#2076 = CARTESIAN_POINT('',(-1.036151933812,12.864179432506));
#2077 = CARTESIAN_POINT('',(-1.085049275696,12.871914746541));
#2078 = CARTESIAN_POINT('',(-1.133874686604,12.879747063257));
#2079 = CARTESIAN_POINT('',(-1.231186589717,12.895490110984));
#2080 = CARTESIAN_POINT('',(-1.279690941626,12.903403837874));
#2081 = CARTESIAN_POINT('',(-1.328056291417,12.911315655863));
#2082 = CARTESIAN_POINT('',(-1.376331770968,12.919191090664));
#2083 = CARTESIAN_POINT('',(-1.424603046517,12.927005305664));
#2084 = CARTESIAN_POINT('',(-1.47299231865,12.934743101883));
#2085 = CARTESIAN_POINT('',(-1.52165832231,12.942398918014));
#2086 = CARTESIAN_POINT('',(-1.570796326795,12.949976830394));
#2087 = ( GEOMETRIC_REPRESENTATION_CONTEXT(2) 
PARAMETRIC_REPRESENTATION_CONTEXT() REPRESENTATION_CONTEXT('2D SPACE',''
  ) );
#2088 = ORIENTED_EDGE('',*,*,#2089,.F.);
#2089 = EDGE_CURVE('',#539,#2033,#2090,.T.);
#2090 = SURFACE_CURVE('',#2091,(#2096,#2110),.PCURVE_S1.);
#2091 = CIRCLE('',#2092,0.8);
#2092 = AXIS2_PLACEMENT_3D('',#2093,#2094,#2095);
#2093 = CARTESIAN_POINT('',(-34.02510013571,-13.56557717986,-2.4000001)
  );
#2094 = DIRECTION('',(-0.250287401842,-0.968171584214,0.));
#2095 = DIRECTION('',(0.968171584214,-0.250287401842,0.));
#2096 = PCURVE('',#631,#2097);
#2097 = DEFINITIONAL_REPRESENTATION('',(#2098),#2109);
#2098 = B_SPLINE_CURVE_WITH_KNOTS('',9,(#2099,#2100,#2101,#2102,#2103,
    #2104,#2105,#2106,#2107,#2108),.UNSPECIFIED.,.F.,.F.,(10,10),(0.,
    1.570796326795),.PIECEWISE_BEZIER_KNOTS.);
#2099 = CARTESIAN_POINT('',(0.,177.03139988624));
#2100 = CARTESIAN_POINT('',(0.145952985501,177.03139988624));
#2101 = CARTESIAN_POINT('',(0.280035635466,177.03139988625));
#2102 = CARTESIAN_POINT('',(0.407117397673,177.03139988622));
#2103 = CARTESIAN_POINT('',(0.53031957169,177.03139988626));
#2104 = CARTESIAN_POINT('',(0.652315116455,177.03139988622));
#2105 = CARTESIAN_POINT('',(0.775517290473,177.03139988625));
#2106 = CARTESIAN_POINT('',(0.902599052679,177.03139988623));
#2107 = CARTESIAN_POINT('',(1.036681702644,177.03139988624));
#2108 = CARTESIAN_POINT('',(1.182634688145,177.03139988624));
#2109 = ( GEOMETRIC_REPRESENTATION_CONTEXT(2) 
PARAMETRIC_REPRESENTATION_CONTEXT() REPRESENTATION_CONTEXT('2D SPACE',''
  ) );
#2110 = PCURVE('',#555,#2111);
#2111 = DEFINITIONAL_REPRESENTATION('',(#2112),#2116);
#2112 = LINE('',#2113,#2114);
#2113 = CARTESIAN_POINT('',(1.401877872301E-03,-0.));
#2114 = VECTOR('',#2115,1.);
#2115 = DIRECTION('',(-0.,1.));
#2116 = ( GEOMETRIC_REPRESENTATION_CONTEXT(2) 
PARAMETRIC_REPRESENTATION_CONTEXT() REPRESENTATION_CONTEXT('2D SPACE',''
  ) );
#2117 = ORIENTED_EDGE('',*,*,#567,.F.);
#2118 = ADVANCED_FACE('',(#2119),#234,.T.);
#2119 = FACE_BOUND('',#2120,.T.);
#2120 = EDGE_LOOP('',(#2121,#2152,#2207,#2208));
#2121 = ORIENTED_EDGE('',*,*,#2122,.T.);
#2122 = EDGE_CURVE('',#161,#2123,#2125,.T.);
#2123 = VERTEX_POINT('',#2124);
#2124 = CARTESIAN_POINT('',(-33.91897205303,12.752862424993,9.9999999));
#2125 = SURFACE_CURVE('',#2126,(#2131,#2145),.PCURVE_S1.);
#2126 = CIRCLE('',#2127,0.8);
#2127 = AXIS2_PLACEMENT_3D('',#2128,#2129,#2130);
#2128 = CARTESIAN_POINT('',(-33.64535593837,12.001108328364,9.9999999));
#2129 = DIRECTION('',(0.,-0.,1.));
#2130 = DIRECTION('',(0.975177934718,0.221422662885,0.));
#2131 = PCURVE('',#234,#2132);
#2132 = DEFINITIONAL_REPRESENTATION('',(#2133),#2144);
#2133 = B_SPLINE_CURVE_WITH_KNOTS('',9,(#2134,#2135,#2136,#2137,#2138,
    #2139,#2140,#2141,#2142,#2143),.UNSPECIFIED.,.F.,.F.,(10,10),(0.,
    1.696589072546),.PIECEWISE_BEZIER_KNOTS.);
#2134 = CARTESIAN_POINT('',(1.110223024625E-16,24.231465727345));
#2135 = CARTESIAN_POINT('',(0.148595103018,24.231465727345));
#2136 = CARTESIAN_POINT('',(0.282960493529,24.231465727345));
#2137 = CARTESIAN_POINT('',(0.409249166662,24.231465727344));
#2138 = CARTESIAN_POINT('',(0.531078718368,24.231465727346));
#2139 = CARTESIAN_POINT('',(0.651555970326,24.231465727344));
#2140 = CARTESIAN_POINT('',(0.773385522033,24.231465727345));
#2141 = CARTESIAN_POINT('',(0.899674195165,24.231465727345));
#2142 = CARTESIAN_POINT('',(1.034039585677,24.231465727345));
#2143 = CARTESIAN_POINT('',(1.182634688694,24.231465727345));
#2144 = ( GEOMETRIC_REPRESENTATION_CONTEXT(2) 
PARAMETRIC_REPRESENTATION_CONTEXT() REPRESENTATION_CONTEXT('2D SPACE',''
  ) );
#2145 = PCURVE('',#294,#2146);
#2146 = DEFINITIONAL_REPRESENTATION('',(#2147),#2151);
#2147 = LINE('',#2148,#2149);
#2148 = CARTESIAN_POINT('',(0.,10.8));
#2149 = VECTOR('',#2150,1.);
#2150 = DIRECTION('',(1.,0.));
#2151 = ( GEOMETRIC_REPRESENTATION_CONTEXT(2) 
PARAMETRIC_REPRESENTATION_CONTEXT() REPRESENTATION_CONTEXT('2D SPACE',''
  ) );
#2152 = ORIENTED_EDGE('',*,*,#2153,.T.);
#2153 = EDGE_CURVE('',#2123,#1947,#2154,.T.);
#2154 = SURFACE_CURVE('',#2155,(#2168,#2175),.PCURVE_S1.);
#2155 = ( BOUNDED_CURVE() B_SPLINE_CURVE(6,(#2156,#2157,#2158,#2159,
    #2160,#2161,#2162,#2163,#2164,#2165,#2166,#2167),.UNSPECIFIED.,.F.,
.F.) B_SPLINE_CURVE_WITH_KNOTS((7,5,7),(24.231465727345,24.97851675283,
25.414100416039),.UNSPECIFIED.) CURVE() GEOMETRIC_REPRESENTATION_ITEM() 
RATIONAL_B_SPLINE_CURVE((1.,1.,1.,1.,1.,1.,1.,1.,1.,1.,1.,1.)) 
REPRESENTATION_ITEM('') );
#2156 = CARTESIAN_POINT('',(-33.91897205303,12.752862424993,9.9999999));
#2157 = CARTESIAN_POINT('',(-33.91897205303,12.752862424993,
    10.129610956618));
#2158 = CARTESIAN_POINT('',(-33.92170597394,12.778706859036,
    10.262263630185));
#2159 = CARTESIAN_POINT('',(-33.92762165846,12.832459668194,
    10.39114363966));
#2160 = CARTESIAN_POINT('',(-33.93685528785,12.913700554113,
    10.50604388028));
#2161 = CARTESIAN_POINT('',(-33.94850688877,13.013317687755,
    10.600260752709));
#2162 = CARTESIAN_POINT('',(-33.97107031186,13.192329960855,
    10.713883029187));
#2163 = CARTESIAN_POINT('',(-33.98026188647,13.262915818057,
    10.748114884551));
#2164 = CARTESIAN_POINT('',(-33.99027287198,13.336408991876,
    10.773818354715));
#2165 = CARTESIAN_POINT('',(-34.00107725082,13.411600405433,
    10.79106049409));
#2166 = CARTESIAN_POINT('',(-34.0126779532,13.487926291285,10.7999999));
#2167 = CARTESIAN_POINT('',(-34.02510013571,13.565577179861,10.7999999)
  );
#2168 = PCURVE('',#234,#2169);
#2169 = DEFINITIONAL_REPRESENTATION('',(#2170),#2174);
#2170 = LINE('',#2171,#2172);
#2171 = CARTESIAN_POINT('',(1.182634688694,0.));
#2172 = VECTOR('',#2173,1.);
#2173 = DIRECTION('',(0.,1.));
#2174 = ( GEOMETRIC_REPRESENTATION_CONTEXT(2) 
PARAMETRIC_REPRESENTATION_CONTEXT() REPRESENTATION_CONTEXT('2D SPACE',''
  ) );
#2175 = PCURVE('',#2176,#2181);
#2176 = CYLINDRICAL_SURFACE('',#2177,0.8);
#2177 = AXIS2_PLACEMENT_3D('',#2178,#2179,#2180);
#2178 = CARTESIAN_POINT('',(-46.19409780257,9.136424248266,9.9999999));
#2179 = DIRECTION('',(0.939692620786,0.342020143326,0.));
#2180 = DIRECTION('',(0.342020143326,-0.939692620786,0.));
#2181 = DEFINITIONAL_REPRESENTATION('',(#2182),#2206);
#2182 = B_SPLINE_CURVE_WITH_KNOTS('',8,(#2183,#2184,#2185,#2186,#2187,
    #2188,#2189,#2190,#2191,#2192,#2193,#2194,#2195,#2196,#2197,#2198,
    #2199,#2200,#2201,#2202,#2203,#2204,#2205),.UNSPECIFIED.,.F.,.F.,(9,
    7,7,9),(24.231465727345,24.822783071692,25.118441743865,
    25.414100416039),.UNSPECIFIED.);
#2183 = CARTESIAN_POINT('',(5.551115123126E-17,12.771739789596));
#2184 = CARTESIAN_POINT('',(-9.617975778623E-02,12.771739789596));
#2185 = CARTESIAN_POINT('',(-0.193642059016,12.773836712081));
#2186 = CARTESIAN_POINT('',(-0.292205243904,12.778105621589));
#2187 = CARTESIAN_POINT('',(-0.391556785152,12.784530995063));
#2188 = CARTESIAN_POINT('',(-0.491318168208,12.793009594843));
#2189 = CARTESIAN_POINT('',(-0.59110977152,12.803353341656));
#2190 = CARTESIAN_POINT('',(-0.690615746799,12.815292187608));
#2191 = CARTESIAN_POINT('',(-0.83916547551,12.835069389947));
#2192 = CARTESIAN_POINT('',(-0.888544591891,12.841970769476));
#2193 = CARTESIAN_POINT('',(-0.937923614223,12.849168971308));
#2194 = CARTESIAN_POINT('',(-0.986811771825,12.856536465295));
#2195 = CARTESIAN_POINT('',(-1.036077345557,12.864163486851));
#2196 = CARTESIAN_POINT('',(-1.08501909819,12.871910660817));
#2197 = CARTESIAN_POINT('',(-1.133824919013,12.879739105421));
#2198 = CARTESIAN_POINT('',(-1.231135617294,12.89548203005));
#2199 = CARTESIAN_POINT('',(-1.279644653186,12.903396401147));
#2200 = CARTESIAN_POINT('',(-1.328018809763,12.91130950367));
#2201 = CARTESIAN_POINT('',(-1.376305660048,12.919186689553));
#2202 = CARTESIAN_POINT('',(-1.424588916152,12.927002840015));
#2203 = CARTESIAN_POINT('',(-1.472988429272,12.934742365564));
#2204 = CARTESIAN_POINT('',(-1.521660189695,12.942399205996));
#2205 = CARTESIAN_POINT('',(-1.570796326795,12.949976830394));
#2206 = ( GEOMETRIC_REPRESENTATION_CONTEXT(2) 
PARAMETRIC_REPRESENTATION_CONTEXT() REPRESENTATION_CONTEXT('2D SPACE',''
  ) );
#2207 = ORIENTED_EDGE('',*,*,#1946,.F.);
#2208 = ORIENTED_EDGE('',*,*,#160,.F.);
#2209 = ADVANCED_FACE('',(#2210),#555,.T.);
#2210 = FACE_BOUND('',#2211,.F.);
#2211 = EDGE_LOOP('',(#2212,#2213,#2214,#2253));
#2212 = ORIENTED_EDGE('',*,*,#2089,.F.);
#2213 = ORIENTED_EDGE('',*,*,#538,.T.);
#2214 = ORIENTED_EDGE('',*,*,#2215,.T.);
#2215 = EDGE_CURVE('',#511,#2216,#2218,.T.);
#2216 = VERTEX_POINT('',#2217);
#2217 = CARTESIAN_POINT('',(-38.31722544142,-24.82056074766,-1.6000001)
  );
#2218 = SURFACE_CURVE('',#2219,(#2224,#2231),.PCURVE_S1.);
#2219 = CIRCLE('',#2220,0.8);
#2220 = AXIS2_PLACEMENT_3D('',#2221,#2222,#2223);
#2221 = CARTESIAN_POINT('',(-38.31722544142,-24.82056074766,-2.4000001)
  );
#2222 = DIRECTION('',(-0.457943925234,-0.888981080418,0.));
#2223 = DIRECTION('',(0.888981080418,-0.457943925234,0.));
#2224 = PCURVE('',#555,#2225);
#2225 = DEFINITIONAL_REPRESENTATION('',(#2226),#2230);
#2226 = LINE('',#2227,#2228);
#2227 = CARTESIAN_POINT('',(-0.221302001044,0.));
#2228 = VECTOR('',#2229,1.);
#2229 = DIRECTION('',(-0.,1.));
#2230 = ( GEOMETRIC_REPRESENTATION_CONTEXT(2) 
PARAMETRIC_REPRESENTATION_CONTEXT() REPRESENTATION_CONTEXT('2D SPACE',''
  ) );
#2231 = PCURVE('',#2232,#2247);
#2232 = SURFACE_OF_REVOLUTION('',#2233,#2244);
#2233 = B_SPLINE_CURVE_WITH_KNOTS('',5,(#2234,#2235,#2236,#2237,#2238,
    #2239,#2240,#2241,#2242,#2243),.UNSPECIFIED.,.F.,.F.,(6,4,6),(0.,
    0.785398163397,1.570796326795),.UNSPECIFIED.);
#2234 = CARTESIAN_POINT('',(-37.60604057709,-25.18691588785,-2.4000001)
  );
#2235 = CARTESIAN_POINT('',(-37.60604057709,-25.18691588785,
    -2.274336393856));
#2236 = CARTESIAN_POINT('',(-37.62797038407,-25.17561910987,
    -2.148670696815));
#2237 = CARTESIAN_POINT('',(-37.67186170993,-25.15300921806,
    -2.029474645854));
#2238 = CARTESIAN_POINT('',(-37.73534902368,-25.12030477665,
    -1.923172333814));
#2239 = CARTESIAN_POINT('',(-37.89333457866,-25.03892112657,
    -1.745457016288));
#2240 = CARTESIAN_POINT('',(-37.98783532287,-24.99024062853,
    -1.674041195246));
#2241 = CARTESIAN_POINT('',(-38.09379835704,-24.93565552108,
    -1.624668574357));
#2242 = CARTESIAN_POINT('',(-38.20551278416,-24.87810767851,-1.6000001)
  );
#2243 = CARTESIAN_POINT('',(-38.31722544142,-24.82056074766,-1.6000001)
  );
#2244 = AXIS1_PLACEMENT('',#2245,#2246);
#2245 = CARTESIAN_POINT('',(-38.93951219771,-24.5,-2.4000001));
#2246 = DIRECTION('',(0.,0.,1.));
#2247 = DEFINITIONAL_REPRESENTATION('',(#2248),#2252);
#2248 = LINE('',#2249,#2250);
#2249 = CARTESIAN_POINT('',(2.368475785867E-15,-0.));
#2250 = VECTOR('',#2251,1.);
#2251 = DIRECTION('',(-0.,1.));
#2252 = ( GEOMETRIC_REPRESENTATION_CONTEXT(2) 
PARAMETRIC_REPRESENTATION_CONTEXT() REPRESENTATION_CONTEXT('2D SPACE',''
  ) );
#2253 = ORIENTED_EDGE('',*,*,#2254,.F.);
#2254 = EDGE_CURVE('',#2033,#2216,#2255,.T.);
#2255 = SURFACE_CURVE('',#2256,(#2261,#2268),.PCURVE_S1.);
#2256 = CIRCLE('',#2257,54.2);
#2257 = AXIS2_PLACEMENT_3D('',#2258,#2259,#2260);
#2258 = CARTESIAN_POINT('',(-86.50000000009,3.552713678801E-15,
    -1.6000001));
#2259 = DIRECTION('',(0.,-0.,-1.));
#2260 = DIRECTION('',(0.967819760603,-0.251644413778,0.));
#2261 = PCURVE('',#555,#2262);
#2262 = DEFINITIONAL_REPRESENTATION('',(#2263),#2267);
#2263 = LINE('',#2264,#2265);
#2264 = CARTESIAN_POINT('',(-0.,1.570796326795));
#2265 = VECTOR('',#2266,1.);
#2266 = DIRECTION('',(-1.,0.));
#2267 = ( GEOMETRIC_REPRESENTATION_CONTEXT(2) 
PARAMETRIC_REPRESENTATION_CONTEXT() REPRESENTATION_CONTEXT('2D SPACE',''
  ) );
#2268 = PCURVE('',#2269,#2274);
#2269 = PLANE('',#2270);
#2270 = AXIS2_PLACEMENT_3D('',#2271,#2272,#2273);
#2271 = CARTESIAN_POINT('',(-50.02472340782,-19.66098160106,-1.6000001)
  );
#2272 = DIRECTION('',(0.,0.,1.));
#2273 = DIRECTION('',(0.939692620786,-0.342020143326,0.));
#2274 = DEFINITIONAL_REPRESENTATION('',(#2275),#2283);
#2275 = ( BOUNDED_CURVE() B_SPLINE_CURVE(2,(#2276,#2277,#2278,#2279,
#2280,#2281,#2282),.UNSPECIFIED.,.T.,.F.) B_SPLINE_CURVE_WITH_KNOTS((1,2
    ,2,2,2,1),(-2.094395102393,0.,2.094395102393,4.188790204786,
6.28318530718,8.377580409573),.UNSPECIFIED.) CURVE() 
GEOMETRIC_REPRESENTATION_ITEM() RATIONAL_B_SPLINE_CURVE((1.,0.5,1.,0.5,
1.,0.5,1.)) REPRESENTATION_ITEM('') );
#2276 = CARTESIAN_POINT('',(12.957213580042,11.124363636364));
#2277 = CARTESIAN_POINT('',(21.832871754683,-82.33227171911));
#2278 = CARTESIAN_POINT('',(-63.5407777027,-43.29049949592));
#2279 = CARTESIAN_POINT('',(-148.91442716,-4.248727272727));
#2280 = CARTESIAN_POINT('',(-72.41643587734,50.166135859558));
#2281 = CARTESIAN_POINT('',(4.081555405402,104.58099899184));
#2282 = CARTESIAN_POINT('',(12.957213580042,11.124363636364));
#2283 = ( GEOMETRIC_REPRESENTATION_CONTEXT(2) 
PARAMETRIC_REPRESENTATION_CONTEXT() REPRESENTATION_CONTEXT('2D SPACE',''
  ) );
#2284 = ADVANCED_FACE('',(#2285),#294,.T.);
#2285 = FACE_BOUND('',#2286,.T.);
#2286 = EDGE_LOOP('',(#2287,#2317,#2343,#2344));
#2287 = ORIENTED_EDGE('',*,*,#2288,.T.);
#2288 = EDGE_CURVE('',#279,#2289,#2291,.T.);
#2289 = VERTEX_POINT('',#2290);
#2290 = CARTESIAN_POINT('',(-33.91897205303,12.752862424993,-0.8000001)
  );
#2291 = SURFACE_CURVE('',#2292,(#2296,#2310),.PCURVE_S1.);
#2292 = ( BOUNDED_CURVE() B_SPLINE_CURVE(2,(#2293,#2294,#2295),
.UNSPECIFIED.,.F.,.F.) B_SPLINE_CURVE_WITH_KNOTS((3,3),(0.,
1.182634688694),.PIECEWISE_BEZIER_KNOTS.) CURVE() 
GEOMETRIC_REPRESENTATION_ITEM() RATIONAL_B_SPLINE_CURVE((1.,
0.661263466928,1.)) REPRESENTATION_ITEM('') );
#2293 = CARTESIAN_POINT('',(-32.8652135906,12.178246458672,-0.8000001));
#2294 = CARTESIAN_POINT('',(-33.0661634946,13.063259355789,-0.8000001));
#2295 = CARTESIAN_POINT('',(-33.91897205303,12.752862424993,-0.8000001)
  );
#2296 = PCURVE('',#294,#2297);
#2297 = DEFINITIONAL_REPRESENTATION('',(#2298),#2309);
#2298 = B_SPLINE_CURVE_WITH_KNOTS('',9,(#2299,#2300,#2301,#2302,#2303,
    #2304,#2305,#2306,#2307,#2308),.UNSPECIFIED.,.F.,.F.,(10,10),(0.,
    1.182634688694),.PIECEWISE_BEZIER_KNOTS.);
#2299 = CARTESIAN_POINT('',(0.,0.));
#2300 = CARTESIAN_POINT('',(0.166700830174,0.));
#2301 = CARTESIAN_POINT('',(0.347516573418,0.));
#2302 = CARTESIAN_POINT('',(0.541165511564,0.));
#2303 = CARTESIAN_POINT('',(0.744444668471,0.));
#2304 = CARTESIAN_POINT('',(0.95214440447,0.));
#2305 = CARTESIAN_POINT('',(1.155423560465,0.));
#2306 = CARTESIAN_POINT('',(1.349072499301,0.));
#2307 = CARTESIAN_POINT('',(1.529888242373,0.));
#2308 = CARTESIAN_POINT('',(1.696589072546,0.));
#2309 = ( GEOMETRIC_REPRESENTATION_CONTEXT(2) 
PARAMETRIC_REPRESENTATION_CONTEXT() REPRESENTATION_CONTEXT('2D SPACE',''
  ) );
#2310 = PCURVE('',#380,#2311);
#2311 = DEFINITIONAL_REPRESENTATION('',(#2312),#2316);
#2312 = LINE('',#2313,#2314);
#2313 = CARTESIAN_POINT('',(0.,13.431465727345));
#2314 = VECTOR('',#2315,1.);
#2315 = DIRECTION('',(1.,0.));
#2316 = ( GEOMETRIC_REPRESENTATION_CONTEXT(2) 
PARAMETRIC_REPRESENTATION_CONTEXT() REPRESENTATION_CONTEXT('2D SPACE',''
  ) );
#2317 = ORIENTED_EDGE('',*,*,#2318,.T.);
#2318 = EDGE_CURVE('',#2289,#2123,#2319,.T.);
#2319 = SURFACE_CURVE('',#2320,(#2324,#2331),.PCURVE_S1.);
#2320 = LINE('',#2321,#2322);
#2321 = CARTESIAN_POINT('',(-33.91897205303,12.752862424993,-0.8000001)
  );
#2322 = VECTOR('',#2323,1.);
#2323 = DIRECTION('',(0.,0.,1.));
#2324 = PCURVE('',#294,#2325);
#2325 = DEFINITIONAL_REPRESENTATION('',(#2326),#2330);
#2326 = LINE('',#2327,#2328);
#2327 = CARTESIAN_POINT('',(1.696589072546,0.));
#2328 = VECTOR('',#2329,1.);
#2329 = DIRECTION('',(0.,1.));
#2330 = ( GEOMETRIC_REPRESENTATION_CONTEXT(2) 
PARAMETRIC_REPRESENTATION_CONTEXT() REPRESENTATION_CONTEXT('2D SPACE',''
  ) );
#2331 = PCURVE('',#2332,#2337);
#2332 = PLANE('',#2333);
#2333 = AXIS2_PLACEMENT_3D('',#2334,#2335,#2336);
#2334 = CARTESIAN_POINT('',(-45.92048168791,8.384670151637,-1.6000001));
#2335 = DIRECTION('',(-0.342020143326,0.939692620786,0.));
#2336 = DIRECTION('',(0.,0.,1.));
#2337 = DEFINITIONAL_REPRESENTATION('',(#2338),#2342);
#2338 = LINE('',#2339,#2340);
#2339 = CARTESIAN_POINT('',(0.8,12.771739789596));
#2340 = VECTOR('',#2341,1.);
#2341 = DIRECTION('',(1.,0.));
#2342 = ( GEOMETRIC_REPRESENTATION_CONTEXT(2) 
PARAMETRIC_REPRESENTATION_CONTEXT() REPRESENTATION_CONTEXT('2D SPACE',''
  ) );
#2343 = ORIENTED_EDGE('',*,*,#2122,.F.);
#2344 = ORIENTED_EDGE('',*,*,#278,.F.);
#2345 = ADVANCED_FACE('',(#2346),#526,.T.);
#2346 = FACE_BOUND('',#2347,.T.);
#2347 = EDGE_LOOP('',(#2348,#2349,#2373,#2401));
#2348 = ORIENTED_EDGE('',*,*,#510,.F.);
#2349 = ORIENTED_EDGE('',*,*,#2350,.T.);
#2350 = EDGE_CURVE('',#511,#2351,#2353,.T.);
#2351 = VERTEX_POINT('',#2352);
#2352 = CARTESIAN_POINT('',(-38.93951219771,-26.,-2.4000001));
#2353 = SURFACE_CURVE('',#2354,(#2359,#2366),.PCURVE_S1.);
#2354 = CIRCLE('',#2355,1.5);
#2355 = AXIS2_PLACEMENT_3D('',#2356,#2357,#2358);
#2356 = CARTESIAN_POINT('',(-38.93951219771,-24.5,-2.4000001));
#2357 = DIRECTION('',(0.,-0.,-1.));
#2358 = DIRECTION('',(0.888981080418,-0.457943925234,0.));
#2359 = PCURVE('',#526,#2360);
#2360 = DEFINITIONAL_REPRESENTATION('',(#2361),#2365);
#2361 = LINE('',#2362,#2363);
#2362 = CARTESIAN_POINT('',(2.368475785867E-15,17.));
#2363 = VECTOR('',#2364,1.);
#2364 = DIRECTION('',(1.,0.));
#2365 = ( GEOMETRIC_REPRESENTATION_CONTEXT(2) 
PARAMETRIC_REPRESENTATION_CONTEXT() REPRESENTATION_CONTEXT('2D SPACE',''
  ) );
#2366 = PCURVE('',#2232,#2367);
#2367 = DEFINITIONAL_REPRESENTATION('',(#2368),#2372);
#2368 = LINE('',#2369,#2370);
#2369 = CARTESIAN_POINT('',(-0.,0.));
#2370 = VECTOR('',#2371,1.);
#2371 = DIRECTION('',(-1.,0.));
#2372 = ( GEOMETRIC_REPRESENTATION_CONTEXT(2) 
PARAMETRIC_REPRESENTATION_CONTEXT() REPRESENTATION_CONTEXT('2D SPACE',''
  ) );
#2373 = ORIENTED_EDGE('',*,*,#2374,.T.);
#2374 = EDGE_CURVE('',#2351,#2375,#2377,.T.);
#2375 = VERTEX_POINT('',#2376);
#2376 = CARTESIAN_POINT('',(-38.93951219771,-26.,-4.2000001));
#2377 = SURFACE_CURVE('',#2378,(#2382,#2389),.PCURVE_S1.);
#2378 = LINE('',#2379,#2380);
#2379 = CARTESIAN_POINT('',(-38.93951219771,-26.,14.5999999));
#2380 = VECTOR('',#2381,1.);
#2381 = DIRECTION('',(0.,-0.,-1.));
#2382 = PCURVE('',#526,#2383);
#2383 = DEFINITIONAL_REPRESENTATION('',(#2384),#2388);
#2384 = LINE('',#2385,#2386);
#2385 = CARTESIAN_POINT('',(1.09511535401,0.));
#2386 = VECTOR('',#2387,1.);
#2387 = DIRECTION('',(0.,1.));
#2388 = ( GEOMETRIC_REPRESENTATION_CONTEXT(2) 
PARAMETRIC_REPRESENTATION_CONTEXT() REPRESENTATION_CONTEXT('2D SPACE',''
  ) );
#2389 = PCURVE('',#2390,#2395);
#2390 = PLANE('',#2391);
#2391 = AXIS2_PLACEMENT_3D('',#2392,#2393,#2394);
#2392 = CARTESIAN_POINT('',(-86.50000000009,-26.,-5.9000001));
#2393 = DIRECTION('',(0.,1.,0.));
#2394 = DIRECTION('',(0.,0.,1.));
#2395 = DEFINITIONAL_REPRESENTATION('',(#2396),#2400);
#2396 = LINE('',#2397,#2398);
#2397 = CARTESIAN_POINT('',(20.5,47.560487802376));
#2398 = VECTOR('',#2399,1.);
#2399 = DIRECTION('',(-1.,0.));
#2400 = ( GEOMETRIC_REPRESENTATION_CONTEXT(2) 
PARAMETRIC_REPRESENTATION_CONTEXT() REPRESENTATION_CONTEXT('2D SPACE',''
  ) );
#2401 = ORIENTED_EDGE('',*,*,#2402,.F.);
#2402 = EDGE_CURVE('',#482,#2375,#2403,.T.);
#2403 = SURFACE_CURVE('',#2404,(#2409,#2416),.PCURVE_S1.);
#2404 = CIRCLE('',#2405,1.5);
#2405 = AXIS2_PLACEMENT_3D('',#2406,#2407,#2408);
#2406 = CARTESIAN_POINT('',(-38.93951219771,-24.5,-4.2000001));
#2407 = DIRECTION('',(0.,-0.,-1.));
#2408 = DIRECTION('',(0.888981080418,-0.457943925234,0.));
#2409 = PCURVE('',#526,#2410);
#2410 = DEFINITIONAL_REPRESENTATION('',(#2411),#2415);
#2411 = LINE('',#2412,#2413);
#2412 = CARTESIAN_POINT('',(2.368475785867E-15,18.8));
#2413 = VECTOR('',#2414,1.);
#2414 = DIRECTION('',(1.,0.));
#2415 = ( GEOMETRIC_REPRESENTATION_CONTEXT(2) 
PARAMETRIC_REPRESENTATION_CONTEXT() REPRESENTATION_CONTEXT('2D SPACE',''
  ) );
#2416 = PCURVE('',#2417,#2432);
#2417 = SURFACE_OF_REVOLUTION('',#2418,#2429);
#2418 = B_SPLINE_CURVE_WITH_KNOTS('',5,(#2419,#2420,#2421,#2422,#2423,
    #2424,#2425,#2426,#2427,#2428),.UNSPECIFIED.,.F.,.F.,(6,4,6),(
    4.712388980385,5.497787143782,6.28318530718),.UNSPECIFIED.);
#2419 = CARTESIAN_POINT('',(-38.67281787359,-24.63738317757,-5.4000001)
  );
#2420 = CARTESIAN_POINT('',(-38.5052488877,-24.72370357384,-5.4000001));
#2421 = CARTESIAN_POINT('',(-38.33767724701,-24.8100253377,
    -5.362997388465));
#2422 = CARTESIAN_POINT('',(-38.17873269576,-24.89190299887,
    -5.288938457131));
#2423 = CARTESIAN_POINT('',(-38.03698157945,-24.96492374593,
    -5.181814725569));
#2424 = CARTESIAN_POINT('',(-37.80000324698,-25.08699922105,
    -4.915241749279));
#2425 = CARTESIAN_POINT('',(-37.70477227636,-25.13605588317,
    -4.755788281219));
#2426 = CARTESIAN_POINT('',(-37.63893528757,-25.16997072088,
    -4.576994204778));
#2427 = CARTESIAN_POINT('',(-37.60604057709,-25.18691588785,
    -4.388495659215));
#2428 = CARTESIAN_POINT('',(-37.60604057709,-25.18691588785,-4.2000001)
  );
#2429 = AXIS1_PLACEMENT('',#2430,#2431);
#2430 = CARTESIAN_POINT('',(-38.93951219771,-24.5,-4.2000001));
#2431 = DIRECTION('',(0.,0.,1.));
#2432 = DEFINITIONAL_REPRESENTATION('',(#2433),#2437);
#2433 = LINE('',#2434,#2435);
#2434 = CARTESIAN_POINT('',(-0.,6.28318530718));
#2435 = VECTOR('',#2436,1.);
#2436 = DIRECTION('',(-1.,0.));
#2437 = ( GEOMETRIC_REPRESENTATION_CONTEXT(2) 
PARAMETRIC_REPRESENTATION_CONTEXT() REPRESENTATION_CONTEXT('2D SPACE',''
  ) );
#2438 = ADVANCED_FACE('',(#2439),#380,.T.);
#2439 = FACE_BOUND('',#2440,.T.);
#2440 = EDGE_LOOP('',(#2441,#2472,#2527,#2528));
#2441 = ORIENTED_EDGE('',*,*,#2442,.T.);
#2442 = EDGE_CURVE('',#307,#2443,#2445,.T.);
#2443 = VERTEX_POINT('',#2444);
#2444 = CARTESIAN_POINT('',(-34.02510013571,13.565577179861,-1.6000001)
  );
#2445 = SURFACE_CURVE('',#2446,(#2451,#2465),.PCURVE_S1.);
#2446 = CIRCLE('',#2447,0.8);
#2447 = AXIS2_PLACEMENT_3D('',#2448,#2449,#2450);
#2448 = CARTESIAN_POINT('',(-34.02510013571,13.565577179861,-2.4000001)
  );
#2449 = DIRECTION('',(0.250287401842,-0.968171584214,0.));
#2450 = DIRECTION('',(0.968171584214,0.250287401842,0.));
#2451 = PCURVE('',#380,#2452);
#2452 = DEFINITIONAL_REPRESENTATION('',(#2453),#2464);
#2453 = B_SPLINE_CURVE_WITH_KNOTS('',9,(#2454,#2455,#2456,#2457,#2458,
    #2459,#2460,#2461,#2462,#2463),.UNSPECIFIED.,.F.,.F.,(10,10),(0.,
    1.570796326795),.PIECEWISE_BEZIER_KNOTS.);
#2454 = CARTESIAN_POINT('',(1.110223024625E-16,12.248831038651));
#2455 = CARTESIAN_POINT('',(0.145952985569,12.248831038651));
#2456 = CARTESIAN_POINT('',(0.280035635596,12.248831038651));
#2457 = CARTESIAN_POINT('',(0.407117397862,12.24883103865));
#2458 = CARTESIAN_POINT('',(0.530319571935,12.248831038651));
#2459 = CARTESIAN_POINT('',(0.652315116759,12.24883103865));
#2460 = CARTESIAN_POINT('',(0.775517290832,12.248831038651));
#2461 = CARTESIAN_POINT('',(0.902599053098,12.248831038651));
#2462 = CARTESIAN_POINT('',(1.036681703125,12.248831038651));
#2463 = CARTESIAN_POINT('',(1.182634688694,12.248831038651));
#2464 = ( GEOMETRIC_REPRESENTATION_CONTEXT(2) 
PARAMETRIC_REPRESENTATION_CONTEXT() REPRESENTATION_CONTEXT('2D SPACE',''
  ) );
#2465 = PCURVE('',#441,#2466);
#2466 = DEFINITIONAL_REPRESENTATION('',(#2467),#2471);
#2467 = LINE('',#2468,#2469);
#2468 = CARTESIAN_POINT('',(-0.222703878916,0.));
#2469 = VECTOR('',#2470,1.);
#2470 = DIRECTION('',(-0.,1.));
#2471 = ( GEOMETRIC_REPRESENTATION_CONTEXT(2) 
PARAMETRIC_REPRESENTATION_CONTEXT() REPRESENTATION_CONTEXT('2D SPACE',''
  ) );
#2472 = ORIENTED_EDGE('',*,*,#2473,.T.);
#2473 = EDGE_CURVE('',#2443,#2289,#2474,.T.);
#2474 = SURFACE_CURVE('',#2475,(#2488,#2495),.PCURVE_S1.);
#2475 = ( BOUNDED_CURVE() B_SPLINE_CURVE(6,(#2476,#2477,#2478,#2479,
    #2480,#2481,#2482,#2483,#2484,#2485,#2486,#2487),.UNSPECIFIED.,.F.,
.F.) B_SPLINE_CURVE_WITH_KNOTS((7,5,7),(12.248831038651,12.68441470186,
13.431465727345),.UNSPECIFIED.) CURVE() GEOMETRIC_REPRESENTATION_ITEM() 
RATIONAL_B_SPLINE_CURVE((1.,1.,1.,1.,1.,1.,1.,1.,1.,1.,1.,1.)) 
REPRESENTATION_ITEM('') );
#2476 = CARTESIAN_POINT('',(-34.02510013571,13.565577179861,-1.6000001)
  );
#2477 = CARTESIAN_POINT('',(-34.0126779532,13.487926291285,-1.6000001));
#2478 = CARTESIAN_POINT('',(-34.00107725082,13.411600405433,
    -1.59106069409));
#2479 = CARTESIAN_POINT('',(-33.99027287198,13.336408991876,
    -1.573818554715));
#2480 = CARTESIAN_POINT('',(-33.98026188647,13.262915818057,
    -1.548115084551));
#2481 = CARTESIAN_POINT('',(-33.97107031186,13.192329960855,
    -1.513883229187));
#2482 = CARTESIAN_POINT('',(-33.94850688877,13.013317687755,
    -1.400260952709));
#2483 = CARTESIAN_POINT('',(-33.93685528785,12.913700554113,
    -1.30604408028));
#2484 = CARTESIAN_POINT('',(-33.92762165846,12.832459668194,
    -1.19114383966));
#2485 = CARTESIAN_POINT('',(-33.92170597394,12.778706859036,
    -1.062263830185));
#2486 = CARTESIAN_POINT('',(-33.91897205303,12.752862424993,
    -0.929611156618));
#2487 = CARTESIAN_POINT('',(-33.91897205303,12.752862424993,-0.8000001)
  );
#2488 = PCURVE('',#380,#2489);
#2489 = DEFINITIONAL_REPRESENTATION('',(#2490),#2494);
#2490 = LINE('',#2491,#2492);
#2491 = CARTESIAN_POINT('',(1.182634688694,0.));
#2492 = VECTOR('',#2493,1.);
#2493 = DIRECTION('',(0.,1.));
#2494 = ( GEOMETRIC_REPRESENTATION_CONTEXT(2) 
PARAMETRIC_REPRESENTATION_CONTEXT() REPRESENTATION_CONTEXT('2D SPACE',''
  ) );
#2495 = PCURVE('',#2496,#2501);
#2496 = CYLINDRICAL_SURFACE('',#2497,0.8);
#2497 = AXIS2_PLACEMENT_3D('',#2498,#2499,#2500);
#2498 = CARTESIAN_POINT('',(-46.19409780257,9.136424248266,-0.8000001));
#2499 = DIRECTION('',(0.939692620786,0.342020143326,0.));
#2500 = DIRECTION('',(0.342020143326,-0.939692620786,0.));
#2501 = DEFINITIONAL_REPRESENTATION('',(#2502),#2526);
#2502 = B_SPLINE_CURVE_WITH_KNOTS('',8,(#2503,#2504,#2505,#2506,#2507,
    #2508,#2509,#2510,#2511,#2512,#2513,#2514,#2515,#2516,#2517,#2518,
    #2519,#2520,#2521,#2522,#2523,#2524,#2525),.UNSPECIFIED.,.F.,.F.,(9,
    7,7,9),(12.248831038651,12.544489710824,12.840148382998,
    13.431465727345),.UNSPECIFIED.);
#2503 = CARTESIAN_POINT('',(1.570796326795,12.949976830394));
#2504 = CARTESIAN_POINT('',(1.521660189695,12.942399205996));
#2505 = CARTESIAN_POINT('',(1.472988429272,12.934742365564));
#2506 = CARTESIAN_POINT('',(1.424588916152,12.927002840016));
#2507 = CARTESIAN_POINT('',(1.376305660048,12.919186689552));
#2508 = CARTESIAN_POINT('',(1.328018809763,12.911309503671));
#2509 = CARTESIAN_POINT('',(1.279644653185,12.903396401146));
#2510 = CARTESIAN_POINT('',(1.231135617294,12.89548203005));
#2511 = CARTESIAN_POINT('',(1.133824919013,12.879739105421));
#2512 = CARTESIAN_POINT('',(1.085019098189,12.871910660817));
#2513 = CARTESIAN_POINT('',(1.036077345557,12.864163486851));
#2514 = CARTESIAN_POINT('',(0.986811771825,12.856536465295));
#2515 = CARTESIAN_POINT('',(0.937923614223,12.849168971308));
#2516 = CARTESIAN_POINT('',(0.88854459189,12.841970769476));
#2517 = CARTESIAN_POINT('',(0.83916547551,12.835069389947));
#2518 = CARTESIAN_POINT('',(0.690615746799,12.815292187608));
#2519 = CARTESIAN_POINT('',(0.59110977152,12.803353341656));
#2520 = CARTESIAN_POINT('',(0.491318168207,12.793009594843));
#2521 = CARTESIAN_POINT('',(0.391556785152,12.784530995062));
#2522 = CARTESIAN_POINT('',(0.292205243904,12.778105621589));
#2523 = CARTESIAN_POINT('',(0.193642059016,12.773836712081));
#2524 = CARTESIAN_POINT('',(9.617975778626E-02,12.771739789596));
#2525 = CARTESIAN_POINT('',(5.551115123126E-17,12.771739789596));
#2526 = ( GEOMETRIC_REPRESENTATION_CONTEXT(2) 
PARAMETRIC_REPRESENTATION_CONTEXT() REPRESENTATION_CONTEXT('2D SPACE',''
  ) );
#2527 = ORIENTED_EDGE('',*,*,#2288,.F.);
#2528 = ORIENTED_EDGE('',*,*,#306,.F.);
#2529 = ADVANCED_FACE('',(#2530),#498,.T.);
#2530 = FACE_BOUND('',#2531,.F.);
#2531 = EDGE_LOOP('',(#2532,#2571,#2604,#2626));
#2532 = ORIENTED_EDGE('',*,*,#2533,.F.);
#2533 = EDGE_CURVE('',#2534,#454,#2536,.T.);
#2534 = VERTEX_POINT('',#2535);
#2535 = CARTESIAN_POINT('',(-38.67281787359,24.63738317757,-5.4000001));
#2536 = SURFACE_CURVE('',#2537,(#2542,#2549),.PCURVE_S1.);
#2537 = CIRCLE('',#2538,1.2);
#2538 = AXIS2_PLACEMENT_3D('',#2539,#2540,#2541);
#2539 = CARTESIAN_POINT('',(-38.67281787359,24.63738317757,-4.2000001));
#2540 = DIRECTION('',(0.457943925234,-0.888981080418,0.));
#2541 = DIRECTION('',(0.888981080418,0.457943925234,0.));
#2542 = PCURVE('',#498,#2543);
#2543 = DEFINITIONAL_REPRESENTATION('',(#2544),#2548);
#2544 = LINE('',#2545,#2546);
#2545 = CARTESIAN_POINT('',(-0.,0.));
#2546 = VECTOR('',#2547,1.);
#2547 = DIRECTION('',(-0.,1.));
#2548 = ( GEOMETRIC_REPRESENTATION_CONTEXT(2) 
PARAMETRIC_REPRESENTATION_CONTEXT() REPRESENTATION_CONTEXT('2D SPACE',''
  ) );
#2549 = PCURVE('',#2550,#2565);
#2550 = SURFACE_OF_REVOLUTION('',#2551,#2562);
#2551 = B_SPLINE_CURVE_WITH_KNOTS('',5,(#2552,#2553,#2554,#2555,#2556,
    #2557,#2558,#2559,#2560,#2561),.UNSPECIFIED.,.F.,.F.,(6,4,6),(
    4.712388980385,5.497787143782,6.28318530718),.UNSPECIFIED.);
#2552 = CARTESIAN_POINT('',(-38.93951219771,24.8,-5.4000001));
#2553 = CARTESIAN_POINT('',(-38.93951219771,24.988495559215,-5.4000001)
  );
#2554 = CARTESIAN_POINT('',(-38.93951219771,25.176994104778,
    -5.362997388465));
#2555 = CARTESIAN_POINT('',(-38.93951219771,25.355788181219,
    -5.288938457131));
#2556 = CARTESIAN_POINT('',(-38.93951219771,25.515241649279,
    -5.181814725569));
#2557 = CARTESIAN_POINT('',(-38.93951219771,25.781814625569,
    -4.915241749279));
#2558 = CARTESIAN_POINT('',(-38.93951219771,25.888938357131,
    -4.755788281219));
#2559 = CARTESIAN_POINT('',(-38.93951219771,25.962997288465,
    -4.576994204778));
#2560 = CARTESIAN_POINT('',(-38.93951219771,26.,-4.388495659215));
#2561 = CARTESIAN_POINT('',(-38.93951219771,26.,-4.2000001));
#2562 = AXIS1_PLACEMENT('',#2563,#2564);
#2563 = CARTESIAN_POINT('',(-38.93951219771,24.5,-4.2000001));
#2564 = DIRECTION('',(0.,0.,1.));
#2565 = DEFINITIONAL_REPRESENTATION('',(#2566),#2570);
#2566 = LINE('',#2567,#2568);
#2567 = CARTESIAN_POINT('',(-1.09511535401,0.));
#2568 = VECTOR('',#2569,1.);
#2569 = DIRECTION('',(-0.,1.));
#2570 = ( GEOMETRIC_REPRESENTATION_CONTEXT(2) 
PARAMETRIC_REPRESENTATION_CONTEXT() REPRESENTATION_CONTEXT('2D SPACE',''
  ) );
#2571 = ORIENTED_EDGE('',*,*,#2572,.T.);
#2572 = EDGE_CURVE('',#2534,#2573,#2575,.T.);
#2573 = VERTEX_POINT('',#2574);
#2574 = CARTESIAN_POINT('',(-38.67281787359,-24.63738317757,-5.4000001)
  );
#2575 = SURFACE_CURVE('',#2576,(#2581,#2588),.PCURVE_S1.);
#2576 = CIRCLE('',#2577,53.8);
#2577 = AXIS2_PLACEMENT_3D('',#2578,#2579,#2580);
#2578 = CARTESIAN_POINT('',(-86.50000000009,0.,-5.4000001));
#2579 = DIRECTION('',(0.,0.,-1.));
#2580 = DIRECTION('',(0.888981080418,0.457943925234,0.));
#2581 = PCURVE('',#498,#2582);
#2582 = DEFINITIONAL_REPRESENTATION('',(#2583),#2587);
#2583 = LINE('',#2584,#2585);
#2584 = CARTESIAN_POINT('',(-0.,4.712388980385));
#2585 = VECTOR('',#2586,1.);
#2586 = DIRECTION('',(-1.,0.));
#2587 = ( GEOMETRIC_REPRESENTATION_CONTEXT(2) 
PARAMETRIC_REPRESENTATION_CONTEXT() REPRESENTATION_CONTEXT('2D SPACE',''
  ) );
#2588 = PCURVE('',#2589,#2594);
#2589 = PLANE('',#2590);
#2590 = AXIS2_PLACEMENT_3D('',#2591,#2592,#2593);
#2591 = CARTESIAN_POINT('',(-86.50000000009,9.372203282004E-16,
    -5.4000001));
#2592 = DIRECTION('',(0.,0.,1.));
#2593 = DIRECTION('',(1.,0.,0.));
#2594 = DEFINITIONAL_REPRESENTATION('',(#2595),#2603);
#2595 = ( BOUNDED_CURVE() B_SPLINE_CURVE(2,(#2596,#2597,#2598,#2599,
#2600,#2601,#2602),.UNSPECIFIED.,.T.,.F.) B_SPLINE_CURVE_WITH_KNOTS((1,2
    ,2,2,2,1),(-2.094395102393,0.,2.094395102393,4.188790204786,
6.28318530718,8.377580409573),.UNSPECIFIED.) CURVE() 
GEOMETRIC_REPRESENTATION_ITEM() RATIONAL_B_SPLINE_CURVE((1.,0.5,1.,0.5,
1.,0.5,1.)) REPRESENTATION_ITEM('') );
#2596 = CARTESIAN_POINT('',(47.827182126502,24.63738317757));
#2597 = CARTESIAN_POINT('',(90.500381555596,-58.20172624838));
#2598 = CARTESIAN_POINT('',(-2.576991348704,-53.73824630176));
#2599 = CARTESIAN_POINT('',(-95.654364253,-49.27476635514));
#2600 = CARTESIAN_POINT('',(-45.25019077779,29.100863124191));
#2601 = CARTESIAN_POINT('',(5.153982697408,107.47649260352));
#2602 = CARTESIAN_POINT('',(47.827182126502,24.63738317757));
#2603 = ( GEOMETRIC_REPRESENTATION_CONTEXT(2) 
PARAMETRIC_REPRESENTATION_CONTEXT() REPRESENTATION_CONTEXT('2D SPACE',''
  ) );
#2604 = ORIENTED_EDGE('',*,*,#2605,.T.);
#2605 = EDGE_CURVE('',#2573,#482,#2606,.T.);
#2606 = SURFACE_CURVE('',#2607,(#2612,#2619),.PCURVE_S1.);
#2607 = CIRCLE('',#2608,1.2);
#2608 = AXIS2_PLACEMENT_3D('',#2609,#2610,#2611);
#2609 = CARTESIAN_POINT('',(-38.67281787359,-24.63738317757,-4.2000001)
  );
#2610 = DIRECTION('',(-0.457943925234,-0.888981080418,0.));
#2611 = DIRECTION('',(0.888981080418,-0.457943925234,0.));
#2612 = PCURVE('',#498,#2613);
#2613 = DEFINITIONAL_REPRESENTATION('',(#2614),#2618);
#2614 = LINE('',#2615,#2616);
#2615 = CARTESIAN_POINT('',(-0.951361945569,0.));
#2616 = VECTOR('',#2617,1.);
#2617 = DIRECTION('',(-0.,1.));
#2618 = ( GEOMETRIC_REPRESENTATION_CONTEXT(2) 
PARAMETRIC_REPRESENTATION_CONTEXT() REPRESENTATION_CONTEXT('2D SPACE',''
  ) );
#2619 = PCURVE('',#2417,#2620);
#2620 = DEFINITIONAL_REPRESENTATION('',(#2621),#2625);
#2621 = LINE('',#2622,#2623);
#2622 = CARTESIAN_POINT('',(2.368475785867E-15,-0.));
#2623 = VECTOR('',#2624,1.);
#2624 = DIRECTION('',(-0.,1.));
#2625 = ( GEOMETRIC_REPRESENTATION_CONTEXT(2) 
PARAMETRIC_REPRESENTATION_CONTEXT() REPRESENTATION_CONTEXT('2D SPACE',''
  ) );
#2626 = ORIENTED_EDGE('',*,*,#481,.F.);
#2627 = ADVANCED_FACE('',(#2628),#441,.T.);
#2628 = FACE_BOUND('',#2629,.F.);
#2629 = EDGE_LOOP('',(#2630,#2669,#2670,#2671));
#2630 = ORIENTED_EDGE('',*,*,#2631,.F.);
#2631 = EDGE_CURVE('',#425,#2632,#2634,.T.);
#2632 = VERTEX_POINT('',#2633);
#2633 = CARTESIAN_POINT('',(-38.31722544142,24.820560747663,-1.6000001)
  );
#2634 = SURFACE_CURVE('',#2635,(#2640,#2647),.PCURVE_S1.);
#2635 = CIRCLE('',#2636,0.8);
#2636 = AXIS2_PLACEMENT_3D('',#2637,#2638,#2639);
#2637 = CARTESIAN_POINT('',(-38.31722544142,24.820560747663,-2.4000001)
  );
#2638 = DIRECTION('',(0.457943925234,-0.888981080418,0.));
#2639 = DIRECTION('',(0.888981080418,0.457943925234,0.));
#2640 = PCURVE('',#441,#2641);
#2641 = DEFINITIONAL_REPRESENTATION('',(#2642),#2646);
#2642 = LINE('',#2643,#2644);
#2643 = CARTESIAN_POINT('',(-0.,0.));
#2644 = VECTOR('',#2645,1.);
#2645 = DIRECTION('',(-0.,1.));
#2646 = ( GEOMETRIC_REPRESENTATION_CONTEXT(2) 
PARAMETRIC_REPRESENTATION_CONTEXT() REPRESENTATION_CONTEXT('2D SPACE',''
  ) );
#2647 = PCURVE('',#2648,#2663);
#2648 = SURFACE_OF_REVOLUTION('',#2649,#2660);
#2649 = B_SPLINE_CURVE_WITH_KNOTS('',5,(#2650,#2651,#2652,#2653,#2654,
    #2655,#2656,#2657,#2658,#2659),.UNSPECIFIED.,.F.,.F.,(6,4,6),(0.,
    0.785398163397,1.570796326795),.UNSPECIFIED.);
#2650 = CARTESIAN_POINT('',(-38.93951219771,26.,-2.4000001));
#2651 = CARTESIAN_POINT('',(-38.93951219771,26.,-2.274336393856));
#2652 = CARTESIAN_POINT('',(-38.93951219771,25.975331525643,
    -2.148670696815));
#2653 = CARTESIAN_POINT('',(-38.93951219771,25.925958904754,
    -2.029474645854));
#2654 = CARTESIAN_POINT('',(-38.93951219771,25.854543083712,
    -1.923172333814));
#2655 = CARTESIAN_POINT('',(-38.93951219771,25.676827766186,
    -1.745457016288));
#2656 = CARTESIAN_POINT('',(-38.93951219771,25.570525454146,
    -1.674041195246));
#2657 = CARTESIAN_POINT('',(-38.93951219771,25.451329403185,
    -1.624668574357));
#2658 = CARTESIAN_POINT('',(-38.93951219771,25.325663706144,-1.6000001)
  );
#2659 = CARTESIAN_POINT('',(-38.93951219771,25.2,-1.6000001));
#2660 = AXIS1_PLACEMENT('',#2661,#2662);
#2661 = CARTESIAN_POINT('',(-38.93951219771,24.5,-2.4000001));
#2662 = DIRECTION('',(0.,0.,1.));
#2663 = DEFINITIONAL_REPRESENTATION('',(#2664),#2668);
#2664 = LINE('',#2665,#2666);
#2665 = CARTESIAN_POINT('',(-1.09511535401,0.));
#2666 = VECTOR('',#2667,1.);
#2667 = DIRECTION('',(-0.,1.));
#2668 = ( GEOMETRIC_REPRESENTATION_CONTEXT(2) 
PARAMETRIC_REPRESENTATION_CONTEXT() REPRESENTATION_CONTEXT('2D SPACE',''
  ) );
#2669 = ORIENTED_EDGE('',*,*,#424,.T.);
#2670 = ORIENTED_EDGE('',*,*,#2442,.T.);
#2671 = ORIENTED_EDGE('',*,*,#2672,.F.);
#2672 = EDGE_CURVE('',#2632,#2443,#2673,.T.);
#2673 = SURFACE_CURVE('',#2674,(#2679,#2686),.PCURVE_S1.);
#2674 = CIRCLE('',#2675,54.2);
#2675 = AXIS2_PLACEMENT_3D('',#2676,#2677,#2678);
#2676 = CARTESIAN_POINT('',(-86.50000000009,0.,-1.6000001));
#2677 = DIRECTION('',(0.,0.,-1.));
#2678 = DIRECTION('',(0.888981080418,0.457943925234,0.));
#2679 = PCURVE('',#441,#2680);
#2680 = DEFINITIONAL_REPRESENTATION('',(#2681),#2685);
#2681 = LINE('',#2682,#2683);
#2682 = CARTESIAN_POINT('',(-0.,1.570796326795));
#2683 = VECTOR('',#2684,1.);
#2684 = DIRECTION('',(-1.,0.));
#2685 = ( GEOMETRIC_REPRESENTATION_CONTEXT(2) 
PARAMETRIC_REPRESENTATION_CONTEXT() REPRESENTATION_CONTEXT('2D SPACE',''
  ) );
#2686 = PCURVE('',#2687,#2692);
#2687 = PLANE('',#2688);
#2688 = AXIS2_PLACEMENT_3D('',#2689,#2690,#2691);
#2689 = CARTESIAN_POINT('',(-45.92048168791,8.384670151637,-1.6000001));
#2690 = DIRECTION('',(0.,0.,1.));
#2691 = DIRECTION('',(0.939692620786,0.342020143326,0.));
#2692 = DEFINITIONAL_REPRESENTATION('',(#2693),#2701);
#2693 = ( BOUNDED_CURVE() B_SPLINE_CURVE(2,(#2694,#2695,#2696,#2697,
#2698,#2699,#2700),.UNSPECIFIED.,.T.,.F.) B_SPLINE_CURVE_WITH_KNOTS((1,2
    ,2,2,2,1),(-2.094395102393,0.,2.094395102393,4.188790204786,
6.28318530718,8.377580409573),.UNSPECIFIED.) CURVE() 
GEOMETRIC_REPRESENTATION_ITEM() RATIONAL_B_SPLINE_CURVE((1.,0.5,1.,0.5,
1.,0.5,1.)) REPRESENTATION_ITEM('') );
#2694 = CARTESIAN_POINT('',(12.766129446112,12.844218317963));
#2695 = CARTESIAN_POINT('',(24.620663310918,-80.28144960902));
#2696 = CARTESIAN_POINT('',(-61.95579779065,-43.98494312247));
#2697 = CARTESIAN_POINT('',(-148.5322588922,-7.688436635927));
#2698 = CARTESIAN_POINT('',(-73.81033165545,49.140724804514));
#2699 = CARTESIAN_POINT('',(0.911595581306,105.96988624495));
#2700 = CARTESIAN_POINT('',(12.766129446112,12.844218317963));
#2701 = ( GEOMETRIC_REPRESENTATION_CONTEXT(2) 
PARAMETRIC_REPRESENTATION_CONTEXT() REPRESENTATION_CONTEXT('2D SPACE',''
  ) );
#2702 = ADVANCED_FACE('',(#2703),#469,.T.);
#2703 = FACE_BOUND('',#2704,.F.);
#2704 = EDGE_LOOP('',(#2705,#2706,#2730,#2758));
#2705 = ORIENTED_EDGE('',*,*,#453,.F.);
#2706 = ORIENTED_EDGE('',*,*,#2707,.F.);
#2707 = EDGE_CURVE('',#2708,#425,#2710,.T.);
#2708 = VERTEX_POINT('',#2709);
#2709 = CARTESIAN_POINT('',(-38.93951219771,26.,-2.4000001));
#2710 = SURFACE_CURVE('',#2711,(#2716,#2723),.PCURVE_S1.);
#2711 = CIRCLE('',#2712,1.5);
#2712 = AXIS2_PLACEMENT_3D('',#2713,#2714,#2715);
#2713 = CARTESIAN_POINT('',(-38.93951219771,24.5,-2.4000001));
#2714 = DIRECTION('',(0.,0.,-1.));
#2715 = DIRECTION('',(0.,1.,0.));
#2716 = PCURVE('',#469,#2717);
#2717 = DEFINITIONAL_REPRESENTATION('',(#2718),#2722);
#2718 = LINE('',#2719,#2720);
#2719 = CARTESIAN_POINT('',(-1.09511535401,17.));
#2720 = VECTOR('',#2721,1.);
#2721 = DIRECTION('',(1.,-0.));
#2722 = ( GEOMETRIC_REPRESENTATION_CONTEXT(2) 
PARAMETRIC_REPRESENTATION_CONTEXT() REPRESENTATION_CONTEXT('2D SPACE',''
  ) );
#2723 = PCURVE('',#2648,#2724);
#2724 = DEFINITIONAL_REPRESENTATION('',(#2725),#2729);
#2725 = LINE('',#2726,#2727);
#2726 = CARTESIAN_POINT('',(-0.,0.));
#2727 = VECTOR('',#2728,1.);
#2728 = DIRECTION('',(-1.,0.));
#2729 = ( GEOMETRIC_REPRESENTATION_CONTEXT(2) 
PARAMETRIC_REPRESENTATION_CONTEXT() REPRESENTATION_CONTEXT('2D SPACE',''
  ) );
#2730 = ORIENTED_EDGE('',*,*,#2731,.T.);
#2731 = EDGE_CURVE('',#2708,#2732,#2734,.T.);
#2732 = VERTEX_POINT('',#2733);
#2733 = CARTESIAN_POINT('',(-38.93951219771,26.,-4.2000001));
#2734 = SURFACE_CURVE('',#2735,(#2739,#2746),.PCURVE_S1.);
#2735 = LINE('',#2736,#2737);
#2736 = CARTESIAN_POINT('',(-38.93951219771,26.,14.5999999));
#2737 = VECTOR('',#2738,1.);
#2738 = DIRECTION('',(0.,-0.,-1.));
#2739 = PCURVE('',#469,#2740);
#2740 = DEFINITIONAL_REPRESENTATION('',(#2741),#2745);
#2741 = LINE('',#2742,#2743);
#2742 = CARTESIAN_POINT('',(-1.09511535401,0.));
#2743 = VECTOR('',#2744,1.);
#2744 = DIRECTION('',(-0.,1.));
#2745 = ( GEOMETRIC_REPRESENTATION_CONTEXT(2) 
PARAMETRIC_REPRESENTATION_CONTEXT() REPRESENTATION_CONTEXT('2D SPACE',''
  ) );
#2746 = PCURVE('',#2747,#2752);
#2747 = PLANE('',#2748);
#2748 = AXIS2_PLACEMENT_3D('',#2749,#2750,#2751);
#2749 = CARTESIAN_POINT('',(-86.50000000009,26.,-5.9000001));
#2750 = DIRECTION('',(0.,1.,0.));
#2751 = DIRECTION('',(0.,0.,1.));
#2752 = DEFINITIONAL_REPRESENTATION('',(#2753),#2757);
#2753 = LINE('',#2754,#2755);
#2754 = CARTESIAN_POINT('',(20.5,47.560487802376));
#2755 = VECTOR('',#2756,1.);
#2756 = DIRECTION('',(-1.,0.));
#2757 = ( GEOMETRIC_REPRESENTATION_CONTEXT(2) 
PARAMETRIC_REPRESENTATION_CONTEXT() REPRESENTATION_CONTEXT('2D SPACE',''
  ) );
#2758 = ORIENTED_EDGE('',*,*,#2759,.T.);
#2759 = EDGE_CURVE('',#2732,#454,#2760,.T.);
#2760 = SURFACE_CURVE('',#2761,(#2766,#2773),.PCURVE_S1.);
#2761 = CIRCLE('',#2762,1.5);
#2762 = AXIS2_PLACEMENT_3D('',#2763,#2764,#2765);
#2763 = CARTESIAN_POINT('',(-38.93951219771,24.5,-4.2000001));
#2764 = DIRECTION('',(0.,0.,-1.));
#2765 = DIRECTION('',(0.,1.,0.));
#2766 = PCURVE('',#469,#2767);
#2767 = DEFINITIONAL_REPRESENTATION('',(#2768),#2772);
#2768 = LINE('',#2769,#2770);
#2769 = CARTESIAN_POINT('',(-1.09511535401,18.8));
#2770 = VECTOR('',#2771,1.);
#2771 = DIRECTION('',(1.,-0.));
#2772 = ( GEOMETRIC_REPRESENTATION_CONTEXT(2) 
PARAMETRIC_REPRESENTATION_CONTEXT() REPRESENTATION_CONTEXT('2D SPACE',''
  ) );
#2773 = PCURVE('',#2550,#2774);
#2774 = DEFINITIONAL_REPRESENTATION('',(#2775),#2779);
#2775 = LINE('',#2776,#2777);
#2776 = CARTESIAN_POINT('',(-0.,6.28318530718));
#2777 = VECTOR('',#2778,1.);
#2778 = DIRECTION('',(-1.,0.));
#2779 = ( GEOMETRIC_REPRESENTATION_CONTEXT(2) 
PARAMETRIC_REPRESENTATION_CONTEXT() REPRESENTATION_CONTEXT('2D SPACE',''
  ) );
#2780 = ADVANCED_FACE('',(#2781),#859,.T.);
#2781 = FACE_BOUND('',#2782,.F.);
#2782 = EDGE_LOOP('',(#2783,#2814,#2815,#2846));
#2783 = ORIENTED_EDGE('',*,*,#2784,.F.);
#2784 = EDGE_CURVE('',#841,#2785,#2787,.T.);
#2785 = VERTEX_POINT('',#2786);
#2786 = CARTESIAN_POINT('',(-32.5500231697,5.2,-1.6000001));
#2787 = SURFACE_CURVE('',#2788,(#2793,#2800),.PCURVE_S1.);
#2788 = CIRCLE('',#2789,0.8);
#2789 = AXIS2_PLACEMENT_3D('',#2790,#2791,#2792);
#2790 = CARTESIAN_POINT('',(-32.5500231697,5.2,-2.4000001));
#2791 = DIRECTION('',(9.594095940959E-02,-0.995387026391,0.));
#2792 = DIRECTION('',(0.995387026391,9.594095940959E-02,0.));
#2793 = PCURVE('',#859,#2794);
#2794 = DEFINITIONAL_REPRESENTATION('',(#2795),#2799);
#2795 = LINE('',#2796,#2797);
#2796 = CARTESIAN_POINT('',(1.401877872299E-03,-0.));
#2797 = VECTOR('',#2798,1.);
#2798 = DIRECTION('',(-0.,1.));
#2799 = ( GEOMETRIC_REPRESENTATION_CONTEXT(2) 
PARAMETRIC_REPRESENTATION_CONTEXT() REPRESENTATION_CONTEXT('2D SPACE',''
  ) );
#2800 = PCURVE('',#935,#2801);
#2801 = DEFINITIONAL_REPRESENTATION('',(#2802),#2813);
#2802 = B_SPLINE_CURVE_WITH_KNOTS('',9,(#2803,#2804,#2805,#2806,#2807,
    #2808,#2809,#2810,#2811,#2812),.UNSPECIFIED.,.F.,.F.,(10,10),(0.,
    1.570796326795),.PIECEWISE_BEZIER_KNOTS.);
#2803 = CARTESIAN_POINT('',(1.110223024625E-16,94.863850986069));
#2804 = CARTESIAN_POINT('',(0.145952985501,94.863850986068));
#2805 = CARTESIAN_POINT('',(0.280035635466,94.863850986072));
#2806 = CARTESIAN_POINT('',(0.407117397673,94.863850986063));
#2807 = CARTESIAN_POINT('',(0.530319571689,94.863850986078));
#2808 = CARTESIAN_POINT('',(0.652315116456,94.863850986061));
#2809 = CARTESIAN_POINT('',(0.775517290472,94.863850986075));
#2810 = CARTESIAN_POINT('',(0.902599052679,94.863850986066));
#2811 = CARTESIAN_POINT('',(1.036681702644,94.86385098607));
#2812 = CARTESIAN_POINT('',(1.182634688145,94.863850986069));
#2813 = ( GEOMETRIC_REPRESENTATION_CONTEXT(2) 
PARAMETRIC_REPRESENTATION_CONTEXT() REPRESENTATION_CONTEXT('2D SPACE',''
  ) );
#2814 = ORIENTED_EDGE('',*,*,#840,.T.);
#2815 = ORIENTED_EDGE('',*,*,#2816,.T.);
#2816 = EDGE_CURVE('',#843,#2817,#2819,.T.);
#2817 = VERTEX_POINT('',#2818);
#2818 = CARTESIAN_POINT('',(-32.5500231697,-5.2,-1.6000001));
#2819 = SURFACE_CURVE('',#2820,(#2825,#2832),.PCURVE_S1.);
#2820 = CIRCLE('',#2821,0.8);
#2821 = AXIS2_PLACEMENT_3D('',#2822,#2823,#2824);
#2822 = CARTESIAN_POINT('',(-32.5500231697,-5.2,-2.4000001));
#2823 = DIRECTION('',(-9.594095940959E-02,-0.995387026391,0.));
#2824 = DIRECTION('',(0.995387026391,-9.594095940959E-02,0.));
#2825 = PCURVE('',#859,#2826);
#2826 = DEFINITIONAL_REPRESENTATION('',(#2827),#2831);
#2827 = LINE('',#2828,#2829);
#2828 = CARTESIAN_POINT('',(-0.190775635189,0.));
#2829 = VECTOR('',#2830,1.);
#2830 = DIRECTION('',(-0.,1.));
#2831 = ( GEOMETRIC_REPRESENTATION_CONTEXT(2) 
PARAMETRIC_REPRESENTATION_CONTEXT() REPRESENTATION_CONTEXT('2D SPACE',''
  ) );
#2832 = PCURVE('',#1362,#2833);
#2833 = DEFINITIONAL_REPRESENTATION('',(#2834),#2845);
#2834 = B_SPLINE_CURVE_WITH_KNOTS('',9,(#2835,#2836,#2837,#2838,#2839,
    #2840,#2841,#2842,#2843,#2844),.UNSPECIFIED.,.F.,.F.,(10,10),(0.,
    1.570796326795),.PIECEWISE_BEZIER_KNOTS.);
#2835 = CARTESIAN_POINT('',(0.,57.963313617368));
#2836 = CARTESIAN_POINT('',(0.145952985569,57.963313617367));
#2837 = CARTESIAN_POINT('',(0.280035635596,57.963313617371));
#2838 = CARTESIAN_POINT('',(0.407117397862,57.963313617362));
#2839 = CARTESIAN_POINT('',(0.530319571935,57.963313617377));
#2840 = CARTESIAN_POINT('',(0.652315116759,57.96331361736));
#2841 = CARTESIAN_POINT('',(0.775517290832,57.963313617373));
#2842 = CARTESIAN_POINT('',(0.902599053098,57.963313617365));
#2843 = CARTESIAN_POINT('',(1.036681703125,57.963313617369));
#2844 = CARTESIAN_POINT('',(1.182634688694,57.963313617368));
#2845 = ( GEOMETRIC_REPRESENTATION_CONTEXT(2) 
PARAMETRIC_REPRESENTATION_CONTEXT() REPRESENTATION_CONTEXT('2D SPACE',''
  ) );
#2846 = ORIENTED_EDGE('',*,*,#2847,.F.);
#2847 = EDGE_CURVE('',#2785,#2817,#2848,.T.);
#2848 = SURFACE_CURVE('',#2849,(#2854,#2861),.PCURVE_S1.);
#2849 = CIRCLE('',#2850,54.2);
#2850 = AXIS2_PLACEMENT_3D('',#2851,#2852,#2853);
#2851 = CARTESIAN_POINT('',(-86.50000000009,0.,-1.6000001));
#2852 = DIRECTION('',(0.,0.,-1.));
#2853 = DIRECTION('',(0.995520545757,9.454545454546E-02,0.));
#2854 = PCURVE('',#859,#2855);
#2855 = DEFINITIONAL_REPRESENTATION('',(#2856),#2860);
#2856 = LINE('',#2857,#2858);
#2857 = CARTESIAN_POINT('',(-0.,1.570796326795));
#2858 = VECTOR('',#2859,1.);
#2859 = DIRECTION('',(-1.,0.));
#2860 = ( GEOMETRIC_REPRESENTATION_CONTEXT(2) 
PARAMETRIC_REPRESENTATION_CONTEXT() REPRESENTATION_CONTEXT('2D SPACE',''
  ) );
#2861 = PCURVE('',#2862,#2867);
#2862 = PLANE('',#2863);
#2863 = AXIS2_PLACEMENT_3D('',#2864,#2865,#2866);
#2864 = CARTESIAN_POINT('',(-45.50000000009,-6.,-1.6000001));
#2865 = DIRECTION('',(0.,0.,1.));
#2866 = DIRECTION('',(1.,0.,0.));
#2867 = DEFINITIONAL_REPRESENTATION('',(#2868),#2876);
#2868 = ( BOUNDED_CURVE() B_SPLINE_CURVE(2,(#2869,#2870,#2871,#2872,
#2873,#2874,#2875),.UNSPECIFIED.,.T.,.F.) B_SPLINE_CURVE_WITH_KNOTS((1,2
    ,2,2,2,1),(-2.094395102393,0.,2.094395102393,4.188790204786,
6.28318530718,8.377580409573),.UNSPECIFIED.) CURVE() 
GEOMETRIC_REPRESENTATION_ITEM() RATIONAL_B_SPLINE_CURVE((1.,0.5,1.,0.5,
1.,0.5,1.)) REPRESENTATION_ITEM('') );
#2869 = CARTESIAN_POINT('',(12.957213580042,11.124363636364));
#2870 = CARTESIAN_POINT('',(21.832871754683,-82.33227171911));
#2871 = CARTESIAN_POINT('',(-63.5407777027,-43.29049949592));
#2872 = CARTESIAN_POINT('',(-148.91442716,-4.248727272727));
#2873 = CARTESIAN_POINT('',(-72.41643587734,50.166135859558));
#2874 = CARTESIAN_POINT('',(4.081555405402,104.58099899184));
#2875 = CARTESIAN_POINT('',(12.957213580042,11.124363636364));
#2876 = ( GEOMETRIC_REPRESENTATION_CONTEXT(2) 
PARAMETRIC_REPRESENTATION_CONTEXT() REPRESENTATION_CONTEXT('2D SPACE',''
  ) );
#2877 = ADVANCED_FACE('',(#2878),#935,.T.);
#2878 = FACE_BOUND('',#2879,.T.);
#2879 = EDGE_LOOP('',(#2880,#2911,#2966,#2967));
#2880 = ORIENTED_EDGE('',*,*,#2881,.T.);
#2881 = EDGE_CURVE('',#872,#2882,#2884,.T.);
#2882 = VERTEX_POINT('',#2883);
#2883 = CARTESIAN_POINT('',(-32.72826021049,6.,-0.8000001));
#2884 = SURFACE_CURVE('',#2885,(#2890,#2904),.PCURVE_S1.);
#2885 = CIRCLE('',#2886,0.8);
#2886 = AXIS2_PLACEMENT_3D('',#2887,#2888,#2889);
#2887 = CARTESIAN_POINT('',(-32.72826021049,6.8,-0.8000001));
#2888 = DIRECTION('',(0.,0.,-1.));
#2889 = DIRECTION('',(0.992098520103,0.125461254613,0.));
#2890 = PCURVE('',#935,#2891);
#2891 = DEFINITIONAL_REPRESENTATION('',(#2892),#2903);
#2892 = B_SPLINE_CURVE_WITH_KNOTS('',9,(#2893,#2894,#2895,#2896,#2897,
    #2898,#2899,#2900,#2901,#2902),.UNSPECIFIED.,.F.,.F.,(10,10),(0.,
    1.696589072546),.PIECEWISE_BEZIER_KNOTS.);
#2893 = CARTESIAN_POINT('',(-2.22044604925E-16,93.681216297924));
#2894 = CARTESIAN_POINT('',(0.148595102949,93.681216297924));
#2895 = CARTESIAN_POINT('',(0.282960493398,93.681216297927));
#2896 = CARTESIAN_POINT('',(0.409249166471,93.681216297919));
#2897 = CARTESIAN_POINT('',(0.531078718122,93.681216297931));
#2898 = CARTESIAN_POINT('',(0.651555970023,93.68121629792));
#2899 = CARTESIAN_POINT('',(0.773385521674,93.681216297926));
#2900 = CARTESIAN_POINT('',(0.899674194747,93.681216297924));
#2901 = CARTESIAN_POINT('',(1.034039585196,93.681216297924));
#2902 = CARTESIAN_POINT('',(1.182634688145,93.681216297924));
#2903 = ( GEOMETRIC_REPRESENTATION_CONTEXT(2) 
PARAMETRIC_REPRESENTATION_CONTEXT() REPRESENTATION_CONTEXT('2D SPACE',''
  ) );
#2904 = PCURVE('',#995,#2905);
#2905 = DEFINITIONAL_REPRESENTATION('',(#2906),#2910);
#2906 = LINE('',#2907,#2908);
#2907 = CARTESIAN_POINT('',(0.,10.8));
#2908 = VECTOR('',#2909,1.);
#2909 = DIRECTION('',(1.,0.));
#2910 = ( GEOMETRIC_REPRESENTATION_CONTEXT(2) 
PARAMETRIC_REPRESENTATION_CONTEXT() REPRESENTATION_CONTEXT('2D SPACE',''
  ) );
#2911 = ORIENTED_EDGE('',*,*,#2912,.T.);
#2912 = EDGE_CURVE('',#2882,#2785,#2913,.T.);
#2913 = SURFACE_CURVE('',#2914,(#2927,#2934),.PCURVE_S1.);
#2914 = ( BOUNDED_CURVE() B_SPLINE_CURVE(6,(#2915,#2916,#2917,#2918,
    #2919,#2920,#2921,#2922,#2923,#2924,#2925,#2926),.UNSPECIFIED.,.F.,
.F.) B_SPLINE_CURVE_WITH_KNOTS((7,5,7),(93.681216297924,94.415942314818,
94.863850986069),.UNSPECIFIED.) CURVE() GEOMETRIC_REPRESENTATION_ITEM() 
RATIONAL_B_SPLINE_CURVE((1.,1.,1.,1.,1.,1.,1.,1.,1.,1.,1.,1.)) 
REPRESENTATION_ITEM('') );
#2915 = CARTESIAN_POINT('',(-32.72826021049,6.,-0.8000001));
#2916 = CARTESIAN_POINT('',(-32.72826021049,6.,-0.927503808231));
#2917 = CARTESIAN_POINT('',(-32.72219293491,5.975592374152,
    -1.057897833674));
#2918 = CARTESIAN_POINT('',(-32.70979312777,5.924828574783,
    -1.184711460223));
#2919 = CARTESIAN_POINT('',(-32.69131796413,5.847984418867,
    -1.29838589405));
#2920 = CARTESIAN_POINT('',(-32.66884478256,5.753226251659,
    -1.392375790858));
#2921 = CARTESIAN_POINT('',(-32.6290913835,5.578979736487,-1.50899976138
    ));
#2922 = CARTESIAN_POINT('',(-32.61317565796,5.507889331013,
    -1.545186745743));
#2923 = CARTESIAN_POINT('',(-32.59698999786,5.433525778405,
    -1.572342812788));
#2924 = CARTESIAN_POINT('',(-32.58096820764,5.357167165454,
    -1.590548286892));
#2925 = CARTESIAN_POINT('',(-32.56533006685,5.279404494902,-1.6000001));
#2926 = CARTESIAN_POINT('',(-32.5500231697,5.2,-1.6000001));
#2927 = PCURVE('',#935,#2928);
#2928 = DEFINITIONAL_REPRESENTATION('',(#2929),#2933);
#2929 = LINE('',#2930,#2931);
#2930 = CARTESIAN_POINT('',(1.182634688145,0.));
#2931 = VECTOR('',#2932,1.);
#2932 = DIRECTION('',(0.,1.));
#2933 = ( GEOMETRIC_REPRESENTATION_CONTEXT(2) 
PARAMETRIC_REPRESENTATION_CONTEXT() REPRESENTATION_CONTEXT('2D SPACE',''
  ) );
#2934 = PCURVE('',#2935,#2940);
#2935 = CYLINDRICAL_SURFACE('',#2936,0.8);
#2936 = AXIS2_PLACEMENT_3D('',#2937,#2938,#2939);
#2937 = CARTESIAN_POINT('',(-45.50000000009,5.2,-0.8000001));
#2938 = DIRECTION('',(1.,0.,0.));
#2939 = DIRECTION('',(0.,1.,0.));
#2940 = DEFINITIONAL_REPRESENTATION('',(#2941),#2965);
#2941 = B_SPLINE_CURVE_WITH_KNOTS('',8,(#2942,#2943,#2944,#2945,#2946,
    #2947,#2948,#2949,#2950,#2951,#2952,#2953,#2954,#2955,#2956,#2957,
    #2958,#2959,#2960,#2961,#2962,#2963,#2964),.UNSPECIFIED.,.F.,.F.,(9,
    7,7,9),(93.681216297924,94.272533641997,94.568192314033,
    94.863850986069),.UNSPECIFIED.);
#2942 = CARTESIAN_POINT('',(-2.328756715452E-16,12.771739789596));
#2943 = CARTESIAN_POINT('',(-9.620314968196E-02,12.771739789596));
#2944 = CARTESIAN_POINT('',(-0.193664686158,12.773837672885));
#2945 = CARTESIAN_POINT('',(-0.292211931265,12.77810678347));
#2946 = CARTESIAN_POINT('',(-0.391539405815,12.784530775836));
#2947 = CARTESIAN_POINT('',(-0.491274569864,12.793006432177));
#2948 = CARTESIAN_POINT('',(-0.591043562984,12.803346479623));
#2949 = CARTESIAN_POINT('',(-0.690536944542,12.815282407471));
#2950 = CARTESIAN_POINT('',(-0.839094678674,12.835059722885));
#2951 = CARTESIAN_POINT('',(-0.888484453904,12.841961498184));
#2952 = CARTESIAN_POINT('',(-0.937872857977,12.849165415735));
#2953 = CARTESIAN_POINT('',(-0.98675826663,12.856521188784));
#2954 = CARTESIAN_POINT('',(-1.036151933814,12.864179432507));
#2955 = CARTESIAN_POINT('',(-1.085049275696,12.87191474654));
#2956 = CARTESIAN_POINT('',(-1.133874686604,12.879747063257));
#2957 = CARTESIAN_POINT('',(-1.231186589717,12.895490110983));
#2958 = CARTESIAN_POINT('',(-1.279690941627,12.903403837875));
#2959 = CARTESIAN_POINT('',(-1.328056291417,12.911315655862));
#2960 = CARTESIAN_POINT('',(-1.376331770968,12.919191090665));
#2961 = CARTESIAN_POINT('',(-1.424603046517,12.927005305663));
#2962 = CARTESIAN_POINT('',(-1.47299231865,12.934743101883));
#2963 = CARTESIAN_POINT('',(-1.521658322311,12.942398918014));
#2964 = CARTESIAN_POINT('',(-1.570796326795,12.949976830394));
#2965 = ( GEOMETRIC_REPRESENTATION_CONTEXT(2) 
PARAMETRIC_REPRESENTATION_CONTEXT() REPRESENTATION_CONTEXT('2D SPACE',''
  ) );
#2966 = ORIENTED_EDGE('',*,*,#2784,.F.);
#2967 = ORIENTED_EDGE('',*,*,#871,.F.);
#2968 = ADVANCED_FACE('',(#2969),#1362,.T.);
#2969 = FACE_BOUND('',#2970,.T.);
#2970 = EDGE_LOOP('',(#2971,#2972,#3029,#3057));
#2971 = ORIENTED_EDGE('',*,*,#2816,.T.);
#2972 = ORIENTED_EDGE('',*,*,#2973,.T.);
#2973 = EDGE_CURVE('',#2817,#2974,#2976,.T.);
#2974 = VERTEX_POINT('',#2975);
#2975 = CARTESIAN_POINT('',(-32.72826021049,-6.,-0.8000001));
#2976 = SURFACE_CURVE('',#2977,(#2990,#2997),.PCURVE_S1.);
#2977 = ( BOUNDED_CURVE() B_SPLINE_CURVE(6,(#2978,#2979,#2980,#2981,
    #2982,#2983,#2984,#2985,#2986,#2987,#2988,#2989),.UNSPECIFIED.,.F.,
.F.) B_SPLINE_CURVE_WITH_KNOTS((7,5,7),(57.963313617368,58.398897280577,
59.145948306062),.UNSPECIFIED.) CURVE() GEOMETRIC_REPRESENTATION_ITEM() 
RATIONAL_B_SPLINE_CURVE((1.,1.,1.,1.,1.,1.,1.,1.,1.,1.,1.,1.)) 
REPRESENTATION_ITEM('') );
#2978 = CARTESIAN_POINT('',(-32.5500231697,-5.2,-1.6000001));
#2979 = CARTESIAN_POINT('',(-32.5649083045,-5.277216603633,-1.6000001));
#2980 = CARTESIAN_POINT('',(-32.5801122005,-5.352907149236,
    -1.59106069409));
#2981 = CARTESIAN_POINT('',(-32.59567638347,-5.427259280901,
    -1.573818554715));
#2982 = CARTESIAN_POINT('',(-32.61140528011,-5.499744232713,
    -1.548115084551));
#2983 = CARTESIAN_POINT('',(-32.62690981026,-5.569216945525,
    -1.513883229187));
#2984 = CARTESIAN_POINT('',(-32.66693293139,-5.745150602787,
    -1.400260952709));
#2985 = CARTESIAN_POINT('',(-32.69005507432,-5.842745170389,
    -1.30604408028));
#2986 = CARTESIAN_POINT('',(-32.70916432036,-5.922244718641,
    -1.19114383966));
#2987 = CARTESIAN_POINT('',(-32.72198993876,-5.974779120021,
    -1.062263830186));
#2988 = CARTESIAN_POINT('',(-32.72826021049,-6.,-0.929611156618));
#2989 = CARTESIAN_POINT('',(-32.72826021049,-6.,-0.8000001));
#2990 = PCURVE('',#1362,#2991);
#2991 = DEFINITIONAL_REPRESENTATION('',(#2992),#2996);
#2992 = LINE('',#2993,#2994);
#2993 = CARTESIAN_POINT('',(1.182634688694,0.));
#2994 = VECTOR('',#2995,1.);
#2995 = DIRECTION('',(0.,1.));
#2996 = ( GEOMETRIC_REPRESENTATION_CONTEXT(2) 
PARAMETRIC_REPRESENTATION_CONTEXT() REPRESENTATION_CONTEXT('2D SPACE',''
  ) );
#2997 = PCURVE('',#2998,#3003);
#2998 = CYLINDRICAL_SURFACE('',#2999,0.8);
#2999 = AXIS2_PLACEMENT_3D('',#3000,#3001,#3002);
#3000 = CARTESIAN_POINT('',(-45.50000000009,-5.2,-0.8000001));
#3001 = DIRECTION('',(1.,0.,0.));
#3002 = DIRECTION('',(0.,-1.,0.));
#3003 = DEFINITIONAL_REPRESENTATION('',(#3004),#3028);
#3004 = B_SPLINE_CURVE_WITH_KNOTS('',8,(#3005,#3006,#3007,#3008,#3009,
    #3010,#3011,#3012,#3013,#3014,#3015,#3016,#3017,#3018,#3019,#3020,
    #3021,#3022,#3023,#3024,#3025,#3026,#3027),.UNSPECIFIED.,.F.,.F.,(9,
    7,7,9),(57.963313617368,58.258972289541,58.554630961715,
    59.145948306062),.UNSPECIFIED.);
#3005 = CARTESIAN_POINT('',(1.570796326795,12.949976830394));
#3006 = CARTESIAN_POINT('',(1.521660189695,12.942399205996));
#3007 = CARTESIAN_POINT('',(1.472988429272,12.934742365565));
#3008 = CARTESIAN_POINT('',(1.424588916152,12.927002840015));
#3009 = CARTESIAN_POINT('',(1.376305660048,12.919186689553));
#3010 = CARTESIAN_POINT('',(1.328018809763,12.91130950367));
#3011 = CARTESIAN_POINT('',(1.279644653186,12.903396401147));
#3012 = CARTESIAN_POINT('',(1.231135617294,12.89548203005));
#3013 = CARTESIAN_POINT('',(1.133824919013,12.879739105421));
#3014 = CARTESIAN_POINT('',(1.085019098189,12.871910660817));
#3015 = CARTESIAN_POINT('',(1.036077345557,12.864163486851));
#3016 = CARTESIAN_POINT('',(0.986811771825,12.856536465295));
#3017 = CARTESIAN_POINT('',(0.937923614223,12.849168971308));
#3018 = CARTESIAN_POINT('',(0.888544591891,12.841970769476));
#3019 = CARTESIAN_POINT('',(0.83916547551,12.835069389947));
#3020 = CARTESIAN_POINT('',(0.690615746799,12.815292187608));
#3021 = CARTESIAN_POINT('',(0.59110977152,12.803353341656));
#3022 = CARTESIAN_POINT('',(0.491318168207,12.793009594843));
#3023 = CARTESIAN_POINT('',(0.391556785152,12.784530995062));
#3024 = CARTESIAN_POINT('',(0.292205243904,12.778105621589));
#3025 = CARTESIAN_POINT('',(0.193642059016,12.773836712081));
#3026 = CARTESIAN_POINT('',(9.617975778614E-02,12.771739789596));
#3027 = CARTESIAN_POINT('',(1.102570559559E-17,12.771739789596));
#3028 = ( GEOMETRIC_REPRESENTATION_CONTEXT(2) 
PARAMETRIC_REPRESENTATION_CONTEXT() REPRESENTATION_CONTEXT('2D SPACE',''
  ) );
#3029 = ORIENTED_EDGE('',*,*,#3030,.F.);
#3030 = EDGE_CURVE('',#1263,#2974,#3031,.T.);
#3031 = SURFACE_CURVE('',#3032,(#3036,#3043),.PCURVE_S1.);
#3032 = ( BOUNDED_CURVE() B_SPLINE_CURVE(2,(#3033,#3034,#3035),
.UNSPECIFIED.,.F.,.F.) B_SPLINE_CURVE_WITH_KNOTS((3,3),(0.,
1.182634688694),.PIECEWISE_BEZIER_KNOTS.) CURVE() 
GEOMETRIC_REPRESENTATION_ITEM() RATIONAL_B_SPLINE_CURVE((1.,
0.661263466928,1.)) REPRESENTATION_ITEM('') );
#3033 = CARTESIAN_POINT('',(-31.93458139441,-6.90036900369,-0.8000001));
#3034 = CARTESIAN_POINT('',(-31.82072029843,-6.,-0.8000001));
#3035 = CARTESIAN_POINT('',(-32.72826021049,-6.,-0.8000001));
#3036 = PCURVE('',#1362,#3037);
#3037 = DEFINITIONAL_REPRESENTATION('',(#3038),#3042);
#3038 = LINE('',#3039,#3040);
#3039 = CARTESIAN_POINT('',(0.,59.145948306062));
#3040 = VECTOR('',#3041,1.);
#3041 = DIRECTION('',(1.,0.));
#3042 = ( GEOMETRIC_REPRESENTATION_CONTEXT(2) 
PARAMETRIC_REPRESENTATION_CONTEXT() REPRESENTATION_CONTEXT('2D SPACE',''
  ) );
#3043 = PCURVE('',#1278,#3044);
#3044 = DEFINITIONAL_REPRESENTATION('',(#3045),#3056);
#3045 = B_SPLINE_CURVE_WITH_KNOTS('',9,(#3046,#3047,#3048,#3049,#3050,
    #3051,#3052,#3053,#3054,#3055),.UNSPECIFIED.,.F.,.F.,(10,10),(0.,
    1.182634688694),.PIECEWISE_BEZIER_KNOTS.);
#3046 = CARTESIAN_POINT('',(-1.110223024625E-16,0.));
#3047 = CARTESIAN_POINT('',(0.166700830174,0.));
#3048 = CARTESIAN_POINT('',(0.347516573418,0.));
#3049 = CARTESIAN_POINT('',(0.541165511565,0.));
#3050 = CARTESIAN_POINT('',(0.74444466847,0.));
#3051 = CARTESIAN_POINT('',(0.95214440447,0.));
#3052 = CARTESIAN_POINT('',(1.155423560465,0.));
#3053 = CARTESIAN_POINT('',(1.349072499301,0.));
#3054 = CARTESIAN_POINT('',(1.529888242373,0.));
#3055 = CARTESIAN_POINT('',(1.696589072546,0.));
#3056 = ( GEOMETRIC_REPRESENTATION_CONTEXT(2) 
PARAMETRIC_REPRESENTATION_CONTEXT() REPRESENTATION_CONTEXT('2D SPACE',''
  ) );
#3057 = ORIENTED_EDGE('',*,*,#1290,.F.);
#3058 = ADVANCED_FACE('',(#3059),#995,.T.);
#3059 = FACE_BOUND('',#3060,.T.);
#3060 = EDGE_LOOP('',(#3061,#3091,#3117,#3118));
#3061 = ORIENTED_EDGE('',*,*,#3062,.T.);
#3062 = EDGE_CURVE('',#980,#3063,#3065,.T.);
#3063 = VERTEX_POINT('',#3064);
#3064 = CARTESIAN_POINT('',(-32.72826021049,6.,9.9999999));
#3065 = SURFACE_CURVE('',#3066,(#3070,#3084),.PCURVE_S1.);
#3066 = ( BOUNDED_CURVE() B_SPLINE_CURVE(2,(#3067,#3068,#3069),
.UNSPECIFIED.,.F.,.F.) B_SPLINE_CURVE_WITH_KNOTS((3,3),(0.,
1.182634688145),.PIECEWISE_BEZIER_KNOTS.) CURVE() 
GEOMETRIC_REPRESENTATION_ITEM() RATIONAL_B_SPLINE_CURVE((1.,
0.661263466928,1.)) REPRESENTATION_ITEM('') );
#3067 = CARTESIAN_POINT('',(-31.93458139441,6.90036900369,9.9999999));
#3068 = CARTESIAN_POINT('',(-31.82072029843,6.,9.9999999));
#3069 = CARTESIAN_POINT('',(-32.72826021049,6.,9.9999999));
#3070 = PCURVE('',#995,#3071);
#3071 = DEFINITIONAL_REPRESENTATION('',(#3072),#3083);
#3072 = B_SPLINE_CURVE_WITH_KNOTS('',9,(#3073,#3074,#3075,#3076,#3077,
    #3078,#3079,#3080,#3081,#3082),.UNSPECIFIED.,.F.,.F.,(10,10),(0.,
    1.182634688145),.PIECEWISE_BEZIER_KNOTS.);
#3073 = CARTESIAN_POINT('',(1.110223024625E-16,0.));
#3074 = CARTESIAN_POINT('',(0.166700830174,0.));
#3075 = CARTESIAN_POINT('',(0.347516573418,0.));
#3076 = CARTESIAN_POINT('',(0.541165511565,0.));
#3077 = CARTESIAN_POINT('',(0.74444466847,0.));
#3078 = CARTESIAN_POINT('',(0.95214440447,0.));
#3079 = CARTESIAN_POINT('',(1.155423560465,0.));
#3080 = CARTESIAN_POINT('',(1.349072499301,0.));
#3081 = CARTESIAN_POINT('',(1.529888242373,0.));
#3082 = CARTESIAN_POINT('',(1.696589072546,0.));
#3083 = ( GEOMETRIC_REPRESENTATION_CONTEXT(2) 
PARAMETRIC_REPRESENTATION_CONTEXT() REPRESENTATION_CONTEXT('2D SPACE',''
  ) );
#3084 = PCURVE('',#1071,#3085);
#3085 = DEFINITIONAL_REPRESENTATION('',(#3086),#3090);
#3086 = LINE('',#3087,#3088);
#3087 = CARTESIAN_POINT('',(0.,82.881216297924));
#3088 = VECTOR('',#3089,1.);
#3089 = DIRECTION('',(1.,0.));
#3090 = ( GEOMETRIC_REPRESENTATION_CONTEXT(2) 
PARAMETRIC_REPRESENTATION_CONTEXT() REPRESENTATION_CONTEXT('2D SPACE',''
  ) );
#3091 = ORIENTED_EDGE('',*,*,#3092,.T.);
#3092 = EDGE_CURVE('',#3063,#2882,#3093,.T.);
#3093 = SURFACE_CURVE('',#3094,(#3098,#3105),.PCURVE_S1.);
#3094 = LINE('',#3095,#3096);
#3095 = CARTESIAN_POINT('',(-32.72826021049,6.,9.9999999));
#3096 = VECTOR('',#3097,1.);
#3097 = DIRECTION('',(0.,-0.,-1.));
#3098 = PCURVE('',#995,#3099);
#3099 = DEFINITIONAL_REPRESENTATION('',(#3100),#3104);
#3100 = LINE('',#3101,#3102);
#3101 = CARTESIAN_POINT('',(1.696589072546,0.));
#3102 = VECTOR('',#3103,1.);
#3103 = DIRECTION('',(0.,1.));
#3104 = ( GEOMETRIC_REPRESENTATION_CONTEXT(2) 
PARAMETRIC_REPRESENTATION_CONTEXT() REPRESENTATION_CONTEXT('2D SPACE',''
  ) );
#3105 = PCURVE('',#3106,#3111);
#3106 = PLANE('',#3107);
#3107 = AXIS2_PLACEMENT_3D('',#3108,#3109,#3110);
#3108 = CARTESIAN_POINT('',(-45.50000000009,6.,-1.6000001));
#3109 = DIRECTION('',(0.,1.,0.));
#3110 = DIRECTION('',(0.,0.,1.));
#3111 = DEFINITIONAL_REPRESENTATION('',(#3112),#3116);
#3112 = LINE('',#3113,#3114);
#3113 = CARTESIAN_POINT('',(11.6,12.771739789596));
#3114 = VECTOR('',#3115,1.);
#3115 = DIRECTION('',(-1.,0.));
#3116 = ( GEOMETRIC_REPRESENTATION_CONTEXT(2) 
PARAMETRIC_REPRESENTATION_CONTEXT() REPRESENTATION_CONTEXT('2D SPACE',''
  ) );
#3117 = ORIENTED_EDGE('',*,*,#2881,.F.);
#3118 = ORIENTED_EDGE('',*,*,#979,.F.);
#3119 = ADVANCED_FACE('',(#3120),#1278,.T.);
#3120 = FACE_BOUND('',#3121,.T.);
#3121 = EDGE_LOOP('',(#3122,#3123,#3151,#3180));
#3122 = ORIENTED_EDGE('',*,*,#3030,.T.);
#3123 = ORIENTED_EDGE('',*,*,#3124,.T.);
#3124 = EDGE_CURVE('',#2974,#3125,#3127,.T.);
#3125 = VERTEX_POINT('',#3126);
#3126 = CARTESIAN_POINT('',(-32.72826021049,-6.,9.9999999));
#3127 = SURFACE_CURVE('',#3128,(#3132,#3139),.PCURVE_S1.);
#3128 = LINE('',#3129,#3130);
#3129 = CARTESIAN_POINT('',(-32.72826021049,-6.,-0.8000001));
#3130 = VECTOR('',#3131,1.);
#3131 = DIRECTION('',(0.,0.,1.));
#3132 = PCURVE('',#1278,#3133);
#3133 = DEFINITIONAL_REPRESENTATION('',(#3134),#3138);
#3134 = LINE('',#3135,#3136);
#3135 = CARTESIAN_POINT('',(1.696589072546,0.));
#3136 = VECTOR('',#3137,1.);
#3137 = DIRECTION('',(0.,1.));
#3138 = ( GEOMETRIC_REPRESENTATION_CONTEXT(2) 
PARAMETRIC_REPRESENTATION_CONTEXT() REPRESENTATION_CONTEXT('2D SPACE',''
  ) );
#3139 = PCURVE('',#3140,#3145);
#3140 = PLANE('',#3141);
#3141 = AXIS2_PLACEMENT_3D('',#3142,#3143,#3144);
#3142 = CARTESIAN_POINT('',(-45.50000000009,-6.,-1.6000001));
#3143 = DIRECTION('',(0.,1.,0.));
#3144 = DIRECTION('',(0.,0.,1.));
#3145 = DEFINITIONAL_REPRESENTATION('',(#3146),#3150);
#3146 = LINE('',#3147,#3148);
#3147 = CARTESIAN_POINT('',(0.8,12.771739789596));
#3148 = VECTOR('',#3149,1.);
#3149 = DIRECTION('',(1.,0.));
#3150 = ( GEOMETRIC_REPRESENTATION_CONTEXT(2) 
PARAMETRIC_REPRESENTATION_CONTEXT() REPRESENTATION_CONTEXT('2D SPACE',''
  ) );
#3151 = ORIENTED_EDGE('',*,*,#3152,.F.);
#3152 = EDGE_CURVE('',#1145,#3125,#3153,.T.);
#3153 = SURFACE_CURVE('',#3154,(#3159,#3166),.PCURVE_S1.);
#3154 = CIRCLE('',#3155,0.8);
#3155 = AXIS2_PLACEMENT_3D('',#3156,#3157,#3158);
#3156 = CARTESIAN_POINT('',(-32.72826021049,-6.8,9.9999999));
#3157 = DIRECTION('',(-0.,0.,1.));
#3158 = DIRECTION('',(0.992098520103,-0.125461254613,0.));
#3159 = PCURVE('',#1278,#3160);
#3160 = DEFINITIONAL_REPRESENTATION('',(#3161),#3165);
#3161 = LINE('',#3162,#3163);
#3162 = CARTESIAN_POINT('',(0.,10.8));
#3163 = VECTOR('',#3164,1.);
#3164 = DIRECTION('',(1.,0.));
#3165 = ( GEOMETRIC_REPRESENTATION_CONTEXT(2) 
PARAMETRIC_REPRESENTATION_CONTEXT() REPRESENTATION_CONTEXT('2D SPACE',''
  ) );
#3166 = PCURVE('',#1218,#3167);
#3167 = DEFINITIONAL_REPRESENTATION('',(#3168),#3179);
#3168 = B_SPLINE_CURVE_WITH_KNOTS('',9,(#3169,#3170,#3171,#3172,#3173,
    #3174,#3175,#3176,#3177,#3178),.UNSPECIFIED.,.F.,.F.,(10,10),(0.,
    1.696589072546),.PIECEWISE_BEZIER_KNOTS.);
#3169 = CARTESIAN_POINT('',(1.110223024625E-16,69.945948306062));
#3170 = CARTESIAN_POINT('',(0.148595103018,69.945948306062));
#3171 = CARTESIAN_POINT('',(0.282960493529,69.945948306063));
#3172 = CARTESIAN_POINT('',(0.409249166661,69.945948306059));
#3173 = CARTESIAN_POINT('',(0.531078718369,69.945948306065));
#3174 = CARTESIAN_POINT('',(0.651555970325,69.94594830606));
#3175 = CARTESIAN_POINT('',(0.773385522033,69.945948306063));
#3176 = CARTESIAN_POINT('',(0.899674195165,69.945948306062));
#3177 = CARTESIAN_POINT('',(1.034039585677,69.945948306062));
#3178 = CARTESIAN_POINT('',(1.182634688694,69.945948306062));
#3179 = ( GEOMETRIC_REPRESENTATION_CONTEXT(2) 
PARAMETRIC_REPRESENTATION_CONTEXT() REPRESENTATION_CONTEXT('2D SPACE',''
  ) );
#3180 = ORIENTED_EDGE('',*,*,#1262,.F.);
#3181 = ADVANCED_FACE('',(#3182),#1071,.T.);
#3182 = FACE_BOUND('',#3183,.T.);
#3183 = EDGE_LOOP('',(#3184,#3215,#3270,#3271));
#3184 = ORIENTED_EDGE('',*,*,#3185,.T.);
#3185 = EDGE_CURVE('',#1008,#3186,#3188,.T.);
#3186 = VERTEX_POINT('',#3187);
#3187 = CARTESIAN_POINT('',(-32.5500231697,5.2,10.7999999));
#3188 = SURFACE_CURVE('',#3189,(#3194,#3208),.PCURVE_S1.);
#3189 = CIRCLE('',#3190,0.8);
#3190 = AXIS2_PLACEMENT_3D('',#3191,#3192,#3193);
#3191 = CARTESIAN_POINT('',(-32.5500231697,5.2,11.5999999));
#3192 = DIRECTION('',(-9.594095940959E-02,0.995387026391,0.));
#3193 = DIRECTION('',(0.995387026391,9.594095940959E-02,0.));
#3194 = PCURVE('',#1071,#3195);
#3195 = DEFINITIONAL_REPRESENTATION('',(#3196),#3207);
#3196 = B_SPLINE_CURVE_WITH_KNOTS('',9,(#3197,#3198,#3199,#3200,#3201,
    #3202,#3203,#3204,#3205,#3206),.UNSPECIFIED.,.F.,.F.,(10,10),(0.,
    1.570796326795),.PIECEWISE_BEZIER_KNOTS.);
#3197 = CARTESIAN_POINT('',(-1.110223024625E-16,81.698581609779));
#3198 = CARTESIAN_POINT('',(0.145952985501,81.698581609778));
#3199 = CARTESIAN_POINT('',(0.280035635466,81.698581609783));
#3200 = CARTESIAN_POINT('',(0.407117397673,81.698581609773));
#3201 = CARTESIAN_POINT('',(0.530319571689,81.698581609787));
#3202 = CARTESIAN_POINT('',(0.652315116456,81.698581609774));
#3203 = CARTESIAN_POINT('',(0.775517290472,81.698581609782));
#3204 = CARTESIAN_POINT('',(0.902599052679,81.698581609778));
#3205 = CARTESIAN_POINT('',(1.036681702644,81.69858160978));
#3206 = CARTESIAN_POINT('',(1.182634688145,81.698581609779));
#3207 = ( GEOMETRIC_REPRESENTATION_CONTEXT(2) 
PARAMETRIC_REPRESENTATION_CONTEXT() REPRESENTATION_CONTEXT('2D SPACE',''
  ) );
#3208 = PCURVE('',#1132,#3209);
#3209 = DEFINITIONAL_REPRESENTATION('',(#3210),#3214);
#3210 = LINE('',#3211,#3212);
#3211 = CARTESIAN_POINT('',(-0.190775635189,0.));
#3212 = VECTOR('',#3213,1.);
#3213 = DIRECTION('',(-0.,1.));
#3214 = ( GEOMETRIC_REPRESENTATION_CONTEXT(2) 
PARAMETRIC_REPRESENTATION_CONTEXT() REPRESENTATION_CONTEXT('2D SPACE',''
  ) );
#3215 = ORIENTED_EDGE('',*,*,#3216,.T.);
#3216 = EDGE_CURVE('',#3186,#3063,#3217,.T.);
#3217 = SURFACE_CURVE('',#3218,(#3231,#3238),.PCURVE_S1.);
#3218 = ( BOUNDED_CURVE() B_SPLINE_CURVE(6,(#3219,#3220,#3221,#3222,
    #3223,#3224,#3225,#3226,#3227,#3228,#3229,#3230),.UNSPECIFIED.,.F.,
.F.) B_SPLINE_CURVE_WITH_KNOTS((7,5,7),(81.698581609779,82.14649028103,
82.881216297924),.UNSPECIFIED.) CURVE() GEOMETRIC_REPRESENTATION_ITEM() 
RATIONAL_B_SPLINE_CURVE((1.,1.,1.,1.,1.,1.,1.,1.,1.,1.,1.,1.)) 
REPRESENTATION_ITEM('') );
#3219 = CARTESIAN_POINT('',(-32.5500231697,5.2,10.7999999));
#3220 = CARTESIAN_POINT('',(-32.56533006685,5.279404494902,10.7999999));
#3221 = CARTESIAN_POINT('',(-32.58096820764,5.357167165454,
    10.790548086892));
#3222 = CARTESIAN_POINT('',(-32.59698999786,5.433525778405,
    10.772342612788));
#3223 = CARTESIAN_POINT('',(-32.61317565796,5.507889331013,
    10.745186545743));
#3224 = CARTESIAN_POINT('',(-32.6290913835,5.578979736487,10.70899956138
    ));
#3225 = CARTESIAN_POINT('',(-32.66884478256,5.753226251659,
    10.592375590858));
#3226 = CARTESIAN_POINT('',(-32.69131796413,5.847984418866,
    10.49838569405));
#3227 = CARTESIAN_POINT('',(-32.70979312777,5.924828574783,
    10.384711260223));
#3228 = CARTESIAN_POINT('',(-32.72219293491,5.975592374152,
    10.257897633674));
#3229 = CARTESIAN_POINT('',(-32.72826021049,6.,10.127503608231));
#3230 = CARTESIAN_POINT('',(-32.72826021049,6.,9.9999999));
#3231 = PCURVE('',#1071,#3232);
#3232 = DEFINITIONAL_REPRESENTATION('',(#3233),#3237);
#3233 = LINE('',#3234,#3235);
#3234 = CARTESIAN_POINT('',(1.182634688145,0.));
#3235 = VECTOR('',#3236,1.);
#3236 = DIRECTION('',(0.,1.));
#3237 = ( GEOMETRIC_REPRESENTATION_CONTEXT(2) 
PARAMETRIC_REPRESENTATION_CONTEXT() REPRESENTATION_CONTEXT('2D SPACE',''
  ) );
#3238 = PCURVE('',#3239,#3244);
#3239 = CYLINDRICAL_SURFACE('',#3240,0.8);
#3240 = AXIS2_PLACEMENT_3D('',#3241,#3242,#3243);
#3241 = CARTESIAN_POINT('',(-45.50000000009,5.2,9.9999999));
#3242 = DIRECTION('',(1.,0.,0.));
#3243 = DIRECTION('',(0.,1.,0.));
#3244 = DEFINITIONAL_REPRESENTATION('',(#3245),#3269);
#3245 = B_SPLINE_CURVE_WITH_KNOTS('',8,(#3246,#3247,#3248,#3249,#3250,
    #3251,#3252,#3253,#3254,#3255,#3256,#3257,#3258,#3259,#3260,#3261,
    #3262,#3263,#3264,#3265,#3266,#3267,#3268),.UNSPECIFIED.,.F.,.F.,(9,
    7,7,9),(81.698581609779,81.994240281816,82.289898953852,
    82.881216297924),.UNSPECIFIED.);
#3246 = CARTESIAN_POINT('',(1.570796326795,12.949976830394));
#3247 = CARTESIAN_POINT('',(1.52165832231,12.942398918014));
#3248 = CARTESIAN_POINT('',(1.47299231865,12.934743101884));
#3249 = CARTESIAN_POINT('',(1.424603046516,12.927005305662));
#3250 = CARTESIAN_POINT('',(1.376331770968,12.919191090667));
#3251 = CARTESIAN_POINT('',(1.328056291416,12.911315655861));
#3252 = CARTESIAN_POINT('',(1.279690941627,12.903403837875));
#3253 = CARTESIAN_POINT('',(1.231186589717,12.895490110983));
#3254 = CARTESIAN_POINT('',(1.133874686604,12.879747063257));
#3255 = CARTESIAN_POINT('',(1.085049275696,12.871914746541));
#3256 = CARTESIAN_POINT('',(1.036151933814,12.864179432506));
#3257 = CARTESIAN_POINT('',(0.98675826663,12.856521188785));
#3258 = CARTESIAN_POINT('',(0.937872857977,12.849165415734));
#3259 = CARTESIAN_POINT('',(0.888484453904,12.841961498184));
#3260 = CARTESIAN_POINT('',(0.839094678674,12.835059722885));
#3261 = CARTESIAN_POINT('',(0.690536944542,12.815282407471));
#3262 = CARTESIAN_POINT('',(0.591043562984,12.803346479623));
#3263 = CARTESIAN_POINT('',(0.491274569864,12.793006432178));
#3264 = CARTESIAN_POINT('',(0.391539405815,12.784530775836));
#3265 = CARTESIAN_POINT('',(0.292211931265,12.77810678347));
#3266 = CARTESIAN_POINT('',(0.193664686158,12.773837672885));
#3267 = CARTESIAN_POINT('',(9.620314968213E-02,12.771739789596));
#3268 = CARTESIAN_POINT('',(-2.22044604925E-15,12.771739789596));
#3269 = ( GEOMETRIC_REPRESENTATION_CONTEXT(2) 
PARAMETRIC_REPRESENTATION_CONTEXT() REPRESENTATION_CONTEXT('2D SPACE',''
  ) );
#3270 = ORIENTED_EDGE('',*,*,#3062,.F.);
#3271 = ORIENTED_EDGE('',*,*,#1007,.F.);
#3272 = ADVANCED_FACE('',(#3273),#1218,.T.);
#3273 = FACE_BOUND('',#3274,.T.);
#3274 = EDGE_LOOP('',(#3275,#3276,#3333,#3361));
#3275 = ORIENTED_EDGE('',*,*,#3152,.T.);
#3276 = ORIENTED_EDGE('',*,*,#3277,.T.);
#3277 = EDGE_CURVE('',#3125,#3278,#3280,.T.);
#3278 = VERTEX_POINT('',#3279);
#3279 = CARTESIAN_POINT('',(-32.5500231697,-5.2,10.7999999));
#3280 = SURFACE_CURVE('',#3281,(#3294,#3301),.PCURVE_S1.);
#3281 = ( BOUNDED_CURVE() B_SPLINE_CURVE(6,(#3282,#3283,#3284,#3285,
    #3286,#3287,#3288,#3289,#3290,#3291,#3292,#3293),.UNSPECIFIED.,.F.,
.F.) B_SPLINE_CURVE_WITH_KNOTS((7,5,7),(69.945948306062,70.692999331547,
71.128582994756),.UNSPECIFIED.) CURVE() GEOMETRIC_REPRESENTATION_ITEM() 
RATIONAL_B_SPLINE_CURVE((1.,1.,1.,1.,1.,1.,1.,1.,1.,1.,1.,1.)) 
REPRESENTATION_ITEM('') );
#3282 = CARTESIAN_POINT('',(-32.72826021049,-6.,9.9999999));
#3283 = CARTESIAN_POINT('',(-32.72826021049,-6.,10.129610956618));
#3284 = CARTESIAN_POINT('',(-32.72198993876,-5.974779120021,
    10.262263630186));
#3285 = CARTESIAN_POINT('',(-32.70916432036,-5.922244718641,
    10.39114363966));
#3286 = CARTESIAN_POINT('',(-32.69005507432,-5.842745170388,
    10.50604388028));
#3287 = CARTESIAN_POINT('',(-32.66693293139,-5.745150602787,
    10.600260752709));
#3288 = CARTESIAN_POINT('',(-32.62690981026,-5.569216945526,
    10.713883029187));
#3289 = CARTESIAN_POINT('',(-32.61140528011,-5.499744232713,
    10.748114884551));
#3290 = CARTESIAN_POINT('',(-32.59567638347,-5.427259280901,
    10.773818354715));
#3291 = CARTESIAN_POINT('',(-32.5801122005,-5.352907149236,
    10.79106049409));
#3292 = CARTESIAN_POINT('',(-32.5649083045,-5.277216603634,10.7999999));
#3293 = CARTESIAN_POINT('',(-32.5500231697,-5.2,10.7999999));
#3294 = PCURVE('',#1218,#3295);
#3295 = DEFINITIONAL_REPRESENTATION('',(#3296),#3300);
#3296 = LINE('',#3297,#3298);
#3297 = CARTESIAN_POINT('',(1.182634688694,0.));
#3298 = VECTOR('',#3299,1.);
#3299 = DIRECTION('',(0.,1.));
#3300 = ( GEOMETRIC_REPRESENTATION_CONTEXT(2) 
PARAMETRIC_REPRESENTATION_CONTEXT() REPRESENTATION_CONTEXT('2D SPACE',''
  ) );
#3301 = PCURVE('',#3302,#3307);
#3302 = CYLINDRICAL_SURFACE('',#3303,0.8);
#3303 = AXIS2_PLACEMENT_3D('',#3304,#3305,#3306);
#3304 = CARTESIAN_POINT('',(-45.50000000009,-5.2,9.9999999));
#3305 = DIRECTION('',(1.,0.,0.));
#3306 = DIRECTION('',(0.,-1.,0.));
#3307 = DEFINITIONAL_REPRESENTATION('',(#3308),#3332);
#3308 = B_SPLINE_CURVE_WITH_KNOTS('',8,(#3309,#3310,#3311,#3312,#3313,
    #3314,#3315,#3316,#3317,#3318,#3319,#3320,#3321,#3322,#3323,#3324,
    #3325,#3326,#3327,#3328,#3329,#3330,#3331),.UNSPECIFIED.,.F.,.F.,(9,
    7,7,9),(69.945948306062,70.537265650409,70.832924322583,
    71.128582994756),.UNSPECIFIED.);
#3309 = CARTESIAN_POINT('',(6.333725608302E-18,12.771739789596));
#3310 = CARTESIAN_POINT('',(-9.617975778612E-02,12.771739789596));
#3311 = CARTESIAN_POINT('',(-0.193642059016,12.773836712082));
#3312 = CARTESIAN_POINT('',(-0.292205243904,12.778105621588));
#3313 = CARTESIAN_POINT('',(-0.391556785152,12.784530995064));
#3314 = CARTESIAN_POINT('',(-0.491318168207,12.793009594842));
#3315 = CARTESIAN_POINT('',(-0.591109771519,12.803353341657));
#3316 = CARTESIAN_POINT('',(-0.690615746799,12.815292187608));
#3317 = CARTESIAN_POINT('',(-0.83916547551,12.835069389947));
#3318 = CARTESIAN_POINT('',(-0.888544591891,12.841970769477));
#3319 = CARTESIAN_POINT('',(-0.937923614222,12.849168971308));
#3320 = CARTESIAN_POINT('',(-0.986811771825,12.856536465296));
#3321 = CARTESIAN_POINT('',(-1.036077345557,12.864163486851));
#3322 = CARTESIAN_POINT('',(-1.085019098189,12.871910660817));
#3323 = CARTESIAN_POINT('',(-1.133824919013,12.879739105421));
#3324 = CARTESIAN_POINT('',(-1.231135617294,12.89548203005));
#3325 = CARTESIAN_POINT('',(-1.279644653185,12.903396401147));
#3326 = CARTESIAN_POINT('',(-1.328018809763,12.911309503669));
#3327 = CARTESIAN_POINT('',(-1.376305660048,12.919186689554));
#3328 = CARTESIAN_POINT('',(-1.424588916152,12.927002840014));
#3329 = CARTESIAN_POINT('',(-1.472988429272,12.934742365565));
#3330 = CARTESIAN_POINT('',(-1.521660189695,12.942399205996));
#3331 = CARTESIAN_POINT('',(-1.570796326795,12.949976830394));
#3332 = ( GEOMETRIC_REPRESENTATION_CONTEXT(2) 
PARAMETRIC_REPRESENTATION_CONTEXT() REPRESENTATION_CONTEXT('2D SPACE',''
  ) );
#3333 = ORIENTED_EDGE('',*,*,#3334,.F.);
#3334 = EDGE_CURVE('',#1116,#3278,#3335,.T.);
#3335 = SURFACE_CURVE('',#3336,(#3340,#3347),.PCURVE_S1.);
#3336 = ( BOUNDED_CURVE() B_SPLINE_CURVE(2,(#3337,#3338,#3339),
.UNSPECIFIED.,.F.,.F.) B_SPLINE_CURVE_WITH_KNOTS((3,3),(0.,
1.182634688694),.PIECEWISE_BEZIER_KNOTS.) CURVE() 
GEOMETRIC_REPRESENTATION_ITEM() RATIONAL_B_SPLINE_CURVE((1.,
0.707106781187,1.)) REPRESENTATION_ITEM('') );
#3337 = CARTESIAN_POINT('',(-31.75371354858,-5.276752767528,11.5999999)
  );
#3338 = CARTESIAN_POINT('',(-31.75371354858,-5.276752767528,10.7999999)
  );
#3339 = CARTESIAN_POINT('',(-32.5500231697,-5.2,10.7999999));
#3340 = PCURVE('',#1218,#3341);
#3341 = DEFINITIONAL_REPRESENTATION('',(#3342),#3346);
#3342 = LINE('',#3343,#3344);
#3343 = CARTESIAN_POINT('',(0.,71.128582994756));
#3344 = VECTOR('',#3345,1.);
#3345 = DIRECTION('',(1.,0.));
#3346 = ( GEOMETRIC_REPRESENTATION_CONTEXT(2) 
PARAMETRIC_REPRESENTATION_CONTEXT() REPRESENTATION_CONTEXT('2D SPACE',''
  ) );
#3347 = PCURVE('',#1132,#3348);
#3348 = DEFINITIONAL_REPRESENTATION('',(#3349),#3360);
#3349 = B_SPLINE_CURVE_WITH_KNOTS('',9,(#3350,#3351,#3352,#3353,#3354,
    #3355,#3356,#3357,#3358,#3359),.UNSPECIFIED.,.F.,.F.,(10,10),(0.,
    1.182634688694),.PIECEWISE_BEZIER_KNOTS.);
#3350 = CARTESIAN_POINT('',(1.401877872302E-03,-1.110223024625E-16));
#3351 = CARTESIAN_POINT('',(1.401877872301E-03,0.157134840264));
#3352 = CARTESIAN_POINT('',(1.401877872302E-03,0.325774716871));
#3353 = CARTESIAN_POINT('',(1.401877872301E-03,0.504566386719));
#3354 = CARTESIAN_POINT('',(1.401877872302E-03,0.690744851727));
#3355 = CARTESIAN_POINT('',(1.401877872301E-03,0.880051475299));
#3356 = CARTESIAN_POINT('',(1.401877872302E-03,1.066229939773));
#3357 = CARTESIAN_POINT('',(1.401877872301E-03,1.245021610025));
#3358 = CARTESIAN_POINT('',(1.401877872302E-03,1.413661486531));
#3359 = CARTESIAN_POINT('',(1.401877872302E-03,1.570796326795));
#3360 = ( GEOMETRIC_REPRESENTATION_CONTEXT(2) 
PARAMETRIC_REPRESENTATION_CONTEXT() REPRESENTATION_CONTEXT('2D SPACE',''
  ) );
#3361 = ORIENTED_EDGE('',*,*,#1144,.F.);
#3362 = ADVANCED_FACE('',(#3363),#1132,.T.);
#3363 = FACE_BOUND('',#3364,.F.);
#3364 = EDGE_LOOP('',(#3365,#3366,#3367,#3368));
#3365 = ORIENTED_EDGE('',*,*,#3334,.F.);
#3366 = ORIENTED_EDGE('',*,*,#1115,.T.);
#3367 = ORIENTED_EDGE('',*,*,#3185,.T.);
#3368 = ORIENTED_EDGE('',*,*,#3369,.F.);
#3369 = EDGE_CURVE('',#3278,#3186,#3370,.T.);
#3370 = SURFACE_CURVE('',#3371,(#3376,#3383),.PCURVE_S1.);
#3371 = CIRCLE('',#3372,54.2);
#3372 = AXIS2_PLACEMENT_3D('',#3373,#3374,#3375);
#3373 = CARTESIAN_POINT('',(-86.50000000009,0.,10.7999999));
#3374 = DIRECTION('',(-0.,0.,1.));
#3375 = DIRECTION('',(0.995520545757,-9.454545454545E-02,0.));
#3376 = PCURVE('',#1132,#3377);
#3377 = DEFINITIONAL_REPRESENTATION('',(#3378),#3382);
#3378 = LINE('',#3379,#3380);
#3379 = CARTESIAN_POINT('',(-0.,1.570796326795));
#3380 = VECTOR('',#3381,1.);
#3381 = DIRECTION('',(-1.,0.));
#3382 = ( GEOMETRIC_REPRESENTATION_CONTEXT(2) 
PARAMETRIC_REPRESENTATION_CONTEXT() REPRESENTATION_CONTEXT('2D SPACE',''
  ) );
#3383 = PCURVE('',#3384,#3389);
#3384 = PLANE('',#3385);
#3385 = AXIS2_PLACEMENT_3D('',#3386,#3387,#3388);
#3386 = CARTESIAN_POINT('',(-45.50000000009,-6.,10.7999999));
#3387 = DIRECTION('',(0.,0.,1.));
#3388 = DIRECTION('',(1.,0.,0.));
#3389 = DEFINITIONAL_REPRESENTATION('',(#3390),#3394);
#3390 = CIRCLE('',#3391,54.2);
#3391 = AXIS2_PLACEMENT_2D('',#3392,#3393);
#3392 = CARTESIAN_POINT('',(-41.,6.));
#3393 = DIRECTION('',(0.995520545757,-9.454545454545E-02));
#3394 = ( GEOMETRIC_REPRESENTATION_CONTEXT(2) 
PARAMETRIC_REPRESENTATION_CONTEXT() REPRESENTATION_CONTEXT('2D SPACE',''
  ) );
#3395 = ADVANCED_FACE('',(#3396),#1492,.T.);
#3396 = FACE_BOUND('',#3397,.F.);
#3397 = EDGE_LOOP('',(#3398,#3427,#3428,#3429));
#3398 = ORIENTED_EDGE('',*,*,#3399,.F.);
#3399 = EDGE_CURVE('',#1450,#3400,#3402,.T.);
#3400 = VERTEX_POINT('',#3401);
#3401 = CARTESIAN_POINT('',(-38.93951219771,-25.2,10.7999999));
#3402 = SURFACE_CURVE('',#3403,(#3408,#3415),.PCURVE_S1.);
#3403 = CIRCLE('',#3404,0.8);
#3404 = AXIS2_PLACEMENT_3D('',#3405,#3406,#3407);
#3405 = CARTESIAN_POINT('',(-38.93951219771,-25.2,11.5999999));
#3406 = DIRECTION('',(1.,0.,0.));
#3407 = DIRECTION('',(0.,-1.,0.));
#3408 = PCURVE('',#1492,#3409);
#3409 = DEFINITIONAL_REPRESENTATION('',(#3410),#3414);
#3410 = LINE('',#3411,#3412);
#3411 = CARTESIAN_POINT('',(1.110223024625E-15,-0.));
#3412 = VECTOR('',#3413,1.);
#3413 = DIRECTION('',(-0.,1.));
#3414 = ( GEOMETRIC_REPRESENTATION_CONTEXT(2) 
PARAMETRIC_REPRESENTATION_CONTEXT() REPRESENTATION_CONTEXT('2D SPACE',''
  ) );
#3415 = PCURVE('',#3416,#3421);
#3416 = CYLINDRICAL_SURFACE('',#3417,0.8);
#3417 = AXIS2_PLACEMENT_3D('',#3418,#3419,#3420);
#3418 = CARTESIAN_POINT('',(-40.63334544583,-25.2,11.5999999));
#3419 = DIRECTION('',(1.,0.,0.));
#3420 = DIRECTION('',(0.,-1.,0.));
#3421 = DEFINITIONAL_REPRESENTATION('',(#3422),#3426);
#3422 = LINE('',#3423,#3424);
#3423 = CARTESIAN_POINT('',(0.,1.693833248114));
#3424 = VECTOR('',#3425,1.);
#3425 = DIRECTION('',(1.,0.));
#3426 = ( GEOMETRIC_REPRESENTATION_CONTEXT(2) 
PARAMETRIC_REPRESENTATION_CONTEXT() REPRESENTATION_CONTEXT('2D SPACE',''
  ) );
#3427 = ORIENTED_EDGE('',*,*,#1477,.T.);
#3428 = ORIENTED_EDGE('',*,*,#1517,.T.);
#3429 = ORIENTED_EDGE('',*,*,#3430,.F.);
#3430 = EDGE_CURVE('',#3400,#1518,#3431,.T.);
#3431 = SURFACE_CURVE('',#3432,(#3437,#3444),.PCURVE_S1.);
#3432 = CIRCLE('',#3433,0.7);
#3433 = AXIS2_PLACEMENT_3D('',#3434,#3435,#3436);
#3434 = CARTESIAN_POINT('',(-38.93951219771,-24.5,10.7999999));
#3435 = DIRECTION('',(-0.,0.,1.));
#3436 = DIRECTION('',(4.736951571734E-15,-1.,0.));
#3437 = PCURVE('',#1492,#3438);
#3438 = DEFINITIONAL_REPRESENTATION('',(#3439),#3443);
#3439 = LINE('',#3440,#3441);
#3440 = CARTESIAN_POINT('',(-0.,1.570796326795));
#3441 = VECTOR('',#3442,1.);
#3442 = DIRECTION('',(-1.,0.));
#3443 = ( GEOMETRIC_REPRESENTATION_CONTEXT(2) 
PARAMETRIC_REPRESENTATION_CONTEXT() REPRESENTATION_CONTEXT('2D SPACE',''
  ) );
#3444 = PCURVE('',#1588,#3445);
#3445 = DEFINITIONAL_REPRESENTATION('',(#3446),#3450);
#3446 = CIRCLE('',#3447,0.7);
#3447 = AXIS2_PLACEMENT_2D('',#3448,#3449);
#3448 = CARTESIAN_POINT('',(12.07173294035,-0.755824354447));
#3449 = DIRECTION('',(0.342020143326,-0.939692620786));
#3450 = ( GEOMETRIC_REPRESENTATION_CONTEXT(2) 
PARAMETRIC_REPRESENTATION_CONTEXT() REPRESENTATION_CONTEXT('2D SPACE',''
  ) );
#3451 = ADVANCED_FACE('',(#3452),#1427,.T.);
#3452 = FACE_BOUND('',#3453,.T.);
#3453 = EDGE_LOOP('',(#3454,#3455,#3483,#3510));
#3454 = ORIENTED_EDGE('',*,*,#1675,.F.);
#3455 = ORIENTED_EDGE('',*,*,#3456,.T.);
#3456 = EDGE_CURVE('',#1643,#3457,#3459,.T.);
#3457 = VERTEX_POINT('',#3458);
#3458 = CARTESIAN_POINT('',(-38.93951219771,-24.8,14.5999999));
#3459 = SURFACE_CURVE('',#3460,(#3465,#3472),.PCURVE_S1.);
#3460 = CIRCLE('',#3461,0.3);
#3461 = AXIS2_PLACEMENT_3D('',#3462,#3463,#3464);
#3462 = CARTESIAN_POINT('',(-38.93951219771,-24.5,14.5999999));
#3463 = DIRECTION('',(0.,-0.,-1.));
#3464 = DIRECTION('',(0.888981080418,-0.457943925234,0.));
#3465 = PCURVE('',#1427,#3466);
#3466 = DEFINITIONAL_REPRESENTATION('',(#3467),#3471);
#3467 = LINE('',#3468,#3469);
#3468 = CARTESIAN_POINT('',(0.,4.712388980385));
#3469 = VECTOR('',#3470,1.);
#3470 = DIRECTION('',(1.,0.));
#3471 = ( GEOMETRIC_REPRESENTATION_CONTEXT(2) 
PARAMETRIC_REPRESENTATION_CONTEXT() REPRESENTATION_CONTEXT('2D SPACE',''
  ) );
#3472 = PCURVE('',#1659,#3473);
#3473 = DEFINITIONAL_REPRESENTATION('',(#3474),#3482);
#3474 = ( BOUNDED_CURVE() B_SPLINE_CURVE(2,(#3475,#3476,#3477,#3478,
#3479,#3480,#3481),.UNSPECIFIED.,.T.,.F.) B_SPLINE_CURVE_WITH_KNOTS((1,2
    ,2,2,2,1),(-2.094395102393,0.,2.094395102393,4.188790204786,
6.28318530718,8.377580409573),.UNSPECIFIED.) CURVE() 
GEOMETRIC_REPRESENTATION_ITEM() RATIONAL_B_SPLINE_CURVE((1.,0.5,1.,0.5,
1.,0.5,1.)) REPRESENTATION_ITEM('') );
#3475 = CARTESIAN_POINT('',(47.827182126502,-24.63738317757));
#3476 = CARTESIAN_POINT('',(47.589227482845,-25.09931129704));
#3477 = CARTESIAN_POINT('',(47.308163318485,-24.66227247095));
#3478 = CARTESIAN_POINT('',(47.027099154126,-24.22523364486));
#3479 = CARTESIAN_POINT('',(47.546117962142,-24.20034435147));
#3480 = CARTESIAN_POINT('',(48.065136770159,-24.17545505809));
#3481 = CARTESIAN_POINT('',(47.827182126502,-24.63738317757));
#3482 = ( GEOMETRIC_REPRESENTATION_CONTEXT(2) 
PARAMETRIC_REPRESENTATION_CONTEXT() REPRESENTATION_CONTEXT('2D SPACE',''
  ) );
#3483 = ORIENTED_EDGE('',*,*,#3484,.T.);
#3484 = EDGE_CURVE('',#3457,#1411,#3485,.T.);
#3485 = SURFACE_CURVE('',#3486,(#3491,#3498),.PCURVE_S1.);
#3486 = CIRCLE('',#3487,1.2);
#3487 = AXIS2_PLACEMENT_3D('',#3488,#3489,#3490);
#3488 = CARTESIAN_POINT('',(-38.93951219771,-24.8,13.3999999));
#3489 = DIRECTION('',(1.,0.,-0.));
#3490 = DIRECTION('',(0.,0.,1.));
#3491 = PCURVE('',#1427,#3492);
#3492 = DEFINITIONAL_REPRESENTATION('',(#3493),#3497);
#3493 = LINE('',#3494,#3495);
#3494 = CARTESIAN_POINT('',(1.09511535401,4.712388980385));
#3495 = VECTOR('',#3496,1.);
#3496 = DIRECTION('',(0.,1.));
#3497 = ( GEOMETRIC_REPRESENTATION_CONTEXT(2) 
PARAMETRIC_REPRESENTATION_CONTEXT() REPRESENTATION_CONTEXT('2D SPACE',''
  ) );
#3498 = PCURVE('',#3499,#3504);
#3499 = CYLINDRICAL_SURFACE('',#3500,1.2);
#3500 = AXIS2_PLACEMENT_3D('',#3501,#3502,#3503);
#3501 = CARTESIAN_POINT('',(-38.93951219771,-24.8,13.3999999));
#3502 = DIRECTION('',(-1.,0.,0.));
#3503 = DIRECTION('',(0.,0.,1.));
#3504 = DEFINITIONAL_REPRESENTATION('',(#3505),#3509);
#3505 = LINE('',#3506,#3507);
#3506 = CARTESIAN_POINT('',(-0.,7.105427357601E-15));
#3507 = VECTOR('',#3508,1.);
#3508 = DIRECTION('',(-1.,0.));
#3509 = ( GEOMETRIC_REPRESENTATION_CONTEXT(2) 
PARAMETRIC_REPRESENTATION_CONTEXT() REPRESENTATION_CONTEXT('2D SPACE',''
  ) );
#3510 = ORIENTED_EDGE('',*,*,#1410,.F.);
#3511 = ADVANCED_FACE('',(#3512),#1465,.F.);
#3512 = FACE_BOUND('',#3513,.F.);
#3513 = EDGE_LOOP('',(#3514,#3544,#3565,#3566));
#3514 = ORIENTED_EDGE('',*,*,#3515,.F.);
#3515 = EDGE_CURVE('',#3516,#3518,#3520,.T.);
#3516 = VERTEX_POINT('',#3517);
#3517 = CARTESIAN_POINT('',(-40.63334544583,-26.,13.3999999));
#3518 = VERTEX_POINT('',#3519);
#3519 = CARTESIAN_POINT('',(-40.63334544583,-26.,11.5999999));
#3520 = SURFACE_CURVE('',#3521,(#3525,#3532),.PCURVE_S1.);
#3521 = LINE('',#3522,#3523);
#3522 = CARTESIAN_POINT('',(-40.63334544583,-26.,14.5999999));
#3523 = VECTOR('',#3524,1.);
#3524 = DIRECTION('',(0.,-0.,-1.));
#3525 = PCURVE('',#1465,#3526);
#3526 = DEFINITIONAL_REPRESENTATION('',(#3527),#3531);
#3527 = LINE('',#3528,#3529);
#3528 = CARTESIAN_POINT('',(20.5,45.866654554262));
#3529 = VECTOR('',#3530,1.);
#3530 = DIRECTION('',(-1.,0.));
#3531 = ( GEOMETRIC_REPRESENTATION_CONTEXT(2) 
PARAMETRIC_REPRESENTATION_CONTEXT() REPRESENTATION_CONTEXT('2D SPACE',''
  ) );
#3532 = PCURVE('',#3533,#3538);
#3533 = CYLINDRICAL_SURFACE('',#3534,1.5);
#3534 = AXIS2_PLACEMENT_3D('',#3535,#3536,#3537);
#3535 = CARTESIAN_POINT('',(-40.63334544583,-24.5,14.5999999));
#3536 = DIRECTION('',(0.,-0.,-1.));
#3537 = DIRECTION('',(-0.88205104912,0.471153846154,0.));
#3538 = DEFINITIONAL_REPRESENTATION('',(#3539),#3543);
#3539 = LINE('',#3540,#3541);
#3540 = CARTESIAN_POINT('',(-2.061394788348,0.));
#3541 = VECTOR('',#3542,1.);
#3542 = DIRECTION('',(-0.,1.));
#3543 = ( GEOMETRIC_REPRESENTATION_CONTEXT(2) 
PARAMETRIC_REPRESENTATION_CONTEXT() REPRESENTATION_CONTEXT('2D SPACE',''
  ) );
#3544 = ORIENTED_EDGE('',*,*,#3545,.F.);
#3545 = EDGE_CURVE('',#1411,#3516,#3546,.T.);
#3546 = SURFACE_CURVE('',#3547,(#3551,#3558),.PCURVE_S1.);
#3547 = LINE('',#3548,#3549);
#3548 = CARTESIAN_POINT('',(-38.93951219771,-26.,13.3999999));
#3549 = VECTOR('',#3550,1.);
#3550 = DIRECTION('',(-1.,0.,0.));
#3551 = PCURVE('',#1465,#3552);
#3552 = DEFINITIONAL_REPRESENTATION('',(#3553),#3557);
#3553 = LINE('',#3554,#3555);
#3554 = CARTESIAN_POINT('',(19.3,47.560487802376));
#3555 = VECTOR('',#3556,1.);
#3556 = DIRECTION('',(0.,-1.));
#3557 = ( GEOMETRIC_REPRESENTATION_CONTEXT(2) 
PARAMETRIC_REPRESENTATION_CONTEXT() REPRESENTATION_CONTEXT('2D SPACE',''
  ) );
#3558 = PCURVE('',#3499,#3559);
#3559 = DEFINITIONAL_REPRESENTATION('',(#3560),#3564);
#3560 = LINE('',#3561,#3562);
#3561 = CARTESIAN_POINT('',(-1.570796326795,0.));
#3562 = VECTOR('',#3563,1.);
#3563 = DIRECTION('',(-0.,1.));
#3564 = ( GEOMETRIC_REPRESENTATION_CONTEXT(2) 
PARAMETRIC_REPRESENTATION_CONTEXT() REPRESENTATION_CONTEXT('2D SPACE',''
  ) );
#3565 = ORIENTED_EDGE('',*,*,#1449,.T.);
#3566 = ORIENTED_EDGE('',*,*,#3567,.F.);
#3567 = EDGE_CURVE('',#3518,#1450,#3568,.T.);
#3568 = SURFACE_CURVE('',#3569,(#3573,#3580),.PCURVE_S1.);
#3569 = LINE('',#3570,#3571);
#3570 = CARTESIAN_POINT('',(-40.63334544583,-26.,11.5999999));
#3571 = VECTOR('',#3572,1.);
#3572 = DIRECTION('',(1.,0.,0.));
#3573 = PCURVE('',#1465,#3574);
#3574 = DEFINITIONAL_REPRESENTATION('',(#3575),#3579);
#3575 = LINE('',#3576,#3577);
#3576 = CARTESIAN_POINT('',(17.5,45.866654554262));
#3577 = VECTOR('',#3578,1.);
#3578 = DIRECTION('',(0.,1.));
#3579 = ( GEOMETRIC_REPRESENTATION_CONTEXT(2) 
PARAMETRIC_REPRESENTATION_CONTEXT() REPRESENTATION_CONTEXT('2D SPACE',''
  ) );
#3580 = PCURVE('',#3416,#3581);
#3581 = DEFINITIONAL_REPRESENTATION('',(#3582),#3586);
#3582 = LINE('',#3583,#3584);
#3583 = CARTESIAN_POINT('',(0.,0.));
#3584 = VECTOR('',#3585,1.);
#3585 = DIRECTION('',(0.,1.));
#3586 = ( GEOMETRIC_REPRESENTATION_CONTEXT(2) 
PARAMETRIC_REPRESENTATION_CONTEXT() REPRESENTATION_CONTEXT('2D SPACE',''
  ) );
#3587 = ADVANCED_FACE('',(#3588),#1588,.F.);
#3588 = FACE_BOUND('',#3589,.F.);
#3589 = EDGE_LOOP('',(#3590,#3613,#3646,#3685,#3706,#3707));
#3590 = ORIENTED_EDGE('',*,*,#3591,.F.);
#3591 = EDGE_CURVE('',#3592,#1543,#3594,.T.);
#3592 = VERTEX_POINT('',#3593);
#3593 = CARTESIAN_POINT('',(-36.76355712788,-12.56886034689,10.7999999)
  );
#3594 = SURFACE_CURVE('',#3595,(#3599,#3606),.PCURVE_S1.);
#3595 = LINE('',#3596,#3597);
#3596 = CARTESIAN_POINT('',(-46.19409780257,-9.136424248266,10.7999999)
  );
#3597 = VECTOR('',#3598,1.);
#3598 = DIRECTION('',(0.939692620786,-0.342020143326,0.));
#3599 = PCURVE('',#1588,#3600);
#3600 = DEFINITIONAL_REPRESENTATION('',(#3601),#3605);
#3601 = LINE('',#3602,#3603);
#3602 = CARTESIAN_POINT('',(1.33226762955E-15,11.2));
#3603 = VECTOR('',#3604,1.);
#3604 = DIRECTION('',(1.,0.));
#3605 = ( GEOMETRIC_REPRESENTATION_CONTEXT(2) 
PARAMETRIC_REPRESENTATION_CONTEXT() REPRESENTATION_CONTEXT('2D SPACE',''
  ) );
#3606 = PCURVE('',#1727,#3607);
#3607 = DEFINITIONAL_REPRESENTATION('',(#3608),#3612);
#3608 = LINE('',#3609,#3610);
#3609 = CARTESIAN_POINT('',(1.570796326795,0.));
#3610 = VECTOR('',#3611,1.);
#3611 = DIRECTION('',(0.,1.));
#3612 = ( GEOMETRIC_REPRESENTATION_CONTEXT(2) 
PARAMETRIC_REPRESENTATION_CONTEXT() REPRESENTATION_CONTEXT('2D SPACE',''
  ) );
#3613 = ORIENTED_EDGE('',*,*,#3614,.T.);
#3614 = EDGE_CURVE('',#3592,#3615,#3617,.T.);
#3615 = VERTEX_POINT('',#3616);
#3616 = CARTESIAN_POINT('',(-41.25078118021,-24.17019230769,10.7999999)
  );
#3617 = SURFACE_CURVE('',#3618,(#3623,#3634),.PCURVE_S1.);
#3618 = CIRCLE('',#3619,51.3);
#3619 = AXIS2_PLACEMENT_3D('',#3620,#3621,#3622);
#3620 = CARTESIAN_POINT('',(-86.50000000009,3.552713678801E-15,
    10.7999999));
#3621 = DIRECTION('',(0.,-0.,-1.));
#3622 = DIRECTION('',(0.969915535879,-0.243441683488,0.));
#3623 = PCURVE('',#1588,#3624);
#3624 = DEFINITIONAL_REPRESENTATION('',(#3625),#3633);
#3625 = ( BOUNDED_CURVE() B_SPLINE_CURVE(2,(#3626,#3627,#3628,#3629,
#3630,#3631,#3632),.UNSPECIFIED.,.T.,.F.) B_SPLINE_CURVE_WITH_KNOTS((1,2
    ,2,2,2,1),(-2.094395102393,0.,2.094395102393,4.188790204786,
6.28318530718,8.377580409573),.UNSPECIFIED.) CURVE() 
GEOMETRIC_REPRESENTATION_ITEM() RATIONAL_B_SPLINE_CURVE((1.,0.5,1.,0.5,
1.,0.5,1.)) REPRESENTATION_ITEM('') );
#3626 = CARTESIAN_POINT('',(10.027311327212,11.282376237624));
#3627 = CARTESIAN_POINT('',(19.176655355471,-77.09951955474));
#3628 = CARTESIAN_POINT('',(-61.93898364947,-40.83213601499));
#3629 = CARTESIAN_POINT('',(-143.0546226544,-4.564752475248));
#3630 = CARTESIAN_POINT('',(-71.08832767773,47.549759777371));
#3631 = CARTESIAN_POINT('',(0.877967298953,99.664272029989));
#3632 = CARTESIAN_POINT('',(10.027311327212,11.282376237624));
#3633 = ( GEOMETRIC_REPRESENTATION_CONTEXT(2) 
PARAMETRIC_REPRESENTATION_CONTEXT() REPRESENTATION_CONTEXT('2D SPACE',''
  ) );
#3634 = PCURVE('',#3635,#3640);
#3635 = TOROIDAL_SURFACE('',#3636,51.3,0.8);
#3636 = AXIS2_PLACEMENT_3D('',#3637,#3638,#3639);
#3637 = CARTESIAN_POINT('',(-86.50000000009,3.552713678801E-15,
    11.5999999));
#3638 = DIRECTION('',(0.,0.,1.));
#3639 = DIRECTION('',(0.969915535879,-0.243441683488,0.));
#3640 = DEFINITIONAL_REPRESENTATION('',(#3641),#3645);
#3641 = LINE('',#3642,#3643);
#3642 = CARTESIAN_POINT('',(-0.,4.712388980385));
#3643 = VECTOR('',#3644,1.);
#3644 = DIRECTION('',(-1.,0.));
#3645 = ( GEOMETRIC_REPRESENTATION_CONTEXT(2) 
PARAMETRIC_REPRESENTATION_CONTEXT() REPRESENTATION_CONTEXT('2D SPACE',''
  ) );
#3646 = ORIENTED_EDGE('',*,*,#3647,.T.);
#3647 = EDGE_CURVE('',#3615,#3648,#3650,.T.);
#3648 = VERTEX_POINT('',#3649);
#3649 = CARTESIAN_POINT('',(-40.63334544583,-25.2,10.7999999));
#3650 = SURFACE_CURVE('',#3651,(#3656,#3663),.PCURVE_S1.);
#3651 = CIRCLE('',#3652,0.7);
#3652 = AXIS2_PLACEMENT_3D('',#3653,#3654,#3655);
#3653 = CARTESIAN_POINT('',(-40.63334544583,-24.5,10.7999999));
#3654 = DIRECTION('',(0.,0.,1.));
#3655 = DIRECTION('',(-0.88205104912,0.471153846154,0.));
#3656 = PCURVE('',#1588,#3657);
#3657 = DEFINITIONAL_REPRESENTATION('',(#3658),#3662);
#3658 = CIRCLE('',#3659,0.7);
#3659 = AXIS2_PLACEMENT_2D('',#3660,#3661);
#3660 = CARTESIAN_POINT('',(10.480050336255,-1.335149444737));
#3661 = DIRECTION('',(-0.990000968005,0.141060566245));
#3662 = ( GEOMETRIC_REPRESENTATION_CONTEXT(2) 
PARAMETRIC_REPRESENTATION_CONTEXT() REPRESENTATION_CONTEXT('2D SPACE',''
  ) );
#3663 = PCURVE('',#3664,#3679);
#3664 = SURFACE_OF_REVOLUTION('',#3665,#3676);
#3665 = B_SPLINE_CURVE_WITH_KNOTS('',5,(#3666,#3667,#3668,#3669,#3670,
    #3671,#3672,#3673,#3674,#3675),.UNSPECIFIED.,.F.,.F.,(6,4,6),(0.,
    0.785398163397,1.570796326795),.UNSPECIFIED.);
#3666 = CARTESIAN_POINT('',(-41.95642201951,-23.79326923076,11.5999999)
  );
#3667 = CARTESIAN_POINT('',(-41.95642201951,-23.79326923076,
    11.474336193856));
#3668 = CARTESIAN_POINT('',(-41.93466316582,-23.80489187734,
    11.348670496815));
#3669 = CARTESIAN_POINT('',(-41.89111399377,-23.82815397756,
    11.229474445854));
#3670 = CARTESIAN_POINT('',(-41.8281215939,-23.86180181632,
    11.123172133814));
#3671 = CARTESIAN_POINT('',(-41.67136761163,-23.9455330717,
    10.945456816288));
#3672 = CARTESIAN_POINT('',(-41.57760354577,-23.99561781487,
    10.874040995246));
#3673 = CARTESIAN_POINT('',(-41.47246654397,-24.05177749273,
    10.824668374357));
#3674 = CARTESIAN_POINT('',(-41.36162298405,-24.11098536922,10.7999999)
  );
#3675 = CARTESIAN_POINT('',(-41.25078118021,-24.17019230769,10.7999999)
  );
#3676 = AXIS1_PLACEMENT('',#3677,#3678);
#3677 = CARTESIAN_POINT('',(-40.63334544583,-24.5,11.5999999));
#3678 = DIRECTION('',(0.,0.,-1.));
#3679 = DEFINITIONAL_REPRESENTATION('',(#3680),#3684);
#3680 = LINE('',#3681,#3682);
#3681 = CARTESIAN_POINT('',(-0.,1.570796326795));
#3682 = VECTOR('',#3683,1.);
#3683 = DIRECTION('',(-1.,0.));
#3684 = ( GEOMETRIC_REPRESENTATION_CONTEXT(2) 
PARAMETRIC_REPRESENTATION_CONTEXT() REPRESENTATION_CONTEXT('2D SPACE',''
  ) );
#3685 = ORIENTED_EDGE('',*,*,#3686,.T.);
#3686 = EDGE_CURVE('',#3648,#3400,#3687,.T.);
#3687 = SURFACE_CURVE('',#3688,(#3692,#3699),.PCURVE_S1.);
#3688 = LINE('',#3689,#3690);
#3689 = CARTESIAN_POINT('',(-40.63334544583,-25.2,10.7999999));
#3690 = VECTOR('',#3691,1.);
#3691 = DIRECTION('',(1.,0.,0.));
#3692 = PCURVE('',#1588,#3693);
#3693 = DEFINITIONAL_REPRESENTATION('',(#3694),#3698);
#3694 = LINE('',#3695,#3696);
#3695 = CARTESIAN_POINT('',(10.719464436583,-1.992934279287));
#3696 = VECTOR('',#3697,1.);
#3697 = DIRECTION('',(0.939692620786,0.342020143326));
#3698 = ( GEOMETRIC_REPRESENTATION_CONTEXT(2) 
PARAMETRIC_REPRESENTATION_CONTEXT() REPRESENTATION_CONTEXT('2D SPACE',''
  ) );
#3699 = PCURVE('',#3416,#3700);
#3700 = DEFINITIONAL_REPRESENTATION('',(#3701),#3705);
#3701 = LINE('',#3702,#3703);
#3702 = CARTESIAN_POINT('',(1.570796326795,0.));
#3703 = VECTOR('',#3704,1.);
#3704 = DIRECTION('',(0.,1.));
#3705 = ( GEOMETRIC_REPRESENTATION_CONTEXT(2) 
PARAMETRIC_REPRESENTATION_CONTEXT() REPRESENTATION_CONTEXT('2D SPACE',''
  ) );
#3706 = ORIENTED_EDGE('',*,*,#3430,.T.);
#3707 = ORIENTED_EDGE('',*,*,#1573,.T.);
#3708 = ADVANCED_FACE('',(#3709),#1620,.T.);
#3709 = FACE_BOUND('',#3710,.T.);
#3710 = EDGE_LOOP('',(#3711,#3740,#3766,#3767));
#3711 = ORIENTED_EDGE('',*,*,#3712,.F.);
#3712 = EDGE_CURVE('',#3713,#1793,#3715,.T.);
#3713 = VERTEX_POINT('',#3714);
#3714 = CARTESIAN_POINT('',(-38.93951219771,24.8,14.5999999));
#3715 = SURFACE_CURVE('',#3716,(#3721,#3728),.PCURVE_S1.);
#3716 = CIRCLE('',#3717,1.2);
#3717 = AXIS2_PLACEMENT_3D('',#3718,#3719,#3720);
#3718 = CARTESIAN_POINT('',(-38.93951219771,24.8,13.3999999));
#3719 = DIRECTION('',(-1.,0.,0.));
#3720 = DIRECTION('',(0.,0.,1.));
#3721 = PCURVE('',#1620,#3722);
#3722 = DEFINITIONAL_REPRESENTATION('',(#3723),#3727);
#3723 = LINE('',#3724,#3725);
#3724 = CARTESIAN_POINT('',(0.,4.712388980385));
#3725 = VECTOR('',#3726,1.);
#3726 = DIRECTION('',(0.,1.));
#3727 = ( GEOMETRIC_REPRESENTATION_CONTEXT(2) 
PARAMETRIC_REPRESENTATION_CONTEXT() REPRESENTATION_CONTEXT('2D SPACE',''
  ) );
#3728 = PCURVE('',#3729,#3734);
#3729 = CYLINDRICAL_SURFACE('',#3730,1.2);
#3730 = AXIS2_PLACEMENT_3D('',#3731,#3732,#3733);
#3731 = CARTESIAN_POINT('',(-40.63334544583,24.8,13.3999999));
#3732 = DIRECTION('',(1.,0.,0.));
#3733 = DIRECTION('',(0.,0.,1.));
#3734 = DEFINITIONAL_REPRESENTATION('',(#3735),#3739);
#3735 = LINE('',#3736,#3737);
#3736 = CARTESIAN_POINT('',(-0.,1.693833248114));
#3737 = VECTOR('',#3738,1.);
#3738 = DIRECTION('',(-1.,0.));
#3739 = ( GEOMETRIC_REPRESENTATION_CONTEXT(2) 
PARAMETRIC_REPRESENTATION_CONTEXT() REPRESENTATION_CONTEXT('2D SPACE',''
  ) );
#3740 = ORIENTED_EDGE('',*,*,#3741,.T.);
#3741 = EDGE_CURVE('',#3713,#1604,#3742,.T.);
#3742 = SURFACE_CURVE('',#3743,(#3748,#3755),.PCURVE_S1.);
#3743 = CIRCLE('',#3744,0.3);
#3744 = AXIS2_PLACEMENT_3D('',#3745,#3746,#3747);
#3745 = CARTESIAN_POINT('',(-38.93951219771,24.5,14.5999999));
#3746 = DIRECTION('',(0.,0.,-1.));
#3747 = DIRECTION('',(0.,1.,0.));
#3748 = PCURVE('',#1620,#3749);
#3749 = DEFINITIONAL_REPRESENTATION('',(#3750),#3754);
#3750 = LINE('',#3751,#3752);
#3751 = CARTESIAN_POINT('',(0.,4.712388980385));
#3752 = VECTOR('',#3753,1.);
#3753 = DIRECTION('',(1.,0.));
#3754 = ( GEOMETRIC_REPRESENTATION_CONTEXT(2) 
PARAMETRIC_REPRESENTATION_CONTEXT() REPRESENTATION_CONTEXT('2D SPACE',''
  ) );
#3755 = PCURVE('',#1659,#3756);
#3756 = DEFINITIONAL_REPRESENTATION('',(#3757),#3765);
#3757 = ( BOUNDED_CURVE() B_SPLINE_CURVE(2,(#3758,#3759,#3760,#3761,
#3762,#3763,#3764),.UNSPECIFIED.,.T.,.F.) B_SPLINE_CURVE_WITH_KNOTS((1,2
    ,2,2,2,1),(-2.094395102393,0.,2.094395102393,4.188790204786,
6.28318530718,8.377580409573),.UNSPECIFIED.) CURVE() 
GEOMETRIC_REPRESENTATION_ITEM() RATIONAL_B_SPLINE_CURVE((1.,0.5,1.,0.5,
1.,0.5,1.)) REPRESENTATION_ITEM('') );
#3758 = CARTESIAN_POINT('',(47.560487802376,24.8));
#3759 = CARTESIAN_POINT('',(48.080103044647,24.8));
#3760 = CARTESIAN_POINT('',(47.820295423512,24.35));
#3761 = CARTESIAN_POINT('',(47.560487802376,23.9));
#3762 = CARTESIAN_POINT('',(47.300680181241,24.35));
#3763 = CARTESIAN_POINT('',(47.040872560106,24.8));
#3764 = CARTESIAN_POINT('',(47.560487802376,24.8));
#3765 = ( GEOMETRIC_REPRESENTATION_CONTEXT(2) 
PARAMETRIC_REPRESENTATION_CONTEXT() REPRESENTATION_CONTEXT('2D SPACE',''
  ) );
#3766 = ORIENTED_EDGE('',*,*,#1603,.T.);
#3767 = ORIENTED_EDGE('',*,*,#1792,.F.);
#3768 = ADVANCED_FACE('',(#3769),#1659,.T.);
#3769 = FACE_BOUND('',#3770,.T.);
#3770 = EDGE_LOOP('',(#3771,#3794,#3795,#3796,#3797,#3820,#3863,#3892));
#3771 = ORIENTED_EDGE('',*,*,#3772,.F.);
#3772 = EDGE_CURVE('',#3457,#3773,#3775,.T.);
#3773 = VERTEX_POINT('',#3774);
#3774 = CARTESIAN_POINT('',(-40.63334544583,-24.8,14.5999999));
#3775 = SURFACE_CURVE('',#3776,(#3780,#3787),.PCURVE_S1.);
#3776 = LINE('',#3777,#3778);
#3777 = CARTESIAN_POINT('',(-38.93951219771,-24.8,14.5999999));
#3778 = VECTOR('',#3779,1.);
#3779 = DIRECTION('',(-1.,0.,0.));
#3780 = PCURVE('',#1659,#3781);
#3781 = DEFINITIONAL_REPRESENTATION('',(#3782),#3786);
#3782 = LINE('',#3783,#3784);
#3783 = CARTESIAN_POINT('',(47.560487802376,-24.8));
#3784 = VECTOR('',#3785,1.);
#3785 = DIRECTION('',(-1.,0.));
#3786 = ( GEOMETRIC_REPRESENTATION_CONTEXT(2) 
PARAMETRIC_REPRESENTATION_CONTEXT() REPRESENTATION_CONTEXT('2D SPACE',''
  ) );
#3787 = PCURVE('',#3499,#3788);
#3788 = DEFINITIONAL_REPRESENTATION('',(#3789),#3793);
#3789 = LINE('',#3790,#3791);
#3790 = CARTESIAN_POINT('',(-0.,0.));
#3791 = VECTOR('',#3792,1.);
#3792 = DIRECTION('',(-0.,1.));
#3793 = ( GEOMETRIC_REPRESENTATION_CONTEXT(2) 
PARAMETRIC_REPRESENTATION_CONTEXT() REPRESENTATION_CONTEXT('2D SPACE',''
  ) );
#3794 = ORIENTED_EDGE('',*,*,#3456,.F.);
#3795 = ORIENTED_EDGE('',*,*,#1642,.F.);
#3796 = ORIENTED_EDGE('',*,*,#3741,.F.);
#3797 = ORIENTED_EDGE('',*,*,#3798,.F.);
#3798 = EDGE_CURVE('',#3799,#3713,#3801,.T.);
#3799 = VERTEX_POINT('',#3800);
#3800 = CARTESIAN_POINT('',(-40.63334544583,24.8,14.5999999));
#3801 = SURFACE_CURVE('',#3802,(#3806,#3813),.PCURVE_S1.);
#3802 = LINE('',#3803,#3804);
#3803 = CARTESIAN_POINT('',(-40.63334544583,24.8,14.5999999));
#3804 = VECTOR('',#3805,1.);
#3805 = DIRECTION('',(1.,0.,0.));
#3806 = PCURVE('',#1659,#3807);
#3807 = DEFINITIONAL_REPRESENTATION('',(#3808),#3812);
#3808 = LINE('',#3809,#3810);
#3809 = CARTESIAN_POINT('',(45.866654554262,24.8));
#3810 = VECTOR('',#3811,1.);
#3811 = DIRECTION('',(1.,0.));
#3812 = ( GEOMETRIC_REPRESENTATION_CONTEXT(2) 
PARAMETRIC_REPRESENTATION_CONTEXT() REPRESENTATION_CONTEXT('2D SPACE',''
  ) );
#3813 = PCURVE('',#3729,#3814);
#3814 = DEFINITIONAL_REPRESENTATION('',(#3815),#3819);
#3815 = LINE('',#3816,#3817);
#3816 = CARTESIAN_POINT('',(-0.,0.));
#3817 = VECTOR('',#3818,1.);
#3818 = DIRECTION('',(-0.,1.));
#3819 = ( GEOMETRIC_REPRESENTATION_CONTEXT(2) 
PARAMETRIC_REPRESENTATION_CONTEXT() REPRESENTATION_CONTEXT('2D SPACE',''
  ) );
#3820 = ORIENTED_EDGE('',*,*,#3821,.F.);
#3821 = EDGE_CURVE('',#3822,#3799,#3824,.T.);
#3822 = VERTEX_POINT('',#3823);
#3823 = CARTESIAN_POINT('',(-40.89796076056,24.358653846154,14.5999999)
  );
#3824 = SURFACE_CURVE('',#3825,(#3830,#3841),.PCURVE_S1.);
#3825 = CIRCLE('',#3826,0.3);
#3826 = AXIS2_PLACEMENT_3D('',#3827,#3828,#3829);
#3827 = CARTESIAN_POINT('',(-40.63334544583,24.5,14.5999999));
#3828 = DIRECTION('',(-0.,0.,-1.));
#3829 = DIRECTION('',(-0.88205104912,-0.471153846154,0.));
#3830 = PCURVE('',#1659,#3831);
#3831 = DEFINITIONAL_REPRESENTATION('',(#3832),#3840);
#3832 = ( BOUNDED_CURVE() B_SPLINE_CURVE(2,(#3833,#3834,#3835,#3836,
#3837,#3838,#3839),.UNSPECIFIED.,.T.,.F.) B_SPLINE_CURVE_WITH_KNOTS((1,2
    ,2,2,2,1),(-2.094395102393,0.,2.094395102393,4.188790204786,
6.28318530718,8.377580409573),.UNSPECIFIED.) CURVE() 
GEOMETRIC_REPRESENTATION_ITEM() RATIONAL_B_SPLINE_CURVE((1.,0.5,1.,0.5,
1.,0.5,1.)) REPRESENTATION_ITEM('') );
#3833 = CARTESIAN_POINT('',(45.602039239526,24.358653846154));
#3834 = CARTESIAN_POINT('',(45.35722051961,24.816981015738));
#3835 = CARTESIAN_POINT('',(45.876552851672,24.799836661715));
#3836 = CARTESIAN_POINT('',(46.395885183734,24.782692307692));
#3837 = CARTESIAN_POINT('',(46.121371571588,24.341509492131));
#3838 = CARTESIAN_POINT('',(45.846857959442,23.90032667657));
#3839 = CARTESIAN_POINT('',(45.602039239526,24.358653846154));
#3840 = ( GEOMETRIC_REPRESENTATION_CONTEXT(2) 
PARAMETRIC_REPRESENTATION_CONTEXT() REPRESENTATION_CONTEXT('2D SPACE',''
  ) );
#3841 = PCURVE('',#3842,#3857);
#3842 = SURFACE_OF_REVOLUTION('',#3843,#3854);
#3843 = B_SPLINE_CURVE_WITH_KNOTS('',5,(#3844,#3845,#3846,#3847,#3848,
    #3849,#3850,#3851,#3852,#3853),.UNSPECIFIED.,.F.,.F.,(6,4,6),(
    4.712388980385,5.497787143782,6.28318530718),.UNSPECIFIED.);
#3844 = CARTESIAN_POINT('',(-40.89796076056,24.358653846154,14.5999999)
  );
#3845 = CARTESIAN_POINT('',(-41.06422346632,24.269843438447,14.5999999)
  );
#3846 = CARTESIAN_POINT('',(-41.2304888062,24.18103162371,
    14.562997188465));
#3847 = CARTESIAN_POINT('',(-41.3881943089,24.096792106925,
    14.488938257131));
#3848 = CARTESIAN_POINT('',(-41.52884040769,24.021664992167,
    14.381814525569));
#3849 = CARTESIAN_POINT('',(-41.76397138109,23.896068109107,
    14.115241549279));
#3850 = CARTESIAN_POINT('',(-41.8584599809,23.845596350967,
    13.955788081219));
#3851 = CARTESIAN_POINT('',(-41.92378373898,23.810703200627,
    13.776994004778));
#3852 = CARTESIAN_POINT('',(-41.95642201951,23.793269230769,
    13.588495459215));
#3853 = CARTESIAN_POINT('',(-41.95642201951,23.793269230769,13.3999999)
  );
#3854 = AXIS1_PLACEMENT('',#3855,#3856);
#3855 = CARTESIAN_POINT('',(-40.63334544583,24.5,13.3999999));
#3856 = DIRECTION('',(0.,-0.,-1.));
#3857 = DEFINITIONAL_REPRESENTATION('',(#3858),#3862);
#3858 = LINE('',#3859,#3860);
#3859 = CARTESIAN_POINT('',(0.,4.712388980385));
#3860 = VECTOR('',#3861,1.);
#3861 = DIRECTION('',(1.,0.));
#3862 = ( GEOMETRIC_REPRESENTATION_CONTEXT(2) 
PARAMETRIC_REPRESENTATION_CONTEXT() REPRESENTATION_CONTEXT('2D SPACE',''
  ) );
#3863 = ORIENTED_EDGE('',*,*,#3864,.F.);
#3864 = EDGE_CURVE('',#3865,#3822,#3867,.T.);
#3865 = VERTEX_POINT('',#3866);
#3866 = CARTESIAN_POINT('',(-40.89796076056,-24.35865384615,14.5999999)
  );
#3867 = SURFACE_CURVE('',#3868,(#3873,#3880),.PCURVE_S1.);
#3868 = CIRCLE('',#3869,51.7);
#3869 = AXIS2_PLACEMENT_3D('',#3870,#3871,#3872);
#3870 = CARTESIAN_POINT('',(-86.50000000009,0.,14.5999999));
#3871 = DIRECTION('',(-0.,0.,1.));
#3872 = DIRECTION('',(0.88205104912,-0.471153846154,0.));
#3873 = PCURVE('',#1659,#3874);
#3874 = DEFINITIONAL_REPRESENTATION('',(#3875),#3879);
#3875 = CIRCLE('',#3876,51.7);
#3876 = AXIS2_PLACEMENT_2D('',#3877,#3878);
#3877 = CARTESIAN_POINT('',(0.,-9.372203282004E-16));
#3878 = DIRECTION('',(0.88205104912,-0.471153846154));
#3879 = ( GEOMETRIC_REPRESENTATION_CONTEXT(2) 
PARAMETRIC_REPRESENTATION_CONTEXT() REPRESENTATION_CONTEXT('2D SPACE',''
  ) );
#3880 = PCURVE('',#3881,#3886);
#3881 = TOROIDAL_SURFACE('',#3882,51.7,1.2);
#3882 = AXIS2_PLACEMENT_3D('',#3883,#3884,#3885);
#3883 = CARTESIAN_POINT('',(-86.50000000009,0.,13.3999999));
#3884 = DIRECTION('',(0.,0.,1.));
#3885 = DIRECTION('',(0.88205104912,-0.471153846154,0.));
#3886 = DEFINITIONAL_REPRESENTATION('',(#3887),#3891);
#3887 = LINE('',#3888,#3889);
#3888 = CARTESIAN_POINT('',(0.,1.570796326795));
#3889 = VECTOR('',#3890,1.);
#3890 = DIRECTION('',(1.,0.));
#3891 = ( GEOMETRIC_REPRESENTATION_CONTEXT(2) 
PARAMETRIC_REPRESENTATION_CONTEXT() REPRESENTATION_CONTEXT('2D SPACE',''
  ) );
#3892 = ORIENTED_EDGE('',*,*,#3893,.F.);
#3893 = EDGE_CURVE('',#3773,#3865,#3894,.T.);
#3894 = SURFACE_CURVE('',#3895,(#3900,#3911),.PCURVE_S1.);
#3895 = CIRCLE('',#3896,0.3);
#3896 = AXIS2_PLACEMENT_3D('',#3897,#3898,#3899);
#3897 = CARTESIAN_POINT('',(-40.63334544583,-24.5,14.5999999));
#3898 = DIRECTION('',(-0.,-0.,-1.));
#3899 = DIRECTION('',(0.,-1.,0.));
#3900 = PCURVE('',#1659,#3901);
#3901 = DEFINITIONAL_REPRESENTATION('',(#3902),#3910);
#3902 = ( BOUNDED_CURVE() B_SPLINE_CURVE(2,(#3903,#3904,#3905,#3906,
#3907,#3908,#3909),.UNSPECIFIED.,.T.,.F.) B_SPLINE_CURVE_WITH_KNOTS((1,2
    ,2,2,2,1),(-2.094395102393,0.,2.094395102393,4.188790204786,
6.28318530718,8.377580409573),.UNSPECIFIED.) CURVE() 
GEOMETRIC_REPRESENTATION_ITEM() RATIONAL_B_SPLINE_CURVE((1.,0.5,1.,0.5,
1.,0.5,1.)) REPRESENTATION_ITEM('') );
#3903 = CARTESIAN_POINT('',(45.866654554262,-24.8));
#3904 = CARTESIAN_POINT('',(45.347039311991,-24.8));
#3905 = CARTESIAN_POINT('',(45.606846933127,-24.35));
#3906 = CARTESIAN_POINT('',(45.866654554262,-23.9));
#3907 = CARTESIAN_POINT('',(46.126462175397,-24.35));
#3908 = CARTESIAN_POINT('',(46.386269796533,-24.8));
#3909 = CARTESIAN_POINT('',(45.866654554262,-24.8));
#3910 = ( GEOMETRIC_REPRESENTATION_CONTEXT(2) 
PARAMETRIC_REPRESENTATION_CONTEXT() REPRESENTATION_CONTEXT('2D SPACE',''
  ) );
#3911 = PCURVE('',#3912,#3927);
#3912 = SURFACE_OF_REVOLUTION('',#3913,#3924);
#3913 = B_SPLINE_CURVE_WITH_KNOTS('',5,(#3914,#3915,#3916,#3917,#3918,
    #3919,#3920,#3921,#3922,#3923),.UNSPECIFIED.,.F.,.F.,(6,4,6),(
    4.712388980385,5.497787143782,6.28318530718),.UNSPECIFIED.);
#3914 = CARTESIAN_POINT('',(-40.63334544583,-24.8,14.5999999));
#3915 = CARTESIAN_POINT('',(-40.63334544583,-24.98849555921,14.5999999)
  );
#3916 = CARTESIAN_POINT('',(-40.63334544583,-25.17699410477,
    14.562997188465));
#3917 = CARTESIAN_POINT('',(-40.63334544583,-25.35578818121,
    14.488938257131));
#3918 = CARTESIAN_POINT('',(-40.63334544583,-25.51524164927,
    14.381814525569));
#3919 = CARTESIAN_POINT('',(-40.63334544583,-25.78181462556,
    14.115241549279));
#3920 = CARTESIAN_POINT('',(-40.63334544583,-25.88893835713,
    13.955788081219));
#3921 = CARTESIAN_POINT('',(-40.63334544583,-25.96299728846,
    13.776994004778));
#3922 = CARTESIAN_POINT('',(-40.63334544583,-26.,13.588495459215));
#3923 = CARTESIAN_POINT('',(-40.63334544583,-26.,13.3999999));
#3924 = AXIS1_PLACEMENT('',#3925,#3926);
#3925 = CARTESIAN_POINT('',(-40.63334544583,-24.5,13.3999999));
#3926 = DIRECTION('',(0.,-0.,-1.));
#3927 = DEFINITIONAL_REPRESENTATION('',(#3928),#3932);
#3928 = LINE('',#3929,#3930);
#3929 = CARTESIAN_POINT('',(0.,4.712388980385));
#3930 = VECTOR('',#3931,1.);
#3931 = DIRECTION('',(1.,0.));
#3932 = ( GEOMETRIC_REPRESENTATION_CONTEXT(2) 
PARAMETRIC_REPRESENTATION_CONTEXT() REPRESENTATION_CONTEXT('2D SPACE',''
  ) );
#3933 = ADVANCED_FACE('',(#3934),#1727,.F.);
#3934 = FACE_BOUND('',#3935,.F.);
#3935 = EDGE_LOOP('',(#3936,#3959,#4075,#4076));
#3936 = ORIENTED_EDGE('',*,*,#3937,.F.);
#3937 = EDGE_CURVE('',#3938,#1703,#3940,.T.);
#3938 = VERTEX_POINT('',#3939);
#3939 = CARTESIAN_POINT('',(-36.66702729831,-11.75265211359,9.9999999));
#3940 = SURFACE_CURVE('',#3941,(#3945,#3952),.PCURVE_S1.);
#3941 = LINE('',#3942,#3943);
#3942 = CARTESIAN_POINT('',(-45.92048168791,-8.384670151637,9.9999999));
#3943 = VECTOR('',#3944,1.);
#3944 = DIRECTION('',(0.939692620786,-0.342020143326,0.));
#3945 = PCURVE('',#1727,#3946);
#3946 = DEFINITIONAL_REPRESENTATION('',(#3947),#3951);
#3947 = LINE('',#3948,#3949);
#3948 = CARTESIAN_POINT('',(0.,0.));
#3949 = VECTOR('',#3950,1.);
#3950 = DIRECTION('',(0.,1.));
#3951 = ( GEOMETRIC_REPRESENTATION_CONTEXT(2) 
PARAMETRIC_REPRESENTATION_CONTEXT() REPRESENTATION_CONTEXT('2D SPACE',''
  ) );
#3952 = PCURVE('',#1901,#3953);
#3953 = DEFINITIONAL_REPRESENTATION('',(#3954),#3958);
#3954 = LINE('',#3955,#3956);
#3955 = CARTESIAN_POINT('',(11.6,0.));
#3956 = VECTOR('',#3957,1.);
#3957 = DIRECTION('',(0.,1.));
#3958 = ( GEOMETRIC_REPRESENTATION_CONTEXT(2) 
PARAMETRIC_REPRESENTATION_CONTEXT() REPRESENTATION_CONTEXT('2D SPACE',''
  ) );
#3959 = ORIENTED_EDGE('',*,*,#3960,.T.);
#3960 = EDGE_CURVE('',#3938,#3592,#3961,.T.);
#3961 = SURFACE_CURVE('',#3962,(#3980,#4016),.PCURVE_S1.);
#3962 = ( BOUNDED_CURVE() B_SPLINE_CURVE(6,(#3963,#3964,#3965,#3966,
    #3967,#3968,#3969,#3970,#3971,#3972,#3973,#3974,#3975,#3976,#3977,
#3978,#3979),.UNSPECIFIED.,.F.,.F.) B_SPLINE_CURVE_WITH_KNOTS((7,5,5,7),
  (131.57160998119,132.31479239525,132.83897220294,132.91358905266),
.UNSPECIFIED.) CURVE() GEOMETRIC_REPRESENTATION_ITEM() 
RATIONAL_B_SPLINE_CURVE((1.,1.,1.,1.,1.,1.,1.,1.,1.,1.,1.,1.,1.,1.,1.,1.
,1.)) REPRESENTATION_ITEM('') );
#3963 = CARTESIAN_POINT('',(-36.66702729831,-11.75265211359,9.9999999));
#3964 = CARTESIAN_POINT('',(-36.66702729831,-11.75265211359,
    10.101538127983));
#3965 = CARTESIAN_POINT('',(-36.66840231592,-11.76858491119,
    10.203309690745));
#3966 = CARTESIAN_POINT('',(-36.67118213694,-11.80068223524,
    10.303692281621));
#3967 = CARTESIAN_POINT('',(-36.67554617864,-11.84951948078,
    10.400863552967));
#3968 = CARTESIAN_POINT('',(-36.68190173193,-11.91604601865,
    10.492153921444));
#3969 = CARTESIAN_POINT('',(-36.69735271575,-12.06196918969,
    10.63070323912));
#3970 = CARTESIAN_POINT('',(-36.70507565166,-12.13170743222,
    10.682964983894));
#3971 = CARTESIAN_POINT('',(-36.71437216154,-12.21099483522,
    10.727951541596));
#3972 = CARTESIAN_POINT('',(-36.72517106857,-12.297387712,
    10.762958363528));
#3973 = CARTESIAN_POINT('',(-36.73773081398,-12.39059264519,
    10.786126939651));
#3974 = CARTESIAN_POINT('',(-36.7534764693,-12.50019405241,
    10.797222559074));
#3975 = CARTESIAN_POINT('',(-36.75545969871,-12.51399659795,
    10.798341399968));
#3976 = CARTESIAN_POINT('',(-36.75745888499,-12.52768486276,
    10.799166606479));
#3977 = CARTESIAN_POINT('',(-36.75947863951,-12.54142449477,
    10.799723497504));
#3978 = CARTESIAN_POINT('',(-36.76151128325,-12.55514187693,10.7999999)
  );
#3979 = CARTESIAN_POINT('',(-36.76355712788,-12.56886034689,10.7999999)
  );
#3980 = PCURVE('',#1727,#3981);
#3981 = DEFINITIONAL_REPRESENTATION('',(#3982),#4015);
#3982 = B_SPLINE_CURVE_WITH_KNOTS('',7,(#3983,#3984,#3985,#3986,#3987,
    #3988,#3989,#3990,#3991,#3992,#3993,#3994,#3995,#3996,#3997,#3998,
    #3999,#4000,#4001,#4002,#4003,#4004,#4005,#4006,#4007,#4008,#4009,
    #4010,#4011,#4012,#4013,#4014),.UNSPECIFIED.,.F.,.F.,(8,6,6,6,6,8),(
    131.57160998119,132.24259951692,132.57809428479,132.74584166872,
    132.82971536069,132.91358905266),.UNSPECIFIED.);
#3983 = CARTESIAN_POINT('',(-4.421175020669E-15,9.847320480041));
#3984 = CARTESIAN_POINT('',(9.822298454699E-02,9.847320480041));
#3985 = CARTESIAN_POINT('',(0.196600671238,9.849741640594));
#3986 = CARTESIAN_POINT('',(0.295877687745,9.854603793131));
#3987 = CARTESIAN_POINT('',(0.396666776953,9.861922751633));
#3988 = CARTESIAN_POINT('',(0.499595505912,9.871697544456));
#3989 = CARTESIAN_POINT('',(0.605452974799,9.883897646151));
#3990 = CARTESIAN_POINT('',(0.770278301415,9.905726490858));
#3991 = CARTESIAN_POINT('',(0.82621399351,9.913588481299));
#3992 = CARTESIAN_POINT('',(0.883411671954,9.922046337934));
#3993 = CARTESIAN_POINT('',(0.941780169536,9.931055768));
#3994 = CARTESIAN_POINT('',(1.001200452422,9.940547737681));
#3995 = CARTESIAN_POINT('',(1.061637566638,9.950444803451));
#3996 = CARTESIAN_POINT('',(1.153730957641,9.965773696846));
#3997 = CARTESIAN_POINT('',(1.184670537429,9.970964697093));
#3998 = CARTESIAN_POINT('',(1.215847172741,9.976225909256));
#3999 = CARTESIAN_POINT('',(1.247256136313,9.981546176136));
#4000 = CARTESIAN_POINT('',(1.278892700883,9.986914340536));
#4001 = CARTESIAN_POINT('',(1.310752139187,9.992319245255));
#4002 = CARTESIAN_POINT('',(1.35886851635,10.000464977016));
#4003 = CARTESIAN_POINT('',(1.374961916927,10.003186505445));
#4004 = CARTESIAN_POINT('',(1.391107133496,10.005912545002));
#4005 = CARTESIAN_POINT('',(1.407301373857,10.008641322309));
#4006 = CARTESIAN_POINT('',(1.423541845811,10.011371063987));
#4007 = CARTESIAN_POINT('',(1.43982575716,10.014099996656));
#4008 = CARTESIAN_POINT('',(1.47247487425,10.019552697221));
#4009 = CARTESIAN_POINT('',(1.488804405991,10.022264310247));
#4010 = CARTESIAN_POINT('',(1.505428272583,10.025055810935));
#4011 = CARTESIAN_POINT('',(1.52162300191,10.027711338627));
#4012 = CARTESIAN_POINT('',(1.53808162332,10.030428435376));
#4013 = CARTESIAN_POINT('',(1.554428192688,10.033103387593));
#4014 = CARTESIAN_POINT('',(1.570796326795,10.035771768437));
#4015 = ( GEOMETRIC_REPRESENTATION_CONTEXT(2) 
PARAMETRIC_REPRESENTATION_CONTEXT() REPRESENTATION_CONTEXT('2D SPACE',''
  ) );
#4016 = PCURVE('',#4017,#4069);
#4017 = ( BOUNDED_SURFACE() B_SPLINE_SURFACE(2,6,(
    (#4018,#4019,#4020,#4021,#4022,#4023,#4024,#4025,#4026,#4027,#4028
      ,#4029,#4030,#4031,#4032,#4033,#4034)
    ,(#4035,#4036,#4037,#4038,#4039,#4040,#4041,#4042,#4043,#4044,#4045
      ,#4046,#4047,#4048,#4049,#4050,#4051)
    ,(#4052,#4053,#4054,#4055,#4056,#4057,#4058,#4059,#4060,#4061,#4062
      ,#4063,#4064,#4065,#4066,#4067,#4068
)),.UNSPECIFIED.,.F.,.F.,.F.) B_SPLINE_SURFACE_WITH_KNOTS((3,3),(7,5,5,7
    ),(0.,1.341979071468),(131.57160998119,132.31479239525,
    132.83897220294,132.91358905266),.UNSPECIFIED.) 
GEOMETRIC_REPRESENTATION_ITEM() RATIONAL_B_SPLINE_SURFACE((
    (1.,1.,1.,1.,1.,1.,1.,1.,1.,1.,1.,1.,1.,1.,1.,1.,1.)
    ,(0.752513656433,0.752513656433,0.751429225426,0.749250305442
      ,0.745986930599,0.74170039143,0.732890732815,0.728808391974
      ,0.724379005767,0.719784965111,0.715216851129,0.710195957314
      ,0.709562947546,0.708943908361,0.708327581598,0.707715614067
      ,0.707106781187)
    ,(1.,1.,1.,1.,1.,1.,1.,1.,1.,1.,1.,1.,1.,1.,1.,1.,1.
))) REPRESENTATION_ITEM('') SURFACE() );
#4018 = CARTESIAN_POINT('',(-37.17480048293,-10.82934405178,9.9999999));
#4019 = CARTESIAN_POINT('',(-37.17480048293,-10.82934405178,
    10.21346255969));
#4020 = CARTESIAN_POINT('',(-37.18211130834,-10.86264075589,
    10.427497134175));
#4021 = CARTESIAN_POINT('',(-37.1967356069,-10.92925266236,
    10.637312388056));
#4022 = CARTESIAN_POINT('',(-37.21911382577,-11.03039296582,
    10.838411890238));
#4023 = CARTESIAN_POINT('',(-37.24989449727,-11.16729767948,
    11.024575886741));
#4024 = CARTESIAN_POINT('',(-37.31778324677,-11.46190169933,
    11.299587866271));
#4025 = CARTESIAN_POINT('',(-37.35053133307,-11.60238132163,
    11.401776833014));
#4026 = CARTESIAN_POINT('',(-37.38766096599,-11.75912663367,
    11.485311463084));
#4027 = CARTESIAN_POINT('',(-37.42876206245,-11.92994810545,
    11.550508309119));
#4028 = CARTESIAN_POINT('',(-37.47461960503,-12.11584199027,
    11.585327460494));
#4029 = CARTESIAN_POINT('',(-37.52399301817,-12.31265119376,
    11.597260150453));
#4030 = CARTESIAN_POINT('',(-37.52589460066,-12.32017595444,
    11.598220527976));
#4031 = CARTESIAN_POINT('',(-37.52919614141,-12.33332847991,
    11.599238907764));
#4032 = CARTESIAN_POINT('',(-37.53252210862,-12.34651042026,
    11.599692998023));
#4033 = CARTESIAN_POINT('',(-37.53584541571,-12.35968245652,11.5999999)
  );
#4034 = CARTESIAN_POINT('',(-37.53917417073,-12.37285472745,11.5999999)
  );
#4035 = CARTESIAN_POINT('',(-37.32493919974,-11.5131917647,9.9999999));
#4036 = CARTESIAN_POINT('',(-37.32493919974,-11.5131917647,
    10.113424898896));
#4037 = CARTESIAN_POINT('',(-37.329517982,-11.53183838427,
    10.227431064666));
#4038 = CARTESIAN_POINT('',(-37.33877285904,-11.56956417502,
    10.338818223209));
#4039 = CARTESIAN_POINT('',(-37.3527458496,-11.62635537502,
    10.443929129001));
#4040 = CARTESIAN_POINT('',(-37.3713801699,-11.70172878628,
    10.53863473372));
#4041 = CARTESIAN_POINT('',(-37.4109442968,-11.86100541251,
    10.675153382593));
#4042 = CARTESIAN_POINT('',(-37.42974553576,-11.93647477426,
    10.724540896112));
#4043 = CARTESIAN_POINT('',(-37.45062654461,-12.02015569859,
    10.763815291545));
#4044 = CARTESIAN_POINT('',(-37.47293241874,-12.10905343415,
    10.790724415647));
#4045 = CARTESIAN_POINT('',(-37.49605793299,-12.20138177357,
    10.804228165569));
#4046 = CARTESIAN_POINT('',(-37.52258344638,-12.3070204532,
    10.804171370481));
#4047 = CARTESIAN_POINT('',(-37.52588781036,-12.3201780161,
    10.803868415177));
#4048 = CARTESIAN_POINT('',(-37.52920657168,-12.33335319069,
    10.803312852801));
#4049 = CARTESIAN_POINT('',(-37.53252528176,-12.34652812439,
    10.802479017144));
#4050 = CARTESIAN_POINT('',(-37.53584827937,-12.35969378835,
    10.801376346398));
#4051 = CARTESIAN_POINT('',(-37.53917417073,-12.37285472745,10.7999999)
  );
#4052 = CARTESIAN_POINT('',(-36.66702729831,-11.75265211359,9.9999999));
#4053 = CARTESIAN_POINT('',(-36.66702729831,-11.75265211359,
    10.101538127983));
#4054 = CARTESIAN_POINT('',(-36.66840231592,-11.76858491119,
    10.203309690745));
#4055 = CARTESIAN_POINT('',(-36.67118213694,-11.80068223524,
    10.303692281621));
#4056 = CARTESIAN_POINT('',(-36.67554617864,-11.84951948078,
    10.400863552967));
#4057 = CARTESIAN_POINT('',(-36.68190173193,-11.91604601865,
    10.492153921444));
#4058 = CARTESIAN_POINT('',(-36.69735271575,-12.06196918969,
    10.63070323912));
#4059 = CARTESIAN_POINT('',(-36.70507565166,-12.13170743222,
    10.682964983894));
#4060 = CARTESIAN_POINT('',(-36.71437216154,-12.21099483522,
    10.727951541596));
#4061 = CARTESIAN_POINT('',(-36.72517106857,-12.297387712,
    10.762958363528));
#4062 = CARTESIAN_POINT('',(-36.73773081398,-12.39059264519,
    10.786126939651));
#4063 = CARTESIAN_POINT('',(-36.7534764693,-12.50019405241,
    10.797222559074));
#4064 = CARTESIAN_POINT('',(-36.75545969871,-12.51399659795,
    10.798341399968));
#4065 = CARTESIAN_POINT('',(-36.75745888499,-12.52768486276,
    10.799166606479));
#4066 = CARTESIAN_POINT('',(-36.75947863951,-12.54142449477,
    10.799723497504));
#4067 = CARTESIAN_POINT('',(-36.76151128325,-12.55514187693,10.7999999)
  );
#4068 = CARTESIAN_POINT('',(-36.76355712788,-12.56886034689,10.7999999)
  );
#4069 = DEFINITIONAL_REPRESENTATION('',(#4070),#4074);
#4070 = LINE('',#4071,#4072);
#4071 = CARTESIAN_POINT('',(1.341979071468,0.));
#4072 = VECTOR('',#4073,1.);
#4073 = DIRECTION('',(0.,1.));
#4074 = ( GEOMETRIC_REPRESENTATION_CONTEXT(2) 
PARAMETRIC_REPRESENTATION_CONTEXT() REPRESENTATION_CONTEXT('2D SPACE',''
  ) );
#4075 = ORIENTED_EDGE('',*,*,#3591,.T.);
#4076 = ORIENTED_EDGE('',*,*,#1702,.T.);
#4077 = ADVANCED_FACE('',(#4078),#1859,.T.);
#4078 = FACE_BOUND('',#4079,.F.);
#4079 = EDGE_LOOP('',(#4080,#4081,#4082,#4111));
#4080 = ORIENTED_EDGE('',*,*,#1977,.F.);
#4081 = ORIENTED_EDGE('',*,*,#1844,.T.);
#4082 = ORIENTED_EDGE('',*,*,#4083,.T.);
#4083 = EDGE_CURVE('',#1817,#4084,#4086,.T.);
#4084 = VERTEX_POINT('',#4085);
#4085 = CARTESIAN_POINT('',(-38.93951219771,25.2,10.7999999));
#4086 = SURFACE_CURVE('',#4087,(#4092,#4099),.PCURVE_S1.);
#4087 = CIRCLE('',#4088,0.8);
#4088 = AXIS2_PLACEMENT_3D('',#4089,#4090,#4091);
#4089 = CARTESIAN_POINT('',(-38.93951219771,25.2,11.5999999));
#4090 = DIRECTION('',(-1.,1.054711873394E-15,0.));
#4091 = DIRECTION('',(1.054711873394E-15,1.,0.));
#4092 = PCURVE('',#1859,#4093);
#4093 = DEFINITIONAL_REPRESENTATION('',(#4094),#4098);
#4094 = LINE('',#4095,#4096);
#4095 = CARTESIAN_POINT('',(-1.09511535401,0.));
#4096 = VECTOR('',#4097,1.);
#4097 = DIRECTION('',(-0.,1.));
#4098 = ( GEOMETRIC_REPRESENTATION_CONTEXT(2) 
PARAMETRIC_REPRESENTATION_CONTEXT() REPRESENTATION_CONTEXT('2D SPACE',''
  ) );
#4099 = PCURVE('',#4100,#4105);
#4100 = CYLINDRICAL_SURFACE('',#4101,0.8);
#4101 = AXIS2_PLACEMENT_3D('',#4102,#4103,#4104);
#4102 = CARTESIAN_POINT('',(-38.93951219771,25.2,11.5999999));
#4103 = DIRECTION('',(-1.,0.,0.));
#4104 = DIRECTION('',(0.,1.,0.));
#4105 = DEFINITIONAL_REPRESENTATION('',(#4106),#4110);
#4106 = LINE('',#4107,#4108);
#4107 = CARTESIAN_POINT('',(0.,0.));
#4108 = VECTOR('',#4109,1.);
#4109 = DIRECTION('',(1.,0.));
#4110 = ( GEOMETRIC_REPRESENTATION_CONTEXT(2) 
PARAMETRIC_REPRESENTATION_CONTEXT() REPRESENTATION_CONTEXT('2D SPACE',''
  ) );
#4111 = ORIENTED_EDGE('',*,*,#4112,.F.);
#4112 = EDGE_CURVE('',#1978,#4084,#4113,.T.);
#4113 = SURFACE_CURVE('',#4114,(#4119,#4126),.PCURVE_S1.);
#4114 = CIRCLE('',#4115,0.7);
#4115 = AXIS2_PLACEMENT_3D('',#4116,#4117,#4118);
#4116 = CARTESIAN_POINT('',(-38.93951219771,24.5,10.7999999));
#4117 = DIRECTION('',(0.,-0.,1.));
#4118 = DIRECTION('',(0.888981080418,0.457943925234,0.));
#4119 = PCURVE('',#1859,#4120);
#4120 = DEFINITIONAL_REPRESENTATION('',(#4121),#4125);
#4121 = LINE('',#4122,#4123);
#4122 = CARTESIAN_POINT('',(-0.,1.570796326795));
#4123 = VECTOR('',#4124,1.);
#4124 = DIRECTION('',(-1.,0.));
#4125 = ( GEOMETRIC_REPRESENTATION_CONTEXT(2) 
PARAMETRIC_REPRESENTATION_CONTEXT() REPRESENTATION_CONTEXT('2D SPACE',''
  ) );
#4126 = PCURVE('',#2016,#4127);
#4127 = DEFINITIONAL_REPRESENTATION('',(#4128),#4132);
#4128 = CIRCLE('',#4129,0.7);
#4129 = AXIS2_PLACEMENT_2D('',#4130,#4131);
#4130 = CARTESIAN_POINT('',(12.07173294035,12.755824354447));
#4131 = DIRECTION('',(0.991995008231,0.126277090737));
#4132 = ( GEOMETRIC_REPRESENTATION_CONTEXT(2) 
PARAMETRIC_REPRESENTATION_CONTEXT() REPRESENTATION_CONTEXT('2D SPACE',''
  ) );
#4133 = ADVANCED_FACE('',(#4134),#1832,.T.);
#4134 = FACE_BOUND('',#4135,.T.);
#4135 = EDGE_LOOP('',(#4136,#4166,#4187,#4188));
#4136 = ORIENTED_EDGE('',*,*,#4137,.F.);
#4137 = EDGE_CURVE('',#4138,#4140,#4142,.T.);
#4138 = VERTEX_POINT('',#4139);
#4139 = CARTESIAN_POINT('',(-40.63334544583,26.,13.3999999));
#4140 = VERTEX_POINT('',#4141);
#4141 = CARTESIAN_POINT('',(-40.63334544583,26.,11.5999999));
#4142 = SURFACE_CURVE('',#4143,(#4147,#4154),.PCURVE_S1.);
#4143 = LINE('',#4144,#4145);
#4144 = CARTESIAN_POINT('',(-40.63334544583,26.,14.5999999));
#4145 = VECTOR('',#4146,1.);
#4146 = DIRECTION('',(0.,-0.,-1.));
#4147 = PCURVE('',#1832,#4148);
#4148 = DEFINITIONAL_REPRESENTATION('',(#4149),#4153);
#4149 = LINE('',#4150,#4151);
#4150 = CARTESIAN_POINT('',(20.5,45.866654554262));
#4151 = VECTOR('',#4152,1.);
#4152 = DIRECTION('',(-1.,0.));
#4153 = ( GEOMETRIC_REPRESENTATION_CONTEXT(2) 
PARAMETRIC_REPRESENTATION_CONTEXT() REPRESENTATION_CONTEXT('2D SPACE',''
  ) );
#4154 = PCURVE('',#4155,#4160);
#4155 = CYLINDRICAL_SURFACE('',#4156,1.5);
#4156 = AXIS2_PLACEMENT_3D('',#4157,#4158,#4159);
#4157 = CARTESIAN_POINT('',(-40.63334544583,24.5,14.5999999));
#4158 = DIRECTION('',(0.,-0.,-1.));
#4159 = DIRECTION('',(0.,1.,0.));
#4160 = DEFINITIONAL_REPRESENTATION('',(#4161),#4165);
#4161 = LINE('',#4162,#4163);
#4162 = CARTESIAN_POINT('',(-0.,0.));
#4163 = VECTOR('',#4164,1.);
#4164 = DIRECTION('',(-0.,1.));
#4165 = ( GEOMETRIC_REPRESENTATION_CONTEXT(2) 
PARAMETRIC_REPRESENTATION_CONTEXT() REPRESENTATION_CONTEXT('2D SPACE',''
  ) );
#4166 = ORIENTED_EDGE('',*,*,#4167,.T.);
#4167 = EDGE_CURVE('',#4138,#1793,#4168,.T.);
#4168 = SURFACE_CURVE('',#4169,(#4173,#4180),.PCURVE_S1.);
#4169 = LINE('',#4170,#4171);
#4170 = CARTESIAN_POINT('',(-40.63334544583,26.,13.3999999));
#4171 = VECTOR('',#4172,1.);
#4172 = DIRECTION('',(1.,0.,0.));
#4173 = PCURVE('',#1832,#4174);
#4174 = DEFINITIONAL_REPRESENTATION('',(#4175),#4179);
#4175 = LINE('',#4176,#4177);
#4176 = CARTESIAN_POINT('',(19.3,45.866654554262));
#4177 = VECTOR('',#4178,1.);
#4178 = DIRECTION('',(0.,1.));
#4179 = ( GEOMETRIC_REPRESENTATION_CONTEXT(2) 
PARAMETRIC_REPRESENTATION_CONTEXT() REPRESENTATION_CONTEXT('2D SPACE',''
  ) );
#4180 = PCURVE('',#3729,#4181);
#4181 = DEFINITIONAL_REPRESENTATION('',(#4182),#4186);
#4182 = LINE('',#4183,#4184);
#4183 = CARTESIAN_POINT('',(-1.570796326795,0.));
#4184 = VECTOR('',#4185,1.);
#4185 = DIRECTION('',(-0.,1.));
#4186 = ( GEOMETRIC_REPRESENTATION_CONTEXT(2) 
PARAMETRIC_REPRESENTATION_CONTEXT() REPRESENTATION_CONTEXT('2D SPACE',''
  ) );
#4187 = ORIENTED_EDGE('',*,*,#1816,.T.);
#4188 = ORIENTED_EDGE('',*,*,#4189,.T.);
#4189 = EDGE_CURVE('',#1817,#4140,#4190,.T.);
#4190 = SURFACE_CURVE('',#4191,(#4195,#4202),.PCURVE_S1.);
#4191 = LINE('',#4192,#4193);
#4192 = CARTESIAN_POINT('',(-38.93951219771,26.,11.5999999));
#4193 = VECTOR('',#4194,1.);
#4194 = DIRECTION('',(-1.,0.,0.));
#4195 = PCURVE('',#1832,#4196);
#4196 = DEFINITIONAL_REPRESENTATION('',(#4197),#4201);
#4197 = LINE('',#4198,#4199);
#4198 = CARTESIAN_POINT('',(17.5,47.560487802376));
#4199 = VECTOR('',#4200,1.);
#4200 = DIRECTION('',(0.,-1.));
#4201 = ( GEOMETRIC_REPRESENTATION_CONTEXT(2) 
PARAMETRIC_REPRESENTATION_CONTEXT() REPRESENTATION_CONTEXT('2D SPACE',''
  ) );
#4202 = PCURVE('',#4100,#4203);
#4203 = DEFINITIONAL_REPRESENTATION('',(#4204),#4208);
#4204 = LINE('',#4205,#4206);
#4205 = CARTESIAN_POINT('',(0.,0.));
#4206 = VECTOR('',#4207,1.);
#4207 = DIRECTION('',(0.,1.));
#4208 = ( GEOMETRIC_REPRESENTATION_CONTEXT(2) 
PARAMETRIC_REPRESENTATION_CONTEXT() REPRESENTATION_CONTEXT('2D SPACE',''
  ) );
#4209 = ADVANCED_FACE('',(#4210),#1901,.F.);
#4210 = FACE_BOUND('',#4211,.F.);
#4211 = EDGE_LOOP('',(#4212,#4235,#4261,#4262));
#4212 = ORIENTED_EDGE('',*,*,#4213,.F.);
#4213 = EDGE_CURVE('',#4214,#1886,#4216,.T.);
#4214 = VERTEX_POINT('',#4215);
#4215 = CARTESIAN_POINT('',(-36.66702729831,-11.75265211359,-0.8000001)
  );
#4216 = SURFACE_CURVE('',#4217,(#4221,#4228),.PCURVE_S1.);
#4217 = LINE('',#4218,#4219);
#4218 = CARTESIAN_POINT('',(-45.92048168791,-8.384670151637,-0.8000001)
  );
#4219 = VECTOR('',#4220,1.);
#4220 = DIRECTION('',(0.939692620786,-0.342020143326,0.));
#4221 = PCURVE('',#1901,#4222);
#4222 = DEFINITIONAL_REPRESENTATION('',(#4223),#4227);
#4223 = LINE('',#4224,#4225);
#4224 = CARTESIAN_POINT('',(0.8,0.));
#4225 = VECTOR('',#4226,1.);
#4226 = DIRECTION('',(0.,1.));
#4227 = ( GEOMETRIC_REPRESENTATION_CONTEXT(2) 
PARAMETRIC_REPRESENTATION_CONTEXT() REPRESENTATION_CONTEXT('2D SPACE',''
  ) );
#4228 = PCURVE('',#2057,#4229);
#4229 = DEFINITIONAL_REPRESENTATION('',(#4230),#4234);
#4230 = LINE('',#4231,#4232);
#4231 = CARTESIAN_POINT('',(-0.,0.));
#4232 = VECTOR('',#4233,1.);
#4233 = DIRECTION('',(-0.,1.));
#4234 = ( GEOMETRIC_REPRESENTATION_CONTEXT(2) 
PARAMETRIC_REPRESENTATION_CONTEXT() REPRESENTATION_CONTEXT('2D SPACE',''
  ) );
#4235 = ORIENTED_EDGE('',*,*,#4236,.T.);
#4236 = EDGE_CURVE('',#4214,#3938,#4237,.T.);
#4237 = SURFACE_CURVE('',#4238,(#4242,#4249),.PCURVE_S1.);
#4238 = LINE('',#4239,#4240);
#4239 = CARTESIAN_POINT('',(-36.66702729831,-11.75265211359,-0.8000001)
  );
#4240 = VECTOR('',#4241,1.);
#4241 = DIRECTION('',(0.,0.,1.));
#4242 = PCURVE('',#1901,#4243);
#4243 = DEFINITIONAL_REPRESENTATION('',(#4244),#4248);
#4244 = LINE('',#4245,#4246);
#4245 = CARTESIAN_POINT('',(0.8,9.847320480041));
#4246 = VECTOR('',#4247,1.);
#4247 = DIRECTION('',(1.,0.));
#4248 = ( GEOMETRIC_REPRESENTATION_CONTEXT(2) 
PARAMETRIC_REPRESENTATION_CONTEXT() REPRESENTATION_CONTEXT('2D SPACE',''
  ) );
#4249 = PCURVE('',#4250,#4255);
#4250 = CYLINDRICAL_SURFACE('',#4251,0.8);
#4251 = AXIS2_PLACEMENT_3D('',#4252,#4253,#4254);
#4252 = CARTESIAN_POINT('',(-36.39341118364,-11.00089801696,-0.8000001)
  );
#4253 = DIRECTION('',(0.,0.,1.));
#4254 = DIRECTION('',(-0.976736624102,0.214442456471,0.));
#4255 = DEFINITIONAL_REPRESENTATION('',(#4256),#4260);
#4256 = LINE('',#4257,#4258);
#4257 = CARTESIAN_POINT('',(1.437851447639,0.));
#4258 = VECTOR('',#4259,1.);
#4259 = DIRECTION('',(0.,1.));
#4260 = ( GEOMETRIC_REPRESENTATION_CONTEXT(2) 
PARAMETRIC_REPRESENTATION_CONTEXT() REPRESENTATION_CONTEXT('2D SPACE',''
  ) );
#4261 = ORIENTED_EDGE('',*,*,#3937,.T.);
#4262 = ORIENTED_EDGE('',*,*,#1885,.T.);
#4263 = ADVANCED_FACE('',(#4264),#2016,.F.);
#4264 = FACE_BOUND('',#4265,.F.);
#4265 = EDGE_LOOP('',(#4266,#4289,#4290,#4291,#4314,#4353));
#4266 = ORIENTED_EDGE('',*,*,#4267,.T.);
#4267 = EDGE_CURVE('',#4268,#1947,#4270,.T.);
#4268 = VERTEX_POINT('',#4269);
#4269 = CARTESIAN_POINT('',(-36.76355712788,12.56886034689,10.7999999));
#4270 = SURFACE_CURVE('',#4271,(#4275,#4282),.PCURVE_S1.);
#4271 = LINE('',#4272,#4273);
#4272 = CARTESIAN_POINT('',(-46.19409780257,9.136424248266,10.7999999));
#4273 = VECTOR('',#4274,1.);
#4274 = DIRECTION('',(0.939692620786,0.342020143326,0.));
#4275 = PCURVE('',#2016,#4276);
#4276 = DEFINITIONAL_REPRESENTATION('',(#4277),#4281);
#4277 = LINE('',#4278,#4279);
#4278 = CARTESIAN_POINT('',(-5.939693181745E-15,0.8));
#4279 = VECTOR('',#4280,1.);
#4280 = DIRECTION('',(1.,0.));
#4281 = ( GEOMETRIC_REPRESENTATION_CONTEXT(2) 
PARAMETRIC_REPRESENTATION_CONTEXT() REPRESENTATION_CONTEXT('2D SPACE',''
  ) );
#4282 = PCURVE('',#2176,#4283);
#4283 = DEFINITIONAL_REPRESENTATION('',(#4284),#4288);
#4284 = LINE('',#4285,#4286);
#4285 = CARTESIAN_POINT('',(-1.570796326795,0.));
#4286 = VECTOR('',#4287,1.);
#4287 = DIRECTION('',(-0.,1.));
#4288 = ( GEOMETRIC_REPRESENTATION_CONTEXT(2) 
PARAMETRIC_REPRESENTATION_CONTEXT() REPRESENTATION_CONTEXT('2D SPACE',''
  ) );
#4289 = ORIENTED_EDGE('',*,*,#2001,.T.);
#4290 = ORIENTED_EDGE('',*,*,#4112,.T.);
#4291 = ORIENTED_EDGE('',*,*,#4292,.T.);
#4292 = EDGE_CURVE('',#4084,#4293,#4295,.T.);
#4293 = VERTEX_POINT('',#4294);
#4294 = CARTESIAN_POINT('',(-40.63334544583,25.2,10.7999999));
#4295 = SURFACE_CURVE('',#4296,(#4300,#4307),.PCURVE_S1.);
#4296 = LINE('',#4297,#4298);
#4297 = CARTESIAN_POINT('',(-38.93951219771,25.2,10.7999999));
#4298 = VECTOR('',#4299,1.);
#4299 = DIRECTION('',(-1.,0.,0.));
#4300 = PCURVE('',#2016,#4301);
#4301 = DEFINITIONAL_REPRESENTATION('',(#4302),#4306);
#4302 = LINE('',#4303,#4304);
#4303 = CARTESIAN_POINT('',(12.311147040678,13.413609188997));
#4304 = VECTOR('',#4305,1.);
#4305 = DIRECTION('',(-0.939692620786,0.342020143326));
#4306 = ( GEOMETRIC_REPRESENTATION_CONTEXT(2) 
PARAMETRIC_REPRESENTATION_CONTEXT() REPRESENTATION_CONTEXT('2D SPACE',''
  ) );
#4307 = PCURVE('',#4100,#4308);
#4308 = DEFINITIONAL_REPRESENTATION('',(#4309),#4313);
#4309 = LINE('',#4310,#4311);
#4310 = CARTESIAN_POINT('',(1.570796326795,0.));
#4311 = VECTOR('',#4312,1.);
#4312 = DIRECTION('',(0.,1.));
#4313 = ( GEOMETRIC_REPRESENTATION_CONTEXT(2) 
PARAMETRIC_REPRESENTATION_CONTEXT() REPRESENTATION_CONTEXT('2D SPACE',''
  ) );
#4314 = ORIENTED_EDGE('',*,*,#4315,.T.);
#4315 = EDGE_CURVE('',#4293,#4316,#4318,.T.);
#4316 = VERTEX_POINT('',#4317);
#4317 = CARTESIAN_POINT('',(-41.25078118021,24.170192307692,10.7999999)
  );
#4318 = SURFACE_CURVE('',#4319,(#4324,#4331),.PCURVE_S1.);
#4319 = CIRCLE('',#4320,0.7);
#4320 = AXIS2_PLACEMENT_3D('',#4321,#4322,#4323);
#4321 = CARTESIAN_POINT('',(-40.63334544583,24.5,10.7999999));
#4322 = DIRECTION('',(0.,-0.,1.));
#4323 = DIRECTION('',(0.,1.,0.));
#4324 = PCURVE('',#2016,#4325);
#4325 = DEFINITIONAL_REPRESENTATION('',(#4326),#4330);
#4326 = CIRCLE('',#4327,0.7);
#4327 = AXIS2_PLACEMENT_2D('',#4328,#4329);
#4328 = CARTESIAN_POINT('',(10.480050336255,13.335149444737));
#4329 = DIRECTION('',(0.342020143326,0.939692620786));
#4330 = ( GEOMETRIC_REPRESENTATION_CONTEXT(2) 
PARAMETRIC_REPRESENTATION_CONTEXT() REPRESENTATION_CONTEXT('2D SPACE',''
  ) );
#4331 = PCURVE('',#4332,#4347);
#4332 = SURFACE_OF_REVOLUTION('',#4333,#4344);
#4333 = B_SPLINE_CURVE_WITH_KNOTS('',5,(#4334,#4335,#4336,#4337,#4338,
    #4339,#4340,#4341,#4342,#4343),.UNSPECIFIED.,.F.,.F.,(6,4,6),(0.,
    0.785398163397,1.570796326795),.UNSPECIFIED.);
#4334 = CARTESIAN_POINT('',(-40.63334544583,26.,11.5999999));
#4335 = CARTESIAN_POINT('',(-40.63334544583,26.,11.474336193856));
#4336 = CARTESIAN_POINT('',(-40.63334544583,25.975331525643,
    11.348670496815));
#4337 = CARTESIAN_POINT('',(-40.63334544583,25.925958904754,
    11.229474445854));
#4338 = CARTESIAN_POINT('',(-40.63334544583,25.854543083712,
    11.123172133814));
#4339 = CARTESIAN_POINT('',(-40.63334544583,25.676827766186,
    10.945456816288));
#4340 = CARTESIAN_POINT('',(-40.63334544583,25.570525454146,
    10.874040995246));
#4341 = CARTESIAN_POINT('',(-40.63334544583,25.451329403185,
    10.824668374357));
#4342 = CARTESIAN_POINT('',(-40.63334544583,25.325663706144,10.7999999)
  );
#4343 = CARTESIAN_POINT('',(-40.63334544583,25.2,10.7999999));
#4344 = AXIS1_PLACEMENT('',#4345,#4346);
#4345 = CARTESIAN_POINT('',(-40.63334544583,24.5,11.5999999));
#4346 = DIRECTION('',(0.,0.,-1.));
#4347 = DEFINITIONAL_REPRESENTATION('',(#4348),#4352);
#4348 = LINE('',#4349,#4350);
#4349 = CARTESIAN_POINT('',(-0.,1.570796326795));
#4350 = VECTOR('',#4351,1.);
#4351 = DIRECTION('',(-1.,0.));
#4352 = ( GEOMETRIC_REPRESENTATION_CONTEXT(2) 
PARAMETRIC_REPRESENTATION_CONTEXT() REPRESENTATION_CONTEXT('2D SPACE',''
  ) );
#4353 = ORIENTED_EDGE('',*,*,#4354,.T.);
#4354 = EDGE_CURVE('',#4316,#4268,#4355,.T.);
#4355 = SURFACE_CURVE('',#4356,(#4361,#4372),.PCURVE_S1.);
#4356 = CIRCLE('',#4357,51.3);
#4357 = AXIS2_PLACEMENT_3D('',#4358,#4359,#4360);
#4358 = CARTESIAN_POINT('',(-86.50000000009,0.,10.7999999));
#4359 = DIRECTION('',(0.,0.,-1.));
#4360 = DIRECTION('',(0.88205104912,0.471153846154,0.));
#4361 = PCURVE('',#2016,#4362);
#4362 = DEFINITIONAL_REPRESENTATION('',(#4363),#4371);
#4363 = ( BOUNDED_CURVE() B_SPLINE_CURVE(2,(#4364,#4365,#4366,#4367,
#4368,#4369,#4370),.UNSPECIFIED.,.T.,.F.) B_SPLINE_CURVE_WITH_KNOTS((1,2
    ,2,2,2,1),(-2.094395102393,0.,2.094395102393,4.188790204786,
6.28318530718,8.377580409573),.UNSPECIFIED.) CURVE() 
GEOMETRIC_REPRESENTATION_ITEM() RATIONAL_B_SPLINE_CURVE((1.,0.5,1.,0.5,
1.,0.5,1.)) REPRESENTATION_ITEM('') );
#4364 = CARTESIAN_POINT('',(9.787049658652,13.236407048366));
#4365 = CARTESIAN_POINT('',(22.320874330671,-74.72934332694));
#4366 = CARTESIAN_POINT('',(-60.12661249331,-41.60107871183));
#4367 = CARTESIAN_POINT('',(-142.5740993173,-8.472814096731));
#4368 = CARTESIAN_POINT('',(-72.66043716533,46.364671663471));
#4369 = CARTESIAN_POINT('',(-2.746775013367,101.20215742367));
#4370 = CARTESIAN_POINT('',(9.787049658652,13.236407048366));
#4371 = ( GEOMETRIC_REPRESENTATION_CONTEXT(2) 
PARAMETRIC_REPRESENTATION_CONTEXT() REPRESENTATION_CONTEXT('2D SPACE',''
  ) );
#4372 = PCURVE('',#4373,#4378);
#4373 = TOROIDAL_SURFACE('',#4374,51.3,0.8);
#4374 = AXIS2_PLACEMENT_3D('',#4375,#4376,#4377);
#4375 = CARTESIAN_POINT('',(-86.50000000009,0.,11.5999999));
#4376 = DIRECTION('',(0.,0.,1.));
#4377 = DIRECTION('',(0.88205104912,0.471153846154,0.));
#4378 = DEFINITIONAL_REPRESENTATION('',(#4379),#4383);
#4379 = LINE('',#4380,#4381);
#4380 = CARTESIAN_POINT('',(-0.,4.712388980385));
#4381 = VECTOR('',#4382,1.);
#4382 = DIRECTION('',(-1.,0.));
#4383 = ( GEOMETRIC_REPRESENTATION_CONTEXT(2) 
PARAMETRIC_REPRESENTATION_CONTEXT() REPRESENTATION_CONTEXT('2D SPACE',''
  ) );
#4384 = ADVANCED_FACE('',(#4385),#2057,.F.);
#4385 = FACE_BOUND('',#4386,.T.);
#4386 = EDGE_LOOP('',(#4387,#4388,#4506,#4527));
#4387 = ORIENTED_EDGE('',*,*,#4213,.F.);
#4388 = ORIENTED_EDGE('',*,*,#4389,.F.);
#4389 = EDGE_CURVE('',#4390,#4214,#4392,.T.);
#4390 = VERTEX_POINT('',#4391);
#4391 = CARTESIAN_POINT('',(-36.76355712788,-12.56886034689,-1.6000001)
  );
#4392 = SURFACE_CURVE('',#4393,(#4411,#4447),.PCURVE_S1.);
#4393 = ( BOUNDED_CURVE() B_SPLINE_CURVE(6,(#4394,#4395,#4396,#4397,
    #4398,#4399,#4400,#4401,#4402,#4403,#4404,#4405,#4406,#4407,#4408,
#4409,#4410),.UNSPECIFIED.,.F.,.F.) B_SPLINE_CURVE_WITH_KNOTS((7,5,5,7),
  (119.42963090972,119.50424775944,120.02842756713,120.77160998119),
.UNSPECIFIED.) CURVE() GEOMETRIC_REPRESENTATION_ITEM() 
RATIONAL_B_SPLINE_CURVE((1.,1.,1.,1.,1.,1.,1.,1.,1.,1.,1.,1.,1.,1.,1.,1.
,1.)) REPRESENTATION_ITEM('') );
#4394 = CARTESIAN_POINT('',(-36.76355712788,-12.56886034689,-1.6000001)
  );
#4395 = CARTESIAN_POINT('',(-36.76151128325,-12.55514187693,-1.6000001)
  );
#4396 = CARTESIAN_POINT('',(-36.75947863951,-12.54142449477,
    -1.599723697504));
#4397 = CARTESIAN_POINT('',(-36.75745888499,-12.52768486277,
    -1.599166806479));
#4398 = CARTESIAN_POINT('',(-36.75545969871,-12.51399659795,
    -1.598341599968));
#4399 = CARTESIAN_POINT('',(-36.7534764693,-12.50019405241,
    -1.597222759073));
#4400 = CARTESIAN_POINT('',(-36.73773081398,-12.39059264519,
    -1.586127139651));
#4401 = CARTESIAN_POINT('',(-36.72517106857,-12.297387712,
    -1.562958563529));
#4402 = CARTESIAN_POINT('',(-36.71437216154,-12.21099483522,
    -1.527951741596));
#4403 = CARTESIAN_POINT('',(-36.70507565166,-12.13170743222,
    -1.482965183894));
#4404 = CARTESIAN_POINT('',(-36.69735271575,-12.06196918969,
    -1.43070343912));
#4405 = CARTESIAN_POINT('',(-36.68190173193,-11.91604601865,
    -1.292154121444));
#4406 = CARTESIAN_POINT('',(-36.67554617864,-11.84951948078,
    -1.200863752967));
#4407 = CARTESIAN_POINT('',(-36.67118213694,-11.80068223524,
    -1.103692481621));
#4408 = CARTESIAN_POINT('',(-36.66840231592,-11.76858491119,
    -1.003309890745));
#4409 = CARTESIAN_POINT('',(-36.66702729831,-11.75265211359,
    -0.901538327983));
#4410 = CARTESIAN_POINT('',(-36.66702729831,-11.75265211359,-0.8000001)
  );
#4411 = PCURVE('',#2057,#4412);
#4412 = DEFINITIONAL_REPRESENTATION('',(#4413),#4446);
#4413 = B_SPLINE_CURVE_WITH_KNOTS('',7,(#4414,#4415,#4416,#4417,#4418,
    #4419,#4420,#4421,#4422,#4423,#4424,#4425,#4426,#4427,#4428,#4429,
    #4430,#4431,#4432,#4433,#4434,#4435,#4436,#4437,#4438,#4439,#4440,
    #4441,#4442,#4443,#4444,#4445),.UNSPECIFIED.,.F.,.F.,(8,6,6,6,6,8),(
    119.42963090972,119.51350460169,119.59737829365,119.76512567759,
    120.10062044545,120.77160998119),.UNSPECIFIED.);
#4414 = CARTESIAN_POINT('',(-1.570796326795,10.035771768437));
#4415 = CARTESIAN_POINT('',(-1.554428192688,10.033103387593));
#4416 = CARTESIAN_POINT('',(-1.538081623323,10.030428435376));
#4417 = CARTESIAN_POINT('',(-1.521623001913,10.027711338627));
#4418 = CARTESIAN_POINT('',(-1.505428272587,10.025055810936));
#4419 = CARTESIAN_POINT('',(-1.488804405985,10.022264310246));
#4420 = CARTESIAN_POINT('',(-1.472474874248,10.01955269722));
#4421 = CARTESIAN_POINT('',(-1.439825757159,10.014099996656));
#4422 = CARTESIAN_POINT('',(-1.423541845811,10.011371063987));
#4423 = CARTESIAN_POINT('',(-1.407301373857,10.008641322309));
#4424 = CARTESIAN_POINT('',(-1.391107133497,10.005912545002));
#4425 = CARTESIAN_POINT('',(-1.374961916928,10.003186505445));
#4426 = CARTESIAN_POINT('',(-1.358868516351,10.000464977017));
#4427 = CARTESIAN_POINT('',(-1.310752139189,9.992319245255));
#4428 = CARTESIAN_POINT('',(-1.278892700885,9.986914340536));
#4429 = CARTESIAN_POINT('',(-1.247256136315,9.981546176137));
#4430 = CARTESIAN_POINT('',(-1.215847172743,9.976225909256));
#4431 = CARTESIAN_POINT('',(-1.184670537431,9.970964697093));
#4432 = CARTESIAN_POINT('',(-1.153730957642,9.965773696846));
#4433 = CARTESIAN_POINT('',(-1.061637566639,9.950444803451));
#4434 = CARTESIAN_POINT('',(-1.001200452423,9.940547737681));
#4435 = CARTESIAN_POINT('',(-0.941780169536,9.931055768));
#4436 = CARTESIAN_POINT('',(-0.883411671954,9.922046337934));
#4437 = CARTESIAN_POINT('',(-0.826213993511,9.913588481299));
#4438 = CARTESIAN_POINT('',(-0.770278301416,9.905726490858));
#4439 = CARTESIAN_POINT('',(-0.6054529748,9.883897646151));
#4440 = CARTESIAN_POINT('',(-0.499595505913,9.871697544455));
#4441 = CARTESIAN_POINT('',(-0.396666776954,9.861922751633));
#4442 = CARTESIAN_POINT('',(-0.295877687746,9.854603793131));
#4443 = CARTESIAN_POINT('',(-0.196600671238,9.849741640595));
#4444 = CARTESIAN_POINT('',(-9.822298454709E-02,9.847320480041));
#4445 = CARTESIAN_POINT('',(-1.516225452174E-17,9.847320480041));
#4446 = ( GEOMETRIC_REPRESENTATION_CONTEXT(2) 
PARAMETRIC_REPRESENTATION_CONTEXT() REPRESENTATION_CONTEXT('2D SPACE',''
  ) );
#4447 = PCURVE('',#4448,#4500);
#4448 = ( BOUNDED_SURFACE() B_SPLINE_SURFACE(2,6,(
    (#4449,#4450,#4451,#4452,#4453,#4454,#4455,#4456,#4457,#4458,#4459
      ,#4460,#4461,#4462,#4463,#4464,#4465)
    ,(#4466,#4467,#4468,#4469,#4470,#4471,#4472,#4473,#4474,#4475,#4476
      ,#4477,#4478,#4479,#4480,#4481,#4482)
    ,(#4483,#4484,#4485,#4486,#4487,#4488,#4489,#4490,#4491,#4492,#4493
      ,#4494,#4495,#4496,#4497,#4498,#4499
)),.UNSPECIFIED.,.F.,.F.,.F.) B_SPLINE_SURFACE_WITH_KNOTS((3,3),(7,5,5,7
    ),(0.,1.341979071468),(119.42963090972,119.50424775944,
    120.02842756713,120.77160998119),.UNSPECIFIED.) 
GEOMETRIC_REPRESENTATION_ITEM() RATIONAL_B_SPLINE_SURFACE((
    (1.,1.,1.,1.,1.,1.,1.,1.,1.,1.,1.,1.,1.,1.,1.,1.,1.)
    ,(0.707106781187,0.707715614067,0.708327581597,0.708943908361
      ,0.709562947546,0.710195957314,0.715216851129,0.719784965111
      ,0.724379005767,0.728808391974,0.732890732815,0.74170039143
      ,0.745986930599,0.749250305442,0.751429225426,0.752513656433
      ,0.752513656433)
    ,(1.,1.,1.,1.,1.,1.,1.,1.,1.,1.,1.,1.,1.,1.,1.,1.,1.
))) REPRESENTATION_ITEM('') SURFACE() );
#4449 = CARTESIAN_POINT('',(-37.53917417073,-12.37285472745,-2.4000001)
  );
#4450 = CARTESIAN_POINT('',(-37.53584541571,-12.35968245652,-2.4000001)
  );
#4451 = CARTESIAN_POINT('',(-37.53252210862,-12.34651042026,
    -2.399693198023));
#4452 = CARTESIAN_POINT('',(-37.52919614141,-12.33332847991,
    -2.399239107764));
#4453 = CARTESIAN_POINT('',(-37.52589460066,-12.32017595444,
    -2.398220727976));
#4454 = CARTESIAN_POINT('',(-37.52399301817,-12.31265119376,
    -2.397260350452));
#4455 = CARTESIAN_POINT('',(-37.47461960503,-12.11584199027,
    -2.385327660494));
#4456 = CARTESIAN_POINT('',(-37.42876206245,-11.92994810545,
    -2.350508509119));
#4457 = CARTESIAN_POINT('',(-37.38766096599,-11.75912663366,
    -2.285311663084));
#4458 = CARTESIAN_POINT('',(-37.35053133307,-11.60238132163,
    -2.201777033014));
#4459 = CARTESIAN_POINT('',(-37.31778324677,-11.46190169933,
    -2.099588066271));
#4460 = CARTESIAN_POINT('',(-37.24989449727,-11.16729767948,
    -1.824576086741));
#4461 = CARTESIAN_POINT('',(-37.21911382577,-11.03039296582,
    -1.638412090238));
#4462 = CARTESIAN_POINT('',(-37.1967356069,-10.92925266236,
    -1.437312588056));
#4463 = CARTESIAN_POINT('',(-37.18211130834,-10.86264075589,
    -1.227497334175));
#4464 = CARTESIAN_POINT('',(-37.17480048293,-10.82934405178,
    -1.01346275969));
#4465 = CARTESIAN_POINT('',(-37.17480048293,-10.82934405178,-0.8000001)
  );
#4466 = CARTESIAN_POINT('',(-37.53917417073,-12.37285472745,-1.6000001)
  );
#4467 = CARTESIAN_POINT('',(-37.53584827937,-12.35969378835,
    -1.601376546398));
#4468 = CARTESIAN_POINT('',(-37.53252528176,-12.34652812439,
    -1.602479217143));
#4469 = CARTESIAN_POINT('',(-37.52920657168,-12.33335319069,
    -1.603313052801));
#4470 = CARTESIAN_POINT('',(-37.52588781036,-12.3201780161,
    -1.603868615177));
#4471 = CARTESIAN_POINT('',(-37.52258344638,-12.3070204532,
    -1.604171570481));
#4472 = CARTESIAN_POINT('',(-37.49605793299,-12.20138177357,
    -1.604228365568));
#4473 = CARTESIAN_POINT('',(-37.47293241874,-12.10905343415,
    -1.590724615647));
#4474 = CARTESIAN_POINT('',(-37.45062654461,-12.02015569859,
    -1.563815491546));
#4475 = CARTESIAN_POINT('',(-37.42974553576,-11.93647477426,
    -1.524541096111));
#4476 = CARTESIAN_POINT('',(-37.4109442968,-11.86100541251,
    -1.475153582593));
#4477 = CARTESIAN_POINT('',(-37.3713801699,-11.70172878628,
    -1.338634933721));
#4478 = CARTESIAN_POINT('',(-37.3527458496,-11.62635537502,
    -1.243929329001));
#4479 = CARTESIAN_POINT('',(-37.33877285904,-11.56956417502,
    -1.138818423209));
#4480 = CARTESIAN_POINT('',(-37.329517982,-11.53183838427,
    -1.027431264666));
#4481 = CARTESIAN_POINT('',(-37.32493919974,-11.5131917647,
    -0.913425098896));
#4482 = CARTESIAN_POINT('',(-37.32493919974,-11.5131917647,-0.8000001));
#4483 = CARTESIAN_POINT('',(-36.76355712788,-12.56886034689,-1.6000001)
  );
#4484 = CARTESIAN_POINT('',(-36.76151128325,-12.55514187693,-1.6000001)
  );
#4485 = CARTESIAN_POINT('',(-36.75947863951,-12.54142449477,
    -1.599723697504));
#4486 = CARTESIAN_POINT('',(-36.75745888499,-12.52768486277,
    -1.599166806479));
#4487 = CARTESIAN_POINT('',(-36.75545969871,-12.51399659795,
    -1.598341599968));
#4488 = CARTESIAN_POINT('',(-36.7534764693,-12.50019405241,
    -1.597222759073));
#4489 = CARTESIAN_POINT('',(-36.73773081398,-12.39059264519,
    -1.586127139651));
#4490 = CARTESIAN_POINT('',(-36.72517106857,-12.297387712,
    -1.562958563529));
#4491 = CARTESIAN_POINT('',(-36.71437216154,-12.21099483522,
    -1.527951741596));
#4492 = CARTESIAN_POINT('',(-36.70507565166,-12.13170743222,
    -1.482965183894));
#4493 = CARTESIAN_POINT('',(-36.69735271575,-12.06196918969,
    -1.43070343912));
#4494 = CARTESIAN_POINT('',(-36.68190173193,-11.91604601865,
    -1.292154121444));
#4495 = CARTESIAN_POINT('',(-36.67554617864,-11.84951948078,
    -1.200863752967));
#4496 = CARTESIAN_POINT('',(-36.67118213694,-11.80068223524,
    -1.103692481621));
#4497 = CARTESIAN_POINT('',(-36.66840231592,-11.76858491119,
    -1.003309890745));
#4498 = CARTESIAN_POINT('',(-36.66702729831,-11.75265211359,
    -0.901538327983));
#4499 = CARTESIAN_POINT('',(-36.66702729831,-11.75265211359,-0.8000001)
  );
#4500 = DEFINITIONAL_REPRESENTATION('',(#4501),#4505);
#4501 = LINE('',#4502,#4503);
#4502 = CARTESIAN_POINT('',(1.341979071468,0.));
#4503 = VECTOR('',#4504,1.);
#4504 = DIRECTION('',(0.,1.));
#4505 = ( GEOMETRIC_REPRESENTATION_CONTEXT(2) 
PARAMETRIC_REPRESENTATION_CONTEXT() REPRESENTATION_CONTEXT('2D SPACE',''
  ) );
#4506 = ORIENTED_EDGE('',*,*,#4507,.T.);
#4507 = EDGE_CURVE('',#4390,#2033,#4508,.T.);
#4508 = SURFACE_CURVE('',#4509,(#4513,#4520),.PCURVE_S1.);
#4509 = LINE('',#4510,#4511);
#4510 = CARTESIAN_POINT('',(-46.19409780257,-9.136424248266,-1.6000001)
  );
#4511 = VECTOR('',#4512,1.);
#4512 = DIRECTION('',(0.939692620786,-0.342020143326,0.));
#4513 = PCURVE('',#2057,#4514);
#4514 = DEFINITIONAL_REPRESENTATION('',(#4515),#4519);
#4515 = LINE('',#4516,#4517);
#4516 = CARTESIAN_POINT('',(-1.570796326795,0.));
#4517 = VECTOR('',#4518,1.);
#4518 = DIRECTION('',(-0.,1.));
#4519 = ( GEOMETRIC_REPRESENTATION_CONTEXT(2) 
PARAMETRIC_REPRESENTATION_CONTEXT() REPRESENTATION_CONTEXT('2D SPACE',''
  ) );
#4520 = PCURVE('',#2269,#4521);
#4521 = DEFINITIONAL_REPRESENTATION('',(#4522),#4526);
#4522 = LINE('',#4523,#4524);
#4523 = CARTESIAN_POINT('',(1.33226762955E-15,11.2));
#4524 = VECTOR('',#4525,1.);
#4525 = DIRECTION('',(1.,0.));
#4526 = ( GEOMETRIC_REPRESENTATION_CONTEXT(2) 
PARAMETRIC_REPRESENTATION_CONTEXT() REPRESENTATION_CONTEXT('2D SPACE',''
  ) );
#4527 = ORIENTED_EDGE('',*,*,#2032,.F.);
#4528 = ADVANCED_FACE('',(#4529),#2176,.F.);
#4529 = FACE_BOUND('',#4530,.T.);
#4530 = EDGE_LOOP('',(#4531,#4554,#4670,#4671));
#4531 = ORIENTED_EDGE('',*,*,#4532,.F.);
#4532 = EDGE_CURVE('',#4533,#2123,#4535,.T.);
#4533 = VERTEX_POINT('',#4534);
#4534 = CARTESIAN_POINT('',(-36.66702729831,11.752652113594,9.9999999));
#4535 = SURFACE_CURVE('',#4536,(#4540,#4547),.PCURVE_S1.);
#4536 = LINE('',#4537,#4538);
#4537 = CARTESIAN_POINT('',(-45.92048168791,8.384670151637,9.9999999));
#4538 = VECTOR('',#4539,1.);
#4539 = DIRECTION('',(0.939692620786,0.342020143326,0.));
#4540 = PCURVE('',#2176,#4541);
#4541 = DEFINITIONAL_REPRESENTATION('',(#4542),#4546);
#4542 = LINE('',#4543,#4544);
#4543 = CARTESIAN_POINT('',(-0.,0.));
#4544 = VECTOR('',#4545,1.);
#4545 = DIRECTION('',(-0.,1.));
#4546 = ( GEOMETRIC_REPRESENTATION_CONTEXT(2) 
PARAMETRIC_REPRESENTATION_CONTEXT() REPRESENTATION_CONTEXT('2D SPACE',''
  ) );
#4547 = PCURVE('',#2332,#4548);
#4548 = DEFINITIONAL_REPRESENTATION('',(#4549),#4553);
#4549 = LINE('',#4550,#4551);
#4550 = CARTESIAN_POINT('',(11.6,0.));
#4551 = VECTOR('',#4552,1.);
#4552 = DIRECTION('',(0.,1.));
#4553 = ( GEOMETRIC_REPRESENTATION_CONTEXT(2) 
PARAMETRIC_REPRESENTATION_CONTEXT() REPRESENTATION_CONTEXT('2D SPACE',''
  ) );
#4554 = ORIENTED_EDGE('',*,*,#4555,.F.);
#4555 = EDGE_CURVE('',#4268,#4533,#4556,.T.);
#4556 = SURFACE_CURVE('',#4557,(#4575,#4611),.PCURVE_S1.);
#4557 = ( BOUNDED_CURVE() B_SPLINE_CURVE(6,(#4558,#4559,#4560,#4561,
    #4562,#4563,#4564,#4565,#4566,#4567,#4568,#4569,#4570,#4571,#4572,
#4573,#4574),.UNSPECIFIED.,.F.,.F.) B_SPLINE_CURVE_WITH_KNOTS((7,5,5,7),
  (56.36664187319,56.441280487211,56.952988361813,57.708620945056),
.UNSPECIFIED.) CURVE() GEOMETRIC_REPRESENTATION_ITEM() 
RATIONAL_B_SPLINE_CURVE((1.,1.,1.,1.,1.,1.,1.,1.,1.,1.,1.,1.,1.,1.,1.,1.
,1.)) REPRESENTATION_ITEM('') );
#4558 = CARTESIAN_POINT('',(-36.76355712788,12.56886034689,10.7999999));
#4559 = CARTESIAN_POINT('',(-36.76151128325,12.555141876939,10.7999999)
  );
#4560 = CARTESIAN_POINT('',(-36.75947863449,12.541424473722,
    10.799723492237));
#4561 = CARTESIAN_POINT('',(-36.75745890106,12.527684944267,
    10.799166624891));
#4562 = CARTESIAN_POINT('',(-36.75545967161,12.513996410873,
    10.798341365823));
#4563 = CARTESIAN_POINT('',(-36.75347652348,12.500194533643,
    10.797222608886));
#4564 = CARTESIAN_POINT('',(-36.73806233443,12.392898677421,
    10.786360390295));
#4565 = CARTESIAN_POINT('',(-36.7257689251,12.301827380189,
    10.764061349002));
#4566 = CARTESIAN_POINT('',(-36.71514623395,12.217171209488,
    10.730429012802));
#4567 = CARTESIAN_POINT('',(-36.70595678797,12.139208542682,
    10.687183709064));
#4568 = CARTESIAN_POINT('',(-36.69827767057,12.07029078823,
    10.636846591425));
#4569 = CARTESIAN_POINT('',(-36.68244758572,11.921743984416,
    10.499863338708));
#4570 = CARTESIAN_POINT('',(-36.67584389883,11.85285129052,
    10.407434184085));
#4571 = CARTESIAN_POINT('',(-36.67132262619,11.802308032149,
    10.308771276965));
#4572 = CARTESIAN_POINT('',(-36.66844866751,11.76912019932,
    10.206723763152));
#4573 = CARTESIAN_POINT('',(-36.66702729831,11.752652113594,
    10.103216844781));
#4574 = CARTESIAN_POINT('',(-36.66702729831,11.752652113594,9.9999999));
#4575 = PCURVE('',#2176,#4576);
#4576 = DEFINITIONAL_REPRESENTATION('',(#4577),#4610);
#4577 = B_SPLINE_CURVE_WITH_KNOTS('',7,(#4578,#4579,#4580,#4581,#4582,
    #4583,#4584,#4585,#4586,#4587,#4588,#4589,#4590,#4591,#4592,#4593,
    #4594,#4595,#4596,#4597,#4598,#4599,#4600,#4601,#4602,#4603,#4604,
    #4605,#4606,#4607,#4608,#4609),.UNSPECIFIED.,.F.,.F.,(8,6,6,6,6,8),(
    56.36664187319,56.450515565182,56.534389257173,56.702136641157,
    57.037631409123,57.708620945056),.UNSPECIFIED.);
#4578 = CARTESIAN_POINT('',(-1.570796326795,10.035771768437));
#4579 = CARTESIAN_POINT('',(-1.554432965562,10.03310416568));
#4580 = CARTESIAN_POINT('',(-1.538091033057,10.030429980984));
#4581 = CARTESIAN_POINT('',(-1.521637848242,10.027713775611));
#4582 = CARTESIAN_POINT('',(-1.505446397879,10.025058787936));
#4583 = CARTESIAN_POINT('',(-1.488829403785,10.022268523047));
#4584 = CARTESIAN_POINT('',(-1.472503927131,10.019557517849));
#4585 = CARTESIAN_POINT('',(-1.439861555546,10.014105935811));
#4586 = CARTESIAN_POINT('',(-1.423580131175,10.011377427423));
#4587 = CARTESIAN_POINT('',(-1.40734135,10.008647985954));
#4588 = CARTESIAN_POINT('',(-1.391148093796,10.00591939569));
#4589 = CARTESIAN_POINT('',(-1.375003244335,10.003193440918));
#4590 = CARTESIAN_POINT('',(-1.358909683394,10.000471905926));
#4591 = CARTESIAN_POINT('',(-1.310791511447,9.992325913147));
#4592 = CARTESIAN_POINT('',(-1.278928800053,9.98692046006));
#4593 = CARTESIAN_POINT('',(-1.247287319273,9.981551454362));
#4594 = CARTESIAN_POINT('',(-1.215872229816,9.976230134679));
#4595 = CARTESIAN_POINT('',(-1.184688692393,9.970967739636));
#4596 = CARTESIAN_POINT('',(-1.153741867713,9.965775507856));
#4597 = CARTESIAN_POINT('',(-1.061627014034,9.950443018185));
#4598 = CARTESIAN_POINT('',(-1.001180761159,9.940544395336));
#4599 = CARTESIAN_POINT('',(-0.941746233618,9.931050370726));
#4600 = CARTESIAN_POINT('',(-0.883390350801,9.922043392588));
#4601 = CARTESIAN_POINT('',(-0.826235315446,9.913592192086));
#4602 = CARTESIAN_POINT('',(-0.770337728402,9.90573492392));
#4603 = CARTESIAN_POINT('',(-0.605555678462,9.883910306761));
#4604 = CARTESIAN_POINT('',(-0.499672740739,9.871704737823));
#4605 = CARTESIAN_POINT('',(-0.396710567413,9.86192466332));
#4606 = CARTESIAN_POINT('',(-0.295893614655,9.854603390898));
#4607 = CARTESIAN_POINT('',(-0.196593675898,9.849741225902));
#4608 = CARTESIAN_POINT('',(-9.820176510059E-02,9.847320480041));
#4609 = CARTESIAN_POINT('',(1.071365218763E-14,9.847320480041));
#4610 = ( GEOMETRIC_REPRESENTATION_CONTEXT(2) 
PARAMETRIC_REPRESENTATION_CONTEXT() REPRESENTATION_CONTEXT('2D SPACE',''
  ) );
#4611 = PCURVE('',#4612,#4664);
#4612 = ( BOUNDED_SURFACE() B_SPLINE_SURFACE(2,6,(
    (#4613,#4614,#4615,#4616,#4617,#4618,#4619,#4620,#4621,#4622,#4623
      ,#4624,#4625,#4626,#4627,#4628,#4629)
    ,(#4630,#4631,#4632,#4633,#4634,#4635,#4636,#4637,#4638,#4639,#4640
      ,#4641,#4642,#4643,#4644,#4645,#4646)
    ,(#4647,#4648,#4649,#4650,#4651,#4652,#4653,#4654,#4655,#4656,#4657
      ,#4658,#4659,#4660,#4661,#4662,#4663
)),.UNSPECIFIED.,.F.,.F.,.F.) B_SPLINE_SURFACE_WITH_KNOTS((3,3),(7,5,5,7
    ),(0.,1.341979071866),(56.36664187319,56.441280487211,
    56.952988361813,57.708620945056),.UNSPECIFIED.) 
GEOMETRIC_REPRESENTATION_ITEM() RATIONAL_B_SPLINE_SURFACE((
    (1.,1.,1.,1.,1.,1.,1.,1.,1.,1.,1.,1.,1.,1.,1.,1.,1.)
    ,(0.707106781187,0.707715614067,0.708327580514,0.708943910001
      ,0.709562951501,0.710195931743,0.715111281486,0.719566769289
      ,0.724052421811,0.728389350401,0.732405216667,0.741334050777
      ,0.745764224388,0.749139733819,0.751392901928,0.752513656433
      ,0.752513656433)
    ,(1.,1.,1.,1.,1.,1.,1.,1.,1.,1.,1.,1.,1.,1.,1.,1.,1.
))) REPRESENTATION_ITEM('') SURFACE() );
#4613 = CARTESIAN_POINT('',(-37.53917417073,12.372854727453,11.5999999)
  );
#4614 = CARTESIAN_POINT('',(-37.53584541571,12.359682456523,11.5999999)
  );
#4615 = CARTESIAN_POINT('',(-37.53252214685,12.346510588525,
    11.599693165179));
#4616 = CARTESIAN_POINT('',(-37.52919603577,12.33332800732,
    11.599238422058));
#4617 = CARTESIAN_POINT('',(-37.52589470889,12.320176475257,
    11.598221138006));
#4618 = CARTESIAN_POINT('',(-37.52398863726,12.312633693604,
    11.597259784743));
#4619 = CARTESIAN_POINT('',(-37.47572493059,12.120248224828,
    11.585582484832));
#4620 = CARTESIAN_POINT('',(-37.43087580056,11.938529605136,
    11.552226958412));
#4621 = CARTESIAN_POINT('',(-37.39059521694,11.771296077645,
    11.489770413134));
#4622 = CARTESIAN_POINT('',(-37.35405634432,11.617262786333,
    11.409684510316));
#4623 = CARTESIAN_POINT('',(-37.32168147306,11.478606313421,
    11.311537562978));
#4624 = CARTESIAN_POINT('',(-37.252521653,11.178975479334,
    11.040240106116));
#4625 = CARTESIAN_POINT('',(-37.22064323906,11.037305377298,
    10.852023199753));
#4626 = CARTESIAN_POINT('',(-37.1974799071,10.93264396521,10.64794753818
    ));
#4627 = CARTESIAN_POINT('',(-37.18235498259,10.863749729769,
    10.43466645627));
#4628 = CARTESIAN_POINT('',(-37.17480048293,10.829344051789,
    10.216991742041));
#4629 = CARTESIAN_POINT('',(-37.17480048293,10.829344051789,9.9999999));
#4630 = CARTESIAN_POINT('',(-37.53917417073,12.372854727452,10.7999999)
  );
#4631 = CARTESIAN_POINT('',(-37.53584827937,12.359693788351,
    10.801376346398));
#4632 = CARTESIAN_POINT('',(-37.53252528107,12.346528110888,
    10.802479016475));
#4633 = CARTESIAN_POINT('',(-37.52920657686,12.333353242893,
    10.803312854407));
#4634 = CARTESIAN_POINT('',(-37.52588779113,12.320177899173,
    10.803868415907));
#4635 = CARTESIAN_POINT('',(-37.52258350353,12.30702070652,
    10.804171346382));
#4636 = CARTESIAN_POINT('',(-37.49661299825,12.203592096953,
    10.804227292683));
#4637 = CARTESIAN_POINT('',(-37.4740289703,12.11342758205,
    10.791364087597));
#4638 = CARTESIAN_POINT('',(-37.45220425484,12.02645265341,
    10.765699290886));
#4639 = CARTESIAN_POINT('',(-37.43171123097,11.944345839111,10.728191691
    ));
#4640 = CARTESIAN_POINT('',(-37.41317084925,11.869944009943,
    10.680905604949));
#4641 = CARTESIAN_POINT('',(-37.37298282212,11.708211393305,
    10.546658774879));
#4642 = CARTESIAN_POINT('',(-37.35370412993,11.630250028198,
    10.451067954467));
#4643 = CARTESIAN_POINT('',(-37.33924400552,11.571484502105,
    10.344474422521));
#4644 = CARTESIAN_POINT('',(-37.32967140972,11.532463131555,
    10.231258899528));
#4645 = CARTESIAN_POINT('',(-37.32493919974,11.513191764702,
    10.115300134427));
#4646 = CARTESIAN_POINT('',(-37.32493919974,11.513191764702,9.9999999));
#4647 = CARTESIAN_POINT('',(-36.76355712788,12.56886034689,10.7999999));
#4648 = CARTESIAN_POINT('',(-36.76151128325,12.555141876939,10.7999999)
  );
#4649 = CARTESIAN_POINT('',(-36.75947863449,12.541424473722,
    10.799723492237));
#4650 = CARTESIAN_POINT('',(-36.75745890106,12.527684944267,
    10.799166624891));
#4651 = CARTESIAN_POINT('',(-36.75545967161,12.513996410873,
    10.798341365823));
#4652 = CARTESIAN_POINT('',(-36.75347652348,12.500194533643,
    10.797222608886));
#4653 = CARTESIAN_POINT('',(-36.73806233443,12.392898677421,
    10.786360390295));
#4654 = CARTESIAN_POINT('',(-36.7257689251,12.301827380189,
    10.764061349002));
#4655 = CARTESIAN_POINT('',(-36.71514623395,12.217171209488,
    10.730429012802));
#4656 = CARTESIAN_POINT('',(-36.70595678797,12.139208542682,
    10.687183709064));
#4657 = CARTESIAN_POINT('',(-36.69827767057,12.07029078823,
    10.636846591425));
#4658 = CARTESIAN_POINT('',(-36.68244758572,11.921743984416,
    10.499863338708));
#4659 = CARTESIAN_POINT('',(-36.67584389883,11.85285129052,
    10.407434184085));
#4660 = CARTESIAN_POINT('',(-36.67132262619,11.802308032149,
    10.308771276965));
#4661 = CARTESIAN_POINT('',(-36.66844866751,11.76912019932,
    10.206723763152));
#4662 = CARTESIAN_POINT('',(-36.66702729831,11.752652113594,
    10.103216844781));
#4663 = CARTESIAN_POINT('',(-36.66702729831,11.752652113594,9.9999999));
#4664 = DEFINITIONAL_REPRESENTATION('',(#4665),#4669);
#4665 = LINE('',#4666,#4667);
#4666 = CARTESIAN_POINT('',(1.341979071866,0.));
#4667 = VECTOR('',#4668,1.);
#4668 = DIRECTION('',(0.,1.));
#4669 = ( GEOMETRIC_REPRESENTATION_CONTEXT(2) 
PARAMETRIC_REPRESENTATION_CONTEXT() REPRESENTATION_CONTEXT('2D SPACE',''
  ) );
#4670 = ORIENTED_EDGE('',*,*,#4267,.T.);
#4671 = ORIENTED_EDGE('',*,*,#2153,.F.);
#4672 = ADVANCED_FACE('',(#4673),#2269,.T.);
#4673 = FACE_BOUND('',#4674,.T.);
#4674 = EDGE_LOOP('',(#4675,#4676,#4705,#4748,#4776,#4802));
#4675 = ORIENTED_EDGE('',*,*,#4507,.F.);
#4676 = ORIENTED_EDGE('',*,*,#4677,.F.);
#4677 = EDGE_CURVE('',#4678,#4390,#4680,.T.);
#4678 = VERTEX_POINT('',#4679);
#4679 = CARTESIAN_POINT('',(-41.25078118021,-24.17019230769,-1.6000001)
  );
#4680 = SURFACE_CURVE('',#4681,(#4686,#4693),.PCURVE_S1.);
#4681 = CIRCLE('',#4682,51.3);
#4682 = AXIS2_PLACEMENT_3D('',#4683,#4684,#4685);
#4683 = CARTESIAN_POINT('',(-86.50000000009,3.552713678801E-15,
    -1.6000001));
#4684 = DIRECTION('',(-0.,0.,1.));
#4685 = DIRECTION('',(0.88205104912,-0.471153846154,0.));
#4686 = PCURVE('',#2269,#4687);
#4687 = DEFINITIONAL_REPRESENTATION('',(#4688),#4692);
#4688 = CIRCLE('',#4689,51.3);
#4689 = AXIS2_PLACEMENT_2D('',#4690,#4691);
#4690 = CARTESIAN_POINT('',(-41.,6.));
#4691 = DIRECTION('',(0.990000968005,-0.141060566245));
#4692 = ( GEOMETRIC_REPRESENTATION_CONTEXT(2) 
PARAMETRIC_REPRESENTATION_CONTEXT() REPRESENTATION_CONTEXT('2D SPACE',''
  ) );
#4693 = PCURVE('',#4694,#4699);
#4694 = TOROIDAL_SURFACE('',#4695,51.3,0.8);
#4695 = AXIS2_PLACEMENT_3D('',#4696,#4697,#4698);
#4696 = CARTESIAN_POINT('',(-86.50000000009,3.552713678801E-15,
    -2.4000001));
#4697 = DIRECTION('',(0.,0.,-1.));
#4698 = DIRECTION('',(0.88205104912,-0.471153846154,0.));
#4699 = DEFINITIONAL_REPRESENTATION('',(#4700),#4704);
#4700 = LINE('',#4701,#4702);
#4701 = CARTESIAN_POINT('',(-0.,4.712388980385));
#4702 = VECTOR('',#4703,1.);
#4703 = DIRECTION('',(-1.,0.));
#4704 = ( GEOMETRIC_REPRESENTATION_CONTEXT(2) 
PARAMETRIC_REPRESENTATION_CONTEXT() REPRESENTATION_CONTEXT('2D SPACE',''
  ) );
#4705 = ORIENTED_EDGE('',*,*,#4706,.F.);
#4706 = EDGE_CURVE('',#4707,#4678,#4709,.T.);
#4707 = VERTEX_POINT('',#4708);
#4708 = CARTESIAN_POINT('',(-40.63334544583,-25.2,-1.6000001));
#4709 = SURFACE_CURVE('',#4710,(#4715,#4726),.PCURVE_S1.);
#4710 = CIRCLE('',#4711,0.7);
#4711 = AXIS2_PLACEMENT_3D('',#4712,#4713,#4714);
#4712 = CARTESIAN_POINT('',(-40.63334544583,-24.5,-1.6000001));
#4713 = DIRECTION('',(-0.,0.,-1.));
#4714 = DIRECTION('',(-4.736951571734E-15,-1.,0.));
#4715 = PCURVE('',#2269,#4716);
#4716 = DEFINITIONAL_REPRESENTATION('',(#4717),#4725);
#4717 = ( BOUNDED_CURVE() B_SPLINE_CURVE(2,(#4718,#4719,#4720,#4721,
#4722,#4723,#4724),.UNSPECIFIED.,.T.,.F.) B_SPLINE_CURVE_WITH_KNOTS((1,2
    ,2,2,2,1),(-2.094395102393,0.,2.094395102393,4.188790204786,
6.28318530718,8.377580409573),.UNSPECIFIED.) CURVE() 
GEOMETRIC_REPRESENTATION_ITEM() RATIONAL_B_SPLINE_CURVE((1.,0.5,1.,0.5,
1.,0.5,1.)) REPRESENTATION_ITEM('') );
#4718 = CARTESIAN_POINT('',(10.719464436583,-1.992934279287));
#4719 = CARTESIAN_POINT('',(9.580147682694,-2.407611665104));
#4720 = CARTESIAN_POINT('',(9.790684909147,-1.21359572037));
#4721 = CARTESIAN_POINT('',(10.001222135599,-1.957977563687E-02));
#4722 = CARTESIAN_POINT('',(10.930001663036,-0.798918334554));
#4723 = CARTESIAN_POINT('',(11.858781190472,-1.578256893471));
#4724 = CARTESIAN_POINT('',(10.719464436583,-1.992934279287));
#4725 = ( GEOMETRIC_REPRESENTATION_CONTEXT(2) 
PARAMETRIC_REPRESENTATION_CONTEXT() REPRESENTATION_CONTEXT('2D SPACE',''
  ) );
#4726 = PCURVE('',#4727,#4742);
#4727 = SURFACE_OF_REVOLUTION('',#4728,#4739);
#4728 = B_SPLINE_CURVE_WITH_KNOTS('',5,(#4729,#4730,#4731,#4732,#4733,
    #4734,#4735,#4736,#4737,#4738),.UNSPECIFIED.,.F.,.F.,(6,4,6),(0.,
    0.785398163397,1.570796326795),.UNSPECIFIED.);
#4729 = CARTESIAN_POINT('',(-40.63334544583,-26.,-2.4000001));
#4730 = CARTESIAN_POINT('',(-40.63334544583,-26.,-2.274336393856));
#4731 = CARTESIAN_POINT('',(-40.63334544583,-25.97533152564,
    -2.148670696815));
#4732 = CARTESIAN_POINT('',(-40.63334544583,-25.92595890475,
    -2.029474645854));
#4733 = CARTESIAN_POINT('',(-40.63334544583,-25.85454308371,
    -1.923172333814));
#4734 = CARTESIAN_POINT('',(-40.63334544583,-25.67682776618,
    -1.745457016288));
#4735 = CARTESIAN_POINT('',(-40.63334544583,-25.57052545414,
    -1.674041195246));
#4736 = CARTESIAN_POINT('',(-40.63334544583,-25.45132940318,
    -1.624668574357));
#4737 = CARTESIAN_POINT('',(-40.63334544583,-25.32566370614,-1.6000001)
  );
#4738 = CARTESIAN_POINT('',(-40.63334544583,-25.2,-1.6000001));
#4739 = AXIS1_PLACEMENT('',#4740,#4741);
#4740 = CARTESIAN_POINT('',(-40.63334544583,-24.5,-2.4000001));
#4741 = DIRECTION('',(0.,0.,1.));
#4742 = DEFINITIONAL_REPRESENTATION('',(#4743),#4747);
#4743 = LINE('',#4744,#4745);
#4744 = CARTESIAN_POINT('',(-0.,1.570796326795));
#4745 = VECTOR('',#4746,1.);
#4746 = DIRECTION('',(-1.,0.));
#4747 = ( GEOMETRIC_REPRESENTATION_CONTEXT(2) 
PARAMETRIC_REPRESENTATION_CONTEXT() REPRESENTATION_CONTEXT('2D SPACE',''
  ) );
#4748 = ORIENTED_EDGE('',*,*,#4749,.F.);
#4749 = EDGE_CURVE('',#4750,#4707,#4752,.T.);
#4750 = VERTEX_POINT('',#4751);
#4751 = CARTESIAN_POINT('',(-38.93951219771,-25.2,-1.6000001));
#4752 = SURFACE_CURVE('',#4753,(#4757,#4764),.PCURVE_S1.);
#4753 = LINE('',#4754,#4755);
#4754 = CARTESIAN_POINT('',(-38.93951219771,-25.2,-1.6000001));
#4755 = VECTOR('',#4756,1.);
#4756 = DIRECTION('',(-1.,0.,0.));
#4757 = PCURVE('',#2269,#4758);
#4758 = DEFINITIONAL_REPRESENTATION('',(#4759),#4763);
#4759 = LINE('',#4760,#4761);
#4760 = CARTESIAN_POINT('',(12.311147040678,-1.413609188997));
#4761 = VECTOR('',#4762,1.);
#4762 = DIRECTION('',(-0.939692620786,-0.342020143326));
#4763 = ( GEOMETRIC_REPRESENTATION_CONTEXT(2) 
PARAMETRIC_REPRESENTATION_CONTEXT() REPRESENTATION_CONTEXT('2D SPACE',''
  ) );
#4764 = PCURVE('',#4765,#4770);
#4765 = CYLINDRICAL_SURFACE('',#4766,0.8);
#4766 = AXIS2_PLACEMENT_3D('',#4767,#4768,#4769);
#4767 = CARTESIAN_POINT('',(-38.93951219771,-25.2,-2.4000001));
#4768 = DIRECTION('',(-1.,0.,0.));
#4769 = DIRECTION('',(0.,-1.,0.));
#4770 = DEFINITIONAL_REPRESENTATION('',(#4771),#4775);
#4771 = LINE('',#4772,#4773);
#4772 = CARTESIAN_POINT('',(1.570796326795,0.));
#4773 = VECTOR('',#4774,1.);
#4774 = DIRECTION('',(0.,1.));
#4775 = ( GEOMETRIC_REPRESENTATION_CONTEXT(2) 
PARAMETRIC_REPRESENTATION_CONTEXT() REPRESENTATION_CONTEXT('2D SPACE',''
  ) );
#4776 = ORIENTED_EDGE('',*,*,#4777,.F.);
#4777 = EDGE_CURVE('',#2216,#4750,#4778,.T.);
#4778 = SURFACE_CURVE('',#4779,(#4784,#4795),.PCURVE_S1.);
#4779 = CIRCLE('',#4780,0.7);
#4780 = AXIS2_PLACEMENT_3D('',#4781,#4782,#4783);
#4781 = CARTESIAN_POINT('',(-38.93951219771,-24.5,-1.6000001));
#4782 = DIRECTION('',(0.,-0.,-1.));
#4783 = DIRECTION('',(0.888981080418,-0.457943925234,0.));
#4784 = PCURVE('',#2269,#4785);
#4785 = DEFINITIONAL_REPRESENTATION('',(#4786),#4794);
#4786 = ( BOUNDED_CURVE() B_SPLINE_CURVE(2,(#4787,#4788,#4789,#4790,
#4791,#4792,#4793),.UNSPECIFIED.,.T.,.F.) B_SPLINE_CURVE_WITH_KNOTS((1,2
    ,2,2,2,1),(-2.094395102393,0.,2.094395102393,4.188790204786,
6.28318530718,8.377580409573),.UNSPECIFIED.) CURVE() 
GEOMETRIC_REPRESENTATION_ITEM() RATIONAL_B_SPLINE_CURVE((1.,0.5,1.,0.5,
1.,0.5,1.)) REPRESENTATION_ITEM('') );
#4787 = CARTESIAN_POINT('',(12.766129446112,-0.844218317963));
#4788 = CARTESIAN_POINT('',(12.613026610219,-2.046948346541));
#4789 = CARTESIAN_POINT('',(11.647983269523,-1.312992386978));
#4790 = CARTESIAN_POINT('',(10.682939928827,-0.579036427415));
#4791 = CARTESIAN_POINT('',(11.801086105416,-0.1102623584));
#4792 = CARTESIAN_POINT('',(12.919232282004,0.358511710614));
#4793 = CARTESIAN_POINT('',(12.766129446112,-0.844218317963));
#4794 = ( GEOMETRIC_REPRESENTATION_CONTEXT(2) 
PARAMETRIC_REPRESENTATION_CONTEXT() REPRESENTATION_CONTEXT('2D SPACE',''
  ) );
#4795 = PCURVE('',#2232,#4796);
#4796 = DEFINITIONAL_REPRESENTATION('',(#4797),#4801);
#4797 = LINE('',#4798,#4799);
#4798 = CARTESIAN_POINT('',(-0.,1.570796326795));
#4799 = VECTOR('',#4800,1.);
#4800 = DIRECTION('',(-1.,0.));
#4801 = ( GEOMETRIC_REPRESENTATION_CONTEXT(2) 
PARAMETRIC_REPRESENTATION_CONTEXT() REPRESENTATION_CONTEXT('2D SPACE',''
  ) );
#4802 = ORIENTED_EDGE('',*,*,#2254,.F.);
#4803 = ADVANCED_FACE('',(#4804),#2232,.T.);
#4804 = FACE_BOUND('',#4805,.F.);
#4805 = EDGE_LOOP('',(#4806,#4807,#4808,#4830));
#4806 = ORIENTED_EDGE('',*,*,#2215,.F.);
#4807 = ORIENTED_EDGE('',*,*,#2350,.T.);
#4808 = ORIENTED_EDGE('',*,*,#4809,.T.);
#4809 = EDGE_CURVE('',#2351,#4750,#4810,.T.);
#4810 = SURFACE_CURVE('',#4811,(#4816,#4823),.PCURVE_S1.);
#4811 = CIRCLE('',#4812,0.8);
#4812 = AXIS2_PLACEMENT_3D('',#4813,#4814,#4815);
#4813 = CARTESIAN_POINT('',(-38.93951219771,-25.2,-2.4000001));
#4814 = DIRECTION('',(-1.,-1.443289932013E-15,0.));
#4815 = DIRECTION('',(1.443289932013E-15,-1.,0.));
#4816 = PCURVE('',#2232,#4817);
#4817 = DEFINITIONAL_REPRESENTATION('',(#4818),#4822);
#4818 = LINE('',#4819,#4820);
#4819 = CARTESIAN_POINT('',(-1.09511535401,0.));
#4820 = VECTOR('',#4821,1.);
#4821 = DIRECTION('',(-0.,1.));
#4822 = ( GEOMETRIC_REPRESENTATION_CONTEXT(2) 
PARAMETRIC_REPRESENTATION_CONTEXT() REPRESENTATION_CONTEXT('2D SPACE',''
  ) );
#4823 = PCURVE('',#4765,#4824);
#4824 = DEFINITIONAL_REPRESENTATION('',(#4825),#4829);
#4825 = LINE('',#4826,#4827);
#4826 = CARTESIAN_POINT('',(0.,0.));
#4827 = VECTOR('',#4828,1.);
#4828 = DIRECTION('',(1.,0.));
#4829 = ( GEOMETRIC_REPRESENTATION_CONTEXT(2) 
PARAMETRIC_REPRESENTATION_CONTEXT() REPRESENTATION_CONTEXT('2D SPACE',''
  ) );
#4830 = ORIENTED_EDGE('',*,*,#4777,.F.);
#4831 = ADVANCED_FACE('',(#4832),#2332,.T.);
#4832 = FACE_BOUND('',#4833,.T.);
#4833 = EDGE_LOOP('',(#4834,#4857,#4883,#4884));
#4834 = ORIENTED_EDGE('',*,*,#4835,.F.);
#4835 = EDGE_CURVE('',#4836,#2289,#4838,.T.);
#4836 = VERTEX_POINT('',#4837);
#4837 = CARTESIAN_POINT('',(-36.66702729831,11.752652113594,-0.8000001)
  );
#4838 = SURFACE_CURVE('',#4839,(#4843,#4850),.PCURVE_S1.);
#4839 = LINE('',#4840,#4841);
#4840 = CARTESIAN_POINT('',(-45.92048168791,8.384670151637,-0.8000001));
#4841 = VECTOR('',#4842,1.);
#4842 = DIRECTION('',(0.939692620786,0.342020143326,0.));
#4843 = PCURVE('',#2332,#4844);
#4844 = DEFINITIONAL_REPRESENTATION('',(#4845),#4849);
#4845 = LINE('',#4846,#4847);
#4846 = CARTESIAN_POINT('',(0.8,0.));
#4847 = VECTOR('',#4848,1.);
#4848 = DIRECTION('',(0.,1.));
#4849 = ( GEOMETRIC_REPRESENTATION_CONTEXT(2) 
PARAMETRIC_REPRESENTATION_CONTEXT() REPRESENTATION_CONTEXT('2D SPACE',''
  ) );
#4850 = PCURVE('',#2496,#4851);
#4851 = DEFINITIONAL_REPRESENTATION('',(#4852),#4856);
#4852 = LINE('',#4853,#4854);
#4853 = CARTESIAN_POINT('',(0.,0.));
#4854 = VECTOR('',#4855,1.);
#4855 = DIRECTION('',(0.,1.));
#4856 = ( GEOMETRIC_REPRESENTATION_CONTEXT(2) 
PARAMETRIC_REPRESENTATION_CONTEXT() REPRESENTATION_CONTEXT('2D SPACE',''
  ) );
#4857 = ORIENTED_EDGE('',*,*,#4858,.F.);
#4858 = EDGE_CURVE('',#4533,#4836,#4859,.T.);
#4859 = SURFACE_CURVE('',#4860,(#4864,#4871),.PCURVE_S1.);
#4860 = LINE('',#4861,#4862);
#4861 = CARTESIAN_POINT('',(-36.66702729831,11.752652113594,9.9999999));
#4862 = VECTOR('',#4863,1.);
#4863 = DIRECTION('',(0.,-0.,-1.));
#4864 = PCURVE('',#2332,#4865);
#4865 = DEFINITIONAL_REPRESENTATION('',(#4866),#4870);
#4866 = LINE('',#4867,#4868);
#4867 = CARTESIAN_POINT('',(11.6,9.847320480041));
#4868 = VECTOR('',#4869,1.);
#4869 = DIRECTION('',(-1.,0.));
#4870 = ( GEOMETRIC_REPRESENTATION_CONTEXT(2) 
PARAMETRIC_REPRESENTATION_CONTEXT() REPRESENTATION_CONTEXT('2D SPACE',''
  ) );
#4871 = PCURVE('',#4872,#4877);
#4872 = CYLINDRICAL_SURFACE('',#4873,0.8);
#4873 = AXIS2_PLACEMENT_3D('',#4874,#4875,#4876);
#4874 = CARTESIAN_POINT('',(-36.39341118364,11.000898016966,9.9999999));
#4875 = DIRECTION('',(0.,-0.,-1.));
#4876 = DIRECTION('',(-0.976736624102,-0.214442456471,0.));
#4877 = DEFINITIONAL_REPRESENTATION('',(#4878),#4882);
#4878 = LINE('',#4879,#4880);
#4879 = CARTESIAN_POINT('',(1.437851447639,0.));
#4880 = VECTOR('',#4881,1.);
#4881 = DIRECTION('',(0.,1.));
#4882 = ( GEOMETRIC_REPRESENTATION_CONTEXT(2) 
PARAMETRIC_REPRESENTATION_CONTEXT() REPRESENTATION_CONTEXT('2D SPACE',''
  ) );
#4883 = ORIENTED_EDGE('',*,*,#4532,.T.);
#4884 = ORIENTED_EDGE('',*,*,#2318,.F.);
#4885 = ADVANCED_FACE('',(#4886),#2417,.T.);
#4886 = FACE_BOUND('',#4887,.F.);
#4887 = EDGE_LOOP('',(#4888,#4889,#4917,#4944));
#4888 = ORIENTED_EDGE('',*,*,#2605,.F.);
#4889 = ORIENTED_EDGE('',*,*,#4890,.T.);
#4890 = EDGE_CURVE('',#2573,#4891,#4893,.T.);
#4891 = VERTEX_POINT('',#4892);
#4892 = CARTESIAN_POINT('',(-38.93951219771,-24.8,-5.4000001));
#4893 = SURFACE_CURVE('',#4894,(#4899,#4906),.PCURVE_S1.);
#4894 = CIRCLE('',#4895,0.3);
#4895 = AXIS2_PLACEMENT_3D('',#4896,#4897,#4898);
#4896 = CARTESIAN_POINT('',(-38.93951219771,-24.5,-5.4000001));
#4897 = DIRECTION('',(0.,-0.,-1.));
#4898 = DIRECTION('',(0.888981080418,-0.457943925234,0.));
#4899 = PCURVE('',#2417,#4900);
#4900 = DEFINITIONAL_REPRESENTATION('',(#4901),#4905);
#4901 = LINE('',#4902,#4903);
#4902 = CARTESIAN_POINT('',(-0.,4.712388980385));
#4903 = VECTOR('',#4904,1.);
#4904 = DIRECTION('',(-1.,0.));
#4905 = ( GEOMETRIC_REPRESENTATION_CONTEXT(2) 
PARAMETRIC_REPRESENTATION_CONTEXT() REPRESENTATION_CONTEXT('2D SPACE',''
  ) );
#4906 = PCURVE('',#2589,#4907);
#4907 = DEFINITIONAL_REPRESENTATION('',(#4908),#4916);
#4908 = ( BOUNDED_CURVE() B_SPLINE_CURVE(2,(#4909,#4910,#4911,#4912,
#4913,#4914,#4915),.UNSPECIFIED.,.T.,.F.) B_SPLINE_CURVE_WITH_KNOTS((1,2
    ,2,2,2,1),(-2.094395102393,0.,2.094395102393,4.188790204786,
6.28318530718,8.377580409573),.UNSPECIFIED.) CURVE() 
GEOMETRIC_REPRESENTATION_ITEM() RATIONAL_B_SPLINE_CURVE((1.,0.5,1.,0.5,
1.,0.5,1.)) REPRESENTATION_ITEM('') );
#4909 = CARTESIAN_POINT('',(47.827182126502,-24.63738317757));
#4910 = CARTESIAN_POINT('',(47.589227482845,-25.09931129704));
#4911 = CARTESIAN_POINT('',(47.308163318485,-24.66227247095));
#4912 = CARTESIAN_POINT('',(47.027099154126,-24.22523364486));
#4913 = CARTESIAN_POINT('',(47.546117962142,-24.20034435147));
#4914 = CARTESIAN_POINT('',(48.065136770159,-24.17545505809));
#4915 = CARTESIAN_POINT('',(47.827182126502,-24.63738317757));
#4916 = ( GEOMETRIC_REPRESENTATION_CONTEXT(2) 
PARAMETRIC_REPRESENTATION_CONTEXT() REPRESENTATION_CONTEXT('2D SPACE',''
  ) );
#4917 = ORIENTED_EDGE('',*,*,#4918,.T.);
#4918 = EDGE_CURVE('',#4891,#2375,#4919,.T.);
#4919 = SURFACE_CURVE('',#4920,(#4925,#4932),.PCURVE_S1.);
#4920 = CIRCLE('',#4921,1.2);
#4921 = AXIS2_PLACEMENT_3D('',#4922,#4923,#4924);
#4922 = CARTESIAN_POINT('',(-38.93951219771,-24.8,-4.2000001));
#4923 = DIRECTION('',(-1.,0.,0.));
#4924 = DIRECTION('',(0.,0.,-1.));
#4925 = PCURVE('',#2417,#4926);
#4926 = DEFINITIONAL_REPRESENTATION('',(#4927),#4931);
#4927 = LINE('',#4928,#4929);
#4928 = CARTESIAN_POINT('',(-1.09511535401,4.712388980385));
#4929 = VECTOR('',#4930,1.);
#4930 = DIRECTION('',(-0.,1.));
#4931 = ( GEOMETRIC_REPRESENTATION_CONTEXT(2) 
PARAMETRIC_REPRESENTATION_CONTEXT() REPRESENTATION_CONTEXT('2D SPACE',''
  ) );
#4932 = PCURVE('',#4933,#4938);
#4933 = CYLINDRICAL_SURFACE('',#4934,1.2);
#4934 = AXIS2_PLACEMENT_3D('',#4935,#4936,#4937);
#4935 = CARTESIAN_POINT('',(-38.93951219771,-24.8,-4.2000001));
#4936 = DIRECTION('',(-1.,0.,0.));
#4937 = DIRECTION('',(0.,0.,-1.));
#4938 = DEFINITIONAL_REPRESENTATION('',(#4939),#4943);
#4939 = LINE('',#4940,#4941);
#4940 = CARTESIAN_POINT('',(0.,7.105427357601E-15));
#4941 = VECTOR('',#4942,1.);
#4942 = DIRECTION('',(1.,0.));
#4943 = ( GEOMETRIC_REPRESENTATION_CONTEXT(2) 
PARAMETRIC_REPRESENTATION_CONTEXT() REPRESENTATION_CONTEXT('2D SPACE',''
  ) );
#4944 = ORIENTED_EDGE('',*,*,#2402,.F.);
#4945 = ADVANCED_FACE('',(#4946),#2390,.F.);
#4946 = FACE_BOUND('',#4947,.F.);
#4947 = EDGE_LOOP('',(#4948,#4978,#4999,#5000));
#4948 = ORIENTED_EDGE('',*,*,#4949,.F.);
#4949 = EDGE_CURVE('',#4950,#4952,#4954,.T.);
#4950 = VERTEX_POINT('',#4951);
#4951 = CARTESIAN_POINT('',(-40.63334544583,-26.,-2.4000001));
#4952 = VERTEX_POINT('',#4953);
#4953 = CARTESIAN_POINT('',(-40.63334544583,-26.,-4.2000001));
#4954 = SURFACE_CURVE('',#4955,(#4959,#4966),.PCURVE_S1.);
#4955 = LINE('',#4956,#4957);
#4956 = CARTESIAN_POINT('',(-40.63334544583,-26.,14.5999999));
#4957 = VECTOR('',#4958,1.);
#4958 = DIRECTION('',(0.,-0.,-1.));
#4959 = PCURVE('',#2390,#4960);
#4960 = DEFINITIONAL_REPRESENTATION('',(#4961),#4965);
#4961 = LINE('',#4962,#4963);
#4962 = CARTESIAN_POINT('',(20.5,45.866654554262));
#4963 = VECTOR('',#4964,1.);
#4964 = DIRECTION('',(-1.,0.));
#4965 = ( GEOMETRIC_REPRESENTATION_CONTEXT(2) 
PARAMETRIC_REPRESENTATION_CONTEXT() REPRESENTATION_CONTEXT('2D SPACE',''
  ) );
#4966 = PCURVE('',#4967,#4972);
#4967 = CYLINDRICAL_SURFACE('',#4968,1.5);
#4968 = AXIS2_PLACEMENT_3D('',#4969,#4970,#4971);
#4969 = CARTESIAN_POINT('',(-40.63334544583,-24.5,14.5999999));
#4970 = DIRECTION('',(0.,-0.,-1.));
#4971 = DIRECTION('',(-0.88205104912,0.471153846154,0.));
#4972 = DEFINITIONAL_REPRESENTATION('',(#4973),#4977);
#4973 = LINE('',#4974,#4975);
#4974 = CARTESIAN_POINT('',(-2.061394788348,0.));
#4975 = VECTOR('',#4976,1.);
#4976 = DIRECTION('',(-0.,1.));
#4977 = ( GEOMETRIC_REPRESENTATION_CONTEXT(2) 
PARAMETRIC_REPRESENTATION_CONTEXT() REPRESENTATION_CONTEXT('2D SPACE',''
  ) );
#4978 = ORIENTED_EDGE('',*,*,#4979,.F.);
#4979 = EDGE_CURVE('',#2351,#4950,#4980,.T.);
#4980 = SURFACE_CURVE('',#4981,(#4985,#4992),.PCURVE_S1.);
#4981 = LINE('',#4982,#4983);
#4982 = CARTESIAN_POINT('',(-38.93951219771,-26.,-2.4000001));
#4983 = VECTOR('',#4984,1.);
#4984 = DIRECTION('',(-1.,0.,0.));
#4985 = PCURVE('',#2390,#4986);
#4986 = DEFINITIONAL_REPRESENTATION('',(#4987),#4991);
#4987 = LINE('',#4988,#4989);
#4988 = CARTESIAN_POINT('',(3.5,47.560487802376));
#4989 = VECTOR('',#4990,1.);
#4990 = DIRECTION('',(0.,-1.));
#4991 = ( GEOMETRIC_REPRESENTATION_CONTEXT(2) 
PARAMETRIC_REPRESENTATION_CONTEXT() REPRESENTATION_CONTEXT('2D SPACE',''
  ) );
#4992 = PCURVE('',#4765,#4993);
#4993 = DEFINITIONAL_REPRESENTATION('',(#4994),#4998);
#4994 = LINE('',#4995,#4996);
#4995 = CARTESIAN_POINT('',(0.,0.));
#4996 = VECTOR('',#4997,1.);
#4997 = DIRECTION('',(0.,1.));
#4998 = ( GEOMETRIC_REPRESENTATION_CONTEXT(2) 
PARAMETRIC_REPRESENTATION_CONTEXT() REPRESENTATION_CONTEXT('2D SPACE',''
  ) );
#4999 = ORIENTED_EDGE('',*,*,#2374,.T.);
#5000 = ORIENTED_EDGE('',*,*,#5001,.T.);
#5001 = EDGE_CURVE('',#2375,#4952,#5002,.T.);
#5002 = SURFACE_CURVE('',#5003,(#5007,#5014),.PCURVE_S1.);
#5003 = LINE('',#5004,#5005);
#5004 = CARTESIAN_POINT('',(-38.93951219771,-26.,-4.2000001));
#5005 = VECTOR('',#5006,1.);
#5006 = DIRECTION('',(-1.,0.,0.));
#5007 = PCURVE('',#2390,#5008);
#5008 = DEFINITIONAL_REPRESENTATION('',(#5009),#5013);
#5009 = LINE('',#5010,#5011);
#5010 = CARTESIAN_POINT('',(1.7,47.560487802376));
#5011 = VECTOR('',#5012,1.);
#5012 = DIRECTION('',(0.,-1.));
#5013 = ( GEOMETRIC_REPRESENTATION_CONTEXT(2) 
PARAMETRIC_REPRESENTATION_CONTEXT() REPRESENTATION_CONTEXT('2D SPACE',''
  ) );
#5014 = PCURVE('',#4933,#5015);
#5015 = DEFINITIONAL_REPRESENTATION('',(#5016),#5020);
#5016 = LINE('',#5017,#5018);
#5017 = CARTESIAN_POINT('',(1.570796326795,0.));
#5018 = VECTOR('',#5019,1.);
#5019 = DIRECTION('',(0.,1.));
#5020 = ( GEOMETRIC_REPRESENTATION_CONTEXT(2) 
PARAMETRIC_REPRESENTATION_CONTEXT() REPRESENTATION_CONTEXT('2D SPACE',''
  ) );
#5021 = ADVANCED_FACE('',(#5022),#2496,.F.);
#5022 = FACE_BOUND('',#5023,.F.);
#5023 = EDGE_LOOP('',(#5024,#5025,#5143,#5164));
#5024 = ORIENTED_EDGE('',*,*,#4835,.F.);
#5025 = ORIENTED_EDGE('',*,*,#5026,.T.);
#5026 = EDGE_CURVE('',#4836,#5027,#5029,.T.);
#5027 = VERTEX_POINT('',#5028);
#5028 = CARTESIAN_POINT('',(-36.76355712788,12.56886034689,-1.6000001));
#5029 = SURFACE_CURVE('',#5030,(#5048,#5084),.PCURVE_S1.);
#5030 = ( BOUNDED_CURVE() B_SPLINE_CURVE(6,(#5031,#5032,#5033,#5034,
    #5035,#5036,#5037,#5038,#5039,#5040,#5041,#5042,#5043,#5044,#5045,
#5046,#5047),.UNSPECIFIED.,.F.,.F.) B_SPLINE_CURVE_WITH_KNOTS((7,5,5,7),
  (68.508620945058,69.264253528303,69.775961402905,69.850600016928),
.UNSPECIFIED.) CURVE() GEOMETRIC_REPRESENTATION_ITEM() 
RATIONAL_B_SPLINE_CURVE((1.,1.,1.,1.,1.,1.,1.,1.,1.,1.,1.,1.,1.,1.,1.,1.
,1.)) REPRESENTATION_ITEM('') );
#5031 = CARTESIAN_POINT('',(-36.66702729831,11.752652113594,-0.8000001)
  );
#5032 = CARTESIAN_POINT('',(-36.66702729831,11.752652113594,
    -0.903217044781));
#5033 = CARTESIAN_POINT('',(-36.66844866751,11.76912019932,
    -1.006723963152));
#5034 = CARTESIAN_POINT('',(-36.67132262619,11.802308032149,
    -1.108771476965));
#5035 = CARTESIAN_POINT('',(-36.67584389883,11.85285129052,
    -1.207434384085));
#5036 = CARTESIAN_POINT('',(-36.68244758572,11.921743984416,
    -1.299863538708));
#5037 = CARTESIAN_POINT('',(-36.69827767057,12.07029078823,
    -1.436846791425));
#5038 = CARTESIAN_POINT('',(-36.70595678797,12.139208542682,
    -1.487183909064));
#5039 = CARTESIAN_POINT('',(-36.71514623395,12.217171209487,
    -1.530429212802));
#5040 = CARTESIAN_POINT('',(-36.7257689251,12.301827380189,
    -1.564061549001));
#5041 = CARTESIAN_POINT('',(-36.73806233443,12.392898677419,
    -1.586360590295));
#5042 = CARTESIAN_POINT('',(-36.75347652348,12.500194533645,
    -1.597222808886));
#5043 = CARTESIAN_POINT('',(-36.75545967161,12.513996410874,
    -1.598341565823));
#5044 = CARTESIAN_POINT('',(-36.75745890106,12.527684944265,
    -1.599166824891));
#5045 = CARTESIAN_POINT('',(-36.75947863449,12.541424473725,
    -1.599723692237));
#5046 = CARTESIAN_POINT('',(-36.76151128325,12.555141876944,-1.6000001)
  );
#5047 = CARTESIAN_POINT('',(-36.76355712788,12.56886034689,-1.6000001));
#5048 = PCURVE('',#2496,#5049);
#5049 = DEFINITIONAL_REPRESENTATION('',(#5050),#5083);
#5050 = B_SPLINE_CURVE_WITH_KNOTS('',7,(#5051,#5052,#5053,#5054,#5055,
    #5056,#5057,#5058,#5059,#5060,#5061,#5062,#5063,#5064,#5065,#5066,
    #5067,#5068,#5069,#5070,#5071,#5072,#5073,#5074,#5075,#5076,#5077,
    #5078,#5079,#5080,#5081,#5082),.UNSPECIFIED.,.F.,.F.,(8,6,6,6,6,8),(
    68.508620945058,69.179610480993,69.515105248961,69.682852632944,
    69.766726324936,69.850600016928),.UNSPECIFIED.);
#5051 = CARTESIAN_POINT('',(1.665334536938E-16,9.847320480041));
#5052 = CARTESIAN_POINT('',(9.820176510064E-02,9.847320480041));
#5053 = CARTESIAN_POINT('',(0.196593675898,9.849741225902));
#5054 = CARTESIAN_POINT('',(0.295893614655,9.854603390898));
#5055 = CARTESIAN_POINT('',(0.396710567414,9.861924663321));
#5056 = CARTESIAN_POINT('',(0.49967274074,9.871704737823));
#5057 = CARTESIAN_POINT('',(0.605555678463,9.883910306761));
#5058 = CARTESIAN_POINT('',(0.770337728403,9.90573492392));
#5059 = CARTESIAN_POINT('',(0.826235315447,9.913592192086));
#5060 = CARTESIAN_POINT('',(0.883390350802,9.922043392588));
#5061 = CARTESIAN_POINT('',(0.94174623362,9.931050370726));
#5062 = CARTESIAN_POINT('',(1.001180761161,9.940544395337));
#5063 = CARTESIAN_POINT('',(1.061627014036,9.950443018185));
#5064 = CARTESIAN_POINT('',(1.153741867714,9.965775507856));
#5065 = CARTESIAN_POINT('',(1.184688692394,9.970967739636));
#5066 = CARTESIAN_POINT('',(1.215872229817,9.976230134679));
#5067 = CARTESIAN_POINT('',(1.247287319274,9.981551454363));
#5068 = CARTESIAN_POINT('',(1.278928800055,9.98692046006));
#5069 = CARTESIAN_POINT('',(1.310791511449,9.992325913148));
#5070 = CARTESIAN_POINT('',(1.358909683395,10.000471905926));
#5071 = CARTESIAN_POINT('',(1.375003244337,10.003193440919));
#5072 = CARTESIAN_POINT('',(1.391148093798,10.005919395691));
#5073 = CARTESIAN_POINT('',(1.407341350003,10.008647985954));
#5074 = CARTESIAN_POINT('',(1.423580131178,10.011377427424));
#5075 = CARTESIAN_POINT('',(1.439861555549,10.014105935812));
#5076 = CARTESIAN_POINT('',(1.472503927135,10.01955751785));
#5077 = CARTESIAN_POINT('',(1.488829403791,10.022268523048));
#5078 = CARTESIAN_POINT('',(1.505446397879,10.025058787935));
#5079 = CARTESIAN_POINT('',(1.521637848241,10.027713775611));
#5080 = CARTESIAN_POINT('',(1.53809103306,10.030429980984));
#5081 = CARTESIAN_POINT('',(1.554432965568,10.033104165681));
#5082 = CARTESIAN_POINT('',(1.570796326795,10.035771768437));
#5083 = ( GEOMETRIC_REPRESENTATION_CONTEXT(2) 
PARAMETRIC_REPRESENTATION_CONTEXT() REPRESENTATION_CONTEXT('2D SPACE',''
  ) );
#5084 = PCURVE('',#5085,#5137);
#5085 = ( BOUNDED_SURFACE() B_SPLINE_SURFACE(2,6,(
    (#5086,#5087,#5088,#5089,#5090,#5091,#5092,#5093,#5094,#5095,#5096
      ,#5097,#5098,#5099,#5100,#5101,#5102)
    ,(#5103,#5104,#5105,#5106,#5107,#5108,#5109,#5110,#5111,#5112,#5113
      ,#5114,#5115,#5116,#5117,#5118,#5119)
    ,(#5120,#5121,#5122,#5123,#5124,#5125,#5126,#5127,#5128,#5129,#5130
      ,#5131,#5132,#5133,#5134,#5135,#5136
)),.UNSPECIFIED.,.F.,.F.,.F.) B_SPLINE_SURFACE_WITH_KNOTS((3,3),(7,5,5,7
    ),(0.,1.34197907187),(68.508620945058,69.264253528303,
    69.775961402905,69.850600016928),.UNSPECIFIED.) 
GEOMETRIC_REPRESENTATION_ITEM() RATIONAL_B_SPLINE_SURFACE((
    (1.,1.,1.,1.,1.,1.,1.,1.,1.,1.,1.,1.,1.,1.,1.,1.,1.)
    ,(0.752513656433,0.752513656433,0.751392901928,0.749139733819
      ,0.745764224388,0.741334050777,0.732405216667,0.728389350401
      ,0.724052421811,0.719566769289,0.715111281486,0.710195931743
      ,0.709562951501,0.708943910001,0.708327580514,0.707715614066
      ,0.707106781187)
    ,(1.,1.,1.,1.,1.,1.,1.,1.,1.,1.,1.,1.,1.,1.,1.,1.,1.
))) REPRESENTATION_ITEM('') SURFACE() );
#5086 = CARTESIAN_POINT('',(-37.17480048293,10.829344051789,-0.8000001)
  );
#5087 = CARTESIAN_POINT('',(-37.17480048293,10.829344051789,
    -1.016991942041));
#5088 = CARTESIAN_POINT('',(-37.18235498259,10.863749729769,
    -1.23466665627));
#5089 = CARTESIAN_POINT('',(-37.1974799071,10.93264396521,-1.44794773818
    ));
#5090 = CARTESIAN_POINT('',(-37.22064323906,11.037305377298,
    -1.652023399753));
#5091 = CARTESIAN_POINT('',(-37.252521653,11.178975479334,
    -1.840240306116));
#5092 = CARTESIAN_POINT('',(-37.32168147306,11.478606313421,
    -2.111537762978));
#5093 = CARTESIAN_POINT('',(-37.35405634432,11.617262786334,
    -2.209684710316));
#5094 = CARTESIAN_POINT('',(-37.39059521694,11.771296077645,
    -2.289770613134));
#5095 = CARTESIAN_POINT('',(-37.43087580056,11.938529605136,
    -2.352227158412));
#5096 = CARTESIAN_POINT('',(-37.47572493059,12.120248224828,
    -2.385582684832));
#5097 = CARTESIAN_POINT('',(-37.52398863726,12.312633693604,
    -2.397259984743));
#5098 = CARTESIAN_POINT('',(-37.52589470889,12.320176475257,
    -2.398221338006));
#5099 = CARTESIAN_POINT('',(-37.52919603577,12.333328007321,
    -2.399238622058));
#5100 = CARTESIAN_POINT('',(-37.53252214686,12.346510588526,
    -2.399693365179));
#5101 = CARTESIAN_POINT('',(-37.53584541571,12.359682456524,-2.4000001)
  );
#5102 = CARTESIAN_POINT('',(-37.53917417073,12.372854727454,-2.4000001)
  );
#5103 = CARTESIAN_POINT('',(-37.32493919974,11.513191764702,-0.8000001)
  );
#5104 = CARTESIAN_POINT('',(-37.32493919974,11.513191764702,
    -0.915300334427));
#5105 = CARTESIAN_POINT('',(-37.32967140972,11.532463131555,
    -1.031259099528));
#5106 = CARTESIAN_POINT('',(-37.33924400552,11.571484502105,
    -1.144474622521));
#5107 = CARTESIAN_POINT('',(-37.35370412993,11.630250028198,
    -1.251068154467));
#5108 = CARTESIAN_POINT('',(-37.37298282212,11.708211393305,
    -1.346658974879));
#5109 = CARTESIAN_POINT('',(-37.41317084925,11.869944009943,
    -1.480905804949));
#5110 = CARTESIAN_POINT('',(-37.43171123097,11.944345839111,-1.528191891
    ));
#5111 = CARTESIAN_POINT('',(-37.45220425484,12.02645265341,
    -1.565699490886));
#5112 = CARTESIAN_POINT('',(-37.4740289703,12.11342758205,
    -1.591364287597));
#5113 = CARTESIAN_POINT('',(-37.49661299825,12.203592096953,
    -1.604227492684));
#5114 = CARTESIAN_POINT('',(-37.52258350353,12.30702070652,
    -1.604171546382));
#5115 = CARTESIAN_POINT('',(-37.52588779113,12.320177899174,
    -1.603868615907));
#5116 = CARTESIAN_POINT('',(-37.52920657686,12.333353242894,
    -1.603313054407));
#5117 = CARTESIAN_POINT('',(-37.53252528107,12.346528110889,
    -1.602479216475));
#5118 = CARTESIAN_POINT('',(-37.53584827937,12.359693788352,
    -1.601376546398));
#5119 = CARTESIAN_POINT('',(-37.53917417073,12.372854727454,-1.6000001)
  );
#5120 = CARTESIAN_POINT('',(-36.66702729831,11.752652113594,-0.8000001)
  );
#5121 = CARTESIAN_POINT('',(-36.66702729831,11.752652113594,
    -0.903217044781));
#5122 = CARTESIAN_POINT('',(-36.66844866751,11.76912019932,
    -1.006723963152));
#5123 = CARTESIAN_POINT('',(-36.67132262619,11.802308032149,
    -1.108771476965));
#5124 = CARTESIAN_POINT('',(-36.67584389883,11.85285129052,
    -1.207434384085));
#5125 = CARTESIAN_POINT('',(-36.68244758572,11.921743984416,
    -1.299863538708));
#5126 = CARTESIAN_POINT('',(-36.69827767057,12.07029078823,
    -1.436846791425));
#5127 = CARTESIAN_POINT('',(-36.70595678797,12.139208542682,
    -1.487183909064));
#5128 = CARTESIAN_POINT('',(-36.71514623395,12.217171209487,
    -1.530429212802));
#5129 = CARTESIAN_POINT('',(-36.7257689251,12.301827380189,
    -1.564061549001));
#5130 = CARTESIAN_POINT('',(-36.73806233443,12.392898677419,
    -1.586360590295));
#5131 = CARTESIAN_POINT('',(-36.75347652348,12.500194533645,
    -1.597222808886));
#5132 = CARTESIAN_POINT('',(-36.75545967161,12.513996410874,
    -1.598341565823));
#5133 = CARTESIAN_POINT('',(-36.75745890106,12.527684944265,
    -1.599166824891));
#5134 = CARTESIAN_POINT('',(-36.75947863449,12.541424473725,
    -1.599723692237));
#5135 = CARTESIAN_POINT('',(-36.76151128325,12.555141876944,-1.6000001)
  );
#5136 = CARTESIAN_POINT('',(-36.76355712788,12.56886034689,-1.6000001));
#5137 = DEFINITIONAL_REPRESENTATION('',(#5138),#5142);
#5138 = LINE('',#5139,#5140);
#5139 = CARTESIAN_POINT('',(1.34197907187,0.));
#5140 = VECTOR('',#5141,1.);
#5141 = DIRECTION('',(0.,1.));
#5142 = ( GEOMETRIC_REPRESENTATION_CONTEXT(2) 
PARAMETRIC_REPRESENTATION_CONTEXT() REPRESENTATION_CONTEXT('2D SPACE',''
  ) );
#5143 = ORIENTED_EDGE('',*,*,#5144,.T.);
#5144 = EDGE_CURVE('',#5027,#2443,#5145,.T.);
#5145 = SURFACE_CURVE('',#5146,(#5150,#5157),.PCURVE_S1.);
#5146 = LINE('',#5147,#5148);
#5147 = CARTESIAN_POINT('',(-46.19409780257,9.136424248266,-1.6000001));
#5148 = VECTOR('',#5149,1.);
#5149 = DIRECTION('',(0.939692620786,0.342020143326,0.));
#5150 = PCURVE('',#2496,#5151);
#5151 = DEFINITIONAL_REPRESENTATION('',(#5152),#5156);
#5152 = LINE('',#5153,#5154);
#5153 = CARTESIAN_POINT('',(1.570796326795,0.));
#5154 = VECTOR('',#5155,1.);
#5155 = DIRECTION('',(0.,1.));
#5156 = ( GEOMETRIC_REPRESENTATION_CONTEXT(2) 
PARAMETRIC_REPRESENTATION_CONTEXT() REPRESENTATION_CONTEXT('2D SPACE',''
  ) );
#5157 = PCURVE('',#2687,#5158);
#5158 = DEFINITIONAL_REPRESENTATION('',(#5159),#5163);
#5159 = LINE('',#5160,#5161);
#5160 = CARTESIAN_POINT('',(-5.939693181745E-15,0.8));
#5161 = VECTOR('',#5162,1.);
#5162 = DIRECTION('',(1.,0.));
#5163 = ( GEOMETRIC_REPRESENTATION_CONTEXT(2) 
PARAMETRIC_REPRESENTATION_CONTEXT() REPRESENTATION_CONTEXT('2D SPACE',''
  ) );
#5164 = ORIENTED_EDGE('',*,*,#2473,.T.);
#5165 = ADVANCED_FACE('',(#5166),#2550,.T.);
#5166 = FACE_BOUND('',#5167,.F.);
#5167 = EDGE_LOOP('',(#5168,#5197,#5223,#5224));
#5168 = ORIENTED_EDGE('',*,*,#5169,.F.);
#5169 = EDGE_CURVE('',#5170,#2732,#5172,.T.);
#5170 = VERTEX_POINT('',#5171);
#5171 = CARTESIAN_POINT('',(-38.93951219771,24.8,-5.4000001));
#5172 = SURFACE_CURVE('',#5173,(#5178,#5185),.PCURVE_S1.);
#5173 = CIRCLE('',#5174,1.2);
#5174 = AXIS2_PLACEMENT_3D('',#5175,#5176,#5177);
#5175 = CARTESIAN_POINT('',(-38.93951219771,24.8,-4.2000001));
#5176 = DIRECTION('',(1.,-0.,0.));
#5177 = DIRECTION('',(0.,-0.,-1.));
#5178 = PCURVE('',#2550,#5179);
#5179 = DEFINITIONAL_REPRESENTATION('',(#5180),#5184);
#5180 = LINE('',#5181,#5182);
#5181 = CARTESIAN_POINT('',(-0.,4.712388980385));
#5182 = VECTOR('',#5183,1.);
#5183 = DIRECTION('',(-0.,1.));
#5184 = ( GEOMETRIC_REPRESENTATION_CONTEXT(2) 
PARAMETRIC_REPRESENTATION_CONTEXT() REPRESENTATION_CONTEXT('2D SPACE',''
  ) );
#5185 = PCURVE('',#5186,#5191);
#5186 = CYLINDRICAL_SURFACE('',#5187,1.2);
#5187 = AXIS2_PLACEMENT_3D('',#5188,#5189,#5190);
#5188 = CARTESIAN_POINT('',(-40.63334544583,24.8,-4.2000001));
#5189 = DIRECTION('',(1.,0.,0.));
#5190 = DIRECTION('',(0.,-0.,-1.));
#5191 = DEFINITIONAL_REPRESENTATION('',(#5192),#5196);
#5192 = LINE('',#5193,#5194);
#5193 = CARTESIAN_POINT('',(0.,1.693833248114));
#5194 = VECTOR('',#5195,1.);
#5195 = DIRECTION('',(1.,0.));
#5196 = ( GEOMETRIC_REPRESENTATION_CONTEXT(2) 
PARAMETRIC_REPRESENTATION_CONTEXT() REPRESENTATION_CONTEXT('2D SPACE',''
  ) );
#5197 = ORIENTED_EDGE('',*,*,#5198,.T.);
#5198 = EDGE_CURVE('',#5170,#2534,#5199,.T.);
#5199 = SURFACE_CURVE('',#5200,(#5205,#5212),.PCURVE_S1.);
#5200 = CIRCLE('',#5201,0.3);
#5201 = AXIS2_PLACEMENT_3D('',#5202,#5203,#5204);
#5202 = CARTESIAN_POINT('',(-38.93951219771,24.5,-5.4000001));
#5203 = DIRECTION('',(0.,0.,-1.));
#5204 = DIRECTION('',(0.,1.,0.));
#5205 = PCURVE('',#2550,#5206);
#5206 = DEFINITIONAL_REPRESENTATION('',(#5207),#5211);
#5207 = LINE('',#5208,#5209);
#5208 = CARTESIAN_POINT('',(-0.,4.712388980385));
#5209 = VECTOR('',#5210,1.);
#5210 = DIRECTION('',(-1.,0.));
#5211 = ( GEOMETRIC_REPRESENTATION_CONTEXT(2) 
PARAMETRIC_REPRESENTATION_CONTEXT() REPRESENTATION_CONTEXT('2D SPACE',''
  ) );
#5212 = PCURVE('',#2589,#5213);
#5213 = DEFINITIONAL_REPRESENTATION('',(#5214),#5222);
#5214 = ( BOUNDED_CURVE() B_SPLINE_CURVE(2,(#5215,#5216,#5217,#5218,
#5219,#5220,#5221),.UNSPECIFIED.,.T.,.F.) B_SPLINE_CURVE_WITH_KNOTS((1,2
    ,2,2,2,1),(-2.094395102393,0.,2.094395102393,4.188790204786,
6.28318530718,8.377580409573),.UNSPECIFIED.) CURVE() 
GEOMETRIC_REPRESENTATION_ITEM() RATIONAL_B_SPLINE_CURVE((1.,0.5,1.,0.5,
1.,0.5,1.)) REPRESENTATION_ITEM('') );
#5215 = CARTESIAN_POINT('',(47.560487802376,24.8));
#5216 = CARTESIAN_POINT('',(48.080103044647,24.8));
#5217 = CARTESIAN_POINT('',(47.820295423512,24.35));
#5218 = CARTESIAN_POINT('',(47.560487802376,23.9));
#5219 = CARTESIAN_POINT('',(47.300680181241,24.35));
#5220 = CARTESIAN_POINT('',(47.040872560106,24.8));
#5221 = CARTESIAN_POINT('',(47.560487802376,24.8));
#5222 = ( GEOMETRIC_REPRESENTATION_CONTEXT(2) 
PARAMETRIC_REPRESENTATION_CONTEXT() REPRESENTATION_CONTEXT('2D SPACE',''
  ) );
#5223 = ORIENTED_EDGE('',*,*,#2533,.T.);
#5224 = ORIENTED_EDGE('',*,*,#2759,.F.);
#5225 = ADVANCED_FACE('',(#5226),#2589,.F.);
#5226 = FACE_BOUND('',#5227,.F.);
#5227 = EDGE_LOOP('',(#5228,#5251,#5252,#5253,#5254,#5277,#5320,#5349,
    #5377,#5405,#5433,#5462));
#5228 = ORIENTED_EDGE('',*,*,#5229,.F.);
#5229 = EDGE_CURVE('',#4891,#5230,#5232,.T.);
#5230 = VERTEX_POINT('',#5231);
#5231 = CARTESIAN_POINT('',(-40.63334544583,-24.8,-5.4000001));
#5232 = SURFACE_CURVE('',#5233,(#5237,#5244),.PCURVE_S1.);
#5233 = LINE('',#5234,#5235);
#5234 = CARTESIAN_POINT('',(-38.93951219771,-24.8,-5.4000001));
#5235 = VECTOR('',#5236,1.);
#5236 = DIRECTION('',(-1.,0.,0.));
#5237 = PCURVE('',#2589,#5238);
#5238 = DEFINITIONAL_REPRESENTATION('',(#5239),#5243);
#5239 = LINE('',#5240,#5241);
#5240 = CARTESIAN_POINT('',(47.560487802376,-24.8));
#5241 = VECTOR('',#5242,1.);
#5242 = DIRECTION('',(-1.,0.));
#5243 = ( GEOMETRIC_REPRESENTATION_CONTEXT(2) 
PARAMETRIC_REPRESENTATION_CONTEXT() REPRESENTATION_CONTEXT('2D SPACE',''
  ) );
#5244 = PCURVE('',#4933,#5245);
#5245 = DEFINITIONAL_REPRESENTATION('',(#5246),#5250);
#5246 = LINE('',#5247,#5248);
#5247 = CARTESIAN_POINT('',(0.,0.));
#5248 = VECTOR('',#5249,1.);
#5249 = DIRECTION('',(0.,1.));
#5250 = ( GEOMETRIC_REPRESENTATION_CONTEXT(2) 
PARAMETRIC_REPRESENTATION_CONTEXT() REPRESENTATION_CONTEXT('2D SPACE',''
  ) );
#5251 = ORIENTED_EDGE('',*,*,#4890,.F.);
#5252 = ORIENTED_EDGE('',*,*,#2572,.F.);
#5253 = ORIENTED_EDGE('',*,*,#5198,.F.);
#5254 = ORIENTED_EDGE('',*,*,#5255,.F.);
#5255 = EDGE_CURVE('',#5256,#5170,#5258,.T.);
#5256 = VERTEX_POINT('',#5257);
#5257 = CARTESIAN_POINT('',(-40.63334544583,24.8,-5.4000001));
#5258 = SURFACE_CURVE('',#5259,(#5263,#5270),.PCURVE_S1.);
#5259 = LINE('',#5260,#5261);
#5260 = CARTESIAN_POINT('',(-40.63334544583,24.8,-5.4000001));
#5261 = VECTOR('',#5262,1.);
#5262 = DIRECTION('',(1.,0.,0.));
#5263 = PCURVE('',#2589,#5264);
#5264 = DEFINITIONAL_REPRESENTATION('',(#5265),#5269);
#5265 = LINE('',#5266,#5267);
#5266 = CARTESIAN_POINT('',(45.866654554262,24.8));
#5267 = VECTOR('',#5268,1.);
#5268 = DIRECTION('',(1.,0.));
#5269 = ( GEOMETRIC_REPRESENTATION_CONTEXT(2) 
PARAMETRIC_REPRESENTATION_CONTEXT() REPRESENTATION_CONTEXT('2D SPACE',''
  ) );
#5270 = PCURVE('',#5186,#5271);
#5271 = DEFINITIONAL_REPRESENTATION('',(#5272),#5276);
#5272 = LINE('',#5273,#5274);
#5273 = CARTESIAN_POINT('',(0.,0.));
#5274 = VECTOR('',#5275,1.);
#5275 = DIRECTION('',(0.,1.));
#5276 = ( GEOMETRIC_REPRESENTATION_CONTEXT(2) 
PARAMETRIC_REPRESENTATION_CONTEXT() REPRESENTATION_CONTEXT('2D SPACE',''
  ) );
#5277 = ORIENTED_EDGE('',*,*,#5278,.F.);
#5278 = EDGE_CURVE('',#5279,#5256,#5281,.T.);
#5279 = VERTEX_POINT('',#5280);
#5280 = CARTESIAN_POINT('',(-40.89796076056,24.358653846154,-5.4000001)
  );
#5281 = SURFACE_CURVE('',#5282,(#5287,#5298),.PCURVE_S1.);
#5282 = CIRCLE('',#5283,0.3);
#5283 = AXIS2_PLACEMENT_3D('',#5284,#5285,#5286);
#5284 = CARTESIAN_POINT('',(-40.63334544583,24.5,-5.4000001));
#5285 = DIRECTION('',(-0.,0.,-1.));
#5286 = DIRECTION('',(-0.88205104912,-0.471153846154,0.));
#5287 = PCURVE('',#2589,#5288);
#5288 = DEFINITIONAL_REPRESENTATION('',(#5289),#5297);
#5289 = ( BOUNDED_CURVE() B_SPLINE_CURVE(2,(#5290,#5291,#5292,#5293,
#5294,#5295,#5296),.UNSPECIFIED.,.T.,.F.) B_SPLINE_CURVE_WITH_KNOTS((1,2
    ,2,2,2,1),(-2.094395102393,0.,2.094395102393,4.188790204786,
6.28318530718,8.377580409573),.UNSPECIFIED.) CURVE() 
GEOMETRIC_REPRESENTATION_ITEM() RATIONAL_B_SPLINE_CURVE((1.,0.5,1.,0.5,
1.,0.5,1.)) REPRESENTATION_ITEM('') );
#5290 = CARTESIAN_POINT('',(45.602039239526,24.358653846154));
#5291 = CARTESIAN_POINT('',(45.35722051961,24.816981015738));
#5292 = CARTESIAN_POINT('',(45.876552851672,24.799836661715));
#5293 = CARTESIAN_POINT('',(46.395885183734,24.782692307692));
#5294 = CARTESIAN_POINT('',(46.121371571588,24.341509492131));
#5295 = CARTESIAN_POINT('',(45.846857959442,23.90032667657));
#5296 = CARTESIAN_POINT('',(45.602039239526,24.358653846154));
#5297 = ( GEOMETRIC_REPRESENTATION_CONTEXT(2) 
PARAMETRIC_REPRESENTATION_CONTEXT() REPRESENTATION_CONTEXT('2D SPACE',''
  ) );
#5298 = PCURVE('',#5299,#5314);
#5299 = SURFACE_OF_REVOLUTION('',#5300,#5311);
#5300 = B_SPLINE_CURVE_WITH_KNOTS('',5,(#5301,#5302,#5303,#5304,#5305,
    #5306,#5307,#5308,#5309,#5310),.UNSPECIFIED.,.F.,.F.,(6,4,6),(
    4.712388980385,5.497787143782,6.28318530718),.UNSPECIFIED.);
#5301 = CARTESIAN_POINT('',(-40.89796076056,24.358653846154,-5.4000001)
  );
#5302 = CARTESIAN_POINT('',(-41.06422346632,24.269843438447,-5.4000001)
  );
#5303 = CARTESIAN_POINT('',(-41.2304888062,24.18103162371,
    -5.362997388465));
#5304 = CARTESIAN_POINT('',(-41.3881943089,24.096792106926,
    -5.288938457131));
#5305 = CARTESIAN_POINT('',(-41.52884040769,24.021664992167,
    -5.181814725569));
#5306 = CARTESIAN_POINT('',(-41.76397138109,23.896068109107,
    -4.915241749279));
#5307 = CARTESIAN_POINT('',(-41.8584599809,23.845596350967,
    -4.755788281219));
#5308 = CARTESIAN_POINT('',(-41.92378373898,23.810703200627,
    -4.576994204778));
#5309 = CARTESIAN_POINT('',(-41.95642201951,23.793269230769,
    -4.388495659215));
#5310 = CARTESIAN_POINT('',(-41.95642201951,23.793269230769,-4.2000001)
  );
#5311 = AXIS1_PLACEMENT('',#5312,#5313);
#5312 = CARTESIAN_POINT('',(-40.63334544583,24.5,-4.2000001));
#5313 = DIRECTION('',(0.,0.,1.));
#5314 = DEFINITIONAL_REPRESENTATION('',(#5315),#5319);
#5315 = LINE('',#5316,#5317);
#5316 = CARTESIAN_POINT('',(-0.,4.712388980385));
#5317 = VECTOR('',#5318,1.);
#5318 = DIRECTION('',(-1.,0.));
#5319 = ( GEOMETRIC_REPRESENTATION_CONTEXT(2) 
PARAMETRIC_REPRESENTATION_CONTEXT() REPRESENTATION_CONTEXT('2D SPACE',''
  ) );
#5320 = ORIENTED_EDGE('',*,*,#5321,.F.);
#5321 = EDGE_CURVE('',#5322,#5279,#5324,.T.);
#5322 = VERTEX_POINT('',#5323);
#5323 = CARTESIAN_POINT('',(-34.88711401219,3.,-5.4000001));
#5324 = SURFACE_CURVE('',#5325,(#5330,#5337),.PCURVE_S1.);
#5325 = CIRCLE('',#5326,51.7);
#5326 = AXIS2_PLACEMENT_3D('',#5327,#5328,#5329);
#5327 = CARTESIAN_POINT('',(-86.50000000009,0.,-5.4000001));
#5328 = DIRECTION('',(-0.,0.,1.));
#5329 = DIRECTION('',(0.88205104912,-0.471153846154,0.));
#5330 = PCURVE('',#2589,#5331);
#5331 = DEFINITIONAL_REPRESENTATION('',(#5332),#5336);
#5332 = CIRCLE('',#5333,51.7);
#5333 = AXIS2_PLACEMENT_2D('',#5334,#5335);
#5334 = CARTESIAN_POINT('',(0.,-9.372203282004E-16));
#5335 = DIRECTION('',(0.88205104912,-0.471153846154));
#5336 = ( GEOMETRIC_REPRESENTATION_CONTEXT(2) 
PARAMETRIC_REPRESENTATION_CONTEXT() REPRESENTATION_CONTEXT('2D SPACE',''
  ) );
#5337 = PCURVE('',#5338,#5343);
#5338 = TOROIDAL_SURFACE('',#5339,51.7,1.2);
#5339 = AXIS2_PLACEMENT_3D('',#5340,#5341,#5342);
#5340 = CARTESIAN_POINT('',(-86.50000000009,0.,-4.2000001));
#5341 = DIRECTION('',(0.,-0.,-1.));
#5342 = DIRECTION('',(0.88205104912,-0.471153846154,0.));
#5343 = DEFINITIONAL_REPRESENTATION('',(#5344),#5348);
#5344 = LINE('',#5345,#5346);
#5345 = CARTESIAN_POINT('',(-0.,1.570796326795));
#5346 = VECTOR('',#5347,1.);
#5347 = DIRECTION('',(-1.,0.));
#5348 = ( GEOMETRIC_REPRESENTATION_CONTEXT(2) 
PARAMETRIC_REPRESENTATION_CONTEXT() REPRESENTATION_CONTEXT('2D SPACE',''
  ) );
#5349 = ORIENTED_EDGE('',*,*,#5350,.F.);
#5350 = EDGE_CURVE('',#5351,#5322,#5353,.T.);
#5351 = VERTEX_POINT('',#5352);
#5352 = CARTESIAN_POINT('',(-34.60000000009,3.,-5.4000001));
#5353 = SURFACE_CURVE('',#5354,(#5358,#5365),.PCURVE_S1.);
#5354 = LINE('',#5355,#5356);
#5355 = CARTESIAN_POINT('',(-61.25000000009,3.,-5.4000001));
#5356 = VECTOR('',#5357,1.);
#5357 = DIRECTION('',(-1.,0.,0.));
#5358 = PCURVE('',#2589,#5359);
#5359 = DEFINITIONAL_REPRESENTATION('',(#5360),#5364);
#5360 = LINE('',#5361,#5362);
#5361 = CARTESIAN_POINT('',(25.25,3.));
#5362 = VECTOR('',#5363,1.);
#5363 = DIRECTION('',(-1.,0.));
#5364 = ( GEOMETRIC_REPRESENTATION_CONTEXT(2) 
PARAMETRIC_REPRESENTATION_CONTEXT() REPRESENTATION_CONTEXT('2D SPACE',''
  ) );
#5365 = PCURVE('',#5366,#5371);
#5366 = PLANE('',#5367);
#5367 = AXIS2_PLACEMENT_3D('',#5368,#5369,#5370);
#5368 = CARTESIAN_POINT('',(-36.00000000009,3.,-11.0000001));
#5369 = DIRECTION('',(0.,1.,0.));
#5370 = DIRECTION('',(0.,0.,1.));
#5371 = DEFINITIONAL_REPRESENTATION('',(#5372),#5376);
#5372 = LINE('',#5373,#5374);
#5373 = CARTESIAN_POINT('',(5.6,-25.25));
#5374 = VECTOR('',#5375,1.);
#5375 = DIRECTION('',(0.,-1.));
#5376 = ( GEOMETRIC_REPRESENTATION_CONTEXT(2) 
PARAMETRIC_REPRESENTATION_CONTEXT() REPRESENTATION_CONTEXT('2D SPACE',''
  ) );
#5377 = ORIENTED_EDGE('',*,*,#5378,.F.);
#5378 = EDGE_CURVE('',#5379,#5351,#5381,.T.);
#5379 = VERTEX_POINT('',#5380);
#5380 = CARTESIAN_POINT('',(-34.60000000009,-3.,-5.4000001));
#5381 = SURFACE_CURVE('',#5382,(#5386,#5393),.PCURVE_S1.);
#5382 = LINE('',#5383,#5384);
#5383 = CARTESIAN_POINT('',(-34.60000000009,-1.5,-5.4000001));
#5384 = VECTOR('',#5385,1.);
#5385 = DIRECTION('',(0.,1.,0.));
#5386 = PCURVE('',#2589,#5387);
#5387 = DEFINITIONAL_REPRESENTATION('',(#5388),#5392);
#5388 = LINE('',#5389,#5390);
#5389 = CARTESIAN_POINT('',(51.9,-1.5));
#5390 = VECTOR('',#5391,1.);
#5391 = DIRECTION('',(0.,1.));
#5392 = ( GEOMETRIC_REPRESENTATION_CONTEXT(2) 
PARAMETRIC_REPRESENTATION_CONTEXT() REPRESENTATION_CONTEXT('2D SPACE',''
  ) );
#5393 = PCURVE('',#5394,#5399);
#5394 = PLANE('',#5395);
#5395 = AXIS2_PLACEMENT_3D('',#5396,#5397,#5398);
#5396 = CARTESIAN_POINT('',(-34.60000000009,-3.,-11.0000001));
#5397 = DIRECTION('',(1.,0.,0.));
#5398 = DIRECTION('',(0.,0.,1.));
#5399 = DEFINITIONAL_REPRESENTATION('',(#5400),#5404);
#5400 = LINE('',#5401,#5402);
#5401 = CARTESIAN_POINT('',(5.6,-1.5));
#5402 = VECTOR('',#5403,1.);
#5403 = DIRECTION('',(0.,-1.));
#5404 = ( GEOMETRIC_REPRESENTATION_CONTEXT(2) 
PARAMETRIC_REPRESENTATION_CONTEXT() REPRESENTATION_CONTEXT('2D SPACE',''
  ) );
#5405 = ORIENTED_EDGE('',*,*,#5406,.T.);
#5406 = EDGE_CURVE('',#5379,#5407,#5409,.T.);
#5407 = VERTEX_POINT('',#5408);
#5408 = CARTESIAN_POINT('',(-34.88711401219,-3.,-5.4000001));
#5409 = SURFACE_CURVE('',#5410,(#5414,#5421),.PCURVE_S1.);
#5410 = LINE('',#5411,#5412);
#5411 = CARTESIAN_POINT('',(-61.25000000009,-3.,-5.4000001));
#5412 = VECTOR('',#5413,1.);
#5413 = DIRECTION('',(-1.,0.,0.));
#5414 = PCURVE('',#2589,#5415);
#5415 = DEFINITIONAL_REPRESENTATION('',(#5416),#5420);
#5416 = LINE('',#5417,#5418);
#5417 = CARTESIAN_POINT('',(25.25,-3.));
#5418 = VECTOR('',#5419,1.);
#5419 = DIRECTION('',(-1.,0.));
#5420 = ( GEOMETRIC_REPRESENTATION_CONTEXT(2) 
PARAMETRIC_REPRESENTATION_CONTEXT() REPRESENTATION_CONTEXT('2D SPACE',''
  ) );
#5421 = PCURVE('',#5422,#5427);
#5422 = PLANE('',#5423);
#5423 = AXIS2_PLACEMENT_3D('',#5424,#5425,#5426);
#5424 = CARTESIAN_POINT('',(-36.00000000009,-3.,-11.0000001));
#5425 = DIRECTION('',(0.,1.,0.));
#5426 = DIRECTION('',(0.,0.,1.));
#5427 = DEFINITIONAL_REPRESENTATION('',(#5428),#5432);
#5428 = LINE('',#5429,#5430);
#5429 = CARTESIAN_POINT('',(5.6,-25.25));
#5430 = VECTOR('',#5431,1.);
#5431 = DIRECTION('',(0.,-1.));
#5432 = ( GEOMETRIC_REPRESENTATION_CONTEXT(2) 
PARAMETRIC_REPRESENTATION_CONTEXT() REPRESENTATION_CONTEXT('2D SPACE',''
  ) );
#5433 = ORIENTED_EDGE('',*,*,#5434,.F.);
#5434 = EDGE_CURVE('',#5435,#5407,#5437,.T.);
#5435 = VERTEX_POINT('',#5436);
#5436 = CARTESIAN_POINT('',(-40.89796076056,-24.35865384615,-5.4000001)
  );
#5437 = SURFACE_CURVE('',#5438,(#5443,#5450),.PCURVE_S1.);
#5438 = CIRCLE('',#5439,51.7);
#5439 = AXIS2_PLACEMENT_3D('',#5440,#5441,#5442);
#5440 = CARTESIAN_POINT('',(-86.50000000009,0.,-5.4000001));
#5441 = DIRECTION('',(-0.,0.,1.));
#5442 = DIRECTION('',(0.88205104912,-0.471153846154,0.));
#5443 = PCURVE('',#2589,#5444);
#5444 = DEFINITIONAL_REPRESENTATION('',(#5445),#5449);
#5445 = CIRCLE('',#5446,51.7);
#5446 = AXIS2_PLACEMENT_2D('',#5447,#5448);
#5447 = CARTESIAN_POINT('',(0.,-9.372203282004E-16));
#5448 = DIRECTION('',(0.88205104912,-0.471153846154));
#5449 = ( GEOMETRIC_REPRESENTATION_CONTEXT(2) 
PARAMETRIC_REPRESENTATION_CONTEXT() REPRESENTATION_CONTEXT('2D SPACE',''
  ) );
#5450 = PCURVE('',#5451,#5456);
#5451 = TOROIDAL_SURFACE('',#5452,51.7,1.2);
#5452 = AXIS2_PLACEMENT_3D('',#5453,#5454,#5455);
#5453 = CARTESIAN_POINT('',(-86.50000000009,0.,-4.2000001));
#5454 = DIRECTION('',(0.,-0.,-1.));
#5455 = DIRECTION('',(0.88205104912,-0.471153846154,0.));
#5456 = DEFINITIONAL_REPRESENTATION('',(#5457),#5461);
#5457 = LINE('',#5458,#5459);
#5458 = CARTESIAN_POINT('',(-0.,1.570796326795));
#5459 = VECTOR('',#5460,1.);
#5460 = DIRECTION('',(-1.,0.));
#5461 = ( GEOMETRIC_REPRESENTATION_CONTEXT(2) 
PARAMETRIC_REPRESENTATION_CONTEXT() REPRESENTATION_CONTEXT('2D SPACE',''
  ) );
#5462 = ORIENTED_EDGE('',*,*,#5463,.F.);
#5463 = EDGE_CURVE('',#5230,#5435,#5464,.T.);
#5464 = SURFACE_CURVE('',#5465,(#5470,#5481),.PCURVE_S1.);
#5465 = CIRCLE('',#5466,0.3);
#5466 = AXIS2_PLACEMENT_3D('',#5467,#5468,#5469);
#5467 = CARTESIAN_POINT('',(-40.63334544583,-24.5,-5.4000001));
#5468 = DIRECTION('',(-0.,-0.,-1.));
#5469 = DIRECTION('',(0.,-1.,0.));
#5470 = PCURVE('',#2589,#5471);
#5471 = DEFINITIONAL_REPRESENTATION('',(#5472),#5480);
#5472 = ( BOUNDED_CURVE() B_SPLINE_CURVE(2,(#5473,#5474,#5475,#5476,
#5477,#5478,#5479),.UNSPECIFIED.,.T.,.F.) B_SPLINE_CURVE_WITH_KNOTS((1,2
    ,2,2,2,1),(-2.094395102393,0.,2.094395102393,4.188790204786,
6.28318530718,8.377580409573),.UNSPECIFIED.) CURVE() 
GEOMETRIC_REPRESENTATION_ITEM() RATIONAL_B_SPLINE_CURVE((1.,0.5,1.,0.5,
1.,0.5,1.)) REPRESENTATION_ITEM('') );
#5473 = CARTESIAN_POINT('',(45.866654554262,-24.8));
#5474 = CARTESIAN_POINT('',(45.347039311991,-24.8));
#5475 = CARTESIAN_POINT('',(45.606846933127,-24.35));
#5476 = CARTESIAN_POINT('',(45.866654554262,-23.9));
#5477 = CARTESIAN_POINT('',(46.126462175397,-24.35));
#5478 = CARTESIAN_POINT('',(46.386269796533,-24.8));
#5479 = CARTESIAN_POINT('',(45.866654554262,-24.8));
#5480 = ( GEOMETRIC_REPRESENTATION_CONTEXT(2) 
PARAMETRIC_REPRESENTATION_CONTEXT() REPRESENTATION_CONTEXT('2D SPACE',''
  ) );
#5481 = PCURVE('',#5482,#5497);
#5482 = SURFACE_OF_REVOLUTION('',#5483,#5494);
#5483 = B_SPLINE_CURVE_WITH_KNOTS('',5,(#5484,#5485,#5486,#5487,#5488,
    #5489,#5490,#5491,#5492,#5493),.UNSPECIFIED.,.F.,.F.,(6,4,6),(
    4.712388980385,5.497787143782,6.28318530718),.UNSPECIFIED.);
#5484 = CARTESIAN_POINT('',(-40.63334544583,-24.8,-5.4000001));
#5485 = CARTESIAN_POINT('',(-40.63334544583,-24.98849555921,-5.4000001)
  );
#5486 = CARTESIAN_POINT('',(-40.63334544583,-25.17699410477,
    -5.362997388465));
#5487 = CARTESIAN_POINT('',(-40.63334544583,-25.35578818121,
    -5.288938457131));
#5488 = CARTESIAN_POINT('',(-40.63334544583,-25.51524164927,
    -5.181814725569));
#5489 = CARTESIAN_POINT('',(-40.63334544583,-25.78181462556,
    -4.915241749279));
#5490 = CARTESIAN_POINT('',(-40.63334544583,-25.88893835713,
    -4.755788281219));
#5491 = CARTESIAN_POINT('',(-40.63334544583,-25.96299728846,
    -4.576994204778));
#5492 = CARTESIAN_POINT('',(-40.63334544583,-26.,-4.388495659215));
#5493 = CARTESIAN_POINT('',(-40.63334544583,-26.,-4.2000001));
#5494 = AXIS1_PLACEMENT('',#5495,#5496);
#5495 = CARTESIAN_POINT('',(-40.63334544583,-24.5,-4.2000001));
#5496 = DIRECTION('',(0.,0.,1.));
#5497 = DEFINITIONAL_REPRESENTATION('',(#5498),#5502);
#5498 = LINE('',#5499,#5500);
#5499 = CARTESIAN_POINT('',(-0.,4.712388980385));
#5500 = VECTOR('',#5501,1.);
#5501 = DIRECTION('',(-1.,0.));
#5502 = ( GEOMETRIC_REPRESENTATION_CONTEXT(2) 
PARAMETRIC_REPRESENTATION_CONTEXT() REPRESENTATION_CONTEXT('2D SPACE',''
  ) );
#5503 = ADVANCED_FACE('',(#5504),#2648,.T.);
#5504 = FACE_BOUND('',#5505,.F.);
#5505 = EDGE_LOOP('',(#5506,#5535,#5536,#5537));
#5506 = ORIENTED_EDGE('',*,*,#5507,.F.);
#5507 = EDGE_CURVE('',#2708,#5508,#5510,.T.);
#5508 = VERTEX_POINT('',#5509);
#5509 = CARTESIAN_POINT('',(-38.93951219771,25.2,-1.6000001));
#5510 = SURFACE_CURVE('',#5511,(#5516,#5523),.PCURVE_S1.);
#5511 = CIRCLE('',#5512,0.8);
#5512 = AXIS2_PLACEMENT_3D('',#5513,#5514,#5515);
#5513 = CARTESIAN_POINT('',(-38.93951219771,25.2,-2.4000001));
#5514 = DIRECTION('',(1.,0.,0.));
#5515 = DIRECTION('',(0.,1.,0.));
#5516 = PCURVE('',#2648,#5517);
#5517 = DEFINITIONAL_REPRESENTATION('',(#5518),#5522);
#5518 = LINE('',#5519,#5520);
#5519 = CARTESIAN_POINT('',(-0.,0.));
#5520 = VECTOR('',#5521,1.);
#5521 = DIRECTION('',(-0.,1.));
#5522 = ( GEOMETRIC_REPRESENTATION_CONTEXT(2) 
PARAMETRIC_REPRESENTATION_CONTEXT() REPRESENTATION_CONTEXT('2D SPACE',''
  ) );
#5523 = PCURVE('',#5524,#5529);
#5524 = CYLINDRICAL_SURFACE('',#5525,0.8);
#5525 = AXIS2_PLACEMENT_3D('',#5526,#5527,#5528);
#5526 = CARTESIAN_POINT('',(-40.63334544583,25.2,-2.4000001));
#5527 = DIRECTION('',(1.,0.,0.));
#5528 = DIRECTION('',(0.,1.,0.));
#5529 = DEFINITIONAL_REPRESENTATION('',(#5530),#5534);
#5530 = LINE('',#5531,#5532);
#5531 = CARTESIAN_POINT('',(0.,1.693833248114));
#5532 = VECTOR('',#5533,1.);
#5533 = DIRECTION('',(1.,0.));
#5534 = ( GEOMETRIC_REPRESENTATION_CONTEXT(2) 
PARAMETRIC_REPRESENTATION_CONTEXT() REPRESENTATION_CONTEXT('2D SPACE',''
  ) );
#5535 = ORIENTED_EDGE('',*,*,#2707,.T.);
#5536 = ORIENTED_EDGE('',*,*,#2631,.T.);
#5537 = ORIENTED_EDGE('',*,*,#5538,.F.);
#5538 = EDGE_CURVE('',#5508,#2632,#5539,.T.);
#5539 = SURFACE_CURVE('',#5540,(#5545,#5552),.PCURVE_S1.);
#5540 = CIRCLE('',#5541,0.7);
#5541 = AXIS2_PLACEMENT_3D('',#5542,#5543,#5544);
#5542 = CARTESIAN_POINT('',(-38.93951219771,24.5,-1.6000001));
#5543 = DIRECTION('',(0.,0.,-1.));
#5544 = DIRECTION('',(0.,1.,0.));
#5545 = PCURVE('',#2648,#5546);
#5546 = DEFINITIONAL_REPRESENTATION('',(#5547),#5551);
#5547 = LINE('',#5548,#5549);
#5548 = CARTESIAN_POINT('',(-0.,1.570796326795));
#5549 = VECTOR('',#5550,1.);
#5550 = DIRECTION('',(-1.,0.));
#5551 = ( GEOMETRIC_REPRESENTATION_CONTEXT(2) 
PARAMETRIC_REPRESENTATION_CONTEXT() REPRESENTATION_CONTEXT('2D SPACE',''
  ) );
#5552 = PCURVE('',#2687,#5553);
#5553 = DEFINITIONAL_REPRESENTATION('',(#5554),#5562);
#5554 = ( BOUNDED_CURVE() B_SPLINE_CURVE(2,(#5555,#5556,#5557,#5558,
#5559,#5560,#5561),.UNSPECIFIED.,.T.,.F.) B_SPLINE_CURVE_WITH_KNOTS((1,2
    ,2,2,2,1),(-2.094395102393,0.,2.094395102393,4.188790204786,
6.28318530718,8.377580409573),.UNSPECIFIED.) CURVE() 
GEOMETRIC_REPRESENTATION_ITEM() RATIONAL_B_SPLINE_CURVE((1.,0.5,1.,0.5,
1.,0.5,1.)) REPRESENTATION_ITEM('') );
#5555 = CARTESIAN_POINT('',(12.311147040678,13.413609188997));
#5556 = CARTESIAN_POINT('',(13.450463794567,12.998931803181));
#5557 = CARTESIAN_POINT('',(12.521684267131,12.219593244264));
#5558 = CARTESIAN_POINT('',(11.592904739694,11.440254685347));
#5559 = CARTESIAN_POINT('',(11.382367513242,12.63427063008));
#5560 = CARTESIAN_POINT('',(11.171830286789,13.828286574814));
#5561 = CARTESIAN_POINT('',(12.311147040678,13.413609188997));
#5562 = ( GEOMETRIC_REPRESENTATION_CONTEXT(2) 
PARAMETRIC_REPRESENTATION_CONTEXT() REPRESENTATION_CONTEXT('2D SPACE',''
  ) );
#5563 = ADVANCED_FACE('',(#5564),#2687,.T.);
#5564 = FACE_BOUND('',#5565,.T.);
#5565 = EDGE_LOOP('',(#5566,#5567,#5568,#5569,#5592,#5635));
#5566 = ORIENTED_EDGE('',*,*,#5144,.T.);
#5567 = ORIENTED_EDGE('',*,*,#2672,.F.);
#5568 = ORIENTED_EDGE('',*,*,#5538,.F.);
#5569 = ORIENTED_EDGE('',*,*,#5570,.F.);
#5570 = EDGE_CURVE('',#5571,#5508,#5573,.T.);
#5571 = VERTEX_POINT('',#5572);
#5572 = CARTESIAN_POINT('',(-40.63334544583,25.2,-1.6000001));
#5573 = SURFACE_CURVE('',#5574,(#5578,#5585),.PCURVE_S1.);
#5574 = LINE('',#5575,#5576);
#5575 = CARTESIAN_POINT('',(-40.63334544583,25.2,-1.6000001));
#5576 = VECTOR('',#5577,1.);
#5577 = DIRECTION('',(1.,0.,0.));
#5578 = PCURVE('',#2687,#5579);
#5579 = DEFINITIONAL_REPRESENTATION('',(#5580),#5584);
#5580 = LINE('',#5581,#5582);
#5581 = CARTESIAN_POINT('',(10.719464436583,13.992934279287));
#5582 = VECTOR('',#5583,1.);
#5583 = DIRECTION('',(0.939692620786,-0.342020143326));
#5584 = ( GEOMETRIC_REPRESENTATION_CONTEXT(2) 
PARAMETRIC_REPRESENTATION_CONTEXT() REPRESENTATION_CONTEXT('2D SPACE',''
  ) );
#5585 = PCURVE('',#5524,#5586);
#5586 = DEFINITIONAL_REPRESENTATION('',(#5587),#5591);
#5587 = LINE('',#5588,#5589);
#5588 = CARTESIAN_POINT('',(1.570796326795,0.));
#5589 = VECTOR('',#5590,1.);
#5590 = DIRECTION('',(0.,1.));
#5591 = ( GEOMETRIC_REPRESENTATION_CONTEXT(2) 
PARAMETRIC_REPRESENTATION_CONTEXT() REPRESENTATION_CONTEXT('2D SPACE',''
  ) );
#5592 = ORIENTED_EDGE('',*,*,#5593,.F.);
#5593 = EDGE_CURVE('',#5594,#5571,#5596,.T.);
#5594 = VERTEX_POINT('',#5595);
#5595 = CARTESIAN_POINT('',(-41.25078118021,24.170192307692,-1.6000001)
  );
#5596 = SURFACE_CURVE('',#5597,(#5602,#5613),.PCURVE_S1.);
#5597 = CIRCLE('',#5598,0.7);
#5598 = AXIS2_PLACEMENT_3D('',#5599,#5600,#5601);
#5599 = CARTESIAN_POINT('',(-40.63334544583,24.5,-1.6000001));
#5600 = DIRECTION('',(-0.,0.,-1.));
#5601 = DIRECTION('',(-0.88205104912,-0.471153846154,0.));
#5602 = PCURVE('',#2687,#5603);
#5603 = DEFINITIONAL_REPRESENTATION('',(#5604),#5612);
#5604 = ( BOUNDED_CURVE() B_SPLINE_CURVE(2,(#5605,#5606,#5607,#5608,
#5609,#5610,#5611),.UNSPECIFIED.,.T.,.F.) B_SPLINE_CURVE_WITH_KNOTS((1,2
    ,2,2,2,1),(-2.094395102393,0.,2.094395102393,4.188790204786,
6.28318530718,8.377580409573),.UNSPECIFIED.) CURVE() 
GEOMETRIC_REPRESENTATION_ITEM() RATIONAL_B_SPLINE_CURVE((1.,0.5,1.,0.5,
1.,0.5,1.)) REPRESENTATION_ITEM('') );
#5605 = CARTESIAN_POINT('',(9.787049658652,13.236407048366));
#5606 = CARTESIAN_POINT('',(9.616022811275,14.436719431654));
#5607 = CARTESIAN_POINT('',(10.741037251369,13.984676834567));
#5608 = CARTESIAN_POINT('',(11.866051691462,13.53263423748));
#5609 = CARTESIAN_POINT('',(10.912064098745,12.784364451278));
#5610 = CARTESIAN_POINT('',(9.958076506028,12.036094665077));
#5611 = CARTESIAN_POINT('',(9.787049658652,13.236407048366));
#5612 = ( GEOMETRIC_REPRESENTATION_CONTEXT(2) 
PARAMETRIC_REPRESENTATION_CONTEXT() REPRESENTATION_CONTEXT('2D SPACE',''
  ) );
#5613 = PCURVE('',#5614,#5629);
#5614 = SURFACE_OF_REVOLUTION('',#5615,#5626);
#5615 = B_SPLINE_CURVE_WITH_KNOTS('',5,(#5616,#5617,#5618,#5619,#5620,
    #5621,#5622,#5623,#5624,#5625),.UNSPECIFIED.,.F.,.F.,(6,4,6),(0.,
    0.785398163397,1.570796326795),.UNSPECIFIED.);
#5616 = CARTESIAN_POINT('',(-41.95642201951,23.793269230769,-2.4000001)
  );
#5617 = CARTESIAN_POINT('',(-41.95642201951,23.793269230769,
    -2.274336393856));
#5618 = CARTESIAN_POINT('',(-41.93466316582,23.804891877341,
    -2.148670696815));
#5619 = CARTESIAN_POINT('',(-41.89111399377,23.828153977568,
    -2.029474645854));
#5620 = CARTESIAN_POINT('',(-41.8281215939,23.861801816328,
    -1.923172333814));
#5621 = CARTESIAN_POINT('',(-41.67136761163,23.945533071701,
    -1.745457016288));
#5622 = CARTESIAN_POINT('',(-41.57760354577,23.995617814873,
    -1.674041195246));
#5623 = CARTESIAN_POINT('',(-41.47246654397,24.05177749273,
    -1.624668574357));
#5624 = CARTESIAN_POINT('',(-41.36162298405,24.110985369221,-1.6000001)
  );
#5625 = CARTESIAN_POINT('',(-41.25078118021,24.170192307692,-1.6000001)
  );
#5626 = AXIS1_PLACEMENT('',#5627,#5628);
#5627 = CARTESIAN_POINT('',(-40.63334544583,24.5,-2.4000001));
#5628 = DIRECTION('',(0.,0.,1.));
#5629 = DEFINITIONAL_REPRESENTATION('',(#5630),#5634);
#5630 = LINE('',#5631,#5632);
#5631 = CARTESIAN_POINT('',(-0.,1.570796326795));
#5632 = VECTOR('',#5633,1.);
#5633 = DIRECTION('',(-1.,0.));
#5634 = ( GEOMETRIC_REPRESENTATION_CONTEXT(2) 
PARAMETRIC_REPRESENTATION_CONTEXT() REPRESENTATION_CONTEXT('2D SPACE',''
  ) );
#5635 = ORIENTED_EDGE('',*,*,#5636,.F.);
#5636 = EDGE_CURVE('',#5027,#5594,#5637,.T.);
#5637 = SURFACE_CURVE('',#5638,(#5643,#5650),.PCURVE_S1.);
#5638 = CIRCLE('',#5639,51.3);
#5639 = AXIS2_PLACEMENT_3D('',#5640,#5641,#5642);
#5640 = CARTESIAN_POINT('',(-86.50000000009,0.,-1.6000001));
#5641 = DIRECTION('',(0.,-0.,1.));
#5642 = DIRECTION('',(0.969915535879,0.243441683488,0.));
#5643 = PCURVE('',#2687,#5644);
#5644 = DEFINITIONAL_REPRESENTATION('',(#5645),#5649);
#5645 = CIRCLE('',#5646,51.3);
#5646 = AXIS2_PLACEMENT_2D('',#5647,#5648);
#5647 = CARTESIAN_POINT('',(-41.,6.));
#5648 = DIRECTION('',(0.99468443133,-0.10297029703));
#5649 = ( GEOMETRIC_REPRESENTATION_CONTEXT(2) 
PARAMETRIC_REPRESENTATION_CONTEXT() REPRESENTATION_CONTEXT('2D SPACE',''
  ) );
#5650 = PCURVE('',#5651,#5656);
#5651 = TOROIDAL_SURFACE('',#5652,51.3,0.8);
#5652 = AXIS2_PLACEMENT_3D('',#5653,#5654,#5655);
#5653 = CARTESIAN_POINT('',(-86.50000000009,0.,-2.4000001));
#5654 = DIRECTION('',(0.,0.,-1.));
#5655 = DIRECTION('',(0.969915535879,0.243441683488,0.));
#5656 = DEFINITIONAL_REPRESENTATION('',(#5657),#5661);
#5657 = LINE('',#5658,#5659);
#5658 = CARTESIAN_POINT('',(-0.,4.712388980385));
#5659 = VECTOR('',#5660,1.);
#5660 = DIRECTION('',(-1.,0.));
#5661 = ( GEOMETRIC_REPRESENTATION_CONTEXT(2) 
PARAMETRIC_REPRESENTATION_CONTEXT() REPRESENTATION_CONTEXT('2D SPACE',''
  ) );
#5662 = ADVANCED_FACE('',(#5663),#2747,.T.);
#5663 = FACE_BOUND('',#5664,.T.);
#5664 = EDGE_LOOP('',(#5665,#5695,#5716,#5717));
#5665 = ORIENTED_EDGE('',*,*,#5666,.F.);
#5666 = EDGE_CURVE('',#5667,#5669,#5671,.T.);
#5667 = VERTEX_POINT('',#5668);
#5668 = CARTESIAN_POINT('',(-40.63334544583,26.,-2.4000001));
#5669 = VERTEX_POINT('',#5670);
#5670 = CARTESIAN_POINT('',(-40.63334544583,26.,-4.2000001));
#5671 = SURFACE_CURVE('',#5672,(#5676,#5683),.PCURVE_S1.);
#5672 = LINE('',#5673,#5674);
#5673 = CARTESIAN_POINT('',(-40.63334544583,26.,14.5999999));
#5674 = VECTOR('',#5675,1.);
#5675 = DIRECTION('',(0.,-0.,-1.));
#5676 = PCURVE('',#2747,#5677);
#5677 = DEFINITIONAL_REPRESENTATION('',(#5678),#5682);
#5678 = LINE('',#5679,#5680);
#5679 = CARTESIAN_POINT('',(20.5,45.866654554262));
#5680 = VECTOR('',#5681,1.);
#5681 = DIRECTION('',(-1.,0.));
#5682 = ( GEOMETRIC_REPRESENTATION_CONTEXT(2) 
PARAMETRIC_REPRESENTATION_CONTEXT() REPRESENTATION_CONTEXT('2D SPACE',''
  ) );
#5683 = PCURVE('',#5684,#5689);
#5684 = CYLINDRICAL_SURFACE('',#5685,1.5);
#5685 = AXIS2_PLACEMENT_3D('',#5686,#5687,#5688);
#5686 = CARTESIAN_POINT('',(-40.63334544583,24.5,14.5999999));
#5687 = DIRECTION('',(0.,-0.,-1.));
#5688 = DIRECTION('',(0.,1.,0.));
#5689 = DEFINITIONAL_REPRESENTATION('',(#5690),#5694);
#5690 = LINE('',#5691,#5692);
#5691 = CARTESIAN_POINT('',(-0.,0.));
#5692 = VECTOR('',#5693,1.);
#5693 = DIRECTION('',(-0.,1.));
#5694 = ( GEOMETRIC_REPRESENTATION_CONTEXT(2) 
PARAMETRIC_REPRESENTATION_CONTEXT() REPRESENTATION_CONTEXT('2D SPACE',''
  ) );
#5695 = ORIENTED_EDGE('',*,*,#5696,.T.);
#5696 = EDGE_CURVE('',#5667,#2708,#5697,.T.);
#5697 = SURFACE_CURVE('',#5698,(#5702,#5709),.PCURVE_S1.);
#5698 = LINE('',#5699,#5700);
#5699 = CARTESIAN_POINT('',(-40.63334544583,26.,-2.4000001));
#5700 = VECTOR('',#5701,1.);
#5701 = DIRECTION('',(1.,0.,0.));
#5702 = PCURVE('',#2747,#5703);
#5703 = DEFINITIONAL_REPRESENTATION('',(#5704),#5708);
#5704 = LINE('',#5705,#5706);
#5705 = CARTESIAN_POINT('',(3.5,45.866654554262));
#5706 = VECTOR('',#5707,1.);
#5707 = DIRECTION('',(0.,1.));
#5708 = ( GEOMETRIC_REPRESENTATION_CONTEXT(2) 
PARAMETRIC_REPRESENTATION_CONTEXT() REPRESENTATION_CONTEXT('2D SPACE',''
  ) );
#5709 = PCURVE('',#5524,#5710);
#5710 = DEFINITIONAL_REPRESENTATION('',(#5711),#5715);
#5711 = LINE('',#5712,#5713);
#5712 = CARTESIAN_POINT('',(0.,0.));
#5713 = VECTOR('',#5714,1.);
#5714 = DIRECTION('',(0.,1.));
#5715 = ( GEOMETRIC_REPRESENTATION_CONTEXT(2) 
PARAMETRIC_REPRESENTATION_CONTEXT() REPRESENTATION_CONTEXT('2D SPACE',''
  ) );
#5716 = ORIENTED_EDGE('',*,*,#2731,.T.);
#5717 = ORIENTED_EDGE('',*,*,#5718,.F.);
#5718 = EDGE_CURVE('',#5669,#2732,#5719,.T.);
#5719 = SURFACE_CURVE('',#5720,(#5724,#5731),.PCURVE_S1.);
#5720 = LINE('',#5721,#5722);
#5721 = CARTESIAN_POINT('',(-40.63334544583,26.,-4.2000001));
#5722 = VECTOR('',#5723,1.);
#5723 = DIRECTION('',(1.,0.,0.));
#5724 = PCURVE('',#2747,#5725);
#5725 = DEFINITIONAL_REPRESENTATION('',(#5726),#5730);
#5726 = LINE('',#5727,#5728);
#5727 = CARTESIAN_POINT('',(1.7,45.866654554262));
#5728 = VECTOR('',#5729,1.);
#5729 = DIRECTION('',(0.,1.));
#5730 = ( GEOMETRIC_REPRESENTATION_CONTEXT(2) 
PARAMETRIC_REPRESENTATION_CONTEXT() REPRESENTATION_CONTEXT('2D SPACE',''
  ) );
#5731 = PCURVE('',#5186,#5732);
#5732 = DEFINITIONAL_REPRESENTATION('',(#5733),#5737);
#5733 = LINE('',#5734,#5735);
#5734 = CARTESIAN_POINT('',(1.570796326795,0.));
#5735 = VECTOR('',#5736,1.);
#5736 = DIRECTION('',(0.,1.));
#5737 = ( GEOMETRIC_REPRESENTATION_CONTEXT(2) 
PARAMETRIC_REPRESENTATION_CONTEXT() REPRESENTATION_CONTEXT('2D SPACE',''
  ) );
#5738 = ADVANCED_FACE('',(#5739),#2862,.T.);
#5739 = FACE_BOUND('',#5740,.T.);
#5740 = EDGE_LOOP('',(#5741,#5764,#5797,#5818));
#5741 = ORIENTED_EDGE('',*,*,#5742,.F.);
#5742 = EDGE_CURVE('',#5743,#2785,#5745,.T.);
#5743 = VERTEX_POINT('',#5744);
#5744 = CARTESIAN_POINT('',(-36.26843621794,5.2,-1.6000001));
#5745 = SURFACE_CURVE('',#5746,(#5750,#5757),.PCURVE_S1.);
#5746 = LINE('',#5747,#5748);
#5747 = CARTESIAN_POINT('',(-45.50000000009,5.2,-1.6000001));
#5748 = VECTOR('',#5749,1.);
#5749 = DIRECTION('',(1.,0.,0.));
#5750 = PCURVE('',#2862,#5751);
#5751 = DEFINITIONAL_REPRESENTATION('',(#5752),#5756);
#5752 = LINE('',#5753,#5754);
#5753 = CARTESIAN_POINT('',(0.,11.2));
#5754 = VECTOR('',#5755,1.);
#5755 = DIRECTION('',(1.,0.));
#5756 = ( GEOMETRIC_REPRESENTATION_CONTEXT(2) 
PARAMETRIC_REPRESENTATION_CONTEXT() REPRESENTATION_CONTEXT('2D SPACE',''
  ) );
#5757 = PCURVE('',#2935,#5758);
#5758 = DEFINITIONAL_REPRESENTATION('',(#5759),#5763);
#5759 = LINE('',#5760,#5761);
#5760 = CARTESIAN_POINT('',(-1.570796326795,0.));
#5761 = VECTOR('',#5762,1.);
#5762 = DIRECTION('',(-0.,1.));
#5763 = ( GEOMETRIC_REPRESENTATION_CONTEXT(2) 
PARAMETRIC_REPRESENTATION_CONTEXT() REPRESENTATION_CONTEXT('2D SPACE',''
  ) );
#5764 = ORIENTED_EDGE('',*,*,#5765,.T.);
#5765 = EDGE_CURVE('',#5743,#5766,#5768,.T.);
#5766 = VERTEX_POINT('',#5767);
#5767 = CARTESIAN_POINT('',(-36.26843621794,-5.2,-1.6000001));
#5768 = SURFACE_CURVE('',#5769,(#5774,#5785),.PCURVE_S1.);
#5769 = CIRCLE('',#5770,50.5);
#5770 = AXIS2_PLACEMENT_3D('',#5771,#5772,#5773);
#5771 = CARTESIAN_POINT('',(-86.50000000009,0.,-1.6000001));
#5772 = DIRECTION('',(0.,0.,-1.));
#5773 = DIRECTION('',(1.,0.,0.));
#5774 = PCURVE('',#2862,#5775);
#5775 = DEFINITIONAL_REPRESENTATION('',(#5776),#5784);
#5776 = ( BOUNDED_CURVE() B_SPLINE_CURVE(2,(#5777,#5778,#5779,#5780,
#5781,#5782,#5783),.UNSPECIFIED.,.T.,.F.) B_SPLINE_CURVE_WITH_KNOTS((1,2
    ,2,2,2,1),(-2.094395102393,0.,2.094395102393,4.188790204786,
6.28318530718,8.377580409573),.UNSPECIFIED.) CURVE() 
GEOMETRIC_REPRESENTATION_ITEM() RATIONAL_B_SPLINE_CURVE((1.,0.5,1.,0.5,
1.,0.5,1.)) REPRESENTATION_ITEM('') );
#5777 = CARTESIAN_POINT('',(9.5,6.));
#5778 = CARTESIAN_POINT('',(9.5,-81.46856578222));
#5779 = CARTESIAN_POINT('',(-66.25,-37.73428289111));
#5780 = CARTESIAN_POINT('',(-142.,6.));
#5781 = CARTESIAN_POINT('',(-66.25,49.734282891114));
#5782 = CARTESIAN_POINT('',(9.5,93.468565782228));
#5783 = CARTESIAN_POINT('',(9.5,6.));
#5784 = ( GEOMETRIC_REPRESENTATION_CONTEXT(2) 
PARAMETRIC_REPRESENTATION_CONTEXT() REPRESENTATION_CONTEXT('2D SPACE',''
  ) );
#5785 = PCURVE('',#5786,#5791);
#5786 = CYLINDRICAL_SURFACE('',#5787,50.5);
#5787 = AXIS2_PLACEMENT_3D('',#5788,#5789,#5790);
#5788 = CARTESIAN_POINT('',(-86.50000000009,0.,-5.9000001));
#5789 = DIRECTION('',(0.,-0.,-1.));
#5790 = DIRECTION('',(1.,0.,0.));
#5791 = DEFINITIONAL_REPRESENTATION('',(#5792),#5796);
#5792 = LINE('',#5793,#5794);
#5793 = CARTESIAN_POINT('',(-12.56637061435,-4.3));
#5794 = VECTOR('',#5795,1.);
#5795 = DIRECTION('',(1.,-0.));
#5796 = ( GEOMETRIC_REPRESENTATION_CONTEXT(2) 
PARAMETRIC_REPRESENTATION_CONTEXT() REPRESENTATION_CONTEXT('2D SPACE',''
  ) );
#5797 = ORIENTED_EDGE('',*,*,#5798,.T.);
#5798 = EDGE_CURVE('',#5766,#2817,#5799,.T.);
#5799 = SURFACE_CURVE('',#5800,(#5804,#5811),.PCURVE_S1.);
#5800 = LINE('',#5801,#5802);
#5801 = CARTESIAN_POINT('',(-45.50000000009,-5.2,-1.6000001));
#5802 = VECTOR('',#5803,1.);
#5803 = DIRECTION('',(1.,0.,0.));
#5804 = PCURVE('',#2862,#5805);
#5805 = DEFINITIONAL_REPRESENTATION('',(#5806),#5810);
#5806 = LINE('',#5807,#5808);
#5807 = CARTESIAN_POINT('',(0.,0.8));
#5808 = VECTOR('',#5809,1.);
#5809 = DIRECTION('',(1.,0.));
#5810 = ( GEOMETRIC_REPRESENTATION_CONTEXT(2) 
PARAMETRIC_REPRESENTATION_CONTEXT() REPRESENTATION_CONTEXT('2D SPACE',''
  ) );
#5811 = PCURVE('',#2998,#5812);
#5812 = DEFINITIONAL_REPRESENTATION('',(#5813),#5817);
#5813 = LINE('',#5814,#5815);
#5814 = CARTESIAN_POINT('',(1.570796326795,0.));
#5815 = VECTOR('',#5816,1.);
#5816 = DIRECTION('',(0.,1.));
#5817 = ( GEOMETRIC_REPRESENTATION_CONTEXT(2) 
PARAMETRIC_REPRESENTATION_CONTEXT() REPRESENTATION_CONTEXT('2D SPACE',''
  ) );
#5818 = ORIENTED_EDGE('',*,*,#2847,.F.);
#5819 = ADVANCED_FACE('',(#5820),#2935,.F.);
#5820 = FACE_BOUND('',#5821,.T.);
#5821 = EDGE_LOOP('',(#5822,#5845,#5899,#5900));
#5822 = ORIENTED_EDGE('',*,*,#5823,.F.);
#5823 = EDGE_CURVE('',#5824,#2882,#5826,.T.);
#5824 = VERTEX_POINT('',#5825);
#5825 = CARTESIAN_POINT('',(-36.35770248592,6.,-0.8000001));
#5826 = SURFACE_CURVE('',#5827,(#5831,#5838),.PCURVE_S1.);
#5827 = LINE('',#5828,#5829);
#5828 = CARTESIAN_POINT('',(-45.50000000009,6.,-0.8000001));
#5829 = VECTOR('',#5830,1.);
#5830 = DIRECTION('',(1.,0.,0.));
#5831 = PCURVE('',#2935,#5832);
#5832 = DEFINITIONAL_REPRESENTATION('',(#5833),#5837);
#5833 = LINE('',#5834,#5835);
#5834 = CARTESIAN_POINT('',(-0.,0.));
#5835 = VECTOR('',#5836,1.);
#5836 = DIRECTION('',(-0.,1.));
#5837 = ( GEOMETRIC_REPRESENTATION_CONTEXT(2) 
PARAMETRIC_REPRESENTATION_CONTEXT() REPRESENTATION_CONTEXT('2D SPACE',''
  ) );
#5838 = PCURVE('',#3106,#5839);
#5839 = DEFINITIONAL_REPRESENTATION('',(#5840),#5844);
#5840 = LINE('',#5841,#5842);
#5841 = CARTESIAN_POINT('',(0.8,0.));
#5842 = VECTOR('',#5843,1.);
#5843 = DIRECTION('',(0.,1.));
#5844 = ( GEOMETRIC_REPRESENTATION_CONTEXT(2) 
PARAMETRIC_REPRESENTATION_CONTEXT() REPRESENTATION_CONTEXT('2D SPACE',''
  ) );
#5845 = ORIENTED_EDGE('',*,*,#5846,.T.);
#5846 = EDGE_CURVE('',#5824,#5743,#5847,.T.);
#5847 = SURFACE_CURVE('',#5848,(#5863,#5881),.PCURVE_S1.);
#5848 = B_SPLINE_CURVE_WITH_KNOTS('',7,(#5849,#5850,#5851,#5852,#5853,
    #5854,#5855,#5856,#5857,#5858,#5859,#5860,#5861,#5862),
  .UNSPECIFIED.,.F.,.F.,(8,6,8),(0.,0.586400952547,1.),.UNSPECIFIED.);
#5849 = CARTESIAN_POINT('',(-36.35770248592,6.,-0.8000001));
#5850 = CARTESIAN_POINT('',(-36.35770248592,6.,-0.897292656123));
#5851 = CARTESIAN_POINT('',(-36.35605067025,5.986195656725,
    -0.994774459582));
#5852 = CARTESIAN_POINT('',(-36.35273543305,5.958490249504,
    -1.090631460845));
#5853 = CARTESIAN_POINT('',(-36.3477748109,5.91683063581,-1.182959524569
    ));
#5854 = CARTESIAN_POINT('',(-36.34122695294,5.861291024638,
    -1.269670693363));
#5855 = CARTESIAN_POINT('',(-36.33319643355,5.792120610147,
    -1.348424312341));
#5856 = CARTESIAN_POINT('',(-36.31724818245,5.65197517213,
    -1.464362701568));
#5857 = CARTESIAN_POINT('',(-36.30996953555,5.587318228507,
    -1.50714063716));
#5858 = CARTESIAN_POINT('',(-36.30212561432,5.51671161095,
    -1.543176022932));
#5859 = CARTESIAN_POINT('',(-36.29387516756,5.441260301254,
    -1.57121551323));
#5860 = CARTESIAN_POINT('',(-36.28539457717,5.362315111714,
    -1.590343234478));
#5861 = CARTESIAN_POINT('',(-36.27686009174,5.281373914259,-1.6000001));
#5862 = CARTESIAN_POINT('',(-36.26843621794,5.2,-1.6000001));
#5863 = PCURVE('',#2935,#5864);
#5864 = DEFINITIONAL_REPRESENTATION('',(#5865),#5880);
#5865 = B_SPLINE_CURVE_WITH_KNOTS('',7,(#5866,#5867,#5868,#5869,#5870,
    #5871,#5872,#5873,#5874,#5875,#5876,#5877,#5878,#5879),
  .UNSPECIFIED.,.F.,.F.,(8,6,8),(0.,0.586400952547,1.),.UNSPECIFIED.);
#5866 = CARTESIAN_POINT('',(0.,9.142297514175));
#5867 = CARTESIAN_POINT('',(-0.121615695154,9.142297514175));
#5868 = CARTESIAN_POINT('',(-0.243467791417,9.143949329838));
#5869 = CARTESIAN_POINT('',(-0.366227729544,9.14726456704));
#5870 = CARTESIAN_POINT('',(-0.490501554907,9.152225189192));
#5871 = CARTESIAN_POINT('',(-0.616952966072,9.158773047147));
#5872 = CARTESIAN_POINT('',(-0.746323415588,9.166803566544));
#5873 = CARTESIAN_POINT('',(-0.973680698754,9.18275181764));
#5874 = CARTESIAN_POINT('',(-1.070038607765,9.190030464541));
#5875 = CARTESIAN_POINT('',(-1.168114786522,9.197874385766));
#5876 = CARTESIAN_POINT('',(-1.267500847772,9.206124832535));
#5877 = CARTESIAN_POINT('',(-1.367902865216,9.214605422918));
#5878 = CARTESIAN_POINT('',(-1.469078933971,9.223139908347));
#5879 = CARTESIAN_POINT('',(-1.570796326795,9.231563782148));
#5880 = ( GEOMETRIC_REPRESENTATION_CONTEXT(2) 
PARAMETRIC_REPRESENTATION_CONTEXT() REPRESENTATION_CONTEXT('2D SPACE',''
  ) );
#5881 = PCURVE('',#5786,#5882);
#5882 = DEFINITIONAL_REPRESENTATION('',(#5883),#5898);
#5883 = B_SPLINE_CURVE_WITH_KNOTS('',7,(#5884,#5885,#5886,#5887,#5888,
    #5889,#5890,#5891,#5892,#5893,#5894,#5895,#5896,#5897),
  .UNSPECIFIED.,.F.,.F.,(8,6,8),(0.,0.586400952547,1.),.UNSPECIFIED.);
#5884 = CARTESIAN_POINT('',(-6.402278509059,-5.1));
#5885 = CARTESIAN_POINT('',(-6.402278509059,-5.002707443877));
#5886 = CARTESIAN_POINT('',(-6.402003205697,-4.905225640418));
#5887 = CARTESIAN_POINT('',(-6.401450670018,-4.809368639155));
#5888 = CARTESIAN_POINT('',(-6.400619899433,-4.717040575431));
#5889 = CARTESIAN_POINT('',(-6.399512490183,-4.630329406637));
#5890 = CARTESIAN_POINT('',(-6.398133582529,-4.551575787659));
#5891 = CARTESIAN_POINT('',(-6.395340514064,-4.435637398432));
#5892 = CARTESIAN_POINT('',(-6.39405209233,-4.39285946284));
#5893 = CARTESIAN_POINT('',(-6.392645342685,-4.356824077068));
#5894 = CARTESIAN_POINT('',(-6.39114235585,-4.32878458677));
#5895 = CARTESIAN_POINT('',(-6.389570095495,-4.309656865522));
#5896 = CARTESIAN_POINT('',(-6.387958417315,-4.3));
#5897 = CARTESIAN_POINT('',(-6.386338441584,-4.3));
#5898 = ( GEOMETRIC_REPRESENTATION_CONTEXT(2) 
PARAMETRIC_REPRESENTATION_CONTEXT() REPRESENTATION_CONTEXT('2D SPACE',''
  ) );
#5899 = ORIENTED_EDGE('',*,*,#5742,.T.);
#5900 = ORIENTED_EDGE('',*,*,#2912,.F.);
#5901 = ADVANCED_FACE('',(#5902),#2998,.F.);
#5902 = FACE_BOUND('',#5903,.F.);
#5903 = EDGE_LOOP('',(#5904,#5927,#5981,#5982));
#5904 = ORIENTED_EDGE('',*,*,#5905,.F.);
#5905 = EDGE_CURVE('',#5906,#2974,#5908,.T.);
#5906 = VERTEX_POINT('',#5907);
#5907 = CARTESIAN_POINT('',(-36.35770248592,-6.,-0.8000001));
#5908 = SURFACE_CURVE('',#5909,(#5913,#5920),.PCURVE_S1.);
#5909 = LINE('',#5910,#5911);
#5910 = CARTESIAN_POINT('',(-45.50000000009,-6.,-0.8000001));
#5911 = VECTOR('',#5912,1.);
#5912 = DIRECTION('',(1.,0.,0.));
#5913 = PCURVE('',#2998,#5914);
#5914 = DEFINITIONAL_REPRESENTATION('',(#5915),#5919);
#5915 = LINE('',#5916,#5917);
#5916 = CARTESIAN_POINT('',(0.,0.));
#5917 = VECTOR('',#5918,1.);
#5918 = DIRECTION('',(0.,1.));
#5919 = ( GEOMETRIC_REPRESENTATION_CONTEXT(2) 
PARAMETRIC_REPRESENTATION_CONTEXT() REPRESENTATION_CONTEXT('2D SPACE',''
  ) );
#5920 = PCURVE('',#3140,#5921);
#5921 = DEFINITIONAL_REPRESENTATION('',(#5922),#5926);
#5922 = LINE('',#5923,#5924);
#5923 = CARTESIAN_POINT('',(0.8,0.));
#5924 = VECTOR('',#5925,1.);
#5925 = DIRECTION('',(0.,1.));
#5926 = ( GEOMETRIC_REPRESENTATION_CONTEXT(2) 
PARAMETRIC_REPRESENTATION_CONTEXT() REPRESENTATION_CONTEXT('2D SPACE',''
  ) );
#5927 = ORIENTED_EDGE('',*,*,#5928,.T.);
#5928 = EDGE_CURVE('',#5906,#5766,#5929,.T.);
#5929 = SURFACE_CURVE('',#5930,(#5945,#5963),.PCURVE_S1.);
#5930 = B_SPLINE_CURVE_WITH_KNOTS('',7,(#5931,#5932,#5933,#5934,#5935,
    #5936,#5937,#5938,#5939,#5940,#5941,#5942,#5943,#5944),
  .UNSPECIFIED.,.F.,.F.,(8,6,8),(0.,0.596234877981,1.),.UNSPECIFIED.);
#5931 = CARTESIAN_POINT('',(-36.35770248592,-6.,-0.8000001));
#5932 = CARTESIAN_POINT('',(-36.35770248592,-6.,-0.8989011768));
#5933 = CARTESIAN_POINT('',(-36.35599560085,-5.985735427959,
    -0.998034344779));
#5934 = CARTESIAN_POINT('',(-36.352567369,-5.957085768545,
    -1.095474292384));
#5935 = CARTESIAN_POINT('',(-36.34743700611,-5.913993757169,
    -1.189197441196));
#5936 = CARTESIAN_POINT('',(-36.34066837723,-5.856552012635,
    -1.276986562103));
#5937 = CARTESIAN_POINT('',(-36.33237619602,-5.785051034777,
    -1.356361221813));
#5938 = CARTESIAN_POINT('',(-36.31620833726,-5.642729756968,
    -1.470382065893));
#5939 = CARTESIAN_POINT('',(-36.30903982292,-5.578942342246,
    -1.511354577965));
#5940 = CARTESIAN_POINT('',(-36.30134391523,-5.509558601117,
    -1.545803413423));
#5941 = CARTESIAN_POINT('',(-36.29327097708,-5.43563430311,
    -1.572567408881));
#5942 = CARTESIAN_POINT('',(-36.28498695526,-5.358448895077,
    -1.59080269252));
#5943 = CARTESIAN_POINT('',(-36.27665726262,-5.279414601916,-1.6000001)
  );
#5944 = CARTESIAN_POINT('',(-36.26843621794,-5.2,-1.6000001));
#5945 = PCURVE('',#2998,#5946);
#5946 = DEFINITIONAL_REPRESENTATION('',(#5947),#5962);
#5947 = B_SPLINE_CURVE_WITH_KNOTS('',7,(#5948,#5949,#5950,#5951,#5952,
    #5953,#5954,#5955,#5956,#5957,#5958,#5959,#5960,#5961),
  .UNSPECIFIED.,.F.,.F.,(8,6,8),(0.,0.596234877981,1.),.UNSPECIFIED.);
#5948 = CARTESIAN_POINT('',(0.,9.142297514175));
#5949 = CARTESIAN_POINT('',(0.123626346,9.142297514175));
#5950 = CARTESIAN_POINT('',(0.247542593355,9.144004399245));
#5951 = CARTESIAN_POINT('',(0.372429591217,9.147432631089));
#5952 = CARTESIAN_POINT('',(0.498904961807,9.152562993985));
#5953 = CARTESIAN_POINT('',(0.627652557093,9.159331622863));
#5954 = CARTESIAN_POINT('',(0.759440266647,9.16762380407));
#5955 = CARTESIAN_POINT('',(0.987393451953,9.183791662831));
#5956 = CARTESIAN_POINT('',(1.081642246148,9.190960177171));
#5957 = CARTESIAN_POINT('',(1.177527278164,9.198656084864));
#5958 = CARTESIAN_POINT('',(1.274654703047,9.20672902301));
#5959 = CARTESIAN_POINT('',(1.372735570314,9.21501304483));
#5960 = CARTESIAN_POINT('',(1.4715280744,9.223342737473));
#5961 = CARTESIAN_POINT('',(1.570796326795,9.231563782148));
#5962 = ( GEOMETRIC_REPRESENTATION_CONTEXT(2) 
PARAMETRIC_REPRESENTATION_CONTEXT() REPRESENTATION_CONTEXT('2D SPACE',''
  ) );
#5963 = PCURVE('',#5786,#5964);
#5964 = DEFINITIONAL_REPRESENTATION('',(#5965),#5980);
#5965 = B_SPLINE_CURVE_WITH_KNOTS('',7,(#5966,#5967,#5968,#5969,#5970,
    #5971,#5972,#5973,#5974,#5975,#5976,#5977,#5978,#5979),
  .UNSPECIFIED.,.F.,.F.,(8,6,8),(0.,0.596234877981,1.),.UNSPECIFIED.);
#5966 = CARTESIAN_POINT('',(-6.164092105301,-5.1));
#5967 = CARTESIAN_POINT('',(-6.164092105301,-5.0010989232));
#5968 = CARTESIAN_POINT('',(-6.164376587114,-4.901965755221));
#5969 = CARTESIAN_POINT('',(-6.164947954249,-4.804525807615));
#5970 = CARTESIAN_POINT('',(-6.165807287606,-4.710802658804));
#5971 = CARTESIAN_POINT('',(-6.16695261544,-4.623013537897));
#5972 = CARTESIAN_POINT('',(-6.168377962148,-4.543638878187));
#5973 = CARTESIAN_POINT('',(-6.171214331999,-4.429618034107));
#5974 = CARTESIAN_POINT('',(-6.172485399494,-4.388645522035));
#5975 = CARTESIAN_POINT('',(-6.173867758325,-4.354196686577));
#5976 = CARTESIAN_POINT('',(-6.175340304668,-4.327432691119));
#5977 = CARTESIAN_POINT('',(-6.176877501805,-4.30919740748));
#5978 = CARTESIAN_POINT('',(-6.178451202645,-4.3));
#5979 = CARTESIAN_POINT('',(-6.180032172775,-4.3));
#5980 = ( GEOMETRIC_REPRESENTATION_CONTEXT(2) 
PARAMETRIC_REPRESENTATION_CONTEXT() REPRESENTATION_CONTEXT('2D SPACE',''
  ) );
#5981 = ORIENTED_EDGE('',*,*,#5798,.T.);
#5982 = ORIENTED_EDGE('',*,*,#2973,.T.);
#5983 = ADVANCED_FACE('',(#5984),#3106,.F.);
#5984 = FACE_BOUND('',#5985,.F.);
#5985 = EDGE_LOOP('',(#5986,#5987,#6010,#6031));
#5986 = ORIENTED_EDGE('',*,*,#5823,.F.);
#5987 = ORIENTED_EDGE('',*,*,#5988,.F.);
#5988 = EDGE_CURVE('',#5989,#5824,#5991,.T.);
#5989 = VERTEX_POINT('',#5990);
#5990 = CARTESIAN_POINT('',(-36.35770248592,6.,9.9999999));
#5991 = SURFACE_CURVE('',#5992,(#5996,#6003),.PCURVE_S1.);
#5992 = LINE('',#5993,#5994);
#5993 = CARTESIAN_POINT('',(-36.35770248592,6.,-5.9000001));
#5994 = VECTOR('',#5995,1.);
#5995 = DIRECTION('',(0.,-0.,-1.));
#5996 = PCURVE('',#3106,#5997);
#5997 = DEFINITIONAL_REPRESENTATION('',(#5998),#6002);
#5998 = LINE('',#5999,#6000);
#5999 = CARTESIAN_POINT('',(-4.3,9.142297514175));
#6000 = VECTOR('',#6001,1.);
#6001 = DIRECTION('',(-1.,0.));
#6002 = ( GEOMETRIC_REPRESENTATION_CONTEXT(2) 
PARAMETRIC_REPRESENTATION_CONTEXT() REPRESENTATION_CONTEXT('2D SPACE',''
  ) );
#6003 = PCURVE('',#5786,#6004);
#6004 = DEFINITIONAL_REPRESENTATION('',(#6005),#6009);
#6005 = LINE('',#6006,#6007);
#6006 = CARTESIAN_POINT('',(-6.402278509059,0.));
#6007 = VECTOR('',#6008,1.);
#6008 = DIRECTION('',(-0.,1.));
#6009 = ( GEOMETRIC_REPRESENTATION_CONTEXT(2) 
PARAMETRIC_REPRESENTATION_CONTEXT() REPRESENTATION_CONTEXT('2D SPACE',''
  ) );
#6010 = ORIENTED_EDGE('',*,*,#6011,.T.);
#6011 = EDGE_CURVE('',#5989,#3063,#6012,.T.);
#6012 = SURFACE_CURVE('',#6013,(#6017,#6024),.PCURVE_S1.);
#6013 = LINE('',#6014,#6015);
#6014 = CARTESIAN_POINT('',(-45.50000000009,6.,9.9999999));
#6015 = VECTOR('',#6016,1.);
#6016 = DIRECTION('',(1.,0.,0.));
#6017 = PCURVE('',#3106,#6018);
#6018 = DEFINITIONAL_REPRESENTATION('',(#6019),#6023);
#6019 = LINE('',#6020,#6021);
#6020 = CARTESIAN_POINT('',(11.6,0.));
#6021 = VECTOR('',#6022,1.);
#6022 = DIRECTION('',(0.,1.));
#6023 = ( GEOMETRIC_REPRESENTATION_CONTEXT(2) 
PARAMETRIC_REPRESENTATION_CONTEXT() REPRESENTATION_CONTEXT('2D SPACE',''
  ) );
#6024 = PCURVE('',#3239,#6025);
#6025 = DEFINITIONAL_REPRESENTATION('',(#6026),#6030);
#6026 = LINE('',#6027,#6028);
#6027 = CARTESIAN_POINT('',(0.,0.));
#6028 = VECTOR('',#6029,1.);
#6029 = DIRECTION('',(0.,1.));
#6030 = ( GEOMETRIC_REPRESENTATION_CONTEXT(2) 
PARAMETRIC_REPRESENTATION_CONTEXT() REPRESENTATION_CONTEXT('2D SPACE',''
  ) );
#6031 = ORIENTED_EDGE('',*,*,#3092,.T.);
#6032 = ADVANCED_FACE('',(#6033),#3140,.T.);
#6033 = FACE_BOUND('',#6034,.T.);
#6034 = EDGE_LOOP('',(#6035,#6036,#6059,#6080));
#6035 = ORIENTED_EDGE('',*,*,#5905,.F.);
#6036 = ORIENTED_EDGE('',*,*,#6037,.F.);
#6037 = EDGE_CURVE('',#6038,#5906,#6040,.T.);
#6038 = VERTEX_POINT('',#6039);
#6039 = CARTESIAN_POINT('',(-36.35770248592,-6.,9.9999999));
#6040 = SURFACE_CURVE('',#6041,(#6045,#6052),.PCURVE_S1.);
#6041 = LINE('',#6042,#6043);
#6042 = CARTESIAN_POINT('',(-36.35770248592,-6.,-5.9000001));
#6043 = VECTOR('',#6044,1.);
#6044 = DIRECTION('',(0.,-0.,-1.));
#6045 = PCURVE('',#3140,#6046);
#6046 = DEFINITIONAL_REPRESENTATION('',(#6047),#6051);
#6047 = LINE('',#6048,#6049);
#6048 = CARTESIAN_POINT('',(-4.3,9.142297514175));
#6049 = VECTOR('',#6050,1.);
#6050 = DIRECTION('',(-1.,0.));
#6051 = ( GEOMETRIC_REPRESENTATION_CONTEXT(2) 
PARAMETRIC_REPRESENTATION_CONTEXT() REPRESENTATION_CONTEXT('2D SPACE',''
  ) );
#6052 = PCURVE('',#5786,#6053);
#6053 = DEFINITIONAL_REPRESENTATION('',(#6054),#6058);
#6054 = LINE('',#6055,#6056);
#6055 = CARTESIAN_POINT('',(-6.164092105301,0.));
#6056 = VECTOR('',#6057,1.);
#6057 = DIRECTION('',(-0.,1.));
#6058 = ( GEOMETRIC_REPRESENTATION_CONTEXT(2) 
PARAMETRIC_REPRESENTATION_CONTEXT() REPRESENTATION_CONTEXT('2D SPACE',''
  ) );
#6059 = ORIENTED_EDGE('',*,*,#6060,.T.);
#6060 = EDGE_CURVE('',#6038,#3125,#6061,.T.);
#6061 = SURFACE_CURVE('',#6062,(#6066,#6073),.PCURVE_S1.);
#6062 = LINE('',#6063,#6064);
#6063 = CARTESIAN_POINT('',(-45.50000000009,-6.,9.9999999));
#6064 = VECTOR('',#6065,1.);
#6065 = DIRECTION('',(1.,0.,0.));
#6066 = PCURVE('',#3140,#6067);
#6067 = DEFINITIONAL_REPRESENTATION('',(#6068),#6072);
#6068 = LINE('',#6069,#6070);
#6069 = CARTESIAN_POINT('',(11.6,0.));
#6070 = VECTOR('',#6071,1.);
#6071 = DIRECTION('',(0.,1.));
#6072 = ( GEOMETRIC_REPRESENTATION_CONTEXT(2) 
PARAMETRIC_REPRESENTATION_CONTEXT() REPRESENTATION_CONTEXT('2D SPACE',''
  ) );
#6073 = PCURVE('',#3302,#6074);
#6074 = DEFINITIONAL_REPRESENTATION('',(#6075),#6079);
#6075 = LINE('',#6076,#6077);
#6076 = CARTESIAN_POINT('',(-0.,0.));
#6077 = VECTOR('',#6078,1.);
#6078 = DIRECTION('',(-0.,1.));
#6079 = ( GEOMETRIC_REPRESENTATION_CONTEXT(2) 
PARAMETRIC_REPRESENTATION_CONTEXT() REPRESENTATION_CONTEXT('2D SPACE',''
  ) );
#6080 = ORIENTED_EDGE('',*,*,#3124,.F.);
#6081 = ADVANCED_FACE('',(#6082),#3239,.F.);
#6082 = FACE_BOUND('',#6083,.F.);
#6083 = EDGE_LOOP('',(#6084,#6085,#6141,#6162));
#6084 = ORIENTED_EDGE('',*,*,#6011,.F.);
#6085 = ORIENTED_EDGE('',*,*,#6086,.T.);
#6086 = EDGE_CURVE('',#5989,#6087,#6089,.T.);
#6087 = VERTEX_POINT('',#6088);
#6088 = CARTESIAN_POINT('',(-36.26843621794,5.2,10.7999999));
#6089 = SURFACE_CURVE('',#6090,(#6105,#6123),.PCURVE_S1.);
#6090 = B_SPLINE_CURVE_WITH_KNOTS('',7,(#6091,#6092,#6093,#6094,#6095,
    #6096,#6097,#6098,#6099,#6100,#6101,#6102,#6103,#6104),
  .UNSPECIFIED.,.F.,.F.,(8,6,8),(0.,0.586400952547,1.),.UNSPECIFIED.);
#6091 = CARTESIAN_POINT('',(-36.35770248592,6.,9.9999999));
#6092 = CARTESIAN_POINT('',(-36.35770248592,6.,10.097292456123));
#6093 = CARTESIAN_POINT('',(-36.35605067025,5.986195656725,
    10.194774259582));
#6094 = CARTESIAN_POINT('',(-36.35273543305,5.958490249504,
    10.290631260845));
#6095 = CARTESIAN_POINT('',(-36.3477748109,5.91683063581,10.382959324569
    ));
#6096 = CARTESIAN_POINT('',(-36.34122695294,5.861291024638,
    10.469670493363));
#6097 = CARTESIAN_POINT('',(-36.33319643355,5.792120610147,
    10.548424112341));
#6098 = CARTESIAN_POINT('',(-36.31724818245,5.65197517213,
    10.664362501568));
#6099 = CARTESIAN_POINT('',(-36.30996953555,5.587318228507,
    10.70714043716));
#6100 = CARTESIAN_POINT('',(-36.30212561432,5.51671161095,
    10.743175822932));
#6101 = CARTESIAN_POINT('',(-36.29387516756,5.441260301254,
    10.77121531323));
#6102 = CARTESIAN_POINT('',(-36.28539457717,5.362315111714,
    10.790343034478));
#6103 = CARTESIAN_POINT('',(-36.27686009174,5.281373914259,10.7999999));
#6104 = CARTESIAN_POINT('',(-36.26843621794,5.2,10.7999999));
#6105 = PCURVE('',#3239,#6106);
#6106 = DEFINITIONAL_REPRESENTATION('',(#6107),#6122);
#6107 = B_SPLINE_CURVE_WITH_KNOTS('',7,(#6108,#6109,#6110,#6111,#6112,
    #6113,#6114,#6115,#6116,#6117,#6118,#6119,#6120,#6121),
  .UNSPECIFIED.,.F.,.F.,(8,6,8),(0.,0.586400952547,1.),.UNSPECIFIED.);
#6108 = CARTESIAN_POINT('',(0.,9.142297514175));
#6109 = CARTESIAN_POINT('',(0.121615695154,9.142297514175));
#6110 = CARTESIAN_POINT('',(0.243467791417,9.143949329838));
#6111 = CARTESIAN_POINT('',(0.366227729544,9.14726456704));
#6112 = CARTESIAN_POINT('',(0.490501554907,9.152225189192));
#6113 = CARTESIAN_POINT('',(0.616952966072,9.158773047147));
#6114 = CARTESIAN_POINT('',(0.746323415588,9.166803566544));
#6115 = CARTESIAN_POINT('',(0.973680698754,9.18275181764));
#6116 = CARTESIAN_POINT('',(1.070038607765,9.190030464541));
#6117 = CARTESIAN_POINT('',(1.168114786522,9.197874385766));
#6118 = CARTESIAN_POINT('',(1.267500847772,9.206124832535));
#6119 = CARTESIAN_POINT('',(1.367902865216,9.214605422918));
#6120 = CARTESIAN_POINT('',(1.469078933971,9.223139908347));
#6121 = CARTESIAN_POINT('',(1.570796326795,9.231563782148));
#6122 = ( GEOMETRIC_REPRESENTATION_CONTEXT(2) 
PARAMETRIC_REPRESENTATION_CONTEXT() REPRESENTATION_CONTEXT('2D SPACE',''
  ) );
#6123 = PCURVE('',#5786,#6124);
#6124 = DEFINITIONAL_REPRESENTATION('',(#6125),#6140);
#6125 = B_SPLINE_CURVE_WITH_KNOTS('',7,(#6126,#6127,#6128,#6129,#6130,
    #6131,#6132,#6133,#6134,#6135,#6136,#6137,#6138,#6139),
  .UNSPECIFIED.,.F.,.F.,(8,6,8),(0.,0.586400952547,1.),.UNSPECIFIED.);
#6126 = CARTESIAN_POINT('',(-6.402278509059,-15.9));
#6127 = CARTESIAN_POINT('',(-6.402278509059,-15.99729255612));
#6128 = CARTESIAN_POINT('',(-6.402003205697,-16.09477435958));
#6129 = CARTESIAN_POINT('',(-6.401450670018,-16.19063136084));
#6130 = CARTESIAN_POINT('',(-6.400619899433,-16.28295942456));
#6131 = CARTESIAN_POINT('',(-6.399512490183,-16.36967059336));
#6132 = CARTESIAN_POINT('',(-6.398133582529,-16.44842421234));
#6133 = CARTESIAN_POINT('',(-6.395340514064,-16.56436260156));
#6134 = CARTESIAN_POINT('',(-6.39405209233,-16.60714053716));
#6135 = CARTESIAN_POINT('',(-6.392645342685,-16.64317592293));
#6136 = CARTESIAN_POINT('',(-6.39114235585,-16.67121541323));
#6137 = CARTESIAN_POINT('',(-6.389570095495,-16.69034313447));
#6138 = CARTESIAN_POINT('',(-6.387958417315,-16.7));
#6139 = CARTESIAN_POINT('',(-6.386338441584,-16.7));
#6140 = ( GEOMETRIC_REPRESENTATION_CONTEXT(2) 
PARAMETRIC_REPRESENTATION_CONTEXT() REPRESENTATION_CONTEXT('2D SPACE',''
  ) );
#6141 = ORIENTED_EDGE('',*,*,#6142,.T.);
#6142 = EDGE_CURVE('',#6087,#3186,#6143,.T.);
#6143 = SURFACE_CURVE('',#6144,(#6148,#6155),.PCURVE_S1.);
#6144 = LINE('',#6145,#6146);
#6145 = CARTESIAN_POINT('',(-45.50000000009,5.2,10.7999999));
#6146 = VECTOR('',#6147,1.);
#6147 = DIRECTION('',(1.,0.,0.));
#6148 = PCURVE('',#3239,#6149);
#6149 = DEFINITIONAL_REPRESENTATION('',(#6150),#6154);
#6150 = LINE('',#6151,#6152);
#6151 = CARTESIAN_POINT('',(1.570796326795,0.));
#6152 = VECTOR('',#6153,1.);
#6153 = DIRECTION('',(0.,1.));
#6154 = ( GEOMETRIC_REPRESENTATION_CONTEXT(2) 
PARAMETRIC_REPRESENTATION_CONTEXT() REPRESENTATION_CONTEXT('2D SPACE',''
  ) );
#6155 = PCURVE('',#3384,#6156);
#6156 = DEFINITIONAL_REPRESENTATION('',(#6157),#6161);
#6157 = LINE('',#6158,#6159);
#6158 = CARTESIAN_POINT('',(0.,11.2));
#6159 = VECTOR('',#6160,1.);
#6160 = DIRECTION('',(1.,0.));
#6161 = ( GEOMETRIC_REPRESENTATION_CONTEXT(2) 
PARAMETRIC_REPRESENTATION_CONTEXT() REPRESENTATION_CONTEXT('2D SPACE',''
  ) );
#6162 = ORIENTED_EDGE('',*,*,#3216,.T.);
#6163 = ADVANCED_FACE('',(#6164),#3302,.F.);
#6164 = FACE_BOUND('',#6165,.T.);
#6165 = EDGE_LOOP('',(#6166,#6167,#6223,#6244));
#6166 = ORIENTED_EDGE('',*,*,#6060,.F.);
#6167 = ORIENTED_EDGE('',*,*,#6168,.T.);
#6168 = EDGE_CURVE('',#6038,#6169,#6171,.T.);
#6169 = VERTEX_POINT('',#6170);
#6170 = CARTESIAN_POINT('',(-36.26843621794,-5.2,10.7999999));
#6171 = SURFACE_CURVE('',#6172,(#6187,#6205),.PCURVE_S1.);
#6172 = B_SPLINE_CURVE_WITH_KNOTS('',7,(#6173,#6174,#6175,#6176,#6177,
    #6178,#6179,#6180,#6181,#6182,#6183,#6184,#6185,#6186),
  .UNSPECIFIED.,.F.,.F.,(8,6,8),(0.,0.596234877981,1.),.UNSPECIFIED.);
#6173 = CARTESIAN_POINT('',(-36.35770248592,-6.,9.9999999));
#6174 = CARTESIAN_POINT('',(-36.35770248592,-6.,10.0989009768));
#6175 = CARTESIAN_POINT('',(-36.35599560085,-5.985735427959,
    10.198034144779));
#6176 = CARTESIAN_POINT('',(-36.352567369,-5.957085768545,
    10.295474092384));
#6177 = CARTESIAN_POINT('',(-36.34743700611,-5.913993757169,
    10.389197241197));
#6178 = CARTESIAN_POINT('',(-36.34066837723,-5.856552012635,
    10.476986362103));
#6179 = CARTESIAN_POINT('',(-36.33237619602,-5.785051034777,
    10.556361021813));
#6180 = CARTESIAN_POINT('',(-36.31620833726,-5.642729756968,
    10.670381865894));
#6181 = CARTESIAN_POINT('',(-36.30903982292,-5.578942342246,
    10.711354377965));
#6182 = CARTESIAN_POINT('',(-36.30134391523,-5.509558601117,
    10.745803213423));
#6183 = CARTESIAN_POINT('',(-36.29327097708,-5.43563430311,
    10.772567208881));
#6184 = CARTESIAN_POINT('',(-36.28498695526,-5.358448895077,
    10.79080249252));
#6185 = CARTESIAN_POINT('',(-36.27665726262,-5.279414601916,10.7999999)
  );
#6186 = CARTESIAN_POINT('',(-36.26843621794,-5.2,10.7999999));
#6187 = PCURVE('',#3302,#6188);
#6188 = DEFINITIONAL_REPRESENTATION('',(#6189),#6204);
#6189 = B_SPLINE_CURVE_WITH_KNOTS('',7,(#6190,#6191,#6192,#6193,#6194,
    #6195,#6196,#6197,#6198,#6199,#6200,#6201,#6202,#6203),
  .UNSPECIFIED.,.F.,.F.,(8,6,8),(0.,0.596234877981,1.),.UNSPECIFIED.);
#6190 = CARTESIAN_POINT('',(0.,9.142297514175));
#6191 = CARTESIAN_POINT('',(-0.123626346,9.142297514175));
#6192 = CARTESIAN_POINT('',(-0.247542593355,9.144004399245));
#6193 = CARTESIAN_POINT('',(-0.372429591217,9.147432631089));
#6194 = CARTESIAN_POINT('',(-0.498904961807,9.152562993985));
#6195 = CARTESIAN_POINT('',(-0.627652557093,9.159331622863));
#6196 = CARTESIAN_POINT('',(-0.759440266647,9.16762380407));
#6197 = CARTESIAN_POINT('',(-0.987393451953,9.183791662831));
#6198 = CARTESIAN_POINT('',(-1.081642246148,9.190960177171));
#6199 = CARTESIAN_POINT('',(-1.177527278164,9.198656084864));
#6200 = CARTESIAN_POINT('',(-1.274654703047,9.20672902301));
#6201 = CARTESIAN_POINT('',(-1.372735570314,9.21501304483));
#6202 = CARTESIAN_POINT('',(-1.4715280744,9.223342737473));
#6203 = CARTESIAN_POINT('',(-1.570796326795,9.231563782148));
#6204 = ( GEOMETRIC_REPRESENTATION_CONTEXT(2) 
PARAMETRIC_REPRESENTATION_CONTEXT() REPRESENTATION_CONTEXT('2D SPACE',''
  ) );
#6205 = PCURVE('',#5786,#6206);
#6206 = DEFINITIONAL_REPRESENTATION('',(#6207),#6222);
#6207 = B_SPLINE_CURVE_WITH_KNOTS('',7,(#6208,#6209,#6210,#6211,#6212,
    #6213,#6214,#6215,#6216,#6217,#6218,#6219,#6220,#6221),
  .UNSPECIFIED.,.F.,.F.,(8,6,8),(0.,0.596234877981,1.),.UNSPECIFIED.);
#6208 = CARTESIAN_POINT('',(-6.164092105301,-15.9));
#6209 = CARTESIAN_POINT('',(-6.164092105301,-15.9989010768));
#6210 = CARTESIAN_POINT('',(-6.164376587114,-16.09803424477));
#6211 = CARTESIAN_POINT('',(-6.164947954249,-16.19547419238));
#6212 = CARTESIAN_POINT('',(-6.165807287606,-16.28919734119));
#6213 = CARTESIAN_POINT('',(-6.16695261544,-16.3769864621));
#6214 = CARTESIAN_POINT('',(-6.168377962148,-16.45636112181));
#6215 = CARTESIAN_POINT('',(-6.171214331999,-16.57038196589));
#6216 = CARTESIAN_POINT('',(-6.172485399494,-16.61135447796));
#6217 = CARTESIAN_POINT('',(-6.173867758325,-16.64580331342));
#6218 = CARTESIAN_POINT('',(-6.175340304668,-16.67256730888));
#6219 = CARTESIAN_POINT('',(-6.176877501805,-16.69080259252));
#6220 = CARTESIAN_POINT('',(-6.178451202645,-16.7));
#6221 = CARTESIAN_POINT('',(-6.180032172775,-16.7));
#6222 = ( GEOMETRIC_REPRESENTATION_CONTEXT(2) 
PARAMETRIC_REPRESENTATION_CONTEXT() REPRESENTATION_CONTEXT('2D SPACE',''
  ) );
#6223 = ORIENTED_EDGE('',*,*,#6224,.T.);
#6224 = EDGE_CURVE('',#6169,#3278,#6225,.T.);
#6225 = SURFACE_CURVE('',#6226,(#6230,#6237),.PCURVE_S1.);
#6226 = LINE('',#6227,#6228);
#6227 = CARTESIAN_POINT('',(-45.50000000009,-5.2,10.7999999));
#6228 = VECTOR('',#6229,1.);
#6229 = DIRECTION('',(1.,0.,0.));
#6230 = PCURVE('',#3302,#6231);
#6231 = DEFINITIONAL_REPRESENTATION('',(#6232),#6236);
#6232 = LINE('',#6233,#6234);
#6233 = CARTESIAN_POINT('',(-1.570796326795,0.));
#6234 = VECTOR('',#6235,1.);
#6235 = DIRECTION('',(-0.,1.));
#6236 = ( GEOMETRIC_REPRESENTATION_CONTEXT(2) 
PARAMETRIC_REPRESENTATION_CONTEXT() REPRESENTATION_CONTEXT('2D SPACE',''
  ) );
#6237 = PCURVE('',#3384,#6238);
#6238 = DEFINITIONAL_REPRESENTATION('',(#6239),#6243);
#6239 = LINE('',#6240,#6241);
#6240 = CARTESIAN_POINT('',(0.,0.8));
#6241 = VECTOR('',#6242,1.);
#6242 = DIRECTION('',(1.,0.));
#6243 = ( GEOMETRIC_REPRESENTATION_CONTEXT(2) 
PARAMETRIC_REPRESENTATION_CONTEXT() REPRESENTATION_CONTEXT('2D SPACE',''
  ) );
#6244 = ORIENTED_EDGE('',*,*,#3277,.F.);
#6245 = ADVANCED_FACE('',(#6246),#3384,.F.);
#6246 = FACE_BOUND('',#6247,.F.);
#6247 = EDGE_LOOP('',(#6248,#6249,#6275,#6276));
#6248 = ORIENTED_EDGE('',*,*,#6142,.F.);
#6249 = ORIENTED_EDGE('',*,*,#6250,.T.);
#6250 = EDGE_CURVE('',#6087,#6169,#6251,.T.);
#6251 = SURFACE_CURVE('',#6252,(#6257,#6268),.PCURVE_S1.);
#6252 = CIRCLE('',#6253,50.5);
#6253 = AXIS2_PLACEMENT_3D('',#6254,#6255,#6256);
#6254 = CARTESIAN_POINT('',(-86.50000000009,0.,10.7999999));
#6255 = DIRECTION('',(0.,0.,-1.));
#6256 = DIRECTION('',(1.,0.,0.));
#6257 = PCURVE('',#3384,#6258);
#6258 = DEFINITIONAL_REPRESENTATION('',(#6259),#6267);
#6259 = ( BOUNDED_CURVE() B_SPLINE_CURVE(2,(#6260,#6261,#6262,#6263,
#6264,#6265,#6266),.UNSPECIFIED.,.T.,.F.) B_SPLINE_CURVE_WITH_KNOTS((1,2
    ,2,2,2,1),(-2.094395102393,0.,2.094395102393,4.188790204786,
6.28318530718,8.377580409573),.UNSPECIFIED.) CURVE() 
GEOMETRIC_REPRESENTATION_ITEM() RATIONAL_B_SPLINE_CURVE((1.,0.5,1.,0.5,
1.,0.5,1.)) REPRESENTATION_ITEM('') );
#6260 = CARTESIAN_POINT('',(9.5,6.));
#6261 = CARTESIAN_POINT('',(9.5,-81.46856578222));
#6262 = CARTESIAN_POINT('',(-66.25,-37.73428289111));
#6263 = CARTESIAN_POINT('',(-142.,6.));
#6264 = CARTESIAN_POINT('',(-66.25,49.734282891114));
#6265 = CARTESIAN_POINT('',(9.5,93.468565782228));
#6266 = CARTESIAN_POINT('',(9.5,6.));
#6267 = ( GEOMETRIC_REPRESENTATION_CONTEXT(2) 
PARAMETRIC_REPRESENTATION_CONTEXT() REPRESENTATION_CONTEXT('2D SPACE',''
  ) );
#6268 = PCURVE('',#5786,#6269);
#6269 = DEFINITIONAL_REPRESENTATION('',(#6270),#6274);
#6270 = LINE('',#6271,#6272);
#6271 = CARTESIAN_POINT('',(-12.56637061435,-16.7));
#6272 = VECTOR('',#6273,1.);
#6273 = DIRECTION('',(1.,-0.));
#6274 = ( GEOMETRIC_REPRESENTATION_CONTEXT(2) 
PARAMETRIC_REPRESENTATION_CONTEXT() REPRESENTATION_CONTEXT('2D SPACE',''
  ) );
#6275 = ORIENTED_EDGE('',*,*,#6224,.T.);
#6276 = ORIENTED_EDGE('',*,*,#3369,.T.);
#6277 = ADVANCED_FACE('',(#6278),#3416,.T.);
#6278 = FACE_BOUND('',#6279,.T.);
#6279 = EDGE_LOOP('',(#6280,#6302,#6303,#6304));
#6280 = ORIENTED_EDGE('',*,*,#6281,.T.);
#6281 = EDGE_CURVE('',#3518,#3648,#6282,.T.);
#6282 = SURFACE_CURVE('',#6283,(#6288,#6295),.PCURVE_S1.);
#6283 = CIRCLE('',#6284,0.8);
#6284 = AXIS2_PLACEMENT_3D('',#6285,#6286,#6287);
#6285 = CARTESIAN_POINT('',(-40.63334544583,-25.2,11.5999999));
#6286 = DIRECTION('',(1.,1.276756478319E-15,0.));
#6287 = DIRECTION('',(1.276756478319E-15,-1.,0.));
#6288 = PCURVE('',#3416,#6289);
#6289 = DEFINITIONAL_REPRESENTATION('',(#6290),#6294);
#6290 = LINE('',#6291,#6292);
#6291 = CARTESIAN_POINT('',(0.,0.));
#6292 = VECTOR('',#6293,1.);
#6293 = DIRECTION('',(1.,0.));
#6294 = ( GEOMETRIC_REPRESENTATION_CONTEXT(2) 
PARAMETRIC_REPRESENTATION_CONTEXT() REPRESENTATION_CONTEXT('2D SPACE',''
  ) );
#6295 = PCURVE('',#3664,#6296);
#6296 = DEFINITIONAL_REPRESENTATION('',(#6297),#6301);
#6297 = LINE('',#6298,#6299);
#6298 = CARTESIAN_POINT('',(-2.061394788348,0.));
#6299 = VECTOR('',#6300,1.);
#6300 = DIRECTION('',(-0.,1.));
#6301 = ( GEOMETRIC_REPRESENTATION_CONTEXT(2) 
PARAMETRIC_REPRESENTATION_CONTEXT() REPRESENTATION_CONTEXT('2D SPACE',''
  ) );
#6302 = ORIENTED_EDGE('',*,*,#3686,.T.);
#6303 = ORIENTED_EDGE('',*,*,#3399,.F.);
#6304 = ORIENTED_EDGE('',*,*,#3567,.F.);
#6305 = ADVANCED_FACE('',(#6306),#3499,.T.);
#6306 = FACE_BOUND('',#6307,.F.);
#6307 = EDGE_LOOP('',(#6308,#6309,#6310,#6332));
#6308 = ORIENTED_EDGE('',*,*,#3484,.T.);
#6309 = ORIENTED_EDGE('',*,*,#3545,.T.);
#6310 = ORIENTED_EDGE('',*,*,#6311,.F.);
#6311 = EDGE_CURVE('',#3773,#3516,#6312,.T.);
#6312 = SURFACE_CURVE('',#6313,(#6318,#6325),.PCURVE_S1.);
#6313 = CIRCLE('',#6314,1.2);
#6314 = AXIS2_PLACEMENT_3D('',#6315,#6316,#6317);
#6315 = CARTESIAN_POINT('',(-40.63334544583,-24.8,13.3999999));
#6316 = DIRECTION('',(1.,0.,-0.));
#6317 = DIRECTION('',(0.,0.,1.));
#6318 = PCURVE('',#3499,#6319);
#6319 = DEFINITIONAL_REPRESENTATION('',(#6320),#6324);
#6320 = LINE('',#6321,#6322);
#6321 = CARTESIAN_POINT('',(-0.,1.693833248115));
#6322 = VECTOR('',#6323,1.);
#6323 = DIRECTION('',(-1.,0.));
#6324 = ( GEOMETRIC_REPRESENTATION_CONTEXT(2) 
PARAMETRIC_REPRESENTATION_CONTEXT() REPRESENTATION_CONTEXT('2D SPACE',''
  ) );
#6325 = PCURVE('',#3912,#6326);
#6326 = DEFINITIONAL_REPRESENTATION('',(#6327),#6331);
#6327 = LINE('',#6328,#6329);
#6328 = CARTESIAN_POINT('',(0.,4.712388980385));
#6329 = VECTOR('',#6330,1.);
#6330 = DIRECTION('',(0.,1.));
#6331 = ( GEOMETRIC_REPRESENTATION_CONTEXT(2) 
PARAMETRIC_REPRESENTATION_CONTEXT() REPRESENTATION_CONTEXT('2D SPACE',''
  ) );
#6332 = ORIENTED_EDGE('',*,*,#3772,.F.);
#6333 = ADVANCED_FACE('',(#6334),#3533,.T.);
#6334 = FACE_BOUND('',#6335,.F.);
#6335 = EDGE_LOOP('',(#6336,#6361,#6383,#6384));
#6336 = ORIENTED_EDGE('',*,*,#6337,.F.);
#6337 = EDGE_CURVE('',#6338,#6340,#6342,.T.);
#6338 = VERTEX_POINT('',#6339);
#6339 = CARTESIAN_POINT('',(-41.95642201951,-23.79326923076,13.3999999)
  );
#6340 = VERTEX_POINT('',#6341);
#6341 = CARTESIAN_POINT('',(-41.95642201951,-23.79326923076,11.5999999)
  );
#6342 = SURFACE_CURVE('',#6343,(#6347,#6354),.PCURVE_S1.);
#6343 = LINE('',#6344,#6345);
#6344 = CARTESIAN_POINT('',(-41.95642201951,-23.79326923076,14.5999999)
  );
#6345 = VECTOR('',#6346,1.);
#6346 = DIRECTION('',(0.,-0.,-1.));
#6347 = PCURVE('',#3533,#6348);
#6348 = DEFINITIONAL_REPRESENTATION('',(#6349),#6353);
#6349 = LINE('',#6350,#6351);
#6350 = CARTESIAN_POINT('',(-0.,0.));
#6351 = VECTOR('',#6352,1.);
#6352 = DIRECTION('',(-0.,1.));
#6353 = ( GEOMETRIC_REPRESENTATION_CONTEXT(2) 
PARAMETRIC_REPRESENTATION_CONTEXT() REPRESENTATION_CONTEXT('2D SPACE',''
  ) );
#6354 = PCURVE('',#5786,#6355);
#6355 = DEFINITIONAL_REPRESENTATION('',(#6356),#6360);
#6356 = LINE('',#6357,#6358);
#6357 = CARTESIAN_POINT('',(-5.792586845626,-20.5));
#6358 = VECTOR('',#6359,1.);
#6359 = DIRECTION('',(-0.,1.));
#6360 = ( GEOMETRIC_REPRESENTATION_CONTEXT(2) 
PARAMETRIC_REPRESENTATION_CONTEXT() REPRESENTATION_CONTEXT('2D SPACE',''
  ) );
#6361 = ORIENTED_EDGE('',*,*,#6362,.F.);
#6362 = EDGE_CURVE('',#3516,#6338,#6363,.T.);
#6363 = SURFACE_CURVE('',#6364,(#6369,#6376),.PCURVE_S1.);
#6364 = CIRCLE('',#6365,1.5);
#6365 = AXIS2_PLACEMENT_3D('',#6366,#6367,#6368);
#6366 = CARTESIAN_POINT('',(-40.63334544583,-24.5,13.3999999));
#6367 = DIRECTION('',(-0.,-0.,-1.));
#6368 = DIRECTION('',(0.,-1.,0.));
#6369 = PCURVE('',#3533,#6370);
#6370 = DEFINITIONAL_REPRESENTATION('',(#6371),#6375);
#6371 = LINE('',#6372,#6373);
#6372 = CARTESIAN_POINT('',(-2.061394788348,1.2));
#6373 = VECTOR('',#6374,1.);
#6374 = DIRECTION('',(1.,-0.));
#6375 = ( GEOMETRIC_REPRESENTATION_CONTEXT(2) 
PARAMETRIC_REPRESENTATION_CONTEXT() REPRESENTATION_CONTEXT('2D SPACE',''
  ) );
#6376 = PCURVE('',#3912,#6377);
#6377 = DEFINITIONAL_REPRESENTATION('',(#6378),#6382);
#6378 = LINE('',#6379,#6380);
#6379 = CARTESIAN_POINT('',(0.,6.28318530718));
#6380 = VECTOR('',#6381,1.);
#6381 = DIRECTION('',(1.,0.));
#6382 = ( GEOMETRIC_REPRESENTATION_CONTEXT(2) 
PARAMETRIC_REPRESENTATION_CONTEXT() REPRESENTATION_CONTEXT('2D SPACE',''
  ) );
#6383 = ORIENTED_EDGE('',*,*,#3515,.T.);
#6384 = ORIENTED_EDGE('',*,*,#6385,.F.);
#6385 = EDGE_CURVE('',#6340,#3518,#6386,.T.);
#6386 = SURFACE_CURVE('',#6387,(#6392,#6399),.PCURVE_S1.);
#6387 = CIRCLE('',#6388,1.5);
#6388 = AXIS2_PLACEMENT_3D('',#6389,#6390,#6391);
#6389 = CARTESIAN_POINT('',(-40.63334544583,-24.5,11.5999999));
#6390 = DIRECTION('',(0.,0.,1.));
#6391 = DIRECTION('',(-0.88205104912,0.471153846154,0.));
#6392 = PCURVE('',#3533,#6393);
#6393 = DEFINITIONAL_REPRESENTATION('',(#6394),#6398);
#6394 = LINE('',#6395,#6396);
#6395 = CARTESIAN_POINT('',(-2.368475785867E-15,3.));
#6396 = VECTOR('',#6397,1.);
#6397 = DIRECTION('',(-1.,0.));
#6398 = ( GEOMETRIC_REPRESENTATION_CONTEXT(2) 
PARAMETRIC_REPRESENTATION_CONTEXT() REPRESENTATION_CONTEXT('2D SPACE',''
  ) );
#6399 = PCURVE('',#3664,#6400);
#6400 = DEFINITIONAL_REPRESENTATION('',(#6401),#6405);
#6401 = LINE('',#6402,#6403);
#6402 = CARTESIAN_POINT('',(-0.,0.));
#6403 = VECTOR('',#6404,1.);
#6404 = DIRECTION('',(-1.,0.));
#6405 = ( GEOMETRIC_REPRESENTATION_CONTEXT(2) 
PARAMETRIC_REPRESENTATION_CONTEXT() REPRESENTATION_CONTEXT('2D SPACE',''
  ) );
#6406 = ADVANCED_FACE('',(#6407),#3635,.T.);
#6407 = FACE_BOUND('',#6408,.F.);
#6408 = EDGE_LOOP('',(#6409,#6439,#6461,#6483));
#6409 = ORIENTED_EDGE('',*,*,#6410,.F.);
#6410 = EDGE_CURVE('',#6411,#3592,#6413,.T.);
#6411 = VERTEX_POINT('',#6412);
#6412 = CARTESIAN_POINT('',(-37.53917417073,-12.37285472745,11.5999999)
  );
#6413 = SURFACE_CURVE('',#6414,(#6418,#6432),.PCURVE_S1.);
#6414 = ( BOUNDED_CURVE() B_SPLINE_CURVE(2,(#6415,#6416,#6417),
.UNSPECIFIED.,.F.,.F.) B_SPLINE_CURVE_WITH_KNOTS((3,3),(0.,
1.341979071468),.PIECEWISE_BEZIER_KNOTS.) CURVE() 
GEOMETRIC_REPRESENTATION_ITEM() RATIONAL_B_SPLINE_CURVE((1.,
0.707106781187,1.)) REPRESENTATION_ITEM('') );
#6415 = CARTESIAN_POINT('',(-37.53917417073,-12.37285472745,11.5999999)
  );
#6416 = CARTESIAN_POINT('',(-37.53917417073,-12.37285472745,10.7999999)
  );
#6417 = CARTESIAN_POINT('',(-36.76355712788,-12.56886034689,10.7999999)
  );
#6418 = PCURVE('',#3635,#6419);
#6419 = DEFINITIONAL_REPRESENTATION('',(#6420),#6431);
#6420 = B_SPLINE_CURVE_WITH_KNOTS('',9,(#6421,#6422,#6423,#6424,#6425,
    #6426,#6427,#6428,#6429,#6430),.UNSPECIFIED.,.F.,.F.,(10,10),(0.,
    1.341979071468),.PIECEWISE_BEZIER_KNOTS.);
#6421 = CARTESIAN_POINT('',(-1.614221660523E-03,3.14159265359));
#6422 = CARTESIAN_POINT('',(-1.614221660523E-03,3.298727493853));
#6423 = CARTESIAN_POINT('',(-1.614221660523E-03,3.467367370461));
#6424 = CARTESIAN_POINT('',(-1.614221660523E-03,3.646159040308));
#6425 = CARTESIAN_POINT('',(-1.614221660523E-03,3.832337505318));
#6426 = CARTESIAN_POINT('',(-1.614221660523E-03,4.021644128887));
#6427 = CARTESIAN_POINT('',(-1.614221660523E-03,4.207822593364));
#6428 = CARTESIAN_POINT('',(-1.614221660523E-03,4.386614263614));
#6429 = CARTESIAN_POINT('',(-1.614221660523E-03,4.555254140121));
#6430 = CARTESIAN_POINT('',(-1.614221660523E-03,4.712388980385));
#6431 = ( GEOMETRIC_REPRESENTATION_CONTEXT(2) 
PARAMETRIC_REPRESENTATION_CONTEXT() REPRESENTATION_CONTEXT('2D SPACE',''
  ) );
#6432 = PCURVE('',#4017,#6433);
#6433 = DEFINITIONAL_REPRESENTATION('',(#6434),#6438);
#6434 = LINE('',#6435,#6436);
#6435 = CARTESIAN_POINT('',(0.,132.91358905266));
#6436 = VECTOR('',#6437,1.);
#6437 = DIRECTION('',(1.,0.));
#6438 = ( GEOMETRIC_REPRESENTATION_CONTEXT(2) 
PARAMETRIC_REPRESENTATION_CONTEXT() REPRESENTATION_CONTEXT('2D SPACE',''
  ) );
#6439 = ORIENTED_EDGE('',*,*,#6440,.T.);
#6440 = EDGE_CURVE('',#6411,#6340,#6441,.T.);
#6441 = SURFACE_CURVE('',#6442,(#6447,#6454),.PCURVE_S1.);
#6442 = CIRCLE('',#6443,50.5);
#6443 = AXIS2_PLACEMENT_3D('',#6444,#6445,#6446);
#6444 = CARTESIAN_POINT('',(-86.50000000009,3.552713678801E-15,
    11.5999999));
#6445 = DIRECTION('',(0.,-0.,-1.));
#6446 = DIRECTION('',(0.969915535879,-0.243441683488,0.));
#6447 = PCURVE('',#3635,#6448);
#6448 = DEFINITIONAL_REPRESENTATION('',(#6449),#6453);
#6449 = LINE('',#6450,#6451);
#6450 = CARTESIAN_POINT('',(-0.,3.14159265359));
#6451 = VECTOR('',#6452,1.);
#6452 = DIRECTION('',(-1.,0.));
#6453 = ( GEOMETRIC_REPRESENTATION_CONTEXT(2) 
PARAMETRIC_REPRESENTATION_CONTEXT() REPRESENTATION_CONTEXT('2D SPACE',''
  ) );
#6454 = PCURVE('',#5786,#6455);
#6455 = DEFINITIONAL_REPRESENTATION('',(#6456),#6460);
#6456 = LINE('',#6457,#6458);
#6457 = CARTESIAN_POINT('',(-6.037272591185,-17.5));
#6458 = VECTOR('',#6459,1.);
#6459 = DIRECTION('',(1.,-0.));
#6460 = ( GEOMETRIC_REPRESENTATION_CONTEXT(2) 
PARAMETRIC_REPRESENTATION_CONTEXT() REPRESENTATION_CONTEXT('2D SPACE',''
  ) );
#6461 = ORIENTED_EDGE('',*,*,#6462,.T.);
#6462 = EDGE_CURVE('',#6340,#3615,#6463,.T.);
#6463 = SURFACE_CURVE('',#6464,(#6469,#6476),.PCURVE_S1.);
#6464 = CIRCLE('',#6465,0.8);
#6465 = AXIS2_PLACEMENT_3D('',#6466,#6467,#6468);
#6466 = CARTESIAN_POINT('',(-41.25078118021,-24.17019230769,11.5999999)
  );
#6467 = DIRECTION('',(-0.471153846154,-0.88205104912,0.));
#6468 = DIRECTION('',(0.88205104912,-0.471153846154,0.));
#6469 = PCURVE('',#3635,#6470);
#6470 = DEFINITIONAL_REPRESENTATION('',(#6471),#6475);
#6471 = LINE('',#6472,#6473);
#6472 = CARTESIAN_POINT('',(-0.244685745559,0.));
#6473 = VECTOR('',#6474,1.);
#6474 = DIRECTION('',(-0.,1.));
#6475 = ( GEOMETRIC_REPRESENTATION_CONTEXT(2) 
PARAMETRIC_REPRESENTATION_CONTEXT() REPRESENTATION_CONTEXT('2D SPACE',''
  ) );
#6476 = PCURVE('',#3664,#6477);
#6477 = DEFINITIONAL_REPRESENTATION('',(#6478),#6482);
#6478 = LINE('',#6479,#6480);
#6479 = CARTESIAN_POINT('',(2.368475785867E-15,-3.14159265359));
#6480 = VECTOR('',#6481,1.);
#6481 = DIRECTION('',(-0.,1.));
#6482 = ( GEOMETRIC_REPRESENTATION_CONTEXT(2) 
PARAMETRIC_REPRESENTATION_CONTEXT() REPRESENTATION_CONTEXT('2D SPACE',''
  ) );
#6483 = ORIENTED_EDGE('',*,*,#3614,.F.);
#6484 = ADVANCED_FACE('',(#6485),#3664,.T.);
#6485 = FACE_BOUND('',#6486,.F.);
#6486 = EDGE_LOOP('',(#6487,#6488,#6489,#6490));
#6487 = ORIENTED_EDGE('',*,*,#6462,.F.);
#6488 = ORIENTED_EDGE('',*,*,#6385,.T.);
#6489 = ORIENTED_EDGE('',*,*,#6281,.T.);
#6490 = ORIENTED_EDGE('',*,*,#3647,.F.);
#6491 = ADVANCED_FACE('',(#6492),#3729,.T.);
#6492 = FACE_BOUND('',#6493,.F.);
#6493 = EDGE_LOOP('',(#6494,#6516,#6517,#6518));
#6494 = ORIENTED_EDGE('',*,*,#6495,.T.);
#6495 = EDGE_CURVE('',#3799,#4138,#6496,.T.);
#6496 = SURFACE_CURVE('',#6497,(#6502,#6509),.PCURVE_S1.);
#6497 = CIRCLE('',#6498,1.2);
#6498 = AXIS2_PLACEMENT_3D('',#6499,#6500,#6501);
#6499 = CARTESIAN_POINT('',(-40.63334544583,24.8,13.3999999));
#6500 = DIRECTION('',(-1.,-1.110223024625E-16,-0.));
#6501 = DIRECTION('',(-1.110223024625E-16,1.,0.));
#6502 = PCURVE('',#3729,#6503);
#6503 = DEFINITIONAL_REPRESENTATION('',(#6504),#6508);
#6504 = LINE('',#6505,#6506);
#6505 = CARTESIAN_POINT('',(4.712388980385,-0.));
#6506 = VECTOR('',#6507,1.);
#6507 = DIRECTION('',(-1.,0.));
#6508 = ( GEOMETRIC_REPRESENTATION_CONTEXT(2) 
PARAMETRIC_REPRESENTATION_CONTEXT() REPRESENTATION_CONTEXT('2D SPACE',''
  ) );
#6509 = PCURVE('',#3842,#6510);
#6510 = DEFINITIONAL_REPRESENTATION('',(#6511),#6515);
#6511 = LINE('',#6512,#6513);
#6512 = CARTESIAN_POINT('',(2.061394788348,0.));
#6513 = VECTOR('',#6514,1.);
#6514 = DIRECTION('',(0.,1.));
#6515 = ( GEOMETRIC_REPRESENTATION_CONTEXT(2) 
PARAMETRIC_REPRESENTATION_CONTEXT() REPRESENTATION_CONTEXT('2D SPACE',''
  ) );
#6516 = ORIENTED_EDGE('',*,*,#4167,.T.);
#6517 = ORIENTED_EDGE('',*,*,#3712,.F.);
#6518 = ORIENTED_EDGE('',*,*,#3798,.F.);
#6519 = ADVANCED_FACE('',(#6520),#3912,.T.);
#6520 = FACE_BOUND('',#6521,.T.);
#6521 = EDGE_LOOP('',(#6522,#6523,#6524,#6546));
#6522 = ORIENTED_EDGE('',*,*,#6311,.F.);
#6523 = ORIENTED_EDGE('',*,*,#3893,.T.);
#6524 = ORIENTED_EDGE('',*,*,#6525,.T.);
#6525 = EDGE_CURVE('',#3865,#6338,#6526,.T.);
#6526 = SURFACE_CURVE('',#6527,(#6532,#6539),.PCURVE_S1.);
#6527 = CIRCLE('',#6528,1.2);
#6528 = AXIS2_PLACEMENT_3D('',#6529,#6530,#6531);
#6529 = CARTESIAN_POINT('',(-40.89796076056,-24.35865384615,13.3999999)
  );
#6530 = DIRECTION('',(-0.471153846154,-0.88205104912,-0.));
#6531 = DIRECTION('',(-0.88205104912,0.471153846154,0.));
#6532 = PCURVE('',#3912,#6533);
#6533 = DEFINITIONAL_REPRESENTATION('',(#6534),#6538);
#6534 = LINE('',#6535,#6536);
#6535 = CARTESIAN_POINT('',(2.061394788348,0.));
#6536 = VECTOR('',#6537,1.);
#6537 = DIRECTION('',(0.,1.));
#6538 = ( GEOMETRIC_REPRESENTATION_CONTEXT(2) 
PARAMETRIC_REPRESENTATION_CONTEXT() REPRESENTATION_CONTEXT('2D SPACE',''
  ) );
#6539 = PCURVE('',#3881,#6540);
#6540 = DEFINITIONAL_REPRESENTATION('',(#6541),#6545);
#6541 = LINE('',#6542,#6543);
#6542 = CARTESIAN_POINT('',(0.,-3.14159265359));
#6543 = VECTOR('',#6544,1.);
#6544 = DIRECTION('',(0.,1.));
#6545 = ( GEOMETRIC_REPRESENTATION_CONTEXT(2) 
PARAMETRIC_REPRESENTATION_CONTEXT() REPRESENTATION_CONTEXT('2D SPACE',''
  ) );
#6546 = ORIENTED_EDGE('',*,*,#6362,.F.);
#6547 = ADVANCED_FACE('',(#6548),#3881,.T.);
#6548 = FACE_BOUND('',#6549,.T.);
#6549 = EDGE_LOOP('',(#6550,#6551,#6552,#6576));
#6550 = ORIENTED_EDGE('',*,*,#6525,.F.);
#6551 = ORIENTED_EDGE('',*,*,#3864,.T.);
#6552 = ORIENTED_EDGE('',*,*,#6553,.T.);
#6553 = EDGE_CURVE('',#3822,#6554,#6556,.T.);
#6554 = VERTEX_POINT('',#6555);
#6555 = CARTESIAN_POINT('',(-41.95642201951,23.793269230769,13.3999999)
  );
#6556 = SURFACE_CURVE('',#6557,(#6562,#6569),.PCURVE_S1.);
#6557 = CIRCLE('',#6558,1.2);
#6558 = AXIS2_PLACEMENT_3D('',#6559,#6560,#6561);
#6559 = CARTESIAN_POINT('',(-40.89796076056,24.358653846154,13.3999999)
  );
#6560 = DIRECTION('',(0.471153846154,-0.88205104912,0.));
#6561 = DIRECTION('',(0.88205104912,0.471153846154,0.));
#6562 = PCURVE('',#3881,#6563);
#6563 = DEFINITIONAL_REPRESENTATION('',(#6564),#6568);
#6564 = LINE('',#6565,#6566);
#6565 = CARTESIAN_POINT('',(0.981196923106,0.));
#6566 = VECTOR('',#6567,1.);
#6567 = DIRECTION('',(0.,1.));
#6568 = ( GEOMETRIC_REPRESENTATION_CONTEXT(2) 
PARAMETRIC_REPRESENTATION_CONTEXT() REPRESENTATION_CONTEXT('2D SPACE',''
  ) );
#6569 = PCURVE('',#3842,#6570);
#6570 = DEFINITIONAL_REPRESENTATION('',(#6571),#6575);
#6571 = LINE('',#6572,#6573);
#6572 = CARTESIAN_POINT('',(-2.22044604925E-15,3.14159265359));
#6573 = VECTOR('',#6574,1.);
#6574 = DIRECTION('',(0.,1.));
#6575 = ( GEOMETRIC_REPRESENTATION_CONTEXT(2) 
PARAMETRIC_REPRESENTATION_CONTEXT() REPRESENTATION_CONTEXT('2D SPACE',''
  ) );
#6576 = ORIENTED_EDGE('',*,*,#6577,.F.);
#6577 = EDGE_CURVE('',#6338,#6554,#6578,.T.);
#6578 = SURFACE_CURVE('',#6579,(#6584,#6591),.PCURVE_S1.);
#6579 = CIRCLE('',#6580,50.5);
#6580 = AXIS2_PLACEMENT_3D('',#6581,#6582,#6583);
#6581 = CARTESIAN_POINT('',(-86.50000000009,0.,13.3999999));
#6582 = DIRECTION('',(-0.,0.,1.));
#6583 = DIRECTION('',(0.88205104912,-0.471153846154,0.));
#6584 = PCURVE('',#3881,#6585);
#6585 = DEFINITIONAL_REPRESENTATION('',(#6586),#6590);
#6586 = LINE('',#6587,#6588);
#6587 = CARTESIAN_POINT('',(0.,3.14159265359));
#6588 = VECTOR('',#6589,1.);
#6589 = DIRECTION('',(1.,0.));
#6590 = ( GEOMETRIC_REPRESENTATION_CONTEXT(2) 
PARAMETRIC_REPRESENTATION_CONTEXT() REPRESENTATION_CONTEXT('2D SPACE',''
  ) );
#6591 = PCURVE('',#5786,#6592);
#6592 = DEFINITIONAL_REPRESENTATION('',(#6593),#6597);
#6593 = LINE('',#6594,#6595);
#6594 = CARTESIAN_POINT('',(-5.792586845626,-19.3));
#6595 = VECTOR('',#6596,1.);
#6596 = DIRECTION('',(-1.,0.));
#6597 = ( GEOMETRIC_REPRESENTATION_CONTEXT(2) 
PARAMETRIC_REPRESENTATION_CONTEXT() REPRESENTATION_CONTEXT('2D SPACE',''
  ) );
#6598 = ADVANCED_FACE('',(#6599),#3842,.T.);
#6599 = FACE_BOUND('',#6600,.T.);
#6600 = EDGE_LOOP('',(#6601,#6602,#6603,#6604));
#6601 = ORIENTED_EDGE('',*,*,#6553,.F.);
#6602 = ORIENTED_EDGE('',*,*,#3821,.T.);
#6603 = ORIENTED_EDGE('',*,*,#6495,.T.);
#6604 = ORIENTED_EDGE('',*,*,#6605,.F.);
#6605 = EDGE_CURVE('',#6554,#4138,#6606,.T.);
#6606 = SURFACE_CURVE('',#6607,(#6612,#6619),.PCURVE_S1.);
#6607 = CIRCLE('',#6608,1.5);
#6608 = AXIS2_PLACEMENT_3D('',#6609,#6610,#6611);
#6609 = CARTESIAN_POINT('',(-40.63334544583,24.5,13.3999999));
#6610 = DIRECTION('',(-0.,0.,-1.));
#6611 = DIRECTION('',(-0.88205104912,-0.471153846154,0.));
#6612 = PCURVE('',#3842,#6613);
#6613 = DEFINITIONAL_REPRESENTATION('',(#6614),#6618);
#6614 = LINE('',#6615,#6616);
#6615 = CARTESIAN_POINT('',(0.,6.28318530718));
#6616 = VECTOR('',#6617,1.);
#6617 = DIRECTION('',(1.,0.));
#6618 = ( GEOMETRIC_REPRESENTATION_CONTEXT(2) 
PARAMETRIC_REPRESENTATION_CONTEXT() REPRESENTATION_CONTEXT('2D SPACE',''
  ) );
#6619 = PCURVE('',#4155,#6620);
#6620 = DEFINITIONAL_REPRESENTATION('',(#6621),#6625);
#6621 = LINE('',#6622,#6623);
#6622 = CARTESIAN_POINT('',(-2.061394788348,1.2));
#6623 = VECTOR('',#6624,1.);
#6624 = DIRECTION('',(1.,-0.));
#6625 = ( GEOMETRIC_REPRESENTATION_CONTEXT(2) 
PARAMETRIC_REPRESENTATION_CONTEXT() REPRESENTATION_CONTEXT('2D SPACE',''
  ) );
#6626 = ADVANCED_FACE('',(#6627),#4017,.T.);
#6627 = FACE_BOUND('',#6628,.T.);
#6628 = EDGE_LOOP('',(#6629,#6660,#6661,#6662));
#6629 = ORIENTED_EDGE('',*,*,#6630,.T.);
#6630 = EDGE_CURVE('',#6631,#3938,#6633,.T.);
#6631 = VERTEX_POINT('',#6632);
#6632 = CARTESIAN_POINT('',(-37.17480048293,-10.82934405178,9.9999999));
#6633 = SURFACE_CURVE('',#6634,(#6639,#6653),.PCURVE_S1.);
#6634 = CIRCLE('',#6635,0.8);
#6635 = AXIS2_PLACEMENT_3D('',#6636,#6637,#6638);
#6636 = CARTESIAN_POINT('',(-36.39341118364,-11.00089801696,9.9999999));
#6637 = DIRECTION('',(0.,0.,1.));
#6638 = DIRECTION('',(-0.976736624102,0.214442456471,0.));
#6639 = PCURVE('',#4017,#6640);
#6640 = DEFINITIONAL_REPRESENTATION('',(#6641),#6652);
#6641 = B_SPLINE_CURVE_WITH_KNOTS('',9,(#6642,#6643,#6644,#6645,#6646,
    #6647,#6648,#6649,#6650,#6651),.UNSPECIFIED.,.F.,.F.,(10,10),(0.,
    1.437851447639),.PIECEWISE_BEZIER_KNOTS.);
#6642 = CARTESIAN_POINT('',(2.22044604925E-16,131.57160998119));
#6643 = CARTESIAN_POINT('',(0.162772461749,131.57160998118));
#6644 = CARTESIAN_POINT('',(0.314551134455,131.57160998121));
#6645 = CARTESIAN_POINT('',(0.459613062779,131.57160998115));
#6646 = CARTESIAN_POINT('',(0.600926443244,131.57160998123));
#6647 = CARTESIAN_POINT('',(0.741052628223,131.57160998115));
#6648 = CARTESIAN_POINT('',(0.882366008688,131.57160998121));
#6649 = CARTESIAN_POINT('',(1.027427937013,131.57160998118));
#6650 = CARTESIAN_POINT('',(1.179206609718,131.57160998119));
#6651 = CARTESIAN_POINT('',(1.341979071468,131.57160998119));
#6652 = ( GEOMETRIC_REPRESENTATION_CONTEXT(2) 
PARAMETRIC_REPRESENTATION_CONTEXT() REPRESENTATION_CONTEXT('2D SPACE',''
  ) );
#6653 = PCURVE('',#4250,#6654);
#6654 = DEFINITIONAL_REPRESENTATION('',(#6655),#6659);
#6655 = LINE('',#6656,#6657);
#6656 = CARTESIAN_POINT('',(0.,10.8));
#6657 = VECTOR('',#6658,1.);
#6658 = DIRECTION('',(1.,0.));
#6659 = ( GEOMETRIC_REPRESENTATION_CONTEXT(2) 
PARAMETRIC_REPRESENTATION_CONTEXT() REPRESENTATION_CONTEXT('2D SPACE',''
  ) );
#6660 = ORIENTED_EDGE('',*,*,#3960,.T.);
#6661 = ORIENTED_EDGE('',*,*,#6410,.F.);
#6662 = ORIENTED_EDGE('',*,*,#6663,.F.);
#6663 = EDGE_CURVE('',#6631,#6411,#6664,.T.);
#6664 = SURFACE_CURVE('',#6665,(#6683,#6690),.PCURVE_S1.);
#6665 = ( BOUNDED_CURVE() B_SPLINE_CURVE(6,(#6666,#6667,#6668,#6669,
    #6670,#6671,#6672,#6673,#6674,#6675,#6676,#6677,#6678,#6679,#6680,
#6681,#6682),.UNSPECIFIED.,.F.,.F.) B_SPLINE_CURVE_WITH_KNOTS((7,5,5,7),
  (131.57160998119,132.31479239525,132.83897220294,132.91358905266),
.UNSPECIFIED.) CURVE() GEOMETRIC_REPRESENTATION_ITEM() 
RATIONAL_B_SPLINE_CURVE((1.,1.,1.,1.,1.,1.,1.,1.,1.,1.,1.,1.,1.,1.,1.,1.
,1.)) REPRESENTATION_ITEM('') );
#6666 = CARTESIAN_POINT('',(-37.17480048293,-10.82934405178,9.9999999));
#6667 = CARTESIAN_POINT('',(-37.17480048293,-10.82934405178,
    10.21346255969));
#6668 = CARTESIAN_POINT('',(-37.18211130834,-10.86264075589,
    10.427497134175));
#6669 = CARTESIAN_POINT('',(-37.1967356069,-10.92925266236,
    10.637312388056));
#6670 = CARTESIAN_POINT('',(-37.21911382577,-11.03039296582,
    10.838411890238));
#6671 = CARTESIAN_POINT('',(-37.24989449727,-11.16729767948,
    11.024575886741));
#6672 = CARTESIAN_POINT('',(-37.31778324677,-11.46190169933,
    11.299587866271));
#6673 = CARTESIAN_POINT('',(-37.35053133307,-11.60238132163,
    11.401776833014));
#6674 = CARTESIAN_POINT('',(-37.38766096599,-11.75912663367,
    11.485311463084));
#6675 = CARTESIAN_POINT('',(-37.42876206245,-11.92994810545,
    11.550508309119));
#6676 = CARTESIAN_POINT('',(-37.47461960503,-12.11584199027,
    11.585327460494));
#6677 = CARTESIAN_POINT('',(-37.52399301817,-12.31265119376,
    11.597260150453));
#6678 = CARTESIAN_POINT('',(-37.52589460066,-12.32017595444,
    11.598220527976));
#6679 = CARTESIAN_POINT('',(-37.52919614141,-12.33332847991,
    11.599238907764));
#6680 = CARTESIAN_POINT('',(-37.53252210862,-12.34651042026,
    11.599692998023));
#6681 = CARTESIAN_POINT('',(-37.53584541571,-12.35968245652,11.5999999)
  );
#6682 = CARTESIAN_POINT('',(-37.53917417073,-12.37285472745,11.5999999)
  );
#6683 = PCURVE('',#4017,#6684);
#6684 = DEFINITIONAL_REPRESENTATION('',(#6685),#6689);
#6685 = LINE('',#6686,#6687);
#6686 = CARTESIAN_POINT('',(0.,0.));
#6687 = VECTOR('',#6688,1.);
#6688 = DIRECTION('',(0.,1.));
#6689 = ( GEOMETRIC_REPRESENTATION_CONTEXT(2) 
PARAMETRIC_REPRESENTATION_CONTEXT() REPRESENTATION_CONTEXT('2D SPACE',''
  ) );
#6690 = PCURVE('',#5786,#6691);
#6691 = DEFINITIONAL_REPRESENTATION('',(#6692),#6799);
#6692 = B_SPLINE_CURVE_WITH_KNOTS('',9,(#6693,#6694,#6695,#6696,#6697,
    #6698,#6699,#6700,#6701,#6702,#6703,#6704,#6705,#6706,#6707,#6708,
    #6709,#6710,#6711,#6712,#6713,#6714,#6715,#6716,#6717,#6718,#6719,
    #6720,#6721,#6722,#6723,#6724,#6725,#6726,#6727,#6728,#6729,#6730,
    #6731,#6732,#6733,#6734,#6735,#6736,#6737,#6738,#6739,#6740,#6741,
    #6742,#6743,#6744,#6745,#6746,#6747,#6748,#6749,#6750,#6751,#6752,
    #6753,#6754,#6755,#6756,#6757,#6758,#6759,#6760,#6761,#6762,#6763,
    #6764,#6765,#6766,#6767,#6768,#6769,#6770,#6771,#6772,#6773,#6774,
    #6775,#6776,#6777,#6778,#6779,#6780,#6781,#6782,#6783,#6784,#6785,
    #6786,#6787,#6788,#6789,#6790,#6791,#6792,#6793,#6794,#6795,#6796,
    #6797,#6798),.UNSPECIFIED.,.F.,.F.,(10,8,8,8,8,8,8,8,8,8,8,8,8,10),(
    131.57160998119,132.24259951692,132.32647320889,132.41034690086,
    132.57809428479,132.74584166872,132.82971536069,132.83495746644,
    132.83757851931,132.83888904575,132.84019957219,132.85068378368,
    132.87165220667,132.91358905266),.UNSPECIFIED.);
#6693 = CARTESIAN_POINT('',(-6.067064335936,-15.9));
#6694 = CARTESIAN_POINT('',(-6.067064335936,-16.0284845714));
#6695 = CARTESIAN_POINT('',(-6.066835058575,-16.15716339574));
#6696 = CARTESIAN_POINT('',(-6.066376436486,-16.28519689204));
#6697 = CARTESIAN_POINT('',(-6.065686430911,-16.4117688064));
#6698 = CARTESIAN_POINT('',(-6.064761704235,-16.53602855465));
#6699 = CARTESIAN_POINT('',(-6.063598292541,-16.65703356494));
#6700 = CARTESIAN_POINT('',(-6.062192278138,-16.77369162042));
#6701 = CARTESIAN_POINT('',(-6.060540462112,-16.88470320183));
#6702 = CARTESIAN_POINT('',(-6.058403608706,-17.00147890869));
#6703 = CARTESIAN_POINT('',(-6.05816228044,-17.01434288578));
#6704 = CARTESIAN_POINT('',(-6.057917288475,-17.0270806286));
#6705 = CARTESIAN_POINT('',(-6.057667767758,-17.03973246313));
#6706 = CARTESIAN_POINT('',(-6.057415610202,-17.05219948321));
#6707 = CARTESIAN_POINT('',(-6.057158023284,-17.06461983518));
#6708 = CARTESIAN_POINT('',(-6.056897803833,-17.07684758475));
#6709 = CARTESIAN_POINT('',(-6.056633166357,-17.08897130423));
#6710 = CARTESIAN_POINT('',(-6.056095917818,-17.1129562232));
#6711 = CARTESIAN_POINT('',(-6.055823281216,-17.12481875058));
#6712 = CARTESIAN_POINT('',(-6.055546677796,-17.13654511081));
#6713 = CARTESIAN_POINT('',(-6.055266152477,-17.14812937641));
#6714 = CARTESIAN_POINT('',(-6.054981749595,-17.15956592741));
#6715 = CARTESIAN_POINT('',(-6.054693512887,-17.17084945139));
#6716 = CARTESIAN_POINT('',(-6.054401485508,-17.18197494347));
#6717 = CARTESIAN_POINT('',(-6.054105710017,-17.19293770631));
#6718 = CARTESIAN_POINT('',(-6.053207265121,-17.22532463763));
#6719 = CARTESIAN_POINT('',(-6.052593472992,-17.24624661792));
#6720 = CARTESIAN_POINT('',(-6.05196520464,-17.26646346729));
#6721 = CARTESIAN_POINT('',(-6.0513227903,-17.28594032117));
#6722 = CARTESIAN_POINT('',(-6.05066656807,-17.30464285906));
#6723 = CARTESIAN_POINT('',(-6.049996914145,-17.3225368893));
#6724 = CARTESIAN_POINT('',(-6.049314273101,-17.3395879341));
#6725 = CARTESIAN_POINT('',(-6.04861918813,-17.3557608143));
#6726 = CARTESIAN_POINT('',(-6.047205474494,-17.38627765441));
#6727 = CARTESIAN_POINT('',(-6.046486845822,-17.40062161445));
#6728 = CARTESIAN_POINT('',(-6.04575714493,-17.41401668532));
#6729 = CARTESIAN_POINT('',(-6.045017200309,-17.42642732187));
#6730 = CARTESIAN_POINT('',(-6.044268037467,-17.43781901404));
#6731 = CARTESIAN_POINT('',(-6.043510947044,-17.44816043768));
#6732 = CARTESIAN_POINT('',(-6.042747552989,-17.45742560567));
#6733 = CARTESIAN_POINT('',(-6.041979880677,-17.46559601879));
#6734 = CARTESIAN_POINT('',(-6.040825697262,-17.47619621577));
#6735 = CARTESIAN_POINT('',(-6.040440530093,-17.47945401361));
#6736 = CARTESIAN_POINT('',(-6.040055228314,-17.48243485187));
#6737 = CARTESIAN_POINT('',(-6.039670134528,-17.48513835769));
#6738 = CARTESIAN_POINT('',(-6.03928562919,-17.48756514374));
#6739 = CARTESIAN_POINT('',(-6.038902130606,-17.48971680829));
#6740 = CARTESIAN_POINT('',(-6.038520094931,-17.49159593513));
#6741 = CARTESIAN_POINT('',(-6.038140016172,-17.49320609365));
#6742 = CARTESIAN_POINT('',(-6.037738826812,-17.49463594784));
#6743 = CARTESIAN_POINT('',(-6.037715237179,-17.49471902486));
#6744 = CARTESIAN_POINT('',(-6.037691657418,-17.49480107111));
#6745 = CARTESIAN_POINT('',(-6.037668087669,-17.49488208786));
#6746 = CARTESIAN_POINT('',(-6.037644528059,-17.49496207637));
#6747 = CARTESIAN_POINT('',(-6.03762097873,-17.49504103792));
#6748 = CARTESIAN_POINT('',(-6.037597439809,-17.49511897377));
#6749 = CARTESIAN_POINT('',(-6.037573911436,-17.4951958852));
#6750 = CARTESIAN_POINT('',(-6.037538634894,-17.49530971761));
#6751 = CARTESIAN_POINT('',(-6.037526878717,-17.49534740598));
#6752 = CARTESIAN_POINT('',(-6.037515125227,-17.49538483873));
#6753 = CARTESIAN_POINT('',(-6.037503374444,-17.49542201606));
#6754 = CARTESIAN_POINT('',(-6.03749162638,-17.49545893812));
#6755 = CARTESIAN_POINT('',(-6.037479881058,-17.49549560509));
#6756 = CARTESIAN_POINT('',(-6.03746813849,-17.49553201713));
#6757 = CARTESIAN_POINT('',(-6.037456398696,-17.49556817443));
#6758 = CARTESIAN_POINT('',(-6.037438793192,-17.4956220285));
#6759 = CARTESIAN_POINT('',(-6.037432925388,-17.49563991621));
#6760 = CARTESIAN_POINT('',(-6.037427058283,-17.4956577403));
#6761 = CARTESIAN_POINT('',(-6.037421191883,-17.49567550079));
#6762 = CARTESIAN_POINT('',(-6.037415326183,-17.4956931977));
#6763 = CARTESIAN_POINT('',(-6.037409461193,-17.49571083105));
#6764 = CARTESIAN_POINT('',(-6.037403596909,-17.49572840087));
#6765 = CARTESIAN_POINT('',(-6.037397733338,-17.49574590718));
#6766 = CARTESIAN_POINT('',(-6.037386007619,-17.49578079282));
#6767 = CARTESIAN_POINT('',(-6.037380156796,-17.49579817088));
#6768 = CARTESIAN_POINT('',(-6.037374348508,-17.49581548186));
#6769 = CARTESIAN_POINT('',(-6.037368593804,-17.49583272533));
#6770 = CARTESIAN_POINT('',(-6.037362890845,-17.49584990217));
#6771 = CARTESIAN_POINT('',(-6.037357231457,-17.49586701383));
#6772 = CARTESIAN_POINT('',(-6.037351607693,-17.49588406178));
#6773 = CARTESIAN_POINT('',(-6.037346018386,-17.49590104675));
#6774 = CARTESIAN_POINT('',(-6.03729613432,-17.49605333938));
#6775 = CARTESIAN_POINT('',(-6.037254402069,-17.49618468858));
#6776 = CARTESIAN_POINT('',(-6.037214997299,-17.49631234822));
#6777 = CARTESIAN_POINT('',(-6.037177659828,-17.49643661137));
#6778 = CARTESIAN_POINT('',(-6.037142150969,-17.49655773175));
#6779 = CARTESIAN_POINT('',(-6.037108253512,-17.49667592362));
#6780 = CARTESIAN_POINT('',(-6.037075771736,-17.49679136189));
#6781 = CARTESIAN_POINT('',(-6.037044531405,-17.49690418207));
#6782 = CARTESIAN_POINT('',(-6.036954076489,-17.49723507661));
#6783 = CARTESIAN_POINT('',(-6.036898114333,-17.49744563116));
#6784 = CARTESIAN_POINT('',(-6.036845240184,-17.4976469953));
#6785 = CARTESIAN_POINT('',(-6.036794472458,-17.49783962605));
#6786 = CARTESIAN_POINT('',(-6.036745063474,-17.49802367757));
#6787 = CARTESIAN_POINT('',(-6.036696461837,-17.49819909279));
#6788 = CARTESIAN_POINT('',(-6.036648274802,-17.49836569489));
#6789 = CARTESIAN_POINT('',(-6.036600230659,-17.49852327896));
#6790 = CARTESIAN_POINT('',(-6.036455961994,-17.49896855265));
#6791 = CARTESIAN_POINT('',(-6.036359611201,-17.49922871571));
#6792 = CARTESIAN_POINT('',(-6.036261636961,-17.49945079741));
#6793 = CARTESIAN_POINT('',(-6.036162083746,-17.49963363801));
#6794 = CARTESIAN_POINT('',(-6.036061588983,-17.49977779444));
#6795 = CARTESIAN_POINT('',(-6.035960780425,-17.499885572));
#6796 = CARTESIAN_POINT('',(-6.03585997427,-17.49995960699));
#6797 = CARTESIAN_POINT('',(-6.035759173931,-17.5));
#6798 = CARTESIAN_POINT('',(-6.035658369524,-17.5));
#6799 = ( GEOMETRIC_REPRESENTATION_CONTEXT(2) 
PARAMETRIC_REPRESENTATION_CONTEXT() REPRESENTATION_CONTEXT('2D SPACE',''
  ) );
#6800 = ADVANCED_FACE('',(#6801),#4100,.T.);
#6801 = FACE_BOUND('',#6802,.T.);
#6802 = EDGE_LOOP('',(#6803,#6804,#6805,#6827));
#6803 = ORIENTED_EDGE('',*,*,#4083,.T.);
#6804 = ORIENTED_EDGE('',*,*,#4292,.T.);
#6805 = ORIENTED_EDGE('',*,*,#6806,.F.);
#6806 = EDGE_CURVE('',#4140,#4293,#6807,.T.);
#6807 = SURFACE_CURVE('',#6808,(#6813,#6820),.PCURVE_S1.);
#6808 = CIRCLE('',#6809,0.8);
#6809 = AXIS2_PLACEMENT_3D('',#6810,#6811,#6812);
#6810 = CARTESIAN_POINT('',(-40.63334544583,25.2,11.5999999));
#6811 = DIRECTION('',(-1.,0.,0.));
#6812 = DIRECTION('',(0.,1.,0.));
#6813 = PCURVE('',#4100,#6814);
#6814 = DEFINITIONAL_REPRESENTATION('',(#6815),#6819);
#6815 = LINE('',#6816,#6817);
#6816 = CARTESIAN_POINT('',(0.,1.693833248114));
#6817 = VECTOR('',#6818,1.);
#6818 = DIRECTION('',(1.,0.));
#6819 = ( GEOMETRIC_REPRESENTATION_CONTEXT(2) 
PARAMETRIC_REPRESENTATION_CONTEXT() REPRESENTATION_CONTEXT('2D SPACE',''
  ) );
#6820 = PCURVE('',#4332,#6821);
#6821 = DEFINITIONAL_REPRESENTATION('',(#6822),#6826);
#6822 = LINE('',#6823,#6824);
#6823 = CARTESIAN_POINT('',(-0.,0.));
#6824 = VECTOR('',#6825,1.);
#6825 = DIRECTION('',(-0.,1.));
#6826 = ( GEOMETRIC_REPRESENTATION_CONTEXT(2) 
PARAMETRIC_REPRESENTATION_CONTEXT() REPRESENTATION_CONTEXT('2D SPACE',''
  ) );
#6827 = ORIENTED_EDGE('',*,*,#4189,.F.);
#6828 = ADVANCED_FACE('',(#6829),#4155,.T.);
#6829 = FACE_BOUND('',#6830,.F.);
#6830 = EDGE_LOOP('',(#6831,#6832,#6833,#6856));
#6831 = ORIENTED_EDGE('',*,*,#4137,.F.);
#6832 = ORIENTED_EDGE('',*,*,#6605,.F.);
#6833 = ORIENTED_EDGE('',*,*,#6834,.T.);
#6834 = EDGE_CURVE('',#6554,#6835,#6837,.T.);
#6835 = VERTEX_POINT('',#6836);
#6836 = CARTESIAN_POINT('',(-41.95642201951,23.793269230769,11.5999999)
  );
#6837 = SURFACE_CURVE('',#6838,(#6842,#6849),.PCURVE_S1.);
#6838 = LINE('',#6839,#6840);
#6839 = CARTESIAN_POINT('',(-41.95642201951,23.793269230769,14.5999999)
  );
#6840 = VECTOR('',#6841,1.);
#6841 = DIRECTION('',(0.,-0.,-1.));
#6842 = PCURVE('',#4155,#6843);
#6843 = DEFINITIONAL_REPRESENTATION('',(#6844),#6848);
#6844 = LINE('',#6845,#6846);
#6845 = CARTESIAN_POINT('',(-2.061394788348,0.));
#6846 = VECTOR('',#6847,1.);
#6847 = DIRECTION('',(-0.,1.));
#6848 = ( GEOMETRIC_REPRESENTATION_CONTEXT(2) 
PARAMETRIC_REPRESENTATION_CONTEXT() REPRESENTATION_CONTEXT('2D SPACE',''
  ) );
#6849 = PCURVE('',#5786,#6850);
#6850 = DEFINITIONAL_REPRESENTATION('',(#6851),#6855);
#6851 = LINE('',#6852,#6853);
#6852 = CARTESIAN_POINT('',(-6.773783768733,-20.5));
#6853 = VECTOR('',#6854,1.);
#6854 = DIRECTION('',(-0.,1.));
#6855 = ( GEOMETRIC_REPRESENTATION_CONTEXT(2) 
PARAMETRIC_REPRESENTATION_CONTEXT() REPRESENTATION_CONTEXT('2D SPACE',''
  ) );
#6856 = ORIENTED_EDGE('',*,*,#6857,.F.);
#6857 = EDGE_CURVE('',#4140,#6835,#6858,.T.);
#6858 = SURFACE_CURVE('',#6859,(#6864,#6871),.PCURVE_S1.);
#6859 = CIRCLE('',#6860,1.5);
#6860 = AXIS2_PLACEMENT_3D('',#6861,#6862,#6863);
#6861 = CARTESIAN_POINT('',(-40.63334544583,24.5,11.5999999));
#6862 = DIRECTION('',(0.,-0.,1.));
#6863 = DIRECTION('',(0.,1.,0.));
#6864 = PCURVE('',#4155,#6865);
#6865 = DEFINITIONAL_REPRESENTATION('',(#6866),#6870);
#6866 = LINE('',#6867,#6868);
#6867 = CARTESIAN_POINT('',(-0.,3.));
#6868 = VECTOR('',#6869,1.);
#6869 = DIRECTION('',(-1.,0.));
#6870 = ( GEOMETRIC_REPRESENTATION_CONTEXT(2) 
PARAMETRIC_REPRESENTATION_CONTEXT() REPRESENTATION_CONTEXT('2D SPACE',''
  ) );
#6871 = PCURVE('',#4332,#6872);
#6872 = DEFINITIONAL_REPRESENTATION('',(#6873),#6877);
#6873 = LINE('',#6874,#6875);
#6874 = CARTESIAN_POINT('',(-0.,0.));
#6875 = VECTOR('',#6876,1.);
#6876 = DIRECTION('',(-1.,0.));
#6877 = ( GEOMETRIC_REPRESENTATION_CONTEXT(2) 
PARAMETRIC_REPRESENTATION_CONTEXT() REPRESENTATION_CONTEXT('2D SPACE',''
  ) );
#6878 = ADVANCED_FACE('',(#6879),#4250,.T.);
#6879 = FACE_BOUND('',#6880,.T.);
#6880 = EDGE_LOOP('',(#6881,#6911,#6912,#6913));
#6881 = ORIENTED_EDGE('',*,*,#6882,.T.);
#6882 = EDGE_CURVE('',#6883,#4214,#6885,.T.);
#6883 = VERTEX_POINT('',#6884);
#6884 = CARTESIAN_POINT('',(-37.17480048293,-10.82934405178,-0.8000001)
  );
#6885 = SURFACE_CURVE('',#6886,(#6890,#6904),.PCURVE_S1.);
#6886 = ( BOUNDED_CURVE() B_SPLINE_CURVE(2,(#6887,#6888,#6889),
.UNSPECIFIED.,.F.,.F.) B_SPLINE_CURVE_WITH_KNOTS((3,3),(0.,
1.341979071468),.PIECEWISE_BEZIER_KNOTS.) CURVE() 
GEOMETRIC_REPRESENTATION_ITEM() RATIONAL_B_SPLINE_CURVE((1.,
0.752513656433,1.)) REPRESENTATION_ITEM('') );
#6887 = CARTESIAN_POINT('',(-37.17480048293,-10.82934405178,-0.8000001)
  );
#6888 = CARTESIAN_POINT('',(-37.32493919974,-11.5131917647,-0.8000001));
#6889 = CARTESIAN_POINT('',(-36.66702729831,-11.75265211359,-0.8000001)
  );
#6890 = PCURVE('',#4250,#6891);
#6891 = DEFINITIONAL_REPRESENTATION('',(#6892),#6903);
#6892 = B_SPLINE_CURVE_WITH_KNOTS('',9,(#6893,#6894,#6895,#6896,#6897,
    #6898,#6899,#6900,#6901,#6902),.UNSPECIFIED.,.F.,.F.,(10,10),(0.,
    1.341979071468),.PIECEWISE_BEZIER_KNOTS.);
#6893 = CARTESIAN_POINT('',(0.,0.));
#6894 = CARTESIAN_POINT('',(0.146350365478,0.));
#6895 = CARTESIAN_POINT('',(0.301755296839,0.));
#6896 = CARTESIAN_POINT('',(0.464911571394,0.));
#6897 = CARTESIAN_POINT('',(0.633532758595,0.));
#6898 = CARTESIAN_POINT('',(0.804318689169,0.));
#6899 = CARTESIAN_POINT('',(0.972939876081,0.));
#6900 = CARTESIAN_POINT('',(1.136096150855,0.));
#6901 = CARTESIAN_POINT('',(1.291501082161,0.));
#6902 = CARTESIAN_POINT('',(1.437851447639,0.));
#6903 = ( GEOMETRIC_REPRESENTATION_CONTEXT(2) 
PARAMETRIC_REPRESENTATION_CONTEXT() REPRESENTATION_CONTEXT('2D SPACE',''
  ) );
#6904 = PCURVE('',#4448,#6905);
#6905 = DEFINITIONAL_REPRESENTATION('',(#6906),#6910);
#6906 = LINE('',#6907,#6908);
#6907 = CARTESIAN_POINT('',(0.,120.77160998119));
#6908 = VECTOR('',#6909,1.);
#6909 = DIRECTION('',(1.,0.));
#6910 = ( GEOMETRIC_REPRESENTATION_CONTEXT(2) 
PARAMETRIC_REPRESENTATION_CONTEXT() REPRESENTATION_CONTEXT('2D SPACE',''
  ) );
#6911 = ORIENTED_EDGE('',*,*,#4236,.T.);
#6912 = ORIENTED_EDGE('',*,*,#6630,.F.);
#6913 = ORIENTED_EDGE('',*,*,#6914,.F.);
#6914 = EDGE_CURVE('',#6883,#6631,#6915,.T.);
#6915 = SURFACE_CURVE('',#6916,(#6920,#6927),.PCURVE_S1.);
#6916 = LINE('',#6917,#6918);
#6917 = CARTESIAN_POINT('',(-37.17480048293,-10.82934405178,-0.8000001)
  );
#6918 = VECTOR('',#6919,1.);
#6919 = DIRECTION('',(0.,0.,1.));
#6920 = PCURVE('',#4250,#6921);
#6921 = DEFINITIONAL_REPRESENTATION('',(#6922),#6926);
#6922 = LINE('',#6923,#6924);
#6923 = CARTESIAN_POINT('',(0.,0.));
#6924 = VECTOR('',#6925,1.);
#6925 = DIRECTION('',(0.,1.));
#6926 = ( GEOMETRIC_REPRESENTATION_CONTEXT(2) 
PARAMETRIC_REPRESENTATION_CONTEXT() REPRESENTATION_CONTEXT('2D SPACE',''
  ) );
#6927 = PCURVE('',#5786,#6928);
#6928 = DEFINITIONAL_REPRESENTATION('',(#6929),#6933);
#6929 = LINE('',#6930,#6931);
#6930 = CARTESIAN_POINT('',(-6.067064335936,-5.1));
#6931 = VECTOR('',#6932,1.);
#6932 = DIRECTION('',(-0.,-1.));
#6933 = ( GEOMETRIC_REPRESENTATION_CONTEXT(2) 
PARAMETRIC_REPRESENTATION_CONTEXT() REPRESENTATION_CONTEXT('2D SPACE',''
  ) );
#6934 = ADVANCED_FACE('',(#6935),#4373,.T.);
#6935 = FACE_BOUND('',#6936,.F.);
#6936 = EDGE_LOOP('',(#6937,#6959,#6983,#7012));
#6937 = ORIENTED_EDGE('',*,*,#6938,.F.);
#6938 = EDGE_CURVE('',#6835,#4316,#6939,.T.);
#6939 = SURFACE_CURVE('',#6940,(#6945,#6952),.PCURVE_S1.);
#6940 = CIRCLE('',#6941,0.8);
#6941 = AXIS2_PLACEMENT_3D('',#6942,#6943,#6944);
#6942 = CARTESIAN_POINT('',(-41.25078118021,24.170192307692,11.5999999)
  );
#6943 = DIRECTION('',(0.471153846154,-0.88205104912,0.));
#6944 = DIRECTION('',(-0.88205104912,-0.471153846154,0.));
#6945 = PCURVE('',#4373,#6946);
#6946 = DEFINITIONAL_REPRESENTATION('',(#6947),#6951);
#6947 = LINE('',#6948,#6949);
#6948 = CARTESIAN_POINT('',(-0.,3.14159265359));
#6949 = VECTOR('',#6950,1.);
#6950 = DIRECTION('',(-0.,1.));
#6951 = ( GEOMETRIC_REPRESENTATION_CONTEXT(2) 
PARAMETRIC_REPRESENTATION_CONTEXT() REPRESENTATION_CONTEXT('2D SPACE',''
  ) );
#6952 = PCURVE('',#4332,#6953);
#6953 = DEFINITIONAL_REPRESENTATION('',(#6954),#6958);
#6954 = LINE('',#6955,#6956);
#6955 = CARTESIAN_POINT('',(-2.061394788348,0.));
#6956 = VECTOR('',#6957,1.);
#6957 = DIRECTION('',(-0.,1.));
#6958 = ( GEOMETRIC_REPRESENTATION_CONTEXT(2) 
PARAMETRIC_REPRESENTATION_CONTEXT() REPRESENTATION_CONTEXT('2D SPACE',''
  ) );
#6959 = ORIENTED_EDGE('',*,*,#6960,.T.);
#6960 = EDGE_CURVE('',#6835,#6961,#6963,.T.);
#6961 = VERTEX_POINT('',#6962);
#6962 = CARTESIAN_POINT('',(-37.53917417072,12.372854727446,11.5999999)
  );
#6963 = SURFACE_CURVE('',#6964,(#6969,#6976),.PCURVE_S1.);
#6964 = CIRCLE('',#6965,50.5);
#6965 = AXIS2_PLACEMENT_3D('',#6966,#6967,#6968);
#6966 = CARTESIAN_POINT('',(-86.50000000009,0.,11.5999999));
#6967 = DIRECTION('',(0.,0.,-1.));
#6968 = DIRECTION('',(0.88205104912,0.471153846154,0.));
#6969 = PCURVE('',#4373,#6970);
#6970 = DEFINITIONAL_REPRESENTATION('',(#6971),#6975);
#6971 = LINE('',#6972,#6973);
#6972 = CARTESIAN_POINT('',(-0.,3.14159265359));
#6973 = VECTOR('',#6974,1.);
#6974 = DIRECTION('',(-1.,0.));
#6975 = ( GEOMETRIC_REPRESENTATION_CONTEXT(2) 
PARAMETRIC_REPRESENTATION_CONTEXT() REPRESENTATION_CONTEXT('2D SPACE',''
  ) );
#6976 = PCURVE('',#5786,#6977);
#6977 = DEFINITIONAL_REPRESENTATION('',(#6978),#6982);
#6978 = LINE('',#6979,#6980);
#6979 = CARTESIAN_POINT('',(-6.773783768733,-17.5));
#6980 = VECTOR('',#6981,1.);
#6981 = DIRECTION('',(1.,-0.));
#6982 = ( GEOMETRIC_REPRESENTATION_CONTEXT(2) 
PARAMETRIC_REPRESENTATION_CONTEXT() REPRESENTATION_CONTEXT('2D SPACE',''
  ) );
#6983 = ORIENTED_EDGE('',*,*,#6984,.T.);
#6984 = EDGE_CURVE('',#6961,#4268,#6985,.T.);
#6985 = SURFACE_CURVE('',#6986,(#6991,#6998),.PCURVE_S1.);
#6986 = CIRCLE('',#6987,0.8);
#6987 = AXIS2_PLACEMENT_3D('',#6988,#6989,#6990);
#6988 = CARTESIAN_POINT('',(-36.76355712788,12.56886034689,11.5999999));
#6989 = DIRECTION('',(0.245007024306,-0.969521303552,0.));
#6990 = DIRECTION('',(0.969521303552,0.245007024306,0.));
#6991 = PCURVE('',#4373,#6992);
#6992 = DEFINITIONAL_REPRESENTATION('',(#6993),#6997);
#6993 = LINE('',#6994,#6995);
#6994 = CARTESIAN_POINT('',(-0.243071523898,0.));
#6995 = VECTOR('',#6996,1.);
#6996 = DIRECTION('',(-0.,1.));
#6997 = ( GEOMETRIC_REPRESENTATION_CONTEXT(2) 
PARAMETRIC_REPRESENTATION_CONTEXT() REPRESENTATION_CONTEXT('2D SPACE',''
  ) );
#6998 = PCURVE('',#4612,#6999);
#6999 = DEFINITIONAL_REPRESENTATION('',(#7000),#7011);
#7000 = B_SPLINE_CURVE_WITH_KNOTS('',9,(#7001,#7002,#7003,#7004,#7005,
    #7006,#7007,#7008,#7009,#7010),.UNSPECIFIED.,.F.,.F.,(10,10),(
    3.14159265359,4.712388980385),.PIECEWISE_BEZIER_KNOTS.);
#7001 = CARTESIAN_POINT('',(-1.110223024625E-16,56.36664187319));
#7002 = CARTESIAN_POINT('',(0.165618220049,56.36664187319));
#7003 = CARTESIAN_POINT('',(0.317766733835,56.366641873191));
#7004 = CARTESIAN_POINT('',(0.461971082826,56.366641873188));
#7005 = CARTESIAN_POINT('',(0.601773120426,56.366641873193));
#7006 = CARTESIAN_POINT('',(0.74020595144,56.366641873187));
#7007 = CARTESIAN_POINT('',(0.880007989041,56.366641873192));
#7008 = CARTESIAN_POINT('',(1.024212338031,56.366641873189));
#7009 = CARTESIAN_POINT('',(1.176360851817,56.36664187319));
#7010 = CARTESIAN_POINT('',(1.341979071866,56.36664187319));
#7011 = ( GEOMETRIC_REPRESENTATION_CONTEXT(2) 
PARAMETRIC_REPRESENTATION_CONTEXT() REPRESENTATION_CONTEXT('2D SPACE',''
  ) );
#7012 = ORIENTED_EDGE('',*,*,#4354,.F.);
#7013 = ADVANCED_FACE('',(#7014),#4332,.T.);
#7014 = FACE_BOUND('',#7015,.F.);
#7015 = EDGE_LOOP('',(#7016,#7017,#7018,#7019));
#7016 = ORIENTED_EDGE('',*,*,#6806,.F.);
#7017 = ORIENTED_EDGE('',*,*,#6857,.T.);
#7018 = ORIENTED_EDGE('',*,*,#6938,.T.);
#7019 = ORIENTED_EDGE('',*,*,#4315,.F.);
#7020 = ADVANCED_FACE('',(#7021),#4448,.T.);
#7021 = FACE_BOUND('',#7022,.T.);
#7022 = EDGE_LOOP('',(#7023,#7054,#7055,#7056));
#7023 = ORIENTED_EDGE('',*,*,#7024,.T.);
#7024 = EDGE_CURVE('',#7025,#4390,#7027,.T.);
#7025 = VERTEX_POINT('',#7026);
#7026 = CARTESIAN_POINT('',(-37.53917417072,-12.37285472744,-2.4000001)
  );
#7027 = SURFACE_CURVE('',#7028,(#7033,#7047),.PCURVE_S1.);
#7028 = CIRCLE('',#7029,0.8);
#7029 = AXIS2_PLACEMENT_3D('',#7030,#7031,#7032);
#7030 = CARTESIAN_POINT('',(-36.76355712788,-12.56886034689,-2.4000001)
  );
#7031 = DIRECTION('',(0.245007024306,0.969521303552,0.));
#7032 = DIRECTION('',(0.969521303552,-0.245007024306,0.));
#7033 = PCURVE('',#4448,#7034);
#7034 = DEFINITIONAL_REPRESENTATION('',(#7035),#7046);
#7035 = B_SPLINE_CURVE_WITH_KNOTS('',9,(#7036,#7037,#7038,#7039,#7040,
    #7041,#7042,#7043,#7044,#7045),.UNSPECIFIED.,.F.,.F.,(10,10),(
    3.14159265359,4.712388980385),.PIECEWISE_BEZIER_KNOTS.);
#7036 = CARTESIAN_POINT('',(-1.110223024625E-16,119.42963090972));
#7037 = CARTESIAN_POINT('',(0.16561822,119.42963090972));
#7038 = CARTESIAN_POINT('',(0.317766733741,119.42963090973));
#7039 = CARTESIAN_POINT('',(0.461971082689,119.42963090971));
#7040 = CARTESIAN_POINT('',(0.601773120246,119.42963090974));
#7041 = CARTESIAN_POINT('',(0.740205951222,119.4296309097));
#7042 = CARTESIAN_POINT('',(0.880007988779,119.42963090973));
#7043 = CARTESIAN_POINT('',(1.024212337727,119.42963090971));
#7044 = CARTESIAN_POINT('',(1.176360851468,119.42963090972));
#7045 = CARTESIAN_POINT('',(1.341979071468,119.42963090972));
#7046 = ( GEOMETRIC_REPRESENTATION_CONTEXT(2) 
PARAMETRIC_REPRESENTATION_CONTEXT() REPRESENTATION_CONTEXT('2D SPACE',''
  ) );
#7047 = PCURVE('',#4694,#7048);
#7048 = DEFINITIONAL_REPRESENTATION('',(#7049),#7053);
#7049 = LINE('',#7050,#7051);
#7050 = CARTESIAN_POINT('',(-0.243071523898,0.));
#7051 = VECTOR('',#7052,1.);
#7052 = DIRECTION('',(-0.,1.));
#7053 = ( GEOMETRIC_REPRESENTATION_CONTEXT(2) 
PARAMETRIC_REPRESENTATION_CONTEXT() REPRESENTATION_CONTEXT('2D SPACE',''
  ) );
#7054 = ORIENTED_EDGE('',*,*,#4389,.T.);
#7055 = ORIENTED_EDGE('',*,*,#6882,.F.);
#7056 = ORIENTED_EDGE('',*,*,#7057,.F.);
#7057 = EDGE_CURVE('',#7025,#6883,#7058,.T.);
#7058 = SURFACE_CURVE('',#7059,(#7077,#7084),.PCURVE_S1.);
#7059 = ( BOUNDED_CURVE() B_SPLINE_CURVE(6,(#7060,#7061,#7062,#7063,
    #7064,#7065,#7066,#7067,#7068,#7069,#7070,#7071,#7072,#7073,#7074,
#7075,#7076),.UNSPECIFIED.,.F.,.F.) B_SPLINE_CURVE_WITH_KNOTS((7,5,5,7),
  (119.42963090972,119.50424775944,120.02842756713,120.77160998119),
.UNSPECIFIED.) CURVE() GEOMETRIC_REPRESENTATION_ITEM() 
RATIONAL_B_SPLINE_CURVE((1.,1.,1.,1.,1.,1.,1.,1.,1.,1.,1.,1.,1.,1.,1.,1.
,1.)) REPRESENTATION_ITEM('') );
#7060 = CARTESIAN_POINT('',(-37.53917417073,-12.37285472745,-2.4000001)
  );
#7061 = CARTESIAN_POINT('',(-37.53584541571,-12.35968245652,-2.4000001)
  );
#7062 = CARTESIAN_POINT('',(-37.53252210862,-12.34651042026,
    -2.399693198023));
#7063 = CARTESIAN_POINT('',(-37.52919614141,-12.33332847991,
    -2.399239107764));
#7064 = CARTESIAN_POINT('',(-37.52589460066,-12.32017595444,
    -2.398220727976));
#7065 = CARTESIAN_POINT('',(-37.52399301817,-12.31265119376,
    -2.397260350452));
#7066 = CARTESIAN_POINT('',(-37.47461960503,-12.11584199027,
    -2.385327660494));
#7067 = CARTESIAN_POINT('',(-37.42876206245,-11.92994810545,
    -2.350508509119));
#7068 = CARTESIAN_POINT('',(-37.38766096599,-11.75912663366,
    -2.285311663084));
#7069 = CARTESIAN_POINT('',(-37.35053133307,-11.60238132163,
    -2.201777033014));
#7070 = CARTESIAN_POINT('',(-37.31778324677,-11.46190169933,
    -2.099588066271));
#7071 = CARTESIAN_POINT('',(-37.24989449727,-11.16729767948,
    -1.824576086741));
#7072 = CARTESIAN_POINT('',(-37.21911382577,-11.03039296582,
    -1.638412090238));
#7073 = CARTESIAN_POINT('',(-37.1967356069,-10.92925266236,
    -1.437312588056));
#7074 = CARTESIAN_POINT('',(-37.18211130834,-10.86264075589,
    -1.227497334175));
#7075 = CARTESIAN_POINT('',(-37.17480048293,-10.82934405178,
    -1.01346275969));
#7076 = CARTESIAN_POINT('',(-37.17480048293,-10.82934405178,-0.8000001)
  );
#7077 = PCURVE('',#4448,#7078);
#7078 = DEFINITIONAL_REPRESENTATION('',(#7079),#7083);
#7079 = LINE('',#7080,#7081);
#7080 = CARTESIAN_POINT('',(0.,0.));
#7081 = VECTOR('',#7082,1.);
#7082 = DIRECTION('',(0.,1.));
#7083 = ( GEOMETRIC_REPRESENTATION_CONTEXT(2) 
PARAMETRIC_REPRESENTATION_CONTEXT() REPRESENTATION_CONTEXT('2D SPACE',''
  ) );
#7084 = PCURVE('',#5786,#7085);
#7085 = DEFINITIONAL_REPRESENTATION('',(#7086),#7193);
#7086 = B_SPLINE_CURVE_WITH_KNOTS('',9,(#7087,#7088,#7089,#7090,#7091,
    #7092,#7093,#7094,#7095,#7096,#7097,#7098,#7099,#7100,#7101,#7102,
    #7103,#7104,#7105,#7106,#7107,#7108,#7109,#7110,#7111,#7112,#7113,
    #7114,#7115,#7116,#7117,#7118,#7119,#7120,#7121,#7122,#7123,#7124,
    #7125,#7126,#7127,#7128,#7129,#7130,#7131,#7132,#7133,#7134,#7135,
    #7136,#7137,#7138,#7139,#7140,#7141,#7142,#7143,#7144,#7145,#7146,
    #7147,#7148,#7149,#7150,#7151,#7152,#7153,#7154,#7155,#7156,#7157,
    #7158,#7159,#7160,#7161,#7162,#7163,#7164,#7165,#7166,#7167,#7168,
    #7169,#7170,#7171,#7172,#7173,#7174,#7175,#7176,#7177,#7178,#7179,
    #7180,#7181,#7182,#7183,#7184,#7185,#7186,#7187,#7188,#7189,#7190,
    #7191,#7192),.UNSPECIFIED.,.F.,.F.,(10,8,8,8,8,8,8,8,8,8,8,8,8,10),(
    119.42963090972,119.4715677557,119.4925361787,119.50302039019,
    119.50433091663,119.50564144306,119.50826249594,119.51350460169,
    119.59737829365,119.76512567759,119.93287306152,120.01674675349,
    120.10062044545,120.77160998119),.UNSPECIFIED.);
#7087 = CARTESIAN_POINT('',(-6.035658369524,-3.5));
#7088 = CARTESIAN_POINT('',(-6.035759173931,-3.5));
#7089 = CARTESIAN_POINT('',(-6.03585997427,-3.500040393004));
#7090 = CARTESIAN_POINT('',(-6.035960780425,-3.500114427992));
#7091 = CARTESIAN_POINT('',(-6.036061588982,-3.500222205554));
#7092 = CARTESIAN_POINT('',(-6.036162083747,-3.50036636198));
#7093 = CARTESIAN_POINT('',(-6.03626163696,-3.500549202588));
#7094 = CARTESIAN_POINT('',(-6.036359611201,-3.500771284282));
#7095 = CARTESIAN_POINT('',(-6.036455961994,-3.501031447346));
#7096 = CARTESIAN_POINT('',(-6.036600230659,-3.501476721036));
#7097 = CARTESIAN_POINT('',(-6.036648274802,-3.501634305106));
#7098 = CARTESIAN_POINT('',(-6.036696461837,-3.501800907208));
#7099 = CARTESIAN_POINT('',(-6.036745063474,-3.50197632242));
#7100 = CARTESIAN_POINT('',(-6.036794472458,-3.50216037395));
#7101 = CARTESIAN_POINT('',(-6.036845240184,-3.502353004698));
#7102 = CARTESIAN_POINT('',(-6.036898114333,-3.50255436884));
#7103 = CARTESIAN_POINT('',(-6.036954076489,-3.502764923383));
#7104 = CARTESIAN_POINT('',(-6.037044531405,-3.50309581793));
#7105 = CARTESIAN_POINT('',(-6.037075771736,-3.503208638105));
#7106 = CARTESIAN_POINT('',(-6.037108253512,-3.503324076378));
#7107 = CARTESIAN_POINT('',(-6.037142150968,-3.503442268251));
#7108 = CARTESIAN_POINT('',(-6.037177659829,-3.503563388621));
#7109 = CARTESIAN_POINT('',(-6.037214997298,-3.50368765178));
#7110 = CARTESIAN_POINT('',(-6.03725440207,-3.503815311415));
#7111 = CARTESIAN_POINT('',(-6.03729613432,-3.503946660611));
#7112 = CARTESIAN_POINT('',(-6.037346018386,-3.50409895325));
#7113 = CARTESIAN_POINT('',(-6.037351607693,-3.504115938218));
#7114 = CARTESIAN_POINT('',(-6.037357231456,-3.50413298616));
#7115 = CARTESIAN_POINT('',(-6.037362890846,-3.50415009783));
#7116 = CARTESIAN_POINT('',(-6.037368593803,-3.504167274664));
#7117 = CARTESIAN_POINT('',(-6.037374348509,-3.50418451814));
#7118 = CARTESIAN_POINT('',(-6.037380156796,-3.504201829114));
#7119 = CARTESIAN_POINT('',(-6.037386007619,-3.504219207177));
#7120 = CARTESIAN_POINT('',(-6.037397733337,-3.504254092813));
#7121 = CARTESIAN_POINT('',(-6.03740359691,-3.504271599122));
#7122 = CARTESIAN_POINT('',(-6.037409461192,-3.504289168941));
#7123 = CARTESIAN_POINT('',(-6.037415326185,-3.504306802297));
#7124 = CARTESIAN_POINT('',(-6.037421191881,-3.504324499206));
#7125 = CARTESIAN_POINT('',(-6.037427058284,-3.504342259696));
#7126 = CARTESIAN_POINT('',(-6.037432925388,-3.504360083785));
#7127 = CARTESIAN_POINT('',(-6.037438793192,-3.504377971497));
#7128 = CARTESIAN_POINT('',(-6.037456398696,-3.504431825566));
#7129 = CARTESIAN_POINT('',(-6.03746813849,-3.50446798286));
#7130 = CARTESIAN_POINT('',(-6.037479881058,-3.504504394907));
#7131 = CARTESIAN_POINT('',(-6.03749162638,-3.504541061874));
#7132 = CARTESIAN_POINT('',(-6.037503374444,-3.504577983937));
#7133 = CARTESIAN_POINT('',(-6.037515125227,-3.504615161261));
#7134 = CARTESIAN_POINT('',(-6.037526878717,-3.50465259402));
#7135 = CARTESIAN_POINT('',(-6.037538634894,-3.504690282383));
#7136 = CARTESIAN_POINT('',(-6.037573911436,-3.504804114797));
#7137 = CARTESIAN_POINT('',(-6.03759743981,-3.504881026227));
#7138 = CARTESIAN_POINT('',(-6.037620978729,-3.504958962079));
#7139 = CARTESIAN_POINT('',(-6.037644528061,-3.505037923628));
#7140 = CARTESIAN_POINT('',(-6.037668087668,-3.505117912138));
#7141 = CARTESIAN_POINT('',(-6.037691657419,-3.505198928885));
#7142 = CARTESIAN_POINT('',(-6.037715237178,-3.505280975134));
#7143 = CARTESIAN_POINT('',(-6.037738826812,-3.505364052159));
#7144 = CARTESIAN_POINT('',(-6.038140016173,-3.506793906347));
#7145 = CARTESIAN_POINT('',(-6.038520094931,-3.508404064864));
#7146 = CARTESIAN_POINT('',(-6.038902130607,-3.510283191709));
#7147 = CARTESIAN_POINT('',(-6.039285629188,-3.512434856253));
#7148 = CARTESIAN_POINT('',(-6.039670134529,-3.514861642308));
#7149 = CARTESIAN_POINT('',(-6.040055228313,-3.517565148121));
#7150 = CARTESIAN_POINT('',(-6.040440530094,-3.520545986385));
#7151 = CARTESIAN_POINT('',(-6.040825697262,-3.523803784228));
#7152 = CARTESIAN_POINT('',(-6.041979880677,-3.534403981204));
#7153 = CARTESIAN_POINT('',(-6.042747552989,-3.542574394328));
#7154 = CARTESIAN_POINT('',(-6.043510947044,-3.551839562311));
#7155 = CARTESIAN_POINT('',(-6.044268037467,-3.562180985957));
#7156 = CARTESIAN_POINT('',(-6.045017200309,-3.573572678116));
#7157 = CARTESIAN_POINT('',(-6.04575714493,-3.585983314683));
#7158 = CARTESIAN_POINT('',(-6.046486845822,-3.599378385546));
#7159 = CARTESIAN_POINT('',(-6.047205474494,-3.613722345588));
#7160 = CARTESIAN_POINT('',(-6.04861918813,-3.644239185696));
#7161 = CARTESIAN_POINT('',(-6.049314273101,-3.660412065897));
#7162 = CARTESIAN_POINT('',(-6.049996914145,-3.677463110689));
#7163 = CARTESIAN_POINT('',(-6.05066656807,-3.695357140942));
#7164 = CARTESIAN_POINT('',(-6.0513227903,-3.714059678821));
#7165 = CARTESIAN_POINT('',(-6.05196520464,-3.733536532711));
#7166 = CARTESIAN_POINT('',(-6.052593472992,-3.753753382072));
#7167 = CARTESIAN_POINT('',(-6.053207265121,-3.774675362363));
#7168 = CARTESIAN_POINT('',(-6.054105710017,-3.807062293688));
#7169 = CARTESIAN_POINT('',(-6.054401485508,-3.818025056521));
#7170 = CARTESIAN_POINT('',(-6.054693512887,-3.829150548601));
#7171 = CARTESIAN_POINT('',(-6.054981749595,-3.840434072585));
#7172 = CARTESIAN_POINT('',(-6.055266152477,-3.851870623585));
#7173 = CARTESIAN_POINT('',(-6.055546677796,-3.863454889183));
#7174 = CARTESIAN_POINT('',(-6.055823281216,-3.875181249418));
#7175 = CARTESIAN_POINT('',(-6.056095917818,-3.887043776795));
#7176 = CARTESIAN_POINT('',(-6.056633166357,-3.911028695764));
#7177 = CARTESIAN_POINT('',(-6.056897803832,-3.92315241524));
#7178 = CARTESIAN_POINT('',(-6.057158023285,-3.935380164816));
#7179 = CARTESIAN_POINT('',(-6.0574156102,-3.94780051678));
#7180 = CARTESIAN_POINT('',(-6.05766776776,-3.960267536872));
#7181 = CARTESIAN_POINT('',(-6.057917288474,-3.972919371393));
#7182 = CARTESIAN_POINT('',(-6.05816228044,-3.985657114211));
#7183 = CARTESIAN_POINT('',(-6.058403608706,-3.998521091308));
#7184 = CARTESIAN_POINT('',(-6.060540462112,-4.115296798169));
#7185 = CARTESIAN_POINT('',(-6.062192278138,-4.226308379577));
#7186 = CARTESIAN_POINT('',(-6.063598292541,-4.342966435057));
#7187 = CARTESIAN_POINT('',(-6.064761704234,-4.463971445348));
#7188 = CARTESIAN_POINT('',(-6.065686430911,-4.588231193593));
#7189 = CARTESIAN_POINT('',(-6.066376436486,-4.714803107954));
#7190 = CARTESIAN_POINT('',(-6.066835058576,-4.842836604252));
#7191 = CARTESIAN_POINT('',(-6.067064335936,-4.971515428592));
#7192 = CARTESIAN_POINT('',(-6.067064335936,-5.1));
#7193 = ( GEOMETRIC_REPRESENTATION_CONTEXT(2) 
PARAMETRIC_REPRESENTATION_CONTEXT() REPRESENTATION_CONTEXT('2D SPACE',''
  ) );
#7194 = ADVANCED_FACE('',(#7195),#4612,.T.);
#7195 = FACE_BOUND('',#7196,.T.);
#7196 = EDGE_LOOP('',(#7197,#7198,#7199,#7229));
#7197 = ORIENTED_EDGE('',*,*,#6984,.T.);
#7198 = ORIENTED_EDGE('',*,*,#4555,.T.);
#7199 = ORIENTED_EDGE('',*,*,#7200,.F.);
#7200 = EDGE_CURVE('',#7201,#4533,#7203,.T.);
#7201 = VERTEX_POINT('',#7202);
#7202 = CARTESIAN_POINT('',(-37.17480048293,10.829344051789,9.9999999));
#7203 = SURFACE_CURVE('',#7204,(#7208,#7215),.PCURVE_S1.);
#7204 = ( BOUNDED_CURVE() B_SPLINE_CURVE(2,(#7205,#7206,#7207),
.UNSPECIFIED.,.F.,.F.) B_SPLINE_CURVE_WITH_KNOTS((3,3),(0.,
1.341979071866),.PIECEWISE_BEZIER_KNOTS.) CURVE() 
GEOMETRIC_REPRESENTATION_ITEM() RATIONAL_B_SPLINE_CURVE((1.,
0.752513656433,1.)) REPRESENTATION_ITEM('') );
#7205 = CARTESIAN_POINT('',(-37.17480048293,10.829344051789,9.9999999));
#7206 = CARTESIAN_POINT('',(-37.32493919974,11.513191764702,9.9999999));
#7207 = CARTESIAN_POINT('',(-36.66702729831,11.752652113594,9.9999999));
#7208 = PCURVE('',#4612,#7209);
#7209 = DEFINITIONAL_REPRESENTATION('',(#7210),#7214);
#7210 = LINE('',#7211,#7212);
#7211 = CARTESIAN_POINT('',(0.,57.708620945056));
#7212 = VECTOR('',#7213,1.);
#7213 = DIRECTION('',(1.,0.));
#7214 = ( GEOMETRIC_REPRESENTATION_CONTEXT(2) 
PARAMETRIC_REPRESENTATION_CONTEXT() REPRESENTATION_CONTEXT('2D SPACE',''
  ) );
#7215 = PCURVE('',#4872,#7216);
#7216 = DEFINITIONAL_REPRESENTATION('',(#7217),#7228);
#7217 = B_SPLINE_CURVE_WITH_KNOTS('',9,(#7218,#7219,#7220,#7221,#7222,
    #7223,#7224,#7225,#7226,#7227),.UNSPECIFIED.,.F.,.F.,(10,10),(0.,
    1.341979071866),.PIECEWISE_BEZIER_KNOTS.);
#7218 = CARTESIAN_POINT('',(-3.330669073875E-16,0.));
#7219 = CARTESIAN_POINT('',(0.146350365478,0.));
#7220 = CARTESIAN_POINT('',(0.301755296839,0.));
#7221 = CARTESIAN_POINT('',(0.464911571394,0.));
#7222 = CARTESIAN_POINT('',(0.633532758595,0.));
#7223 = CARTESIAN_POINT('',(0.80431868917,0.));
#7224 = CARTESIAN_POINT('',(0.972939876081,0.));
#7225 = CARTESIAN_POINT('',(1.136096150855,0.));
#7226 = CARTESIAN_POINT('',(1.291501082161,0.));
#7227 = CARTESIAN_POINT('',(1.437851447639,0.));
#7228 = ( GEOMETRIC_REPRESENTATION_CONTEXT(2) 
PARAMETRIC_REPRESENTATION_CONTEXT() REPRESENTATION_CONTEXT('2D SPACE',''
  ) );
#7229 = ORIENTED_EDGE('',*,*,#7230,.F.);
#7230 = EDGE_CURVE('',#6961,#7201,#7231,.T.);
#7231 = SURFACE_CURVE('',#7232,(#7250,#7257),.PCURVE_S1.);
#7232 = ( BOUNDED_CURVE() B_SPLINE_CURVE(6,(#7233,#7234,#7235,#7236,
    #7237,#7238,#7239,#7240,#7241,#7242,#7243,#7244,#7245,#7246,#7247,
#7248,#7249),.UNSPECIFIED.,.F.,.F.) B_SPLINE_CURVE_WITH_KNOTS((7,5,5,7),
  (56.36664187319,56.441280487211,56.952988361813,57.708620945056),
.UNSPECIFIED.) CURVE() GEOMETRIC_REPRESENTATION_ITEM() 
RATIONAL_B_SPLINE_CURVE((1.,1.,1.,1.,1.,1.,1.,1.,1.,1.,1.,1.,1.,1.,1.,1.
,1.)) REPRESENTATION_ITEM('') );
#7233 = CARTESIAN_POINT('',(-37.53917417073,12.372854727453,11.5999999)
  );
#7234 = CARTESIAN_POINT('',(-37.53584541571,12.359682456523,11.5999999)
  );
#7235 = CARTESIAN_POINT('',(-37.53252214685,12.346510588525,
    11.599693165179));
#7236 = CARTESIAN_POINT('',(-37.52919603577,12.33332800732,
    11.599238422058));
#7237 = CARTESIAN_POINT('',(-37.52589470889,12.320176475257,
    11.598221138006));
#7238 = CARTESIAN_POINT('',(-37.52398863726,12.312633693604,
    11.597259784743));
#7239 = CARTESIAN_POINT('',(-37.47572493059,12.120248224828,
    11.585582484832));
#7240 = CARTESIAN_POINT('',(-37.43087580056,11.938529605136,
    11.552226958412));
#7241 = CARTESIAN_POINT('',(-37.39059521694,11.771296077645,
    11.489770413134));
#7242 = CARTESIAN_POINT('',(-37.35405634432,11.617262786333,
    11.409684510316));
#7243 = CARTESIAN_POINT('',(-37.32168147306,11.478606313421,
    11.311537562978));
#7244 = CARTESIAN_POINT('',(-37.252521653,11.178975479334,
    11.040240106116));
#7245 = CARTESIAN_POINT('',(-37.22064323906,11.037305377298,
    10.852023199753));
#7246 = CARTESIAN_POINT('',(-37.1974799071,10.93264396521,10.64794753818
    ));
#7247 = CARTESIAN_POINT('',(-37.18235498259,10.863749729769,
    10.43466645627));
#7248 = CARTESIAN_POINT('',(-37.17480048293,10.829344051789,
    10.216991742041));
#7249 = CARTESIAN_POINT('',(-37.17480048293,10.829344051789,9.9999999));
#7250 = PCURVE('',#4612,#7251);
#7251 = DEFINITIONAL_REPRESENTATION('',(#7252),#7256);
#7252 = LINE('',#7253,#7254);
#7253 = CARTESIAN_POINT('',(0.,0.));
#7254 = VECTOR('',#7255,1.);
#7255 = DIRECTION('',(0.,1.));
#7256 = ( GEOMETRIC_REPRESENTATION_CONTEXT(2) 
PARAMETRIC_REPRESENTATION_CONTEXT() REPRESENTATION_CONTEXT('2D SPACE',''
  ) );
#7257 = PCURVE('',#5786,#7258);
#7258 = DEFINITIONAL_REPRESENTATION('',(#7259),#7277);
#7259 = B_SPLINE_CURVE_WITH_KNOTS('',6,(#7260,#7261,#7262,#7263,#7264,
    #7265,#7266,#7267,#7268,#7269,#7270,#7271,#7272,#7273,#7274,#7275,
    #7276),.UNSPECIFIED.,.F.,.F.,(7,5,5,7),(56.36664187319,
    56.441280487211,56.952988361813,57.708620945056),.UNSPECIFIED.);
#7260 = CARTESIAN_POINT('',(-6.530712244835,-17.5));
#7261 = CARTESIAN_POINT('',(-6.530443207891,-17.5));
#7262 = CARTESIAN_POINT('',(-6.530174205267,-17.49969326517));
#7263 = CARTESIAN_POINT('',(-6.529904983318,-17.49923852205));
#7264 = CARTESIAN_POINT('',(-6.529636477203,-17.498221238));
#7265 = CARTESIAN_POINT('',(-6.529482420213,-17.49725988474));
#7266 = CARTESIAN_POINT('',(-6.52555475577,-17.48558258483));
#7267 = CARTESIAN_POINT('',(-6.521848422351,-17.45222705841));
#7268 = CARTESIAN_POINT('',(-6.518442228675,-17.38977051313));
#7269 = CARTESIAN_POINT('',(-6.515307438144,-17.30968461031));
#7270 = CARTESIAN_POINT('',(-6.512487927243,-17.21153766297));
#7271 = CARTESIAN_POINT('',(-6.506398642292,-16.94024020611));
#7272 = CARTESIAN_POINT('',(-6.503523188107,-16.75202329975));
#7273 = CARTESIAN_POINT('',(-6.501400547042,-16.54794763818));
#7274 = CARTESIAN_POINT('',(-6.500003805248,-16.33466655627));
#7275 = CARTESIAN_POINT('',(-6.499306278423,-16.11699184204));
#7276 = CARTESIAN_POINT('',(-6.499306278423,-15.9));
#7277 = ( GEOMETRIC_REPRESENTATION_CONTEXT(2) 
PARAMETRIC_REPRESENTATION_CONTEXT() REPRESENTATION_CONTEXT('2D SPACE',''
  ) );
#7278 = ADVANCED_FACE('',(#7279),#4694,.T.);
#7279 = FACE_BOUND('',#7280,.F.);
#7280 = EDGE_LOOP('',(#7281,#7305,#7327,#7328));
#7281 = ORIENTED_EDGE('',*,*,#7282,.F.);
#7282 = EDGE_CURVE('',#7283,#4678,#7285,.T.);
#7283 = VERTEX_POINT('',#7284);
#7284 = CARTESIAN_POINT('',(-41.95642201951,-23.79326923076,-2.4000001)
  );
#7285 = SURFACE_CURVE('',#7286,(#7291,#7298),.PCURVE_S1.);
#7286 = CIRCLE('',#7287,0.8);
#7287 = AXIS2_PLACEMENT_3D('',#7288,#7289,#7290);
#7288 = CARTESIAN_POINT('',(-41.25078118021,-24.17019230769,-2.4000001)
  );
#7289 = DIRECTION('',(0.471153846154,0.88205104912,-0.));
#7290 = DIRECTION('',(-0.88205104912,0.471153846154,0.));
#7291 = PCURVE('',#4694,#7292);
#7292 = DEFINITIONAL_REPRESENTATION('',(#7293),#7297);
#7293 = LINE('',#7294,#7295);
#7294 = CARTESIAN_POINT('',(-0.,3.14159265359));
#7295 = VECTOR('',#7296,1.);
#7296 = DIRECTION('',(-0.,1.));
#7297 = ( GEOMETRIC_REPRESENTATION_CONTEXT(2) 
PARAMETRIC_REPRESENTATION_CONTEXT() REPRESENTATION_CONTEXT('2D SPACE',''
  ) );
#7298 = PCURVE('',#4727,#7299);
#7299 = DEFINITIONAL_REPRESENTATION('',(#7300),#7304);
#7300 = LINE('',#7301,#7302);
#7301 = CARTESIAN_POINT('',(-2.061394788348,0.));
#7302 = VECTOR('',#7303,1.);
#7303 = DIRECTION('',(-0.,1.));
#7304 = ( GEOMETRIC_REPRESENTATION_CONTEXT(2) 
PARAMETRIC_REPRESENTATION_CONTEXT() REPRESENTATION_CONTEXT('2D SPACE',''
  ) );
#7305 = ORIENTED_EDGE('',*,*,#7306,.T.);
#7306 = EDGE_CURVE('',#7283,#7025,#7307,.T.);
#7307 = SURFACE_CURVE('',#7308,(#7313,#7320),.PCURVE_S1.);
#7308 = CIRCLE('',#7309,50.5);
#7309 = AXIS2_PLACEMENT_3D('',#7310,#7311,#7312);
#7310 = CARTESIAN_POINT('',(-86.50000000009,3.552713678801E-15,
    -2.4000001));
#7311 = DIRECTION('',(-0.,0.,1.));
#7312 = DIRECTION('',(0.88205104912,-0.471153846154,0.));
#7313 = PCURVE('',#4694,#7314);
#7314 = DEFINITIONAL_REPRESENTATION('',(#7315),#7319);
#7315 = LINE('',#7316,#7317);
#7316 = CARTESIAN_POINT('',(-0.,3.14159265359));
#7317 = VECTOR('',#7318,1.);
#7318 = DIRECTION('',(-1.,0.));
#7319 = ( GEOMETRIC_REPRESENTATION_CONTEXT(2) 
PARAMETRIC_REPRESENTATION_CONTEXT() REPRESENTATION_CONTEXT('2D SPACE',''
  ) );
#7320 = PCURVE('',#5786,#7321);
#7321 = DEFINITIONAL_REPRESENTATION('',(#7322),#7326);
#7322 = LINE('',#7323,#7324);
#7323 = CARTESIAN_POINT('',(-5.792586845626,-3.5));
#7324 = VECTOR('',#7325,1.);
#7325 = DIRECTION('',(-1.,0.));
#7326 = ( GEOMETRIC_REPRESENTATION_CONTEXT(2) 
PARAMETRIC_REPRESENTATION_CONTEXT() REPRESENTATION_CONTEXT('2D SPACE',''
  ) );
#7327 = ORIENTED_EDGE('',*,*,#7024,.T.);
#7328 = ORIENTED_EDGE('',*,*,#4677,.F.);
#7329 = ADVANCED_FACE('',(#7330),#4727,.T.);
#7330 = FACE_BOUND('',#7331,.F.);
#7331 = EDGE_LOOP('',(#7332,#7354,#7376,#7377));
#7332 = ORIENTED_EDGE('',*,*,#7333,.F.);
#7333 = EDGE_CURVE('',#4950,#4707,#7334,.T.);
#7334 = SURFACE_CURVE('',#7335,(#7340,#7347),.PCURVE_S1.);
#7335 = CIRCLE('',#7336,0.8);
#7336 = AXIS2_PLACEMENT_3D('',#7337,#7338,#7339);
#7337 = CARTESIAN_POINT('',(-40.63334544583,-25.2,-2.4000001));
#7338 = DIRECTION('',(-1.,0.,0.));
#7339 = DIRECTION('',(0.,-1.,0.));
#7340 = PCURVE('',#4727,#7341);
#7341 = DEFINITIONAL_REPRESENTATION('',(#7342),#7346);
#7342 = LINE('',#7343,#7344);
#7343 = CARTESIAN_POINT('',(-0.,0.));
#7344 = VECTOR('',#7345,1.);
#7345 = DIRECTION('',(-0.,1.));
#7346 = ( GEOMETRIC_REPRESENTATION_CONTEXT(2) 
PARAMETRIC_REPRESENTATION_CONTEXT() REPRESENTATION_CONTEXT('2D SPACE',''
  ) );
#7347 = PCURVE('',#4765,#7348);
#7348 = DEFINITIONAL_REPRESENTATION('',(#7349),#7353);
#7349 = LINE('',#7350,#7351);
#7350 = CARTESIAN_POINT('',(0.,1.693833248114));
#7351 = VECTOR('',#7352,1.);
#7352 = DIRECTION('',(1.,0.));
#7353 = ( GEOMETRIC_REPRESENTATION_CONTEXT(2) 
PARAMETRIC_REPRESENTATION_CONTEXT() REPRESENTATION_CONTEXT('2D SPACE',''
  ) );
#7354 = ORIENTED_EDGE('',*,*,#7355,.T.);
#7355 = EDGE_CURVE('',#4950,#7283,#7356,.T.);
#7356 = SURFACE_CURVE('',#7357,(#7362,#7369),.PCURVE_S1.);
#7357 = CIRCLE('',#7358,1.5);
#7358 = AXIS2_PLACEMENT_3D('',#7359,#7360,#7361);
#7359 = CARTESIAN_POINT('',(-40.63334544583,-24.5,-2.4000001));
#7360 = DIRECTION('',(-0.,0.,-1.));
#7361 = DIRECTION('',(-4.736951571734E-15,-1.,0.));
#7362 = PCURVE('',#4727,#7363);
#7363 = DEFINITIONAL_REPRESENTATION('',(#7364),#7368);
#7364 = LINE('',#7365,#7366);
#7365 = CARTESIAN_POINT('',(-0.,0.));
#7366 = VECTOR('',#7367,1.);
#7367 = DIRECTION('',(-1.,0.));
#7368 = ( GEOMETRIC_REPRESENTATION_CONTEXT(2) 
PARAMETRIC_REPRESENTATION_CONTEXT() REPRESENTATION_CONTEXT('2D SPACE',''
  ) );
#7369 = PCURVE('',#4967,#7370);
#7370 = DEFINITIONAL_REPRESENTATION('',(#7371),#7375);
#7371 = LINE('',#7372,#7373);
#7372 = CARTESIAN_POINT('',(-2.061394788348,17.));
#7373 = VECTOR('',#7374,1.);
#7374 = DIRECTION('',(1.,-0.));
#7375 = ( GEOMETRIC_REPRESENTATION_CONTEXT(2) 
PARAMETRIC_REPRESENTATION_CONTEXT() REPRESENTATION_CONTEXT('2D SPACE',''
  ) );
#7376 = ORIENTED_EDGE('',*,*,#7282,.T.);
#7377 = ORIENTED_EDGE('',*,*,#4706,.F.);
#7378 = ADVANCED_FACE('',(#7379),#4765,.T.);
#7379 = FACE_BOUND('',#7380,.T.);
#7380 = EDGE_LOOP('',(#7381,#7382,#7383,#7384));
#7381 = ORIENTED_EDGE('',*,*,#4809,.T.);
#7382 = ORIENTED_EDGE('',*,*,#4749,.T.);
#7383 = ORIENTED_EDGE('',*,*,#7333,.F.);
#7384 = ORIENTED_EDGE('',*,*,#4979,.F.);
#7385 = ADVANCED_FACE('',(#7386),#4872,.T.);
#7386 = FACE_BOUND('',#7387,.T.);
#7387 = EDGE_LOOP('',(#7388,#7389,#7390,#7421));
#7388 = ORIENTED_EDGE('',*,*,#7200,.T.);
#7389 = ORIENTED_EDGE('',*,*,#4858,.T.);
#7390 = ORIENTED_EDGE('',*,*,#7391,.F.);
#7391 = EDGE_CURVE('',#7392,#4836,#7394,.T.);
#7392 = VERTEX_POINT('',#7393);
#7393 = CARTESIAN_POINT('',(-37.17480048293,10.829344051789,-0.8000001)
  );
#7394 = SURFACE_CURVE('',#7395,(#7400,#7407),.PCURVE_S1.);
#7395 = CIRCLE('',#7396,0.8);
#7396 = AXIS2_PLACEMENT_3D('',#7397,#7398,#7399);
#7397 = CARTESIAN_POINT('',(-36.39341118364,11.000898016966,-0.8000001)
  );
#7398 = DIRECTION('',(-0.,0.,-1.));
#7399 = DIRECTION('',(-0.976736624102,-0.214442456471,0.));
#7400 = PCURVE('',#4872,#7401);
#7401 = DEFINITIONAL_REPRESENTATION('',(#7402),#7406);
#7402 = LINE('',#7403,#7404);
#7403 = CARTESIAN_POINT('',(0.,10.8));
#7404 = VECTOR('',#7405,1.);
#7405 = DIRECTION('',(1.,0.));
#7406 = ( GEOMETRIC_REPRESENTATION_CONTEXT(2) 
PARAMETRIC_REPRESENTATION_CONTEXT() REPRESENTATION_CONTEXT('2D SPACE',''
  ) );
#7407 = PCURVE('',#5085,#7408);
#7408 = DEFINITIONAL_REPRESENTATION('',(#7409),#7420);
#7409 = B_SPLINE_CURVE_WITH_KNOTS('',9,(#7410,#7411,#7412,#7413,#7414,
    #7415,#7416,#7417,#7418,#7419),.UNSPECIFIED.,.F.,.F.,(10,10),(0.,
    1.437851447639),.PIECEWISE_BEZIER_KNOTS.);
#7410 = CARTESIAN_POINT('',(0.,68.508620945058));
#7411 = CARTESIAN_POINT('',(0.162772461798,68.508620945057));
#7412 = CARTESIAN_POINT('',(0.314551134549,68.508620945063));
#7413 = CARTESIAN_POINT('',(0.459613062917,68.508620945048));
#7414 = CARTESIAN_POINT('',(0.600926443424,68.508620945072));
#7415 = CARTESIAN_POINT('',(0.741052628445,68.508620945045));
#7416 = CARTESIAN_POINT('',(0.882366008953,68.508620945068));
#7417 = CARTESIAN_POINT('',(1.027427937321,68.508620945054));
#7418 = CARTESIAN_POINT('',(1.179206610072,68.50862094506));
#7419 = CARTESIAN_POINT('',(1.34197907187,68.508620945058));
#7420 = ( GEOMETRIC_REPRESENTATION_CONTEXT(2) 
PARAMETRIC_REPRESENTATION_CONTEXT() REPRESENTATION_CONTEXT('2D SPACE',''
  ) );
#7421 = ORIENTED_EDGE('',*,*,#7422,.F.);
#7422 = EDGE_CURVE('',#7201,#7392,#7423,.T.);
#7423 = SURFACE_CURVE('',#7424,(#7428,#7435),.PCURVE_S1.);
#7424 = LINE('',#7425,#7426);
#7425 = CARTESIAN_POINT('',(-37.17480048293,10.829344051789,9.9999999));
#7426 = VECTOR('',#7427,1.);
#7427 = DIRECTION('',(0.,-0.,-1.));
#7428 = PCURVE('',#4872,#7429);
#7429 = DEFINITIONAL_REPRESENTATION('',(#7430),#7434);
#7430 = LINE('',#7431,#7432);
#7431 = CARTESIAN_POINT('',(0.,0.));
#7432 = VECTOR('',#7433,1.);
#7433 = DIRECTION('',(0.,1.));
#7434 = ( GEOMETRIC_REPRESENTATION_CONTEXT(2) 
PARAMETRIC_REPRESENTATION_CONTEXT() REPRESENTATION_CONTEXT('2D SPACE',''
  ) );
#7435 = PCURVE('',#5786,#7436);
#7436 = DEFINITIONAL_REPRESENTATION('',(#7437),#7441);
#7437 = LINE('',#7438,#7439);
#7438 = CARTESIAN_POINT('',(-6.499306278423,-15.9));
#7439 = VECTOR('',#7440,1.);
#7440 = DIRECTION('',(-0.,1.));
#7441 = ( GEOMETRIC_REPRESENTATION_CONTEXT(2) 
PARAMETRIC_REPRESENTATION_CONTEXT() REPRESENTATION_CONTEXT('2D SPACE',''
  ) );
#7442 = ADVANCED_FACE('',(#7443),#4933,.T.);
#7443 = FACE_BOUND('',#7444,.T.);
#7444 = EDGE_LOOP('',(#7445,#7446,#7447,#7469));
#7445 = ORIENTED_EDGE('',*,*,#4918,.T.);
#7446 = ORIENTED_EDGE('',*,*,#5001,.T.);
#7447 = ORIENTED_EDGE('',*,*,#7448,.F.);
#7448 = EDGE_CURVE('',#5230,#4952,#7449,.T.);
#7449 = SURFACE_CURVE('',#7450,(#7455,#7462),.PCURVE_S1.);
#7450 = CIRCLE('',#7451,1.2);
#7451 = AXIS2_PLACEMENT_3D('',#7452,#7453,#7454);
#7452 = CARTESIAN_POINT('',(-40.63334544583,-24.8,-4.2000001));
#7453 = DIRECTION('',(-1.,0.,0.));
#7454 = DIRECTION('',(0.,0.,-1.));
#7455 = PCURVE('',#4933,#7456);
#7456 = DEFINITIONAL_REPRESENTATION('',(#7457),#7461);
#7457 = LINE('',#7458,#7459);
#7458 = CARTESIAN_POINT('',(0.,1.693833248115));
#7459 = VECTOR('',#7460,1.);
#7460 = DIRECTION('',(1.,0.));
#7461 = ( GEOMETRIC_REPRESENTATION_CONTEXT(2) 
PARAMETRIC_REPRESENTATION_CONTEXT() REPRESENTATION_CONTEXT('2D SPACE',''
  ) );
#7462 = PCURVE('',#5482,#7463);
#7463 = DEFINITIONAL_REPRESENTATION('',(#7464),#7468);
#7464 = LINE('',#7465,#7466);
#7465 = CARTESIAN_POINT('',(-0.,4.712388980385));
#7466 = VECTOR('',#7467,1.);
#7467 = DIRECTION('',(-0.,1.));
#7468 = ( GEOMETRIC_REPRESENTATION_CONTEXT(2) 
PARAMETRIC_REPRESENTATION_CONTEXT() REPRESENTATION_CONTEXT('2D SPACE',''
  ) );
#7469 = ORIENTED_EDGE('',*,*,#5229,.F.);
#7470 = ADVANCED_FACE('',(#7471),#4967,.T.);
#7471 = FACE_BOUND('',#7472,.F.);
#7472 = EDGE_LOOP('',(#7473,#7496,#7497,#7498));
#7473 = ORIENTED_EDGE('',*,*,#7474,.F.);
#7474 = EDGE_CURVE('',#7283,#7475,#7477,.T.);
#7475 = VERTEX_POINT('',#7476);
#7476 = CARTESIAN_POINT('',(-41.95642201951,-23.79326923076,-4.2000001)
  );
#7477 = SURFACE_CURVE('',#7478,(#7482,#7489),.PCURVE_S1.);
#7478 = LINE('',#7479,#7480);
#7479 = CARTESIAN_POINT('',(-41.95642201951,-23.79326923076,14.5999999)
  );
#7480 = VECTOR('',#7481,1.);
#7481 = DIRECTION('',(0.,-0.,-1.));
#7482 = PCURVE('',#4967,#7483);
#7483 = DEFINITIONAL_REPRESENTATION('',(#7484),#7488);
#7484 = LINE('',#7485,#7486);
#7485 = CARTESIAN_POINT('',(-0.,0.));
#7486 = VECTOR('',#7487,1.);
#7487 = DIRECTION('',(-0.,1.));
#7488 = ( GEOMETRIC_REPRESENTATION_CONTEXT(2) 
PARAMETRIC_REPRESENTATION_CONTEXT() REPRESENTATION_CONTEXT('2D SPACE',''
  ) );
#7489 = PCURVE('',#5786,#7490);
#7490 = DEFINITIONAL_REPRESENTATION('',(#7491),#7495);
#7491 = LINE('',#7492,#7493);
#7492 = CARTESIAN_POINT('',(-5.792586845626,-20.5));
#7493 = VECTOR('',#7494,1.);
#7494 = DIRECTION('',(-0.,1.));
#7495 = ( GEOMETRIC_REPRESENTATION_CONTEXT(2) 
PARAMETRIC_REPRESENTATION_CONTEXT() REPRESENTATION_CONTEXT('2D SPACE',''
  ) );
#7496 = ORIENTED_EDGE('',*,*,#7355,.F.);
#7497 = ORIENTED_EDGE('',*,*,#4949,.T.);
#7498 = ORIENTED_EDGE('',*,*,#7499,.T.);
#7499 = EDGE_CURVE('',#4952,#7475,#7500,.T.);
#7500 = SURFACE_CURVE('',#7501,(#7506,#7513),.PCURVE_S1.);
#7501 = CIRCLE('',#7502,1.5);
#7502 = AXIS2_PLACEMENT_3D('',#7503,#7504,#7505);
#7503 = CARTESIAN_POINT('',(-40.63334544583,-24.5,-4.2000001));
#7504 = DIRECTION('',(-0.,-0.,-1.));
#7505 = DIRECTION('',(0.,-1.,0.));
#7506 = PCURVE('',#4967,#7507);
#7507 = DEFINITIONAL_REPRESENTATION('',(#7508),#7512);
#7508 = LINE('',#7509,#7510);
#7509 = CARTESIAN_POINT('',(-2.061394788348,18.8));
#7510 = VECTOR('',#7511,1.);
#7511 = DIRECTION('',(1.,-0.));
#7512 = ( GEOMETRIC_REPRESENTATION_CONTEXT(2) 
PARAMETRIC_REPRESENTATION_CONTEXT() REPRESENTATION_CONTEXT('2D SPACE',''
  ) );
#7513 = PCURVE('',#5482,#7514);
#7514 = DEFINITIONAL_REPRESENTATION('',(#7515),#7519);
#7515 = LINE('',#7516,#7517);
#7516 = CARTESIAN_POINT('',(-0.,6.28318530718));
#7517 = VECTOR('',#7518,1.);
#7518 = DIRECTION('',(-1.,0.));
#7519 = ( GEOMETRIC_REPRESENTATION_CONTEXT(2) 
PARAMETRIC_REPRESENTATION_CONTEXT() REPRESENTATION_CONTEXT('2D SPACE',''
  ) );
#7520 = ADVANCED_FACE('',(#7521),#5085,.T.);
#7521 = FACE_BOUND('',#7522,.T.);
#7522 = EDGE_LOOP('',(#7523,#7524,#7525,#7555));
#7523 = ORIENTED_EDGE('',*,*,#7391,.T.);
#7524 = ORIENTED_EDGE('',*,*,#5026,.T.);
#7525 = ORIENTED_EDGE('',*,*,#7526,.F.);
#7526 = EDGE_CURVE('',#7527,#5027,#7529,.T.);
#7527 = VERTEX_POINT('',#7528);
#7528 = CARTESIAN_POINT('',(-37.53917417073,12.372854727454,-2.4000001)
  );
#7529 = SURFACE_CURVE('',#7530,(#7534,#7541),.PCURVE_S1.);
#7530 = ( BOUNDED_CURVE() B_SPLINE_CURVE(2,(#7531,#7532,#7533),
.UNSPECIFIED.,.F.,.F.) B_SPLINE_CURVE_WITH_KNOTS((3,3),(0.,1.34197907187
),.PIECEWISE_BEZIER_KNOTS.) CURVE() GEOMETRIC_REPRESENTATION_ITEM() 
RATIONAL_B_SPLINE_CURVE((1.,0.707106781187,1.)) REPRESENTATION_ITEM('') 
  );
#7531 = CARTESIAN_POINT('',(-37.53917417073,12.372854727454,-2.4000001)
  );
#7532 = CARTESIAN_POINT('',(-37.53917417073,12.372854727454,-1.6000001)
  );
#7533 = CARTESIAN_POINT('',(-36.76355712788,12.56886034689,-1.6000001));
#7534 = PCURVE('',#5085,#7535);
#7535 = DEFINITIONAL_REPRESENTATION('',(#7536),#7540);
#7536 = LINE('',#7537,#7538);
#7537 = CARTESIAN_POINT('',(0.,69.850600016928));
#7538 = VECTOR('',#7539,1.);
#7539 = DIRECTION('',(1.,0.));
#7540 = ( GEOMETRIC_REPRESENTATION_CONTEXT(2) 
PARAMETRIC_REPRESENTATION_CONTEXT() REPRESENTATION_CONTEXT('2D SPACE',''
  ) );
#7541 = PCURVE('',#5651,#7542);
#7542 = DEFINITIONAL_REPRESENTATION('',(#7543),#7554);
#7543 = B_SPLINE_CURVE_WITH_KNOTS('',9,(#7544,#7545,#7546,#7547,#7548,
    #7549,#7550,#7551,#7552,#7553),.UNSPECIFIED.,.F.,.F.,(10,10),(0.,
    1.34197907187),.PIECEWISE_BEZIER_KNOTS.);
#7544 = CARTESIAN_POINT('',(-1.614221660523E-03,3.14159265359));
#7545 = CARTESIAN_POINT('',(-1.614221660523E-03,3.298727493853));
#7546 = CARTESIAN_POINT('',(-1.614221660523E-03,3.467367370461));
#7547 = CARTESIAN_POINT('',(-1.614221660523E-03,3.646159040308));
#7548 = CARTESIAN_POINT('',(-1.614221660523E-03,3.832337505317));
#7549 = CARTESIAN_POINT('',(-1.614221660523E-03,4.021644128888));
#7550 = CARTESIAN_POINT('',(-1.614221660523E-03,4.207822593363));
#7551 = CARTESIAN_POINT('',(-1.614221660523E-03,4.386614263614));
#7552 = CARTESIAN_POINT('',(-1.614221660523E-03,4.555254140121));
#7553 = CARTESIAN_POINT('',(-1.614221660523E-03,4.712388980385));
#7554 = ( GEOMETRIC_REPRESENTATION_CONTEXT(2) 
PARAMETRIC_REPRESENTATION_CONTEXT() REPRESENTATION_CONTEXT('2D SPACE',''
  ) );
#7555 = ORIENTED_EDGE('',*,*,#7556,.F.);
#7556 = EDGE_CURVE('',#7392,#7527,#7557,.T.);
#7557 = SURFACE_CURVE('',#7558,(#7576,#7583),.PCURVE_S1.);
#7558 = ( BOUNDED_CURVE() B_SPLINE_CURVE(6,(#7559,#7560,#7561,#7562,
    #7563,#7564,#7565,#7566,#7567,#7568,#7569,#7570,#7571,#7572,#7573,
#7574,#7575),.UNSPECIFIED.,.F.,.F.) B_SPLINE_CURVE_WITH_KNOTS((7,5,5,7),
  (68.508620945058,69.264253528303,69.775961402905,69.850600016928),
.UNSPECIFIED.) CURVE() GEOMETRIC_REPRESENTATION_ITEM() 
RATIONAL_B_SPLINE_CURVE((1.,1.,1.,1.,1.,1.,1.,1.,1.,1.,1.,1.,1.,1.,1.,1.
,1.)) REPRESENTATION_ITEM('') );
#7559 = CARTESIAN_POINT('',(-37.17480048293,10.829344051789,-0.8000001)
  );
#7560 = CARTESIAN_POINT('',(-37.17480048293,10.829344051789,
    -1.016991942041));
#7561 = CARTESIAN_POINT('',(-37.18235498259,10.863749729769,
    -1.23466665627));
#7562 = CARTESIAN_POINT('',(-37.1974799071,10.93264396521,-1.44794773818
    ));
#7563 = CARTESIAN_POINT('',(-37.22064323906,11.037305377298,
    -1.652023399753));
#7564 = CARTESIAN_POINT('',(-37.252521653,11.178975479334,
    -1.840240306116));
#7565 = CARTESIAN_POINT('',(-37.32168147306,11.478606313421,
    -2.111537762978));
#7566 = CARTESIAN_POINT('',(-37.35405634432,11.617262786334,
    -2.209684710316));
#7567 = CARTESIAN_POINT('',(-37.39059521694,11.771296077645,
    -2.289770613134));
#7568 = CARTESIAN_POINT('',(-37.43087580056,11.938529605136,
    -2.352227158412));
#7569 = CARTESIAN_POINT('',(-37.47572493059,12.120248224828,
    -2.385582684832));
#7570 = CARTESIAN_POINT('',(-37.52398863726,12.312633693604,
    -2.397259984743));
#7571 = CARTESIAN_POINT('',(-37.52589470889,12.320176475257,
    -2.398221338006));
#7572 = CARTESIAN_POINT('',(-37.52919603577,12.333328007321,
    -2.399238622058));
#7573 = CARTESIAN_POINT('',(-37.53252214686,12.346510588526,
    -2.399693365179));
#7574 = CARTESIAN_POINT('',(-37.53584541571,12.359682456524,-2.4000001)
  );
#7575 = CARTESIAN_POINT('',(-37.53917417073,12.372854727454,-2.4000001)
  );
#7576 = PCURVE('',#5085,#7577);
#7577 = DEFINITIONAL_REPRESENTATION('',(#7578),#7582);
#7578 = LINE('',#7579,#7580);
#7579 = CARTESIAN_POINT('',(0.,0.));
#7580 = VECTOR('',#7581,1.);
#7581 = DIRECTION('',(0.,1.));
#7582 = ( GEOMETRIC_REPRESENTATION_CONTEXT(2) 
PARAMETRIC_REPRESENTATION_CONTEXT() REPRESENTATION_CONTEXT('2D SPACE',''
  ) );
#7583 = PCURVE('',#5786,#7584);
#7584 = DEFINITIONAL_REPRESENTATION('',(#7585),#7603);
#7585 = B_SPLINE_CURVE_WITH_KNOTS('',6,(#7586,#7587,#7588,#7589,#7590,
    #7591,#7592,#7593,#7594,#7595,#7596,#7597,#7598,#7599,#7600,#7601,
    #7602),.UNSPECIFIED.,.F.,.F.,(7,5,5,7),(68.508620945058,
    69.264253528303,69.775961402905,69.850600016928),.UNSPECIFIED.);
#7586 = CARTESIAN_POINT('',(-6.499306278423,-5.1));
#7587 = CARTESIAN_POINT('',(-6.499306278423,-4.883008157959));
#7588 = CARTESIAN_POINT('',(-6.500003805248,-4.66533344373));
#7589 = CARTESIAN_POINT('',(-6.501400547042,-4.45205236182));
#7590 = CARTESIAN_POINT('',(-6.503523188107,-4.247976700247));
#7591 = CARTESIAN_POINT('',(-6.506398642292,-4.059759793884));
#7592 = CARTESIAN_POINT('',(-6.512487927244,-3.788462337022));
#7593 = CARTESIAN_POINT('',(-6.515307438144,-3.690315389684));
#7594 = CARTESIAN_POINT('',(-6.518442228675,-3.610229486866));
#7595 = CARTESIAN_POINT('',(-6.521848422351,-3.547772941588));
#7596 = CARTESIAN_POINT('',(-6.52555475577,-3.514417415168));
#7597 = CARTESIAN_POINT('',(-6.529482420213,-3.502740115257));
#7598 = CARTESIAN_POINT('',(-6.529636477203,-3.501778761994));
#7599 = CARTESIAN_POINT('',(-6.529904983318,-3.500761477942));
#7600 = CARTESIAN_POINT('',(-6.530174205267,-3.500306734821));
#7601 = CARTESIAN_POINT('',(-6.530443207891,-3.5));
#7602 = CARTESIAN_POINT('',(-6.530712244835,-3.5));
#7603 = ( GEOMETRIC_REPRESENTATION_CONTEXT(2) 
PARAMETRIC_REPRESENTATION_CONTEXT() REPRESENTATION_CONTEXT('2D SPACE',''
  ) );
#7604 = ADVANCED_FACE('',(#7605),#5186,.T.);
#7605 = FACE_BOUND('',#7606,.T.);
#7606 = EDGE_LOOP('',(#7607,#7629,#7630,#7631));
#7607 = ORIENTED_EDGE('',*,*,#7608,.T.);
#7608 = EDGE_CURVE('',#5256,#5669,#7609,.T.);
#7609 = SURFACE_CURVE('',#7610,(#7615,#7622),.PCURVE_S1.);
#7610 = CIRCLE('',#7611,1.2);
#7611 = AXIS2_PLACEMENT_3D('',#7612,#7613,#7614);
#7612 = CARTESIAN_POINT('',(-40.63334544583,24.8,-4.2000001));
#7613 = DIRECTION('',(1.,1.110223024625E-16,-0.));
#7614 = DIRECTION('',(-1.110223024625E-16,1.,0.));
#7615 = PCURVE('',#5186,#7616);
#7616 = DEFINITIONAL_REPRESENTATION('',(#7617),#7621);
#7617 = LINE('',#7618,#7619);
#7618 = CARTESIAN_POINT('',(-4.712388980385,0.));
#7619 = VECTOR('',#7620,1.);
#7620 = DIRECTION('',(1.,0.));
#7621 = ( GEOMETRIC_REPRESENTATION_CONTEXT(2) 
PARAMETRIC_REPRESENTATION_CONTEXT() REPRESENTATION_CONTEXT('2D SPACE',''
  ) );
#7622 = PCURVE('',#5299,#7623);
#7623 = DEFINITIONAL_REPRESENTATION('',(#7624),#7628);
#7624 = LINE('',#7625,#7626);
#7625 = CARTESIAN_POINT('',(-2.061394788348,0.));
#7626 = VECTOR('',#7627,1.);
#7627 = DIRECTION('',(-0.,1.));
#7628 = ( GEOMETRIC_REPRESENTATION_CONTEXT(2) 
PARAMETRIC_REPRESENTATION_CONTEXT() REPRESENTATION_CONTEXT('2D SPACE',''
  ) );
#7629 = ORIENTED_EDGE('',*,*,#5718,.T.);
#7630 = ORIENTED_EDGE('',*,*,#5169,.F.);
#7631 = ORIENTED_EDGE('',*,*,#5255,.F.);
#7632 = ADVANCED_FACE('',(#7633),#5482,.T.);
#7633 = FACE_BOUND('',#7634,.F.);
#7634 = EDGE_LOOP('',(#7635,#7636,#7637,#7659));
#7635 = ORIENTED_EDGE('',*,*,#7448,.F.);
#7636 = ORIENTED_EDGE('',*,*,#5463,.T.);
#7637 = ORIENTED_EDGE('',*,*,#7638,.T.);
#7638 = EDGE_CURVE('',#5435,#7475,#7639,.T.);
#7639 = SURFACE_CURVE('',#7640,(#7645,#7652),.PCURVE_S1.);
#7640 = CIRCLE('',#7641,1.2);
#7641 = AXIS2_PLACEMENT_3D('',#7642,#7643,#7644);
#7642 = CARTESIAN_POINT('',(-40.89796076056,-24.35865384615,-4.2000001)
  );
#7643 = DIRECTION('',(0.471153846154,0.88205104912,-0.));
#7644 = DIRECTION('',(-0.88205104912,0.471153846154,0.));
#7645 = PCURVE('',#5482,#7646);
#7646 = DEFINITIONAL_REPRESENTATION('',(#7647),#7651);
#7647 = LINE('',#7648,#7649);
#7648 = CARTESIAN_POINT('',(-2.061394788348,0.));
#7649 = VECTOR('',#7650,1.);
#7650 = DIRECTION('',(-0.,1.));
#7651 = ( GEOMETRIC_REPRESENTATION_CONTEXT(2) 
PARAMETRIC_REPRESENTATION_CONTEXT() REPRESENTATION_CONTEXT('2D SPACE',''
  ) );
#7652 = PCURVE('',#5451,#7653);
#7653 = DEFINITIONAL_REPRESENTATION('',(#7654),#7658);
#7654 = LINE('',#7655,#7656);
#7655 = CARTESIAN_POINT('',(-0.,-3.14159265359));
#7656 = VECTOR('',#7657,1.);
#7657 = DIRECTION('',(-0.,1.));
#7658 = ( GEOMETRIC_REPRESENTATION_CONTEXT(2) 
PARAMETRIC_REPRESENTATION_CONTEXT() REPRESENTATION_CONTEXT('2D SPACE',''
  ) );
#7659 = ORIENTED_EDGE('',*,*,#7499,.F.);
#7660 = ADVANCED_FACE('',(#7661),#5451,.T.);
#7661 = FACE_BOUND('',#7662,.F.);
#7662 = EDGE_LOOP('',(#7663,#7664,#7665,#7745,#7794));
#7663 = ORIENTED_EDGE('',*,*,#7638,.F.);
#7664 = ORIENTED_EDGE('',*,*,#5434,.T.);
#7665 = ORIENTED_EDGE('',*,*,#7666,.T.);
#7666 = EDGE_CURVE('',#5407,#7667,#7669,.T.);
#7667 = VERTEX_POINT('',#7668);
#7668 = CARTESIAN_POINT('',(-36.00000000009,-3.,-4.653593109077));
#7669 = SURFACE_CURVE('',#7670,(#7693,#7719),.PCURVE_S1.);
#7670 = B_SPLINE_CURVE_WITH_KNOTS('',5,(#7671,#7672,#7673,#7674,#7675,
    #7676,#7677,#7678,#7679,#7680,#7681,#7682,#7683,#7684,#7685,#7686,
    #7687,#7688,#7689,#7690,#7691,#7692),.UNSPECIFIED.,.F.,.F.,(6,4,4,4,
    4,6),(0.,1.50074608051E-02,0.264116759973,0.513160058218,
    0.756112029957,1.),.UNSPECIFIED.);
#7671 = CARTESIAN_POINT('',(-34.88711401219,-3.,-5.4000001));
#7672 = CARTESIAN_POINT('',(-34.8927784255,-3.,-5.4000001));
#7673 = CARTESIAN_POINT('',(-34.89844283988,-3.,-5.399966790061));
#7674 = CARTESIAN_POINT('',(-34.90410699378,-3.,-5.399900170219));
#7675 = CARTESIAN_POINT('',(-34.9097706257,-3.,-5.399800243569));
#7676 = CARTESIAN_POINT('',(-35.00943126807,-3.,-5.397455572123));
#7677 = CARTESIAN_POINT('',(-35.10321692946,-3.,-5.386068465499));
#7678 = CARTESIAN_POINT('',(-35.19558387643,-3.,-5.36553464609));
#7679 = CARTESIAN_POINT('',(-35.28535577262,-3.,-5.336113972261));
#7680 = CARTESIAN_POINT('',(-35.45747243488,-3.,-5.260475063443));
#7681 = CARTESIAN_POINT('',(-35.53982606799,-3.,-5.214258245642));
#7682 = CARTESIAN_POINT('',(-35.61738044363,-3.,-5.160122836533));
#7683 = CARTESIAN_POINT('',(-35.68914468809,-3.,-5.098755595666));
#7684 = CARTESIAN_POINT('',(-35.81781693346,-3.,-4.964951593079));
#7685 = CARTESIAN_POINT('',(-35.87505029142,-3.,-4.892817212912));
#7686 = CARTESIAN_POINT('',(-35.92519706219,-3.,-4.815429255146));
#7687 = CARTESIAN_POINT('',(-35.96764432958,-3.,-4.733726640746));
#7688 = CARTESIAN_POINT('',(-36.03642406548,-3.,-4.56344827455));
#7689 = CARTESIAN_POINT('',(-36.06269646394,-3.,-4.474840697465));
#7690 = CARTESIAN_POINT('',(-36.08035711053,-3.,-4.383982888756));
#7691 = CARTESIAN_POINT('',(-36.08918766781,-3.,-4.291989700365));
#7692 = CARTESIAN_POINT('',(-36.08918766781,-3.,-4.2000001));
#7693 = PCURVE('',#5451,#7694);
#7694 = DEFINITIONAL_REPRESENTATION('',(#7695),#7718);
#7695 = B_SPLINE_CURVE_WITH_KNOTS('',5,(#7696,#7697,#7698,#7699,#7700,
    #7701,#7702,#7703,#7704,#7705,#7706,#7707,#7708,#7709,#7710,#7711,
    #7712,#7713,#7714,#7715,#7716,#7717),.UNSPECIFIED.,.F.,.F.,(6,4,4,4,
    4,6),(0.,1.50074608051E-02,0.264116759973,0.513160058218,
    0.756112029957,1.),.UNSPECIFIED.);
#7696 = CARTESIAN_POINT('',(-0.432538768573,1.570796326795));
#7697 = CARTESIAN_POINT('',(-0.432532410945,1.575508717482));
#7698 = CARTESIAN_POINT('',(-0.432526051578,1.580221106882));
#7699 = CARTESIAN_POINT('',(-0.432519690763,1.584933495429));
#7700 = CARTESIAN_POINT('',(-0.432513328795,1.589645883556));
#7701 = CARTESIAN_POINT('',(-0.432401349182,1.672579346015));
#7702 = CARTESIAN_POINT('',(-0.432295491323,1.75080356344));
#7703 = CARTESIAN_POINT('',(-0.432190747528,1.829023837251));
#7704 = CARTESIAN_POINT('',(-0.432088490737,1.907254032602));
#7705 = CARTESIAN_POINT('',(-0.431891645836,2.063698354198));
#7706 = CARTESIAN_POINT('',(-0.431797047762,2.141918807421));
#7707 = CARTESIAN_POINT('',(-0.431707592973,2.220140100081));
#7708 = CARTESIAN_POINT('',(-0.43162452124,2.298375170451));
#7709 = CARTESIAN_POINT('',(-0.431475141379,2.452940858371));
#7710 = CARTESIAN_POINT('',(-0.431408467146,2.529277184003));
#7711 = CARTESIAN_POINT('',(-0.431349879955,2.605615384939));
#7712 = CARTESIAN_POINT('',(-0.431300186799,2.681965682226));
#7713 = CARTESIAN_POINT('',(-0.431219555662,2.83496517546));
#7714 = CARTESIAN_POINT('',(-0.431188687523,2.911620317844));
#7715 = CARTESIAN_POINT('',(-0.431167911879,2.988273645285));
#7716 = CARTESIAN_POINT('',(-0.431157524107,3.064934653286));
#7717 = CARTESIAN_POINT('',(-0.431157524107,3.14159265359));
#7718 = ( GEOMETRIC_REPRESENTATION_CONTEXT(2) 
PARAMETRIC_REPRESENTATION_CONTEXT() REPRESENTATION_CONTEXT('2D SPACE',''
  ) );
#7719 = PCURVE('',#5422,#7720);
#7720 = DEFINITIONAL_REPRESENTATION('',(#7721),#7744);
#7721 = B_SPLINE_CURVE_WITH_KNOTS('',5,(#7722,#7723,#7724,#7725,#7726,
    #7727,#7728,#7729,#7730,#7731,#7732,#7733,#7734,#7735,#7736,#7737,
    #7738,#7739,#7740,#7741,#7742,#7743),.UNSPECIFIED.,.F.,.F.,(6,4,4,4,
    4,6),(0.,1.50074608051E-02,0.264116759973,0.513160058218,
    0.756112029957,1.),.UNSPECIFIED.);
#7722 = CARTESIAN_POINT('',(5.6,1.1128859879));
#7723 = CARTESIAN_POINT('',(5.6,1.107221574593));
#7724 = CARTESIAN_POINT('',(5.600033309939,1.101557160212));
#7725 = CARTESIAN_POINT('',(5.600099929781,1.095893006307));
#7726 = CARTESIAN_POINT('',(5.600199856431,1.090229374392));
#7727 = CARTESIAN_POINT('',(5.602544527877,0.990568732022));
#7728 = CARTESIAN_POINT('',(5.613931634501,0.896783070632));
#7729 = CARTESIAN_POINT('',(5.63446545391,0.804416123658));
#7730 = CARTESIAN_POINT('',(5.663886127739,0.714644227468));
#7731 = CARTESIAN_POINT('',(5.739525036557,0.542527565206));
#7732 = CARTESIAN_POINT('',(5.785741854358,0.460173932098));
#7733 = CARTESIAN_POINT('',(5.839877263467,0.382619556463));
#7734 = CARTESIAN_POINT('',(5.901244504334,0.310855311998));
#7735 = CARTESIAN_POINT('',(6.035048506921,0.182183066629));
#7736 = CARTESIAN_POINT('',(6.107182887088,0.124949708674));
#7737 = CARTESIAN_POINT('',(6.184570844854,7.48029378979E-02));
#7738 = CARTESIAN_POINT('',(6.266273459254,3.235567050536E-02));
#7739 = CARTESIAN_POINT('',(6.43655182545,-3.642406538479E-02));
#7740 = CARTESIAN_POINT('',(6.525159402535,-6.269646384784E-02));
#7741 = CARTESIAN_POINT('',(6.616017211244,-8.035711043818E-02));
#7742 = CARTESIAN_POINT('',(6.708010399635,-8.918766772351E-02));
#7743 = CARTESIAN_POINT('',(6.8,-8.918766772351E-02));
#7744 = ( GEOMETRIC_REPRESENTATION_CONTEXT(2) 
PARAMETRIC_REPRESENTATION_CONTEXT() REPRESENTATION_CONTEXT('2D SPACE',''
  ) );
#7745 = ORIENTED_EDGE('',*,*,#7746,.T.);
#7746 = EDGE_CURVE('',#7667,#7747,#7749,.T.);
#7747 = VERTEX_POINT('',#7748);
#7748 = CARTESIAN_POINT('',(-36.00000000009,3.552713678801E-15,
    -4.2000001));
#7749 = SURFACE_CURVE('',#7750,(#7761,#7775),.PCURVE_S1.);
#7750 = B_SPLINE_CURVE_WITH_KNOTS('',5,(#7751,#7752,#7753,#7754,#7755,
    #7756,#7757,#7758,#7759,#7760),.UNSPECIFIED.,.F.,.F.,(6,4,6),(0.,
    0.657114644537,1.),.UNSPECIFIED.);
#7751 = CARTESIAN_POINT('',(-36.00000000009,-3.6,-4.739580149425));
#7752 = CARTESIAN_POINT('',(-36.00000000009,-3.126433470886,
    -4.672689130989));
#7753 = CARTESIAN_POINT('',(-36.00000000009,-2.653078349723,
    -4.603779137684));
#7754 = CARTESIAN_POINT('',(-36.00000000009,-2.179895588371,
    -4.53333340862));
#7755 = CARTESIAN_POINT('',(-36.00000000009,-1.706841313379,
    -4.461793515108));
#7756 = CARTESIAN_POINT('',(-36.00000000009,-0.987063114221,
    -4.351911821864));
#7757 = CARTESIAN_POINT('',(-36.00000000009,-0.740283019618,
    -4.314053987112));
#7758 = CARTESIAN_POINT('',(-36.00000000009,-0.493517223718,
    -4.276075976784));
#7759 = CARTESIAN_POINT('',(-36.00000000009,-0.246758618843,
    -4.238038092146));
#7760 = CARTESIAN_POINT('',(-36.00000000009,-3.552713678801E-15,
    -4.2000001));
#7761 = PCURVE('',#5451,#7762);
#7762 = DEFINITIONAL_REPRESENTATION('',(#7763),#7774);
#7763 = B_SPLINE_CURVE_WITH_KNOTS('',5,(#7764,#7765,#7766,#7767,#7768,
    #7769,#7770,#7771,#7772,#7773),.UNSPECIFIED.,.F.,.F.,(6,4,6),(0.,
    0.657114644537,1.),.UNSPECIFIED.);
#7764 = CARTESIAN_POINT('',(-0.419431723268,2.675219142202));
#7765 = CARTESIAN_POINT('',(-0.42876186388,2.737626458877));
#7766 = CARTESIAN_POINT('',(-0.438103352257,2.799466764521));
#7767 = CARTESIAN_POINT('',(-0.447453601253,2.860883958866));
#7768 = CARTESIAN_POINT('',(-0.456810071643,2.922001396114));
#7769 = CARTESIAN_POINT('',(-0.471054601739,3.01473413776));
#7770 = CARTESIAN_POINT('',(-0.475939877992,3.046481431424));
#7771 = CARTESIAN_POINT('',(-0.480825843213,3.078196023277));
#7772 = CARTESIAN_POINT('',(-0.485712152297,3.109894364448));
#7773 = CARTESIAN_POINT('',(-0.490598461553,3.14159265359));
#7774 = ( GEOMETRIC_REPRESENTATION_CONTEXT(2) 
PARAMETRIC_REPRESENTATION_CONTEXT() REPRESENTATION_CONTEXT('2D SPACE',''
  ) );
#7775 = PCURVE('',#7776,#7781);
#7776 = PLANE('',#7777);
#7777 = AXIS2_PLACEMENT_3D('',#7778,#7779,#7780);
#7778 = CARTESIAN_POINT('',(-36.00000000009,-3.,-11.0000001));
#7779 = DIRECTION('',(1.,0.,0.));
#7780 = DIRECTION('',(0.,0.,1.));
#7781 = DEFINITIONAL_REPRESENTATION('',(#7782),#7793);
#7782 = B_SPLINE_CURVE_WITH_KNOTS('',5,(#7783,#7784,#7785,#7786,#7787,
    #7788,#7789,#7790,#7791,#7792),.UNSPECIFIED.,.F.,.F.,(6,4,6),(0.,
    0.657114644537,1.),.UNSPECIFIED.);
#7783 = CARTESIAN_POINT('',(6.260419950575,0.6));
#7784 = CARTESIAN_POINT('',(6.327310969011,0.126433470886));
#7785 = CARTESIAN_POINT('',(6.396220962316,-0.346921650277));
#7786 = CARTESIAN_POINT('',(6.46666669138,-0.820104411629));
#7787 = CARTESIAN_POINT('',(6.538206584892,-1.293158686621));
#7788 = CARTESIAN_POINT('',(6.648088278136,-2.012936885779));
#7789 = CARTESIAN_POINT('',(6.685946112888,-2.259716980382));
#7790 = CARTESIAN_POINT('',(6.723924123216,-2.506482776282));
#7791 = CARTESIAN_POINT('',(6.761962007854,-2.753241381157));
#7792 = CARTESIAN_POINT('',(6.8,-3.));
#7793 = ( GEOMETRIC_REPRESENTATION_CONTEXT(2) 
PARAMETRIC_REPRESENTATION_CONTEXT() REPRESENTATION_CONTEXT('2D SPACE',''
  ) );
#7794 = ORIENTED_EDGE('',*,*,#7795,.F.);
#7795 = EDGE_CURVE('',#7475,#7747,#7796,.T.);
#7796 = SURFACE_CURVE('',#7797,(#7802,#7809),.PCURVE_S1.);
#7797 = CIRCLE('',#7798,50.5);
#7798 = AXIS2_PLACEMENT_3D('',#7799,#7800,#7801);
#7799 = CARTESIAN_POINT('',(-86.50000000009,0.,-4.2000001));
#7800 = DIRECTION('',(-0.,0.,1.));
#7801 = DIRECTION('',(0.88205104912,-0.471153846154,0.));
#7802 = PCURVE('',#5451,#7803);
#7803 = DEFINITIONAL_REPRESENTATION('',(#7804),#7808);
#7804 = LINE('',#7805,#7806);
#7805 = CARTESIAN_POINT('',(-0.,3.14159265359));
#7806 = VECTOR('',#7807,1.);
#7807 = DIRECTION('',(-1.,0.));
#7808 = ( GEOMETRIC_REPRESENTATION_CONTEXT(2) 
PARAMETRIC_REPRESENTATION_CONTEXT() REPRESENTATION_CONTEXT('2D SPACE',''
  ) );
#7809 = PCURVE('',#5786,#7810);
#7810 = DEFINITIONAL_REPRESENTATION('',(#7811),#7815);
#7811 = LINE('',#7812,#7813);
#7812 = CARTESIAN_POINT('',(-5.792586845626,-1.7));
#7813 = VECTOR('',#7814,1.);
#7814 = DIRECTION('',(-1.,0.));
#7815 = ( GEOMETRIC_REPRESENTATION_CONTEXT(2) 
PARAMETRIC_REPRESENTATION_CONTEXT() REPRESENTATION_CONTEXT('2D SPACE',''
  ) );
#7816 = ADVANCED_FACE('',(#7817,#7949),#5422,.F.);
#7817 = FACE_BOUND('',#7818,.F.);
#7818 = EDGE_LOOP('',(#7819,#7842,#7870,#7898,#7926,#7947,#7948));
#7819 = ORIENTED_EDGE('',*,*,#7820,.F.);
#7820 = EDGE_CURVE('',#7821,#5379,#7823,.T.);
#7821 = VERTEX_POINT('',#7822);
#7822 = CARTESIAN_POINT('',(-34.60000000009,-3.,-11.0000001));
#7823 = SURFACE_CURVE('',#7824,(#7828,#7835),.PCURVE_S1.);
#7824 = LINE('',#7825,#7826);
#7825 = CARTESIAN_POINT('',(-34.60000000009,-3.,-11.0000001));
#7826 = VECTOR('',#7827,1.);
#7827 = DIRECTION('',(0.,0.,1.));
#7828 = PCURVE('',#5422,#7829);
#7829 = DEFINITIONAL_REPRESENTATION('',(#7830),#7834);
#7830 = LINE('',#7831,#7832);
#7831 = CARTESIAN_POINT('',(0.,1.4));
#7832 = VECTOR('',#7833,1.);
#7833 = DIRECTION('',(1.,0.));
#7834 = ( GEOMETRIC_REPRESENTATION_CONTEXT(2) 
PARAMETRIC_REPRESENTATION_CONTEXT() REPRESENTATION_CONTEXT('2D SPACE',''
  ) );
#7835 = PCURVE('',#5394,#7836);
#7836 = DEFINITIONAL_REPRESENTATION('',(#7837),#7841);
#7837 = LINE('',#7838,#7839);
#7838 = CARTESIAN_POINT('',(0.,0.));
#7839 = VECTOR('',#7840,1.);
#7840 = DIRECTION('',(1.,0.));
#7841 = ( GEOMETRIC_REPRESENTATION_CONTEXT(2) 
PARAMETRIC_REPRESENTATION_CONTEXT() REPRESENTATION_CONTEXT('2D SPACE',''
  ) );
#7842 = ORIENTED_EDGE('',*,*,#7843,.F.);
#7843 = EDGE_CURVE('',#7844,#7821,#7846,.T.);
#7844 = VERTEX_POINT('',#7845);
#7845 = CARTESIAN_POINT('',(-41.60000000009,-3.,-11.0000001));
#7846 = SURFACE_CURVE('',#7847,(#7851,#7858),.PCURVE_S1.);
#7847 = LINE('',#7848,#7849);
#7848 = CARTESIAN_POINT('',(-41.60000000009,-3.,-11.0000001));
#7849 = VECTOR('',#7850,1.);
#7850 = DIRECTION('',(1.,0.,0.));
#7851 = PCURVE('',#5422,#7852);
#7852 = DEFINITIONAL_REPRESENTATION('',(#7853),#7857);
#7853 = LINE('',#7854,#7855);
#7854 = CARTESIAN_POINT('',(1.7763568394E-15,-5.6));
#7855 = VECTOR('',#7856,1.);
#7856 = DIRECTION('',(0.,1.));
#7857 = ( GEOMETRIC_REPRESENTATION_CONTEXT(2) 
PARAMETRIC_REPRESENTATION_CONTEXT() REPRESENTATION_CONTEXT('2D SPACE',''
  ) );
#7858 = PCURVE('',#7859,#7864);
#7859 = PLANE('',#7860);
#7860 = AXIS2_PLACEMENT_3D('',#7861,#7862,#7863);
#7861 = CARTESIAN_POINT('',(-41.60000000009,-3.,-11.0000001));
#7862 = DIRECTION('',(0.,0.,1.));
#7863 = DIRECTION('',(1.,0.,0.));
#7864 = DEFINITIONAL_REPRESENTATION('',(#7865),#7869);
#7865 = LINE('',#7866,#7867);
#7866 = CARTESIAN_POINT('',(0.,0.));
#7867 = VECTOR('',#7868,1.);
#7868 = DIRECTION('',(1.,0.));
#7869 = ( GEOMETRIC_REPRESENTATION_CONTEXT(2) 
PARAMETRIC_REPRESENTATION_CONTEXT() REPRESENTATION_CONTEXT('2D SPACE',''
  ) );
#7870 = ORIENTED_EDGE('',*,*,#7871,.T.);
#7871 = EDGE_CURVE('',#7844,#7872,#7874,.T.);
#7872 = VERTEX_POINT('',#7873);
#7873 = CARTESIAN_POINT('',(-41.60000000009,-3.,-5.7000001));
#7874 = SURFACE_CURVE('',#7875,(#7879,#7886),.PCURVE_S1.);
#7875 = LINE('',#7876,#7877);
#7876 = CARTESIAN_POINT('',(-41.60000000009,-3.,-11.0000001));
#7877 = VECTOR('',#7878,1.);
#7878 = DIRECTION('',(0.,0.,1.));
#7879 = PCURVE('',#5422,#7880);
#7880 = DEFINITIONAL_REPRESENTATION('',(#7881),#7885);
#7881 = LINE('',#7882,#7883);
#7882 = CARTESIAN_POINT('',(1.7763568394E-15,-5.6));
#7883 = VECTOR('',#7884,1.);
#7884 = DIRECTION('',(1.,0.));
#7885 = ( GEOMETRIC_REPRESENTATION_CONTEXT(2) 
PARAMETRIC_REPRESENTATION_CONTEXT() REPRESENTATION_CONTEXT('2D SPACE',''
  ) );
#7886 = PCURVE('',#7887,#7892);
#7887 = PLANE('',#7888);
#7888 = AXIS2_PLACEMENT_3D('',#7889,#7890,#7891);
#7889 = CARTESIAN_POINT('',(-41.60000000009,-3.,-11.0000001));
#7890 = DIRECTION('',(1.,0.,0.));
#7891 = DIRECTION('',(0.,0.,1.));
#7892 = DEFINITIONAL_REPRESENTATION('',(#7893),#7897);
#7893 = LINE('',#7894,#7895);
#7894 = CARTESIAN_POINT('',(0.,0.));
#7895 = VECTOR('',#7896,1.);
#7896 = DIRECTION('',(1.,0.));
#7897 = ( GEOMETRIC_REPRESENTATION_CONTEXT(2) 
PARAMETRIC_REPRESENTATION_CONTEXT() REPRESENTATION_CONTEXT('2D SPACE',''
  ) );
#7898 = ORIENTED_EDGE('',*,*,#7899,.T.);
#7899 = EDGE_CURVE('',#7872,#7900,#7902,.T.);
#7900 = VERTEX_POINT('',#7901);
#7901 = CARTESIAN_POINT('',(-36.00000000009,-3.,-5.7000001));
#7902 = SURFACE_CURVE('',#7903,(#7907,#7914),.PCURVE_S1.);
#7903 = LINE('',#7904,#7905);
#7904 = CARTESIAN_POINT('',(-41.60000000009,-3.,-5.7000001));
#7905 = VECTOR('',#7906,1.);
#7906 = DIRECTION('',(1.,0.,0.));
#7907 = PCURVE('',#5422,#7908);
#7908 = DEFINITIONAL_REPRESENTATION('',(#7909),#7913);
#7909 = LINE('',#7910,#7911);
#7910 = CARTESIAN_POINT('',(5.3,-5.6));
#7911 = VECTOR('',#7912,1.);
#7912 = DIRECTION('',(0.,1.));
#7913 = ( GEOMETRIC_REPRESENTATION_CONTEXT(2) 
PARAMETRIC_REPRESENTATION_CONTEXT() REPRESENTATION_CONTEXT('2D SPACE',''
  ) );
#7914 = PCURVE('',#7915,#7920);
#7915 = PLANE('',#7916);
#7916 = AXIS2_PLACEMENT_3D('',#7917,#7918,#7919);
#7917 = CARTESIAN_POINT('',(-41.60000000009,-3.,-5.7000001));
#7918 = DIRECTION('',(0.,0.,1.));
#7919 = DIRECTION('',(1.,0.,0.));
#7920 = DEFINITIONAL_REPRESENTATION('',(#7921),#7925);
#7921 = LINE('',#7922,#7923);
#7922 = CARTESIAN_POINT('',(0.,0.));
#7923 = VECTOR('',#7924,1.);
#7924 = DIRECTION('',(1.,0.));
#7925 = ( GEOMETRIC_REPRESENTATION_CONTEXT(2) 
PARAMETRIC_REPRESENTATION_CONTEXT() REPRESENTATION_CONTEXT('2D SPACE',''
  ) );
#7926 = ORIENTED_EDGE('',*,*,#7927,.T.);
#7927 = EDGE_CURVE('',#7900,#7667,#7928,.T.);
#7928 = SURFACE_CURVE('',#7929,(#7933,#7940),.PCURVE_S1.);
#7929 = LINE('',#7930,#7931);
#7930 = CARTESIAN_POINT('',(-36.00000000009,-3.,-11.0000001));
#7931 = VECTOR('',#7932,1.);
#7932 = DIRECTION('',(0.,0.,1.));
#7933 = PCURVE('',#5422,#7934);
#7934 = DEFINITIONAL_REPRESENTATION('',(#7935),#7939);
#7935 = LINE('',#7936,#7937);
#7936 = CARTESIAN_POINT('',(0.,0.));
#7937 = VECTOR('',#7938,1.);
#7938 = DIRECTION('',(1.,0.));
#7939 = ( GEOMETRIC_REPRESENTATION_CONTEXT(2) 
PARAMETRIC_REPRESENTATION_CONTEXT() REPRESENTATION_CONTEXT('2D SPACE',''
  ) );
#7940 = PCURVE('',#7776,#7941);
#7941 = DEFINITIONAL_REPRESENTATION('',(#7942),#7946);
#7942 = LINE('',#7943,#7944);
#7943 = CARTESIAN_POINT('',(0.,0.));
#7944 = VECTOR('',#7945,1.);
#7945 = DIRECTION('',(1.,0.));
#7946 = ( GEOMETRIC_REPRESENTATION_CONTEXT(2) 
PARAMETRIC_REPRESENTATION_CONTEXT() REPRESENTATION_CONTEXT('2D SPACE',''
  ) );
#7947 = ORIENTED_EDGE('',*,*,#7666,.F.);
#7948 = ORIENTED_EDGE('',*,*,#5406,.F.);
#7949 = FACE_BOUND('',#7950,.F.);
#7950 = EDGE_LOOP('',(#7951));
#7951 = ORIENTED_EDGE('',*,*,#7952,.F.);
#7952 = EDGE_CURVE('',#7953,#7953,#7955,.T.);
#7953 = VERTEX_POINT('',#7954);
#7954 = CARTESIAN_POINT('',(-36.80000000009,-3.,-8.7000001));
#7955 = SURFACE_CURVE('',#7956,(#7961,#7968),.PCURVE_S1.);
#7956 = CIRCLE('',#7957,1.7);
#7957 = AXIS2_PLACEMENT_3D('',#7958,#7959,#7960);
#7958 = CARTESIAN_POINT('',(-38.50000000009,-3.,-8.7000001));
#7959 = DIRECTION('',(0.,1.,-1.110223024625E-16));
#7960 = DIRECTION('',(1.,0.,0.));
#7961 = PCURVE('',#5422,#7962);
#7962 = DEFINITIONAL_REPRESENTATION('',(#7963),#7967);
#7963 = CIRCLE('',#7964,1.7);
#7964 = AXIS2_PLACEMENT_2D('',#7965,#7966);
#7965 = CARTESIAN_POINT('',(2.3,-2.5));
#7966 = DIRECTION('',(0.,1.));
#7967 = ( GEOMETRIC_REPRESENTATION_CONTEXT(2) 
PARAMETRIC_REPRESENTATION_CONTEXT() REPRESENTATION_CONTEXT('2D SPACE',''
  ) );
#7968 = PCURVE('',#7969,#7974);
#7969 = CYLINDRICAL_SURFACE('',#7970,1.7);
#7970 = AXIS2_PLACEMENT_3D('',#7971,#7972,#7973);
#7971 = CARTESIAN_POINT('',(-38.50000000009,7.,-8.7000001));
#7972 = DIRECTION('',(0.,1.,-1.110223024625E-16));
#7973 = DIRECTION('',(1.,0.,0.));
#7974 = DEFINITIONAL_REPRESENTATION('',(#7975),#7979);
#7975 = LINE('',#7976,#7977);
#7976 = CARTESIAN_POINT('',(-6.28318530718,-10.));
#7977 = VECTOR('',#7978,1.);
#7978 = DIRECTION('',(1.,-0.));
#7979 = ( GEOMETRIC_REPRESENTATION_CONTEXT(2) 
PARAMETRIC_REPRESENTATION_CONTEXT() REPRESENTATION_CONTEXT('2D SPACE',''
  ) );
#7980 = ADVANCED_FACE('',(#7981),#5394,.T.);
#7981 = FACE_BOUND('',#7982,.T.);
#7982 = EDGE_LOOP('',(#7983,#7984,#8007,#8028));
#7983 = ORIENTED_EDGE('',*,*,#7820,.F.);
#7984 = ORIENTED_EDGE('',*,*,#7985,.T.);
#7985 = EDGE_CURVE('',#7821,#7986,#7988,.T.);
#7986 = VERTEX_POINT('',#7987);
#7987 = CARTESIAN_POINT('',(-34.60000000009,3.,-11.0000001));
#7988 = SURFACE_CURVE('',#7989,(#7993,#8000),.PCURVE_S1.);
#7989 = LINE('',#7990,#7991);
#7990 = CARTESIAN_POINT('',(-34.60000000009,-3.,-11.0000001));
#7991 = VECTOR('',#7992,1.);
#7992 = DIRECTION('',(0.,1.,0.));
#7993 = PCURVE('',#5394,#7994);
#7994 = DEFINITIONAL_REPRESENTATION('',(#7995),#7999);
#7995 = LINE('',#7996,#7997);
#7996 = CARTESIAN_POINT('',(0.,0.));
#7997 = VECTOR('',#7998,1.);
#7998 = DIRECTION('',(0.,-1.));
#7999 = ( GEOMETRIC_REPRESENTATION_CONTEXT(2) 
PARAMETRIC_REPRESENTATION_CONTEXT() REPRESENTATION_CONTEXT('2D SPACE',''
  ) );
#8000 = PCURVE('',#7859,#8001);
#8001 = DEFINITIONAL_REPRESENTATION('',(#8002),#8006);
#8002 = LINE('',#8003,#8004);
#8003 = CARTESIAN_POINT('',(7.,0.));
#8004 = VECTOR('',#8005,1.);
#8005 = DIRECTION('',(0.,1.));
#8006 = ( GEOMETRIC_REPRESENTATION_CONTEXT(2) 
PARAMETRIC_REPRESENTATION_CONTEXT() REPRESENTATION_CONTEXT('2D SPACE',''
  ) );
#8007 = ORIENTED_EDGE('',*,*,#8008,.T.);
#8008 = EDGE_CURVE('',#7986,#5351,#8009,.T.);
#8009 = SURFACE_CURVE('',#8010,(#8014,#8021),.PCURVE_S1.);
#8010 = LINE('',#8011,#8012);
#8011 = CARTESIAN_POINT('',(-34.60000000009,3.,-11.0000001));
#8012 = VECTOR('',#8013,1.);
#8013 = DIRECTION('',(0.,0.,1.));
#8014 = PCURVE('',#5394,#8015);
#8015 = DEFINITIONAL_REPRESENTATION('',(#8016),#8020);
#8016 = LINE('',#8017,#8018);
#8017 = CARTESIAN_POINT('',(0.,-6.));
#8018 = VECTOR('',#8019,1.);
#8019 = DIRECTION('',(1.,0.));
#8020 = ( GEOMETRIC_REPRESENTATION_CONTEXT(2) 
PARAMETRIC_REPRESENTATION_CONTEXT() REPRESENTATION_CONTEXT('2D SPACE',''
  ) );
#8021 = PCURVE('',#5366,#8022);
#8022 = DEFINITIONAL_REPRESENTATION('',(#8023),#8027);
#8023 = LINE('',#8024,#8025);
#8024 = CARTESIAN_POINT('',(0.,1.4));
#8025 = VECTOR('',#8026,1.);
#8026 = DIRECTION('',(1.,0.));
#8027 = ( GEOMETRIC_REPRESENTATION_CONTEXT(2) 
PARAMETRIC_REPRESENTATION_CONTEXT() REPRESENTATION_CONTEXT('2D SPACE',''
  ) );
#8028 = ORIENTED_EDGE('',*,*,#5378,.F.);
#8029 = ADVANCED_FACE('',(#8030,#8204),#5366,.T.);
#8030 = FACE_BOUND('',#8031,.T.);
#8031 = EDGE_LOOP('',(#8032,#8033,#8056,#8079,#8102,#8125,#8203));
#8032 = ORIENTED_EDGE('',*,*,#8008,.F.);
#8033 = ORIENTED_EDGE('',*,*,#8034,.T.);
#8034 = EDGE_CURVE('',#7986,#8035,#8037,.T.);
#8035 = VERTEX_POINT('',#8036);
#8036 = CARTESIAN_POINT('',(-41.60000000009,3.,-11.0000001));
#8037 = SURFACE_CURVE('',#8038,(#8042,#8049),.PCURVE_S1.);
#8038 = LINE('',#8039,#8040);
#8039 = CARTESIAN_POINT('',(-34.60000000009,3.,-11.0000001));
#8040 = VECTOR('',#8041,1.);
#8041 = DIRECTION('',(-1.,0.,0.));
#8042 = PCURVE('',#5366,#8043);
#8043 = DEFINITIONAL_REPRESENTATION('',(#8044),#8048);
#8044 = LINE('',#8045,#8046);
#8045 = CARTESIAN_POINT('',(0.,1.4));
#8046 = VECTOR('',#8047,1.);
#8047 = DIRECTION('',(0.,-1.));
#8048 = ( GEOMETRIC_REPRESENTATION_CONTEXT(2) 
PARAMETRIC_REPRESENTATION_CONTEXT() REPRESENTATION_CONTEXT('2D SPACE',''
  ) );
#8049 = PCURVE('',#7859,#8050);
#8050 = DEFINITIONAL_REPRESENTATION('',(#8051),#8055);
#8051 = LINE('',#8052,#8053);
#8052 = CARTESIAN_POINT('',(7.,6.));
#8053 = VECTOR('',#8054,1.);
#8054 = DIRECTION('',(-1.,0.));
#8055 = ( GEOMETRIC_REPRESENTATION_CONTEXT(2) 
PARAMETRIC_REPRESENTATION_CONTEXT() REPRESENTATION_CONTEXT('2D SPACE',''
  ) );
#8056 = ORIENTED_EDGE('',*,*,#8057,.T.);
#8057 = EDGE_CURVE('',#8035,#8058,#8060,.T.);
#8058 = VERTEX_POINT('',#8059);
#8059 = CARTESIAN_POINT('',(-41.60000000009,3.,-5.7000001));
#8060 = SURFACE_CURVE('',#8061,(#8065,#8072),.PCURVE_S1.);
#8061 = LINE('',#8062,#8063);
#8062 = CARTESIAN_POINT('',(-41.60000000009,3.,-11.0000001));
#8063 = VECTOR('',#8064,1.);
#8064 = DIRECTION('',(0.,0.,1.));
#8065 = PCURVE('',#5366,#8066);
#8066 = DEFINITIONAL_REPRESENTATION('',(#8067),#8071);
#8067 = LINE('',#8068,#8069);
#8068 = CARTESIAN_POINT('',(1.7763568394E-15,-5.6));
#8069 = VECTOR('',#8070,1.);
#8070 = DIRECTION('',(1.,0.));
#8071 = ( GEOMETRIC_REPRESENTATION_CONTEXT(2) 
PARAMETRIC_REPRESENTATION_CONTEXT() REPRESENTATION_CONTEXT('2D SPACE',''
  ) );
#8072 = PCURVE('',#7887,#8073);
#8073 = DEFINITIONAL_REPRESENTATION('',(#8074),#8078);
#8074 = LINE('',#8075,#8076);
#8075 = CARTESIAN_POINT('',(0.,-6.));
#8076 = VECTOR('',#8077,1.);
#8077 = DIRECTION('',(1.,0.));
#8078 = ( GEOMETRIC_REPRESENTATION_CONTEXT(2) 
PARAMETRIC_REPRESENTATION_CONTEXT() REPRESENTATION_CONTEXT('2D SPACE',''
  ) );
#8079 = ORIENTED_EDGE('',*,*,#8080,.T.);
#8080 = EDGE_CURVE('',#8058,#8081,#8083,.T.);
#8081 = VERTEX_POINT('',#8082);
#8082 = CARTESIAN_POINT('',(-36.00000000009,3.,-5.7000001));
#8083 = SURFACE_CURVE('',#8084,(#8088,#8095),.PCURVE_S1.);
#8084 = LINE('',#8085,#8086);
#8085 = CARTESIAN_POINT('',(-41.60000000009,3.,-5.7000001));
#8086 = VECTOR('',#8087,1.);
#8087 = DIRECTION('',(1.,0.,0.));
#8088 = PCURVE('',#5366,#8089);
#8089 = DEFINITIONAL_REPRESENTATION('',(#8090),#8094);
#8090 = LINE('',#8091,#8092);
#8091 = CARTESIAN_POINT('',(5.3,-5.6));
#8092 = VECTOR('',#8093,1.);
#8093 = DIRECTION('',(0.,1.));
#8094 = ( GEOMETRIC_REPRESENTATION_CONTEXT(2) 
PARAMETRIC_REPRESENTATION_CONTEXT() REPRESENTATION_CONTEXT('2D SPACE',''
  ) );
#8095 = PCURVE('',#7915,#8096);
#8096 = DEFINITIONAL_REPRESENTATION('',(#8097),#8101);
#8097 = LINE('',#8098,#8099);
#8098 = CARTESIAN_POINT('',(0.,6.));
#8099 = VECTOR('',#8100,1.);
#8100 = DIRECTION('',(1.,0.));
#8101 = ( GEOMETRIC_REPRESENTATION_CONTEXT(2) 
PARAMETRIC_REPRESENTATION_CONTEXT() REPRESENTATION_CONTEXT('2D SPACE',''
  ) );
#8102 = ORIENTED_EDGE('',*,*,#8103,.T.);
#8103 = EDGE_CURVE('',#8081,#8104,#8106,.T.);
#8104 = VERTEX_POINT('',#8105);
#8105 = CARTESIAN_POINT('',(-36.00000000009,3.,-4.653593109077));
#8106 = SURFACE_CURVE('',#8107,(#8111,#8118),.PCURVE_S1.);
#8107 = LINE('',#8108,#8109);
#8108 = CARTESIAN_POINT('',(-36.00000000009,3.,-11.0000001));
#8109 = VECTOR('',#8110,1.);
#8110 = DIRECTION('',(0.,0.,1.));
#8111 = PCURVE('',#5366,#8112);
#8112 = DEFINITIONAL_REPRESENTATION('',(#8113),#8117);
#8113 = LINE('',#8114,#8115);
#8114 = CARTESIAN_POINT('',(0.,0.));
#8115 = VECTOR('',#8116,1.);
#8116 = DIRECTION('',(1.,0.));
#8117 = ( GEOMETRIC_REPRESENTATION_CONTEXT(2) 
PARAMETRIC_REPRESENTATION_CONTEXT() REPRESENTATION_CONTEXT('2D SPACE',''
  ) );
#8118 = PCURVE('',#7776,#8119);
#8119 = DEFINITIONAL_REPRESENTATION('',(#8120),#8124);
#8120 = LINE('',#8121,#8122);
#8121 = CARTESIAN_POINT('',(0.,-6.));
#8122 = VECTOR('',#8123,1.);
#8123 = DIRECTION('',(1.,0.));
#8124 = ( GEOMETRIC_REPRESENTATION_CONTEXT(2) 
PARAMETRIC_REPRESENTATION_CONTEXT() REPRESENTATION_CONTEXT('2D SPACE',''
  ) );
#8125 = ORIENTED_EDGE('',*,*,#8126,.F.);
#8126 = EDGE_CURVE('',#5322,#8104,#8127,.T.);
#8127 = SURFACE_CURVE('',#8128,(#8151,#8177),.PCURVE_S1.);
#8128 = B_SPLINE_CURVE_WITH_KNOTS('',5,(#8129,#8130,#8131,#8132,#8133,
    #8134,#8135,#8136,#8137,#8138,#8139,#8140,#8141,#8142,#8143,#8144,
    #8145,#8146,#8147,#8148,#8149,#8150),.UNSPECIFIED.,.F.,.F.,(6,4,4,4,
    4,6),(0.,1.500746080509E-02,0.264116759973,0.513160058218,
    0.756112029957,1.),.UNSPECIFIED.);
#8129 = CARTESIAN_POINT('',(-34.88711401219,3.,-5.4000001));
#8130 = CARTESIAN_POINT('',(-34.8927784255,3.,-5.4000001));
#8131 = CARTESIAN_POINT('',(-34.89844283988,3.,-5.399966790061));
#8132 = CARTESIAN_POINT('',(-34.90410699378,3.,-5.399900170219));
#8133 = CARTESIAN_POINT('',(-34.9097706257,3.,-5.399800243569));
#8134 = CARTESIAN_POINT('',(-35.00943126807,3.,-5.397455572123));
#8135 = CARTESIAN_POINT('',(-35.10321692946,3.,-5.386068465499));
#8136 = CARTESIAN_POINT('',(-35.19558387643,3.,-5.36553464609));
#8137 = CARTESIAN_POINT('',(-35.28535577262,3.,-5.336113972261));
#8138 = CARTESIAN_POINT('',(-35.45747243488,3.,-5.260475063443));
#8139 = CARTESIAN_POINT('',(-35.53982606799,3.,-5.214258245642));
#8140 = CARTESIAN_POINT('',(-35.61738044363,3.,-5.160122836533));
#8141 = CARTESIAN_POINT('',(-35.68914468809,3.,-5.098755595666));
#8142 = CARTESIAN_POINT('',(-35.81781693346,3.,-4.964951593079));
#8143 = CARTESIAN_POINT('',(-35.87505029142,3.,-4.892817212912));
#8144 = CARTESIAN_POINT('',(-35.92519706219,3.,-4.815429255146));
#8145 = CARTESIAN_POINT('',(-35.96764432958,3.,-4.733726640746));
#8146 = CARTESIAN_POINT('',(-36.03642406548,3.,-4.56344827455));
#8147 = CARTESIAN_POINT('',(-36.06269646394,3.,-4.474840697465));
#8148 = CARTESIAN_POINT('',(-36.08035711053,3.,-4.383982888756));
#8149 = CARTESIAN_POINT('',(-36.08918766781,3.,-4.291989700365));
#8150 = CARTESIAN_POINT('',(-36.08918766781,3.,-4.2000001));
#8151 = PCURVE('',#5366,#8152);
#8152 = DEFINITIONAL_REPRESENTATION('',(#8153),#8176);
#8153 = B_SPLINE_CURVE_WITH_KNOTS('',5,(#8154,#8155,#8156,#8157,#8158,
    #8159,#8160,#8161,#8162,#8163,#8164,#8165,#8166,#8167,#8168,#8169,
    #8170,#8171,#8172,#8173,#8174,#8175),.UNSPECIFIED.,.F.,.F.,(6,4,4,4,
    4,6),(0.,1.500746080509E-02,0.264116759973,0.513160058218,
    0.756112029957,1.),.UNSPECIFIED.);
#8154 = CARTESIAN_POINT('',(5.6,1.1128859879));
#8155 = CARTESIAN_POINT('',(5.6,1.107221574593));
#8156 = CARTESIAN_POINT('',(5.600033309939,1.101557160212));
#8157 = CARTESIAN_POINT('',(5.600099929781,1.095893006307));
#8158 = CARTESIAN_POINT('',(5.600199856431,1.090229374392));
#8159 = CARTESIAN_POINT('',(5.602544527877,0.990568732022));
#8160 = CARTESIAN_POINT('',(5.613931634501,0.896783070632));
#8161 = CARTESIAN_POINT('',(5.63446545391,0.804416123658));
#8162 = CARTESIAN_POINT('',(5.663886127739,0.714644227468));
#8163 = CARTESIAN_POINT('',(5.739525036557,0.542527565206));
#8164 = CARTESIAN_POINT('',(5.785741854358,0.460173932098));
#8165 = CARTESIAN_POINT('',(5.839877263467,0.382619556463));
#8166 = CARTESIAN_POINT('',(5.901244504334,0.310855311998));
#8167 = CARTESIAN_POINT('',(6.035048506921,0.182183066629));
#8168 = CARTESIAN_POINT('',(6.107182887088,0.124949708674));
#8169 = CARTESIAN_POINT('',(6.184570844854,7.480293789794E-02));
#8170 = CARTESIAN_POINT('',(6.266273459254,3.235567050535E-02));
#8171 = CARTESIAN_POINT('',(6.43655182545,-3.64240653848E-02));
#8172 = CARTESIAN_POINT('',(6.525159402535,-6.269646384778E-02));
#8173 = CARTESIAN_POINT('',(6.616017211244,-8.035711043822E-02));
#8174 = CARTESIAN_POINT('',(6.708010399635,-8.91876677235E-02));
#8175 = CARTESIAN_POINT('',(6.8,-8.91876677235E-02));
#8176 = ( GEOMETRIC_REPRESENTATION_CONTEXT(2) 
PARAMETRIC_REPRESENTATION_CONTEXT() REPRESENTATION_CONTEXT('2D SPACE',''
  ) );
#8177 = PCURVE('',#5338,#8178);
#8178 = DEFINITIONAL_REPRESENTATION('',(#8179),#8202);
#8179 = B_SPLINE_CURVE_WITH_KNOTS('',5,(#8180,#8181,#8182,#8183,#8184,
    #8185,#8186,#8187,#8188,#8189,#8190,#8191,#8192,#8193,#8194,#8195,
    #8196,#8197,#8198,#8199,#8200,#8201),.UNSPECIFIED.,.F.,.F.,(6,4,4,4,
    4,6),(0.,1.500746080509E-02,0.264116759973,0.513160058218,
    0.756112029957,1.),.UNSPECIFIED.);
#8180 = CARTESIAN_POINT('',(-0.548658154533,1.570796326795));
#8181 = CARTESIAN_POINT('',(-0.548664512161,1.575508717482));
#8182 = CARTESIAN_POINT('',(-0.548670871528,1.580221106882));
#8183 = CARTESIAN_POINT('',(-0.548677232343,1.584933495429));
#8184 = CARTESIAN_POINT('',(-0.548683594312,1.589645883556));
#8185 = CARTESIAN_POINT('',(-0.548795573924,1.672579346015));
#8186 = CARTESIAN_POINT('',(-0.548901431784,1.75080356344));
#8187 = CARTESIAN_POINT('',(-0.549006175579,1.829023837251));
#8188 = CARTESIAN_POINT('',(-0.54910843237,1.907254032602));
#8189 = CARTESIAN_POINT('',(-0.54930527727,2.063698354198));
#8190 = CARTESIAN_POINT('',(-0.549399875344,2.141918807421));
#8191 = CARTESIAN_POINT('',(-0.549489330133,2.220140100081));
#8192 = CARTESIAN_POINT('',(-0.549572401867,2.298375170451));
#8193 = CARTESIAN_POINT('',(-0.549721781727,2.452940858371));
#8194 = CARTESIAN_POINT('',(-0.549788455961,2.529277184003));
#8195 = CARTESIAN_POINT('',(-0.549847043151,2.605615384939));
#8196 = CARTESIAN_POINT('',(-0.549896736308,2.681965682226));
#8197 = CARTESIAN_POINT('',(-0.549977367444,2.83496517546));
#8198 = CARTESIAN_POINT('',(-0.550008235584,2.911620317844));
#8199 = CARTESIAN_POINT('',(-0.550029011228,2.988273645285));
#8200 = CARTESIAN_POINT('',(-0.550039398999,3.064934653286));
#8201 = CARTESIAN_POINT('',(-0.550039398999,3.14159265359));
#8202 = ( GEOMETRIC_REPRESENTATION_CONTEXT(2) 
PARAMETRIC_REPRESENTATION_CONTEXT() REPRESENTATION_CONTEXT('2D SPACE',''
  ) );
#8203 = ORIENTED_EDGE('',*,*,#5350,.F.);
#8204 = FACE_BOUND('',#8205,.T.);
#8205 = EDGE_LOOP('',(#8206));
#8206 = ORIENTED_EDGE('',*,*,#8207,.F.);
#8207 = EDGE_CURVE('',#8208,#8208,#8210,.T.);
#8208 = VERTEX_POINT('',#8209);
#8209 = CARTESIAN_POINT('',(-36.80000000009,3.,-8.7000001));
#8210 = SURFACE_CURVE('',#8211,(#8216,#8223),.PCURVE_S1.);
#8211 = CIRCLE('',#8212,1.7);
#8212 = AXIS2_PLACEMENT_3D('',#8213,#8214,#8215);
#8213 = CARTESIAN_POINT('',(-38.50000000009,3.,-8.7000001));
#8214 = DIRECTION('',(0.,1.,-1.110223024625E-16));
#8215 = DIRECTION('',(1.,0.,0.));
#8216 = PCURVE('',#5366,#8217);
#8217 = DEFINITIONAL_REPRESENTATION('',(#8218),#8222);
#8218 = CIRCLE('',#8219,1.7);
#8219 = AXIS2_PLACEMENT_2D('',#8220,#8221);
#8220 = CARTESIAN_POINT('',(2.3,-2.5));
#8221 = DIRECTION('',(0.,1.));
#8222 = ( GEOMETRIC_REPRESENTATION_CONTEXT(2) 
PARAMETRIC_REPRESENTATION_CONTEXT() REPRESENTATION_CONTEXT('2D SPACE',''
  ) );
#8223 = PCURVE('',#7969,#8224);
#8224 = DEFINITIONAL_REPRESENTATION('',(#8225),#8229);
#8225 = LINE('',#8226,#8227);
#8226 = CARTESIAN_POINT('',(-6.28318530718,-4.));
#8227 = VECTOR('',#8228,1.);
#8228 = DIRECTION('',(1.,-0.));
#8229 = ( GEOMETRIC_REPRESENTATION_CONTEXT(2) 
PARAMETRIC_REPRESENTATION_CONTEXT() REPRESENTATION_CONTEXT('2D SPACE',''
  ) );
#8230 = ADVANCED_FACE('',(#8231),#5338,.T.);
#8231 = FACE_BOUND('',#8232,.F.);
#8232 = EDGE_LOOP('',(#8233,#8257,#8299,#8300,#8301));
#8233 = ORIENTED_EDGE('',*,*,#8234,.F.);
#8234 = EDGE_CURVE('',#7747,#8235,#8237,.T.);
#8235 = VERTEX_POINT('',#8236);
#8236 = CARTESIAN_POINT('',(-41.95642201951,23.793269230769,-4.2000001)
  );
#8237 = SURFACE_CURVE('',#8238,(#8243,#8250),.PCURVE_S1.);
#8238 = CIRCLE('',#8239,50.5);
#8239 = AXIS2_PLACEMENT_3D('',#8240,#8241,#8242);
#8240 = CARTESIAN_POINT('',(-86.50000000009,0.,-4.2000001));
#8241 = DIRECTION('',(-0.,0.,1.));
#8242 = DIRECTION('',(0.88205104912,-0.471153846154,0.));
#8243 = PCURVE('',#5338,#8244);
#8244 = DEFINITIONAL_REPRESENTATION('',(#8245),#8249);
#8245 = LINE('',#8246,#8247);
#8246 = CARTESIAN_POINT('',(-0.,3.14159265359));
#8247 = VECTOR('',#8248,1.);
#8248 = DIRECTION('',(-1.,0.));
#8249 = ( GEOMETRIC_REPRESENTATION_CONTEXT(2) 
PARAMETRIC_REPRESENTATION_CONTEXT() REPRESENTATION_CONTEXT('2D SPACE',''
  ) );
#8250 = PCURVE('',#5786,#8251);
#8251 = DEFINITIONAL_REPRESENTATION('',(#8252),#8256);
#8252 = LINE('',#8253,#8254);
#8253 = CARTESIAN_POINT('',(-5.792586845626,-1.7));
#8254 = VECTOR('',#8255,1.);
#8255 = DIRECTION('',(-1.,0.));
#8256 = ( GEOMETRIC_REPRESENTATION_CONTEXT(2) 
PARAMETRIC_REPRESENTATION_CONTEXT() REPRESENTATION_CONTEXT('2D SPACE',''
  ) );
#8257 = ORIENTED_EDGE('',*,*,#8258,.F.);
#8258 = EDGE_CURVE('',#8104,#7747,#8259,.T.);
#8259 = SURFACE_CURVE('',#8260,(#8271,#8285),.PCURVE_S1.);
#8260 = B_SPLINE_CURVE_WITH_KNOTS('',5,(#8261,#8262,#8263,#8264,#8265,
    #8266,#8267,#8268,#8269,#8270),.UNSPECIFIED.,.F.,.F.,(6,4,6),(0.,
    0.657114644536,1.),.UNSPECIFIED.);
#8261 = CARTESIAN_POINT('',(-36.00000000009,3.6,-4.739580149425));
#8262 = CARTESIAN_POINT('',(-36.00000000009,3.126433470886,
    -4.672689130989));
#8263 = CARTESIAN_POINT('',(-36.00000000009,2.653078349722,
    -4.603779137684));
#8264 = CARTESIAN_POINT('',(-36.00000000009,2.179895588371,
    -4.53333340862));
#8265 = CARTESIAN_POINT('',(-36.00000000009,1.706841313379,
    -4.461793515108));
#8266 = CARTESIAN_POINT('',(-36.00000000009,0.987063114221,
    -4.351911821864));
#8267 = CARTESIAN_POINT('',(-36.00000000009,0.740283019618,
    -4.314053987112));
#8268 = CARTESIAN_POINT('',(-36.00000000009,0.493517223718,
    -4.276075976784));
#8269 = CARTESIAN_POINT('',(-36.00000000009,0.246758618843,
    -4.238038092146));
#8270 = CARTESIAN_POINT('',(-36.00000000009,-3.552713678801E-15,
    -4.2000001));
#8271 = PCURVE('',#5338,#8272);
#8272 = DEFINITIONAL_REPRESENTATION('',(#8273),#8284);
#8273 = B_SPLINE_CURVE_WITH_KNOTS('',5,(#8274,#8275,#8276,#8277,#8278,
    #8279,#8280,#8281,#8282,#8283),.UNSPECIFIED.,.F.,.F.,(6,4,6),(0.,
    0.657114644536,1.),.UNSPECIFIED.);
#8274 = CARTESIAN_POINT('',(-0.561765199838,2.675219142202));
#8275 = CARTESIAN_POINT('',(-0.552435059227,2.737626458877));
#8276 = CARTESIAN_POINT('',(-0.543093570849,2.799466764521));
#8277 = CARTESIAN_POINT('',(-0.533743321854,2.860883958866));
#8278 = CARTESIAN_POINT('',(-0.524386851463,2.922001396114));
#8279 = CARTESIAN_POINT('',(-0.510142321368,3.01473413776));
#8280 = CARTESIAN_POINT('',(-0.505257045114,3.046481431424));
#8281 = CARTESIAN_POINT('',(-0.500371079893,3.078196023277));
#8282 = CARTESIAN_POINT('',(-0.49548477081,3.109894364448));
#8283 = CARTESIAN_POINT('',(-0.490598461553,3.14159265359));
#8284 = ( GEOMETRIC_REPRESENTATION_CONTEXT(2) 
PARAMETRIC_REPRESENTATION_CONTEXT() REPRESENTATION_CONTEXT('2D SPACE',''
  ) );
#8285 = PCURVE('',#7776,#8286);
#8286 = DEFINITIONAL_REPRESENTATION('',(#8287),#8298);
#8287 = B_SPLINE_CURVE_WITH_KNOTS('',5,(#8288,#8289,#8290,#8291,#8292,
    #8293,#8294,#8295,#8296,#8297),.UNSPECIFIED.,.F.,.F.,(6,4,6),(0.,
    0.657114644536,1.),.UNSPECIFIED.);
#8288 = CARTESIAN_POINT('',(6.260419950575,-6.6));
#8289 = CARTESIAN_POINT('',(6.327310969011,-6.126433470886));
#8290 = CARTESIAN_POINT('',(6.396220962316,-5.653078349722));
#8291 = CARTESIAN_POINT('',(6.46666669138,-5.179895588371));
#8292 = CARTESIAN_POINT('',(6.538206584892,-4.706841313379));
#8293 = CARTESIAN_POINT('',(6.648088278136,-3.987063114221));
#8294 = CARTESIAN_POINT('',(6.685946112888,-3.740283019618));
#8295 = CARTESIAN_POINT('',(6.723924123216,-3.493517223718));
#8296 = CARTESIAN_POINT('',(6.761962007854,-3.246758618843));
#8297 = CARTESIAN_POINT('',(6.8,-3.));
#8298 = ( GEOMETRIC_REPRESENTATION_CONTEXT(2) 
PARAMETRIC_REPRESENTATION_CONTEXT() REPRESENTATION_CONTEXT('2D SPACE',''
  ) );
#8299 = ORIENTED_EDGE('',*,*,#8126,.F.);
#8300 = ORIENTED_EDGE('',*,*,#5321,.T.);
#8301 = ORIENTED_EDGE('',*,*,#8302,.T.);
#8302 = EDGE_CURVE('',#5279,#8235,#8303,.T.);
#8303 = SURFACE_CURVE('',#8304,(#8309,#8316),.PCURVE_S1.);
#8304 = CIRCLE('',#8305,1.2);
#8305 = AXIS2_PLACEMENT_3D('',#8306,#8307,#8308);
#8306 = CARTESIAN_POINT('',(-40.89796076056,24.358653846154,-4.2000001)
  );
#8307 = DIRECTION('',(-0.471153846154,0.88205104912,0.));
#8308 = DIRECTION('',(0.88205104912,0.471153846154,0.));
#8309 = PCURVE('',#5338,#8310);
#8310 = DEFINITIONAL_REPRESENTATION('',(#8311),#8315);
#8311 = LINE('',#8312,#8313);
#8312 = CARTESIAN_POINT('',(-0.981196923106,0.));
#8313 = VECTOR('',#8314,1.);
#8314 = DIRECTION('',(-0.,1.));
#8315 = ( GEOMETRIC_REPRESENTATION_CONTEXT(2) 
PARAMETRIC_REPRESENTATION_CONTEXT() REPRESENTATION_CONTEXT('2D SPACE',''
  ) );
#8316 = PCURVE('',#5299,#8317);
#8317 = DEFINITIONAL_REPRESENTATION('',(#8318),#8322);
#8318 = LINE('',#8319,#8320);
#8319 = CARTESIAN_POINT('',(-0.,3.14159265359));
#8320 = VECTOR('',#8321,1.);
#8321 = DIRECTION('',(-0.,1.));
#8322 = ( GEOMETRIC_REPRESENTATION_CONTEXT(2) 
PARAMETRIC_REPRESENTATION_CONTEXT() REPRESENTATION_CONTEXT('2D SPACE',''
  ) );
#8323 = ADVANCED_FACE('',(#8324),#5299,.T.);
#8324 = FACE_BOUND('',#8325,.F.);
#8325 = EDGE_LOOP('',(#8326,#8327,#8328,#8329));
#8326 = ORIENTED_EDGE('',*,*,#8302,.F.);
#8327 = ORIENTED_EDGE('',*,*,#5278,.T.);
#8328 = ORIENTED_EDGE('',*,*,#7608,.T.);
#8329 = ORIENTED_EDGE('',*,*,#8330,.F.);
#8330 = EDGE_CURVE('',#8235,#5669,#8331,.T.);
#8331 = SURFACE_CURVE('',#8332,(#8337,#8344),.PCURVE_S1.);
#8332 = CIRCLE('',#8333,1.5);
#8333 = AXIS2_PLACEMENT_3D('',#8334,#8335,#8336);
#8334 = CARTESIAN_POINT('',(-40.63334544583,24.5,-4.2000001));
#8335 = DIRECTION('',(-0.,0.,-1.));
#8336 = DIRECTION('',(-0.88205104912,-0.471153846154,0.));
#8337 = PCURVE('',#5299,#8338);
#8338 = DEFINITIONAL_REPRESENTATION('',(#8339),#8343);
#8339 = LINE('',#8340,#8341);
#8340 = CARTESIAN_POINT('',(-0.,6.28318530718));
#8341 = VECTOR('',#8342,1.);
#8342 = DIRECTION('',(-1.,0.));
#8343 = ( GEOMETRIC_REPRESENTATION_CONTEXT(2) 
PARAMETRIC_REPRESENTATION_CONTEXT() REPRESENTATION_CONTEXT('2D SPACE',''
  ) );
#8344 = PCURVE('',#5684,#8345);
#8345 = DEFINITIONAL_REPRESENTATION('',(#8346),#8350);
#8346 = LINE('',#8347,#8348);
#8347 = CARTESIAN_POINT('',(-2.061394788348,18.8));
#8348 = VECTOR('',#8349,1.);
#8349 = DIRECTION('',(1.,-0.));
#8350 = ( GEOMETRIC_REPRESENTATION_CONTEXT(2) 
PARAMETRIC_REPRESENTATION_CONTEXT() REPRESENTATION_CONTEXT('2D SPACE',''
  ) );
#8351 = ADVANCED_FACE('',(#8352),#5524,.T.);
#8352 = FACE_BOUND('',#8353,.T.);
#8353 = EDGE_LOOP('',(#8354,#8376,#8377,#8378));
#8354 = ORIENTED_EDGE('',*,*,#8355,.T.);
#8355 = EDGE_CURVE('',#5667,#5571,#8356,.T.);
#8356 = SURFACE_CURVE('',#8357,(#8362,#8369),.PCURVE_S1.);
#8357 = CIRCLE('',#8358,0.8);
#8358 = AXIS2_PLACEMENT_3D('',#8359,#8360,#8361);
#8359 = CARTESIAN_POINT('',(-40.63334544583,25.2,-2.4000001));
#8360 = DIRECTION('',(1.,5.551115123126E-17,-0.));
#8361 = DIRECTION('',(-5.551115123126E-17,1.,0.));
#8362 = PCURVE('',#5524,#8363);
#8363 = DEFINITIONAL_REPRESENTATION('',(#8364),#8368);
#8364 = LINE('',#8365,#8366);
#8365 = CARTESIAN_POINT('',(0.,0.));
#8366 = VECTOR('',#8367,1.);
#8367 = DIRECTION('',(1.,0.));
#8368 = ( GEOMETRIC_REPRESENTATION_CONTEXT(2) 
PARAMETRIC_REPRESENTATION_CONTEXT() REPRESENTATION_CONTEXT('2D SPACE',''
  ) );
#8369 = PCURVE('',#5614,#8370);
#8370 = DEFINITIONAL_REPRESENTATION('',(#8371),#8375);
#8371 = LINE('',#8372,#8373);
#8372 = CARTESIAN_POINT('',(-2.061394788348,0.));
#8373 = VECTOR('',#8374,1.);
#8374 = DIRECTION('',(-0.,1.));
#8375 = ( GEOMETRIC_REPRESENTATION_CONTEXT(2) 
PARAMETRIC_REPRESENTATION_CONTEXT() REPRESENTATION_CONTEXT('2D SPACE',''
  ) );
#8376 = ORIENTED_EDGE('',*,*,#5570,.T.);
#8377 = ORIENTED_EDGE('',*,*,#5507,.F.);
#8378 = ORIENTED_EDGE('',*,*,#5696,.F.);
#8379 = ADVANCED_FACE('',(#8380),#5651,.T.);
#8380 = FACE_BOUND('',#8381,.F.);
#8381 = EDGE_LOOP('',(#8382,#8383,#8407,#8429));
#8382 = ORIENTED_EDGE('',*,*,#7526,.F.);
#8383 = ORIENTED_EDGE('',*,*,#8384,.T.);
#8384 = EDGE_CURVE('',#7527,#8385,#8387,.T.);
#8385 = VERTEX_POINT('',#8386);
#8386 = CARTESIAN_POINT('',(-41.95642201951,23.793269230769,-2.4000001)
  );
#8387 = SURFACE_CURVE('',#8388,(#8393,#8400),.PCURVE_S1.);
#8388 = CIRCLE('',#8389,50.5);
#8389 = AXIS2_PLACEMENT_3D('',#8390,#8391,#8392);
#8390 = CARTESIAN_POINT('',(-86.50000000009,0.,-2.4000001));
#8391 = DIRECTION('',(0.,-0.,1.));
#8392 = DIRECTION('',(0.969915535879,0.243441683488,0.));
#8393 = PCURVE('',#5651,#8394);
#8394 = DEFINITIONAL_REPRESENTATION('',(#8395),#8399);
#8395 = LINE('',#8396,#8397);
#8396 = CARTESIAN_POINT('',(-0.,3.14159265359));
#8397 = VECTOR('',#8398,1.);
#8398 = DIRECTION('',(-1.,0.));
#8399 = ( GEOMETRIC_REPRESENTATION_CONTEXT(2) 
PARAMETRIC_REPRESENTATION_CONTEXT() REPRESENTATION_CONTEXT('2D SPACE',''
  ) );
#8400 = PCURVE('',#5786,#8401);
#8401 = DEFINITIONAL_REPRESENTATION('',(#8402),#8406);
#8402 = LINE('',#8403,#8404);
#8403 = CARTESIAN_POINT('',(-6.529098023174,-3.5));
#8404 = VECTOR('',#8405,1.);
#8405 = DIRECTION('',(-1.,0.));
#8406 = ( GEOMETRIC_REPRESENTATION_CONTEXT(2) 
PARAMETRIC_REPRESENTATION_CONTEXT() REPRESENTATION_CONTEXT('2D SPACE',''
  ) );
#8407 = ORIENTED_EDGE('',*,*,#8408,.T.);
#8408 = EDGE_CURVE('',#8385,#5594,#8409,.T.);
#8409 = SURFACE_CURVE('',#8410,(#8415,#8422),.PCURVE_S1.);
#8410 = CIRCLE('',#8411,0.8);
#8411 = AXIS2_PLACEMENT_3D('',#8412,#8413,#8414);
#8412 = CARTESIAN_POINT('',(-41.25078118021,24.170192307692,-2.4000001)
  );
#8413 = DIRECTION('',(-0.471153846154,0.88205104912,0.));
#8414 = DIRECTION('',(0.88205104912,0.471153846154,0.));
#8415 = PCURVE('',#5651,#8416);
#8416 = DEFINITIONAL_REPRESENTATION('',(#8417),#8421);
#8417 = LINE('',#8418,#8419);
#8418 = CARTESIAN_POINT('',(-0.244685745559,0.));
#8419 = VECTOR('',#8420,1.);
#8420 = DIRECTION('',(-0.,1.));
#8421 = ( GEOMETRIC_REPRESENTATION_CONTEXT(2) 
PARAMETRIC_REPRESENTATION_CONTEXT() REPRESENTATION_CONTEXT('2D SPACE',''
  ) );
#8422 = PCURVE('',#5614,#8423);
#8423 = DEFINITIONAL_REPRESENTATION('',(#8424),#8428);
#8424 = LINE('',#8425,#8426);
#8425 = CARTESIAN_POINT('',(-0.,-3.14159265359));
#8426 = VECTOR('',#8427,1.);
#8427 = DIRECTION('',(-0.,1.));
#8428 = ( GEOMETRIC_REPRESENTATION_CONTEXT(2) 
PARAMETRIC_REPRESENTATION_CONTEXT() REPRESENTATION_CONTEXT('2D SPACE',''
  ) );
#8429 = ORIENTED_EDGE('',*,*,#5636,.F.);
#8430 = ADVANCED_FACE('',(#8431),#5614,.T.);
#8431 = FACE_BOUND('',#8432,.F.);
#8432 = EDGE_LOOP('',(#8433,#8434,#8456,#8457));
#8433 = ORIENTED_EDGE('',*,*,#8408,.F.);
#8434 = ORIENTED_EDGE('',*,*,#8435,.T.);
#8435 = EDGE_CURVE('',#8385,#5667,#8436,.T.);
#8436 = SURFACE_CURVE('',#8437,(#8442,#8449),.PCURVE_S1.);
#8437 = CIRCLE('',#8438,1.5);
#8438 = AXIS2_PLACEMENT_3D('',#8439,#8440,#8441);
#8439 = CARTESIAN_POINT('',(-40.63334544583,24.5,-2.4000001));
#8440 = DIRECTION('',(-0.,0.,-1.));
#8441 = DIRECTION('',(-0.88205104912,-0.471153846154,0.));
#8442 = PCURVE('',#5614,#8443);
#8443 = DEFINITIONAL_REPRESENTATION('',(#8444),#8448);
#8444 = LINE('',#8445,#8446);
#8445 = CARTESIAN_POINT('',(-0.,0.));
#8446 = VECTOR('',#8447,1.);
#8447 = DIRECTION('',(-1.,0.));
#8448 = ( GEOMETRIC_REPRESENTATION_CONTEXT(2) 
PARAMETRIC_REPRESENTATION_CONTEXT() REPRESENTATION_CONTEXT('2D SPACE',''
  ) );
#8449 = PCURVE('',#5684,#8450);
#8450 = DEFINITIONAL_REPRESENTATION('',(#8451),#8455);
#8451 = LINE('',#8452,#8453);
#8452 = CARTESIAN_POINT('',(-2.061394788348,17.));
#8453 = VECTOR('',#8454,1.);
#8454 = DIRECTION('',(1.,-0.));
#8455 = ( GEOMETRIC_REPRESENTATION_CONTEXT(2) 
PARAMETRIC_REPRESENTATION_CONTEXT() REPRESENTATION_CONTEXT('2D SPACE',''
  ) );
#8456 = ORIENTED_EDGE('',*,*,#8355,.T.);
#8457 = ORIENTED_EDGE('',*,*,#5593,.F.);
#8458 = ADVANCED_FACE('',(#8459),#5684,.T.);
#8459 = FACE_BOUND('',#8460,.F.);
#8460 = EDGE_LOOP('',(#8461,#8462,#8463,#8484));
#8461 = ORIENTED_EDGE('',*,*,#5666,.F.);
#8462 = ORIENTED_EDGE('',*,*,#8435,.F.);
#8463 = ORIENTED_EDGE('',*,*,#8464,.T.);
#8464 = EDGE_CURVE('',#8385,#8235,#8465,.T.);
#8465 = SURFACE_CURVE('',#8466,(#8470,#8477),.PCURVE_S1.);
#8466 = LINE('',#8467,#8468);
#8467 = CARTESIAN_POINT('',(-41.95642201951,23.793269230769,14.5999999)
  );
#8468 = VECTOR('',#8469,1.);
#8469 = DIRECTION('',(0.,-0.,-1.));
#8470 = PCURVE('',#5684,#8471);
#8471 = DEFINITIONAL_REPRESENTATION('',(#8472),#8476);
#8472 = LINE('',#8473,#8474);
#8473 = CARTESIAN_POINT('',(-2.061394788348,0.));
#8474 = VECTOR('',#8475,1.);
#8475 = DIRECTION('',(-0.,1.));
#8476 = ( GEOMETRIC_REPRESENTATION_CONTEXT(2) 
PARAMETRIC_REPRESENTATION_CONTEXT() REPRESENTATION_CONTEXT('2D SPACE',''
  ) );
#8477 = PCURVE('',#5786,#8478);
#8478 = DEFINITIONAL_REPRESENTATION('',(#8479),#8483);
#8479 = LINE('',#8480,#8481);
#8480 = CARTESIAN_POINT('',(-6.773783768733,-20.5));
#8481 = VECTOR('',#8482,1.);
#8482 = DIRECTION('',(-0.,1.));
#8483 = ( GEOMETRIC_REPRESENTATION_CONTEXT(2) 
PARAMETRIC_REPRESENTATION_CONTEXT() REPRESENTATION_CONTEXT('2D SPACE',''
  ) );
#8484 = ORIENTED_EDGE('',*,*,#8330,.T.);
#8485 = ADVANCED_FACE('',(#8486,#8505),#5786,.F.);
#8486 = FACE_BOUND('',#8487,.T.);
#8487 = EDGE_LOOP('',(#8488,#8489,#8490,#8491,#8492,#8493,#8494,#8495,
    #8496,#8497,#8498,#8499,#8500,#8501,#8502,#8503,#8504));
#8488 = ORIENTED_EDGE('',*,*,#6337,.F.);
#8489 = ORIENTED_EDGE('',*,*,#6577,.T.);
#8490 = ORIENTED_EDGE('',*,*,#6834,.T.);
#8491 = ORIENTED_EDGE('',*,*,#6960,.T.);
#8492 = ORIENTED_EDGE('',*,*,#7230,.T.);
#8493 = ORIENTED_EDGE('',*,*,#7422,.T.);
#8494 = ORIENTED_EDGE('',*,*,#7556,.T.);
#8495 = ORIENTED_EDGE('',*,*,#8384,.T.);
#8496 = ORIENTED_EDGE('',*,*,#8464,.T.);
#8497 = ORIENTED_EDGE('',*,*,#8234,.F.);
#8498 = ORIENTED_EDGE('',*,*,#7795,.F.);
#8499 = ORIENTED_EDGE('',*,*,#7474,.F.);
#8500 = ORIENTED_EDGE('',*,*,#7306,.T.);
#8501 = ORIENTED_EDGE('',*,*,#7057,.T.);
#8502 = ORIENTED_EDGE('',*,*,#6914,.T.);
#8503 = ORIENTED_EDGE('',*,*,#6663,.T.);
#8504 = ORIENTED_EDGE('',*,*,#6440,.T.);
#8505 = FACE_BOUND('',#8506,.T.);
#8506 = EDGE_LOOP('',(#8507,#8508,#8509,#8510,#8511,#8512,#8513,#8514));
#8507 = ORIENTED_EDGE('',*,*,#6168,.F.);
#8508 = ORIENTED_EDGE('',*,*,#6037,.T.);
#8509 = ORIENTED_EDGE('',*,*,#5928,.T.);
#8510 = ORIENTED_EDGE('',*,*,#5765,.F.);
#8511 = ORIENTED_EDGE('',*,*,#5846,.F.);
#8512 = ORIENTED_EDGE('',*,*,#5988,.F.);
#8513 = ORIENTED_EDGE('',*,*,#6086,.T.);
#8514 = ORIENTED_EDGE('',*,*,#6250,.T.);
#8515 = ADVANCED_FACE('',(#8516),#7776,.F.);
#8516 = FACE_BOUND('',#8517,.F.);
#8517 = EDGE_LOOP('',(#8518,#8519,#8540,#8541,#8542));
#8518 = ORIENTED_EDGE('',*,*,#7927,.F.);
#8519 = ORIENTED_EDGE('',*,*,#8520,.T.);
#8520 = EDGE_CURVE('',#7900,#8081,#8521,.T.);
#8521 = SURFACE_CURVE('',#8522,(#8526,#8533),.PCURVE_S1.);
#8522 = LINE('',#8523,#8524);
#8523 = CARTESIAN_POINT('',(-36.00000000009,-3.,-5.7000001));
#8524 = VECTOR('',#8525,1.);
#8525 = DIRECTION('',(0.,1.,0.));
#8526 = PCURVE('',#7776,#8527);
#8527 = DEFINITIONAL_REPRESENTATION('',(#8528),#8532);
#8528 = LINE('',#8529,#8530);
#8529 = CARTESIAN_POINT('',(5.3,0.));
#8530 = VECTOR('',#8531,1.);
#8531 = DIRECTION('',(0.,-1.));
#8532 = ( GEOMETRIC_REPRESENTATION_CONTEXT(2) 
PARAMETRIC_REPRESENTATION_CONTEXT() REPRESENTATION_CONTEXT('2D SPACE',''
  ) );
#8533 = PCURVE('',#7915,#8534);
#8534 = DEFINITIONAL_REPRESENTATION('',(#8535),#8539);
#8535 = LINE('',#8536,#8537);
#8536 = CARTESIAN_POINT('',(5.6,0.));
#8537 = VECTOR('',#8538,1.);
#8538 = DIRECTION('',(0.,1.));
#8539 = ( GEOMETRIC_REPRESENTATION_CONTEXT(2) 
PARAMETRIC_REPRESENTATION_CONTEXT() REPRESENTATION_CONTEXT('2D SPACE',''
  ) );
#8540 = ORIENTED_EDGE('',*,*,#8103,.T.);
#8541 = ORIENTED_EDGE('',*,*,#8258,.T.);
#8542 = ORIENTED_EDGE('',*,*,#7746,.F.);
#8543 = ADVANCED_FACE('',(#8544),#7859,.F.);
#8544 = FACE_BOUND('',#8545,.F.);
#8545 = EDGE_LOOP('',(#8546,#8547,#8568,#8569));
#8546 = ORIENTED_EDGE('',*,*,#8034,.T.);
#8547 = ORIENTED_EDGE('',*,*,#8548,.F.);
#8548 = EDGE_CURVE('',#7844,#8035,#8549,.T.);
#8549 = SURFACE_CURVE('',#8550,(#8554,#8561),.PCURVE_S1.);
#8550 = LINE('',#8551,#8552);
#8551 = CARTESIAN_POINT('',(-41.60000000009,-3.,-11.0000001));
#8552 = VECTOR('',#8553,1.);
#8553 = DIRECTION('',(0.,1.,0.));
#8554 = PCURVE('',#7859,#8555);
#8555 = DEFINITIONAL_REPRESENTATION('',(#8556),#8560);
#8556 = LINE('',#8557,#8558);
#8557 = CARTESIAN_POINT('',(0.,0.));
#8558 = VECTOR('',#8559,1.);
#8559 = DIRECTION('',(0.,1.));
#8560 = ( GEOMETRIC_REPRESENTATION_CONTEXT(2) 
PARAMETRIC_REPRESENTATION_CONTEXT() REPRESENTATION_CONTEXT('2D SPACE',''
  ) );
#8561 = PCURVE('',#7887,#8562);
#8562 = DEFINITIONAL_REPRESENTATION('',(#8563),#8567);
#8563 = LINE('',#8564,#8565);
#8564 = CARTESIAN_POINT('',(0.,0.));
#8565 = VECTOR('',#8566,1.);
#8566 = DIRECTION('',(0.,-1.));
#8567 = ( GEOMETRIC_REPRESENTATION_CONTEXT(2) 
PARAMETRIC_REPRESENTATION_CONTEXT() REPRESENTATION_CONTEXT('2D SPACE',''
  ) );
#8568 = ORIENTED_EDGE('',*,*,#7843,.T.);
#8569 = ORIENTED_EDGE('',*,*,#7985,.T.);
#8570 = ADVANCED_FACE('',(#8571),#7887,.F.);
#8571 = FACE_BOUND('',#8572,.F.);
#8572 = EDGE_LOOP('',(#8573,#8574,#8575,#8576));
#8573 = ORIENTED_EDGE('',*,*,#7871,.F.);
#8574 = ORIENTED_EDGE('',*,*,#8548,.T.);
#8575 = ORIENTED_EDGE('',*,*,#8057,.T.);
#8576 = ORIENTED_EDGE('',*,*,#8577,.F.);
#8577 = EDGE_CURVE('',#7872,#8058,#8578,.T.);
#8578 = SURFACE_CURVE('',#8579,(#8583,#8590),.PCURVE_S1.);
#8579 = LINE('',#8580,#8581);
#8580 = CARTESIAN_POINT('',(-41.60000000009,-3.,-5.7000001));
#8581 = VECTOR('',#8582,1.);
#8582 = DIRECTION('',(0.,1.,0.));
#8583 = PCURVE('',#7887,#8584);
#8584 = DEFINITIONAL_REPRESENTATION('',(#8585),#8589);
#8585 = LINE('',#8586,#8587);
#8586 = CARTESIAN_POINT('',(5.3,0.));
#8587 = VECTOR('',#8588,1.);
#8588 = DIRECTION('',(0.,-1.));
#8589 = ( GEOMETRIC_REPRESENTATION_CONTEXT(2) 
PARAMETRIC_REPRESENTATION_CONTEXT() REPRESENTATION_CONTEXT('2D SPACE',''
  ) );
#8590 = PCURVE('',#7915,#8591);
#8591 = DEFINITIONAL_REPRESENTATION('',(#8592),#8596);
#8592 = LINE('',#8593,#8594);
#8593 = CARTESIAN_POINT('',(0.,0.));
#8594 = VECTOR('',#8595,1.);
#8595 = DIRECTION('',(0.,1.));
#8596 = ( GEOMETRIC_REPRESENTATION_CONTEXT(2) 
PARAMETRIC_REPRESENTATION_CONTEXT() REPRESENTATION_CONTEXT('2D SPACE',''
  ) );
#8597 = ADVANCED_FACE('',(#8598),#7915,.T.);
#8598 = FACE_BOUND('',#8599,.T.);
#8599 = EDGE_LOOP('',(#8600,#8601,#8602,#8603));
#8600 = ORIENTED_EDGE('',*,*,#8080,.F.);
#8601 = ORIENTED_EDGE('',*,*,#8577,.F.);
#8602 = ORIENTED_EDGE('',*,*,#7899,.T.);
#8603 = ORIENTED_EDGE('',*,*,#8520,.T.);
#8604 = ADVANCED_FACE('',(#8605),#7969,.F.);
#8605 = FACE_BOUND('',#8606,.T.);
#8606 = EDGE_LOOP('',(#8607,#8608,#8629,#8630));
#8607 = ORIENTED_EDGE('',*,*,#8207,.T.);
#8608 = ORIENTED_EDGE('',*,*,#8609,.T.);
#8609 = EDGE_CURVE('',#8208,#7953,#8610,.T.);
#8610 = SEAM_CURVE('',#8611,(#8615,#8622),.PCURVE_S1.);
#8611 = LINE('',#8612,#8613);
#8612 = CARTESIAN_POINT('',(-36.80000000009,7.,-8.7000001));
#8613 = VECTOR('',#8614,1.);
#8614 = DIRECTION('',(0.,-1.,1.110223024625E-16));
#8615 = PCURVE('',#7969,#8616);
#8616 = DEFINITIONAL_REPRESENTATION('',(#8617),#8621);
#8617 = LINE('',#8618,#8619);
#8618 = CARTESIAN_POINT('',(-6.28318530718,0.));
#8619 = VECTOR('',#8620,1.);
#8620 = DIRECTION('',(-0.,-1.));
#8621 = ( GEOMETRIC_REPRESENTATION_CONTEXT(2) 
PARAMETRIC_REPRESENTATION_CONTEXT() REPRESENTATION_CONTEXT('2D SPACE',''
  ) );
#8622 = PCURVE('',#7969,#8623);
#8623 = DEFINITIONAL_REPRESENTATION('',(#8624),#8628);
#8624 = LINE('',#8625,#8626);
#8625 = CARTESIAN_POINT('',(-0.,0.));
#8626 = VECTOR('',#8627,1.);
#8627 = DIRECTION('',(-0.,-1.));
#8628 = ( GEOMETRIC_REPRESENTATION_CONTEXT(2) 
PARAMETRIC_REPRESENTATION_CONTEXT() REPRESENTATION_CONTEXT('2D SPACE',''
  ) );
#8629 = ORIENTED_EDGE('',*,*,#7952,.F.);
#8630 = ORIENTED_EDGE('',*,*,#8609,.F.);
#8631 = ( GEOMETRIC_REPRESENTATION_CONTEXT(3) 
GLOBAL_UNCERTAINTY_ASSIGNED_CONTEXT((#8635)) 
GLOBAL_UNIT_ASSIGNED_CONTEXT((#8632,#8633,#8634)) REPRESENTATION_CONTEXT
('Context #1','3D Context with UNIT and UNCERTAINTY') );
#8632 = ( LENGTH_UNIT() NAMED_UNIT(*) SI_UNIT(.MILLI.,.METRE.) );
#8633 = ( NAMED_UNIT(*) PLANE_ANGLE_UNIT() SI_UNIT($,.RADIAN.) );
#8634 = ( NAMED_UNIT(*) SI_UNIT($,.STERADIAN.) SOLID_ANGLE_UNIT() );
#8635 = UNCERTAINTY_MEASURE_WITH_UNIT(LENGTH_MEASURE(2.E-05),#8632,
  'distance_accuracy_value','confusion accuracy');
#8636 = CONTEXT_DEPENDENT_SHAPE_REPRESENTATION(#8637,#8639);
#8637 = ( REPRESENTATION_RELATIONSHIP('','',#32,#10) 
REPRESENTATION_RELATIONSHIP_WITH_TRANSFORMATION(#8638) 
SHAPE_REPRESENTATION_RELATIONSHIP() );
#8638 = ITEM_DEFINED_TRANSFORMATION('','',#11,#15);
#8639 = PRODUCT_DEFINITION_SHAPE('Placement','Placement of an item',
  #8640);
#8640 = NEXT_ASSEMBLY_USAGE_OCCURRENCE('1','winding_head_rib_body','',#5,#27,$);
#8641 = PRODUCT_RELATED_PRODUCT_CATEGORY('part',$,(#29));
ENDSEC;
END-ISO-10303-21;
